product_id,store_id,snapshot_date,on_hand_qty,reorder_point,stock_status
PROD-000001,STORE-0001,2026-08-31,163,12,HEALTHY
PROD-000001,STORE-0002,2026-08-31,6,22,CRITICAL
PROD-000001,STORE-0003,2026-08-31,62,19,HEALTHY
PROD-000001,STORE-0004,2026-08-31,35,11,HEALTHY
PROD-000001,STORE-0005,2026-08-31,173,39,HEALTHY
PROD-000001,STORE-0006,2026-08-31,22,42,CRITICAL
PROD-000001,STORE-0007,2026-08-31,108,7,HEALTHY
PROD-000001,STORE-0008,2026-08-31,7,10,CRITICAL
PROD-000001,STORE-0009,2026-08-31,55,19,HEALTHY
PROD-000001,STORE-0010,2026-08-31,129,43,HEALTHY
PROD-000001,STORE-0011,2026-08-31,6,40,CRITICAL
PROD-000001,STORE-0012,2026-08-31,50,50,CRITICAL
PROD-000002,STORE-0001,2026-08-31,166,49,HEALTHY
PROD-000002,STORE-0002,2026-08-31,139,31,HEALTHY
PROD-000002,STORE-0003,2026-08-31,56,33,LOW
PROD-000002,STORE-0004,2026-08-31,150,22,HEALTHY
PROD-000002,STORE-0005,2026-08-31,207,5,HEALTHY
PROD-000002,STORE-0006,2026-08-31,194,15,HEALTHY
PROD-000002,STORE-0007,2026-08-31,178,32,HEALTHY
PROD-000002,STORE-0008,2026-08-31,87,22,HEALTHY
PROD-000002,STORE-0009,2026-08-31,39,18,HEALTHY
PROD-000002,STORE-0010,2026-08-31,245,26,HEALTHY
PROD-000002,STORE-0011,2026-08-31,26,10,HEALTHY
PROD-000002,STORE-0012,2026-08-31,97,11,HEALTHY
PROD-000003,STORE-0001,2026-08-31,91,27,HEALTHY
PROD-000003,STORE-0002,2026-08-31,154,21,HEALTHY
PROD-000003,STORE-0003,2026-08-31,206,7,HEALTHY
PROD-000003,STORE-0004,2026-08-31,186,34,HEALTHY
PROD-000003,STORE-0005,2026-08-31,137,12,HEALTHY
PROD-000003,STORE-0006,2026-08-31,249,29,HEALTHY
PROD-000003,STORE-0007,2026-08-31,20,40,CRITICAL
PROD-000003,STORE-0008,2026-08-31,75,45,LOW
PROD-000003,STORE-0009,2026-08-31,158,28,HEALTHY
PROD-000003,STORE-0010,2026-08-31,147,17,HEALTHY
PROD-000003,STORE-0011,2026-08-31,180,9,HEALTHY
PROD-000003,STORE-0012,2026-08-31,11,47,CRITICAL
PROD-000004,STORE-0001,2026-08-31,58,23,HEALTHY
PROD-000004,STORE-0002,2026-08-31,20,19,LOW
PROD-000004,STORE-0003,2026-08-31,221,11,HEALTHY
PROD-000004,STORE-0004,2026-08-31,97,22,HEALTHY
PROD-000004,STORE-0005,2026-08-31,116,45,HEALTHY
PROD-000004,STORE-0006,2026-08-31,213,28,HEALTHY
PROD-000004,STORE-0007,2026-08-31,41,28,LOW
PROD-000004,STORE-0008,2026-08-31,90,18,HEALTHY
PROD-000004,STORE-0009,2026-08-31,171,22,HEALTHY
PROD-000004,STORE-0010,2026-08-31,179,48,HEALTHY
PROD-000004,STORE-0011,2026-08-31,165,9,HEALTHY
PROD-000004,STORE-0012,2026-08-31,155,45,HEALTHY
PROD-000005,STORE-0001,2026-08-31,43,39,LOW
PROD-000005,STORE-0002,2026-08-31,186,20,HEALTHY
PROD-000005,STORE-0003,2026-08-31,41,34,LOW
PROD-000005,STORE-0004,2026-08-31,97,22,HEALTHY
PROD-000005,STORE-0005,2026-08-31,236,45,HEALTHY
PROD-000005,STORE-0006,2026-08-31,176,40,HEALTHY
PROD-000005,STORE-0007,2026-08-31,56,48,LOW
PROD-000005,STORE-0008,2026-08-31,83,8,HEALTHY
PROD-000005,STORE-0009,2026-08-31,58,7,HEALTHY
PROD-000005,STORE-0010,2026-08-31,206,25,HEALTHY
PROD-000005,STORE-0011,2026-08-31,102,22,HEALTHY
PROD-000005,STORE-0012,2026-08-31,16,18,CRITICAL
PROD-000006,STORE-0001,2026-08-31,233,41,HEALTHY
PROD-000006,STORE-0002,2026-08-31,224,50,HEALTHY
PROD-000006,STORE-0003,2026-08-31,80,18,HEALTHY
PROD-000006,STORE-0004,2026-08-31,167,36,HEALTHY
PROD-000006,STORE-0005,2026-08-31,101,46,HEALTHY
PROD-000006,STORE-0006,2026-08-31,117,14,HEALTHY
PROD-000006,STORE-0007,2026-08-31,67,13,HEALTHY
PROD-000006,STORE-0008,2026-08-31,63,40,LOW
PROD-000006,STORE-0009,2026-08-31,137,21,HEALTHY
PROD-000006,STORE-0010,2026-08-31,191,42,HEALTHY
PROD-000006,STORE-0011,2026-08-31,109,42,HEALTHY
PROD-000006,STORE-0012,2026-08-31,102,28,HEALTHY
PROD-000007,STORE-0001,2026-08-31,56,13,HEALTHY
PROD-000007,STORE-0002,2026-08-31,130,36,HEALTHY
PROD-000007,STORE-0003,2026-08-31,23,8,HEALTHY
PROD-000007,STORE-0004,2026-08-31,220,12,HEALTHY
PROD-000007,STORE-0005,2026-08-31,39,45,CRITICAL
PROD-000007,STORE-0006,2026-08-31,40,48,CRITICAL
PROD-000007,STORE-0007,2026-08-31,108,43,HEALTHY
PROD-000007,STORE-0008,2026-08-31,16,29,CRITICAL
PROD-000007,STORE-0009,2026-08-31,97,43,HEALTHY
PROD-000007,STORE-0010,2026-08-31,119,38,HEALTHY
PROD-000007,STORE-0011,2026-08-31,64,40,LOW
PROD-000007,STORE-0012,2026-08-31,220,5,HEALTHY
PROD-000008,STORE-0001,2026-08-31,174,12,HEALTHY
PROD-000008,STORE-0002,2026-08-31,174,39,HEALTHY
PROD-000008,STORE-0003,2026-08-31,192,22,HEALTHY
PROD-000008,STORE-0004,2026-08-31,196,46,HEALTHY
PROD-000008,STORE-0005,2026-08-31,87,12,HEALTHY
PROD-000008,STORE-0006,2026-08-31,75,32,HEALTHY
PROD-000008,STORE-0007,2026-08-31,40,34,LOW
PROD-000008,STORE-0008,2026-08-31,0,21,CRITICAL
PROD-000008,STORE-0009,2026-08-31,248,37,HEALTHY
PROD-000008,STORE-0010,2026-08-31,195,16,HEALTHY
PROD-000008,STORE-0011,2026-08-31,129,11,HEALTHY
PROD-000008,STORE-0012,2026-08-31,222,45,HEALTHY
PROD-000009,STORE-0001,2026-08-31,76,45,LOW
PROD-000009,STORE-0002,2026-08-31,129,43,HEALTHY
PROD-000009,STORE-0003,2026-08-31,50,14,HEALTHY
PROD-000009,STORE-0004,2026-08-31,95,15,HEALTHY
PROD-000009,STORE-0005,2026-08-31,138,38,HEALTHY
PROD-000009,STORE-0006,2026-08-31,235,5,HEALTHY
PROD-000009,STORE-0007,2026-08-31,153,25,HEALTHY
PROD-000009,STORE-0008,2026-08-31,125,6,HEALTHY
PROD-000009,STORE-0009,2026-08-31,28,28,CRITICAL
PROD-000009,STORE-0010,2026-08-31,224,24,HEALTHY
PROD-000009,STORE-0011,2026-08-31,61,8,HEALTHY
PROD-000009,STORE-0012,2026-08-31,61,41,LOW
PROD-000010,STORE-0001,2026-08-31,242,10,HEALTHY
PROD-000010,STORE-0002,2026-08-31,21,36,CRITICAL
PROD-000010,STORE-0003,2026-08-31,208,9,HEALTHY
PROD-000010,STORE-0004,2026-08-31,250,39,HEALTHY
PROD-000010,STORE-0005,2026-08-31,196,13,HEALTHY
PROD-000010,STORE-0006,2026-08-31,32,47,CRITICAL
PROD-000010,STORE-0007,2026-08-31,121,40,HEALTHY
PROD-000010,STORE-0008,2026-08-31,42,21,LOW
PROD-000010,STORE-0009,2026-08-31,135,43,HEALTHY
PROD-000010,STORE-0010,2026-08-31,108,18,HEALTHY
PROD-000010,STORE-0011,2026-08-31,237,39,HEALTHY
PROD-000010,STORE-0012,2026-08-31,193,49,HEALTHY
PROD-000011,STORE-0001,2026-08-31,51,50,LOW
PROD-000011,STORE-0002,2026-08-31,79,30,HEALTHY
PROD-000011,STORE-0003,2026-08-31,171,46,HEALTHY
PROD-000011,STORE-0004,2026-08-31,95,33,HEALTHY
PROD-000011,STORE-0005,2026-08-31,230,38,HEALTHY
PROD-000011,STORE-0006,2026-08-31,115,12,HEALTHY
PROD-000011,STORE-0007,2026-08-31,63,19,HEALTHY
PROD-000011,STORE-0008,2026-08-31,16,26,CRITICAL
PROD-000011,STORE-0009,2026-08-31,5,42,CRITICAL
PROD-000011,STORE-0010,2026-08-31,141,19,HEALTHY
PROD-000011,STORE-0011,2026-08-31,150,19,HEALTHY
PROD-000011,STORE-0012,2026-08-31,1,9,CRITICAL
PROD-000012,STORE-0001,2026-08-31,181,45,HEALTHY
PROD-000012,STORE-0002,2026-08-31,15,19,CRITICAL
PROD-000012,STORE-0003,2026-08-31,17,7,HEALTHY
PROD-000012,STORE-0004,2026-08-31,220,26,HEALTHY
PROD-000012,STORE-0005,2026-08-31,18,37,CRITICAL
PROD-000012,STORE-0006,2026-08-31,60,22,HEALTHY
PROD-000012,STORE-0007,2026-08-31,171,36,HEALTHY
PROD-000012,STORE-0008,2026-08-31,54,39,LOW
PROD-000012,STORE-0009,2026-08-31,33,41,CRITICAL
PROD-000012,STORE-0010,2026-08-31,147,35,HEALTHY
PROD-000012,STORE-0011,2026-08-31,62,35,LOW
PROD-000012,STORE-0012,2026-08-31,206,31,HEALTHY
PROD-000013,STORE-0001,2026-08-31,48,11,HEALTHY
PROD-000013,STORE-0002,2026-08-31,24,47,CRITICAL
PROD-000013,STORE-0003,2026-08-31,110,27,HEALTHY
PROD-000013,STORE-0004,2026-08-31,108,31,HEALTHY
PROD-000013,STORE-0005,2026-08-31,119,8,HEALTHY
PROD-000013,STORE-0006,2026-08-31,172,46,HEALTHY
PROD-000013,STORE-0007,2026-08-31,165,11,HEALTHY
PROD-000013,STORE-0008,2026-08-31,15,30,CRITICAL
PROD-000013,STORE-0009,2026-08-31,186,26,HEALTHY
PROD-000013,STORE-0010,2026-08-31,204,11,HEALTHY
PROD-000013,STORE-0011,2026-08-31,63,17,HEALTHY
PROD-000013,STORE-0012,2026-08-31,48,39,LOW
PROD-000014,STORE-0001,2026-08-31,114,13,HEALTHY
PROD-000014,STORE-0002,2026-08-31,108,16,HEALTHY
PROD-000014,STORE-0003,2026-08-31,71,34,HEALTHY
PROD-000014,STORE-0004,2026-08-31,63,9,HEALTHY
PROD-000014,STORE-0005,2026-08-31,113,40,HEALTHY
PROD-000014,STORE-0006,2026-08-31,25,8,HEALTHY
PROD-000014,STORE-0007,2026-08-31,166,39,HEALTHY
PROD-000014,STORE-0008,2026-08-31,214,5,HEALTHY
PROD-000014,STORE-0009,2026-08-31,248,10,HEALTHY
PROD-000014,STORE-0010,2026-08-31,237,20,HEALTHY
PROD-000014,STORE-0011,2026-08-31,42,31,LOW
PROD-000014,STORE-0012,2026-08-31,124,35,HEALTHY
PROD-000015,STORE-0001,2026-08-31,54,30,LOW
PROD-000015,STORE-0002,2026-08-31,231,8,HEALTHY
PROD-000015,STORE-0003,2026-08-31,42,29,LOW
PROD-000015,STORE-0004,2026-08-31,0,29,CRITICAL
PROD-000015,STORE-0005,2026-08-31,67,34,LOW
PROD-000015,STORE-0006,2026-08-31,73,32,HEALTHY
PROD-000015,STORE-0007,2026-08-31,178,40,HEALTHY
PROD-000015,STORE-0008,2026-08-31,169,50,HEALTHY
PROD-000015,STORE-0009,2026-08-31,124,14,HEALTHY
PROD-000015,STORE-0010,2026-08-31,48,23,HEALTHY
PROD-000015,STORE-0011,2026-08-31,55,8,HEALTHY
PROD-000015,STORE-0012,2026-08-31,148,39,HEALTHY
PROD-000016,STORE-0001,2026-08-31,15,25,CRITICAL
PROD-000016,STORE-0002,2026-08-31,14,8,LOW
PROD-000016,STORE-0003,2026-08-31,149,35,HEALTHY
PROD-000016,STORE-0004,2026-08-31,128,38,HEALTHY
PROD-000016,STORE-0005,2026-08-31,40,8,HEALTHY
PROD-000016,STORE-0006,2026-08-31,245,37,HEALTHY
PROD-000016,STORE-0007,2026-08-31,20,16,LOW
PROD-000016,STORE-0008,2026-08-31,17,43,CRITICAL
PROD-000016,STORE-0009,2026-08-31,17,48,CRITICAL
PROD-000016,STORE-0010,2026-08-31,220,20,HEALTHY
PROD-000016,STORE-0011,2026-08-31,103,12,HEALTHY
PROD-000016,STORE-0012,2026-08-31,241,41,HEALTHY
PROD-000017,STORE-0001,2026-08-31,63,42,LOW
PROD-000017,STORE-0002,2026-08-31,152,7,HEALTHY
PROD-000017,STORE-0003,2026-08-31,158,10,HEALTHY
PROD-000017,STORE-0004,2026-08-31,107,47,HEALTHY
PROD-000017,STORE-0005,2026-08-31,149,41,HEALTHY
PROD-000017,STORE-0006,2026-08-31,133,25,HEALTHY
PROD-000017,STORE-0007,2026-08-31,239,21,HEALTHY
PROD-000017,STORE-0008,2026-08-31,52,47,LOW
PROD-000017,STORE-0009,2026-08-31,183,25,HEALTHY
PROD-000017,STORE-0010,2026-08-31,61,21,HEALTHY
PROD-000017,STORE-0011,2026-08-31,101,13,HEALTHY
PROD-000017,STORE-0012,2026-08-31,171,46,HEALTHY
PROD-000018,STORE-0001,2026-08-31,76,34,HEALTHY
PROD-000018,STORE-0002,2026-08-31,80,9,HEALTHY
PROD-000018,STORE-0003,2026-08-31,2,34,CRITICAL
PROD-000018,STORE-0004,2026-08-31,159,41,HEALTHY
PROD-000018,STORE-0005,2026-08-31,25,9,HEALTHY
PROD-000018,STORE-0006,2026-08-31,137,18,HEALTHY
PROD-000018,STORE-0007,2026-08-31,129,21,HEALTHY
PROD-000018,STORE-0008,2026-08-31,33,27,LOW
PROD-000018,STORE-0009,2026-08-31,225,9,HEALTHY
PROD-000018,STORE-0010,2026-08-31,225,20,HEALTHY
PROD-000018,STORE-0011,2026-08-31,94,23,HEALTHY
PROD-000018,STORE-0012,2026-08-31,40,33,LOW
PROD-000019,STORE-0001,2026-08-31,213,39,HEALTHY
PROD-000019,STORE-0002,2026-08-31,180,24,HEALTHY
PROD-000019,STORE-0003,2026-08-31,156,46,HEALTHY
PROD-000019,STORE-0004,2026-08-31,135,5,HEALTHY
PROD-000019,STORE-0005,2026-08-31,170,40,HEALTHY
PROD-000019,STORE-0006,2026-08-31,76,47,LOW
PROD-000019,STORE-0007,2026-08-31,26,13,LOW
PROD-000019,STORE-0008,2026-08-31,67,12,HEALTHY
PROD-000019,STORE-0009,2026-08-31,227,11,HEALTHY
PROD-000019,STORE-0010,2026-08-31,190,40,HEALTHY
PROD-000019,STORE-0011,2026-08-31,39,22,LOW
PROD-000019,STORE-0012,2026-08-31,72,43,LOW
PROD-000020,STORE-0001,2026-08-31,53,50,LOW
PROD-000020,STORE-0002,2026-08-31,87,18,HEALTHY
PROD-000020,STORE-0003,2026-08-31,175,45,HEALTHY
PROD-000020,STORE-0004,2026-08-31,218,21,HEALTHY
PROD-000020,STORE-0005,2026-08-31,129,36,HEALTHY
PROD-000020,STORE-0006,2026-08-31,64,8,HEALTHY
PROD-000020,STORE-0007,2026-08-31,23,45,CRITICAL
PROD-000020,STORE-0008,2026-08-31,108,22,HEALTHY
PROD-000020,STORE-0009,2026-08-31,11,5,HEALTHY
PROD-000020,STORE-0010,2026-08-31,85,13,HEALTHY
PROD-000020,STORE-0011,2026-08-31,163,21,HEALTHY
PROD-000020,STORE-0012,2026-08-31,41,33,LOW
PROD-000021,STORE-0001,2026-08-31,141,50,HEALTHY
PROD-000021,STORE-0002,2026-08-31,109,40,HEALTHY
PROD-000021,STORE-0003,2026-08-31,2,12,CRITICAL
PROD-000021,STORE-0004,2026-08-31,19,49,CRITICAL
PROD-000021,STORE-0005,2026-08-31,231,14,HEALTHY
PROD-000021,STORE-0006,2026-08-31,139,7,HEALTHY
PROD-000021,STORE-0007,2026-08-31,213,28,HEALTHY
PROD-000021,STORE-0008,2026-08-31,149,40,HEALTHY
PROD-000021,STORE-0009,2026-08-31,37,32,LOW
PROD-000021,STORE-0010,2026-08-31,32,7,HEALTHY
PROD-000021,STORE-0011,2026-08-31,78,28,HEALTHY
PROD-000021,STORE-0012,2026-08-31,230,7,HEALTHY
PROD-000022,STORE-0001,2026-08-31,230,27,HEALTHY
PROD-000022,STORE-0002,2026-08-31,53,48,LOW
PROD-000022,STORE-0003,2026-08-31,63,47,LOW
PROD-000022,STORE-0004,2026-08-31,26,27,CRITICAL
PROD-000022,STORE-0005,2026-08-31,199,40,HEALTHY
PROD-000022,STORE-0006,2026-08-31,226,31,HEALTHY
PROD-000022,STORE-0007,2026-08-31,249,44,HEALTHY
PROD-000022,STORE-0008,2026-08-31,191,14,HEALTHY
PROD-000022,STORE-0009,2026-08-31,236,20,HEALTHY
PROD-000022,STORE-0010,2026-08-31,221,15,HEALTHY
PROD-000022,STORE-0011,2026-08-31,249,16,HEALTHY
PROD-000022,STORE-0012,2026-08-31,225,31,HEALTHY
PROD-000023,STORE-0001,2026-08-31,6,16,CRITICAL
PROD-000023,STORE-0002,2026-08-31,188,26,HEALTHY
PROD-000023,STORE-0003,2026-08-31,200,31,HEALTHY
PROD-000023,STORE-0004,2026-08-31,205,47,HEALTHY
PROD-000023,STORE-0005,2026-08-31,221,20,HEALTHY
PROD-000023,STORE-0006,2026-08-31,68,15,HEALTHY
PROD-000023,STORE-0007,2026-08-31,201,49,HEALTHY
PROD-000023,STORE-0008,2026-08-31,27,29,CRITICAL
PROD-000023,STORE-0009,2026-08-31,223,7,HEALTHY
PROD-000023,STORE-0010,2026-08-31,219,35,HEALTHY
PROD-000023,STORE-0011,2026-08-31,56,17,HEALTHY
PROD-000023,STORE-0012,2026-08-31,209,34,HEALTHY
PROD-000024,STORE-0001,2026-08-31,89,24,HEALTHY
PROD-000024,STORE-0002,2026-08-31,210,19,HEALTHY
PROD-000024,STORE-0003,2026-08-31,57,6,HEALTHY
PROD-000024,STORE-0004,2026-08-31,168,17,HEALTHY
PROD-000024,STORE-0005,2026-08-31,102,26,HEALTHY
PROD-000024,STORE-0006,2026-08-31,71,9,HEALTHY
PROD-000024,STORE-0007,2026-08-31,247,22,HEALTHY
PROD-000024,STORE-0008,2026-08-31,89,46,LOW
PROD-000024,STORE-0009,2026-08-31,130,30,HEALTHY
PROD-000024,STORE-0010,2026-08-31,173,39,HEALTHY
PROD-000024,STORE-0011,2026-08-31,84,6,HEALTHY
PROD-000024,STORE-0012,2026-08-31,29,21,LOW
PROD-000025,STORE-0001,2026-08-31,45,42,LOW
PROD-000025,STORE-0002,2026-08-31,246,21,HEALTHY
PROD-000025,STORE-0003,2026-08-31,9,11,CRITICAL
PROD-000025,STORE-0004,2026-08-31,152,32,HEALTHY
PROD-000025,STORE-0005,2026-08-31,88,25,HEALTHY
PROD-000025,STORE-0006,2026-08-31,111,43,HEALTHY
PROD-000025,STORE-0007,2026-08-31,130,12,HEALTHY
PROD-000025,STORE-0008,2026-08-31,98,41,HEALTHY
PROD-000025,STORE-0009,2026-08-31,48,21,HEALTHY
PROD-000025,STORE-0010,2026-08-31,11,50,CRITICAL
PROD-000025,STORE-0011,2026-08-31,111,5,HEALTHY
PROD-000025,STORE-0012,2026-08-31,133,39,HEALTHY
PROD-000026,STORE-0001,2026-08-31,175,47,HEALTHY
PROD-000026,STORE-0002,2026-08-31,50,28,LOW
PROD-000026,STORE-0003,2026-08-31,110,9,HEALTHY
PROD-000026,STORE-0004,2026-08-31,242,47,HEALTHY
PROD-000026,STORE-0005,2026-08-31,235,26,HEALTHY
PROD-000026,STORE-0006,2026-08-31,159,25,HEALTHY
PROD-000026,STORE-0007,2026-08-31,169,12,HEALTHY
PROD-000026,STORE-0008,2026-08-31,184,24,HEALTHY
PROD-000026,STORE-0009,2026-08-31,129,24,HEALTHY
PROD-000026,STORE-0010,2026-08-31,170,31,HEALTHY
PROD-000026,STORE-0011,2026-08-31,83,30,HEALTHY
PROD-000026,STORE-0012,2026-08-31,178,23,HEALTHY
PROD-000027,STORE-0001,2026-08-31,141,13,HEALTHY
PROD-000027,STORE-0002,2026-08-31,49,31,LOW
PROD-000027,STORE-0003,2026-08-31,170,29,HEALTHY
PROD-000027,STORE-0004,2026-08-31,173,16,HEALTHY
PROD-000027,STORE-0005,2026-08-31,157,41,HEALTHY
PROD-000027,STORE-0006,2026-08-31,77,30,HEALTHY
PROD-000027,STORE-0007,2026-08-31,140,5,HEALTHY
PROD-000027,STORE-0008,2026-08-31,77,23,HEALTHY
PROD-000027,STORE-0009,2026-08-31,53,32,LOW
PROD-000027,STORE-0010,2026-08-31,201,42,HEALTHY
PROD-000027,STORE-0011,2026-08-31,155,46,HEALTHY
PROD-000027,STORE-0012,2026-08-31,82,34,HEALTHY
PROD-000028,STORE-0001,2026-08-31,113,33,HEALTHY
PROD-000028,STORE-0002,2026-08-31,172,18,HEALTHY
PROD-000028,STORE-0003,2026-08-31,130,35,HEALTHY
PROD-000028,STORE-0004,2026-08-31,203,15,HEALTHY
PROD-000028,STORE-0005,2026-08-31,168,10,HEALTHY
PROD-000028,STORE-0006,2026-08-31,72,37,LOW
PROD-000028,STORE-0007,2026-08-31,169,45,HEALTHY
PROD-000028,STORE-0008,2026-08-31,158,26,HEALTHY
PROD-000028,STORE-0009,2026-08-31,23,20,LOW
PROD-000028,STORE-0010,2026-08-31,172,24,HEALTHY
PROD-000028,STORE-0011,2026-08-31,57,17,HEALTHY
PROD-000028,STORE-0012,2026-08-31,37,6,HEALTHY
PROD-000029,STORE-0001,2026-08-31,11,20,CRITICAL
PROD-000029,STORE-0002,2026-08-31,121,44,HEALTHY
PROD-000029,STORE-0003,2026-08-31,217,9,HEALTHY
PROD-000029,STORE-0004,2026-08-31,116,31,HEALTHY
PROD-000029,STORE-0005,2026-08-31,226,45,HEALTHY
PROD-000029,STORE-0006,2026-08-31,147,17,HEALTHY
PROD-000029,STORE-0007,2026-08-31,183,49,HEALTHY
PROD-000029,STORE-0008,2026-08-31,98,36,HEALTHY
PROD-000029,STORE-0009,2026-08-31,102,20,HEALTHY
PROD-000029,STORE-0010,2026-08-31,37,46,CRITICAL
PROD-000029,STORE-0011,2026-08-31,176,5,HEALTHY
PROD-000029,STORE-0012,2026-08-31,228,11,HEALTHY
PROD-000030,STORE-0001,2026-08-31,199,32,HEALTHY
PROD-000030,STORE-0002,2026-08-31,56,16,HEALTHY
PROD-000030,STORE-0003,2026-08-31,205,49,HEALTHY
PROD-000030,STORE-0004,2026-08-31,132,34,HEALTHY
PROD-000030,STORE-0005,2026-08-31,12,40,CRITICAL
PROD-000030,STORE-0006,2026-08-31,63,12,HEALTHY
PROD-000030,STORE-0007,2026-08-31,116,13,HEALTHY
PROD-000030,STORE-0008,2026-08-31,205,34,HEALTHY
PROD-000030,STORE-0009,2026-08-31,170,38,HEALTHY
PROD-000030,STORE-0010,2026-08-31,143,43,HEALTHY
PROD-000030,STORE-0011,2026-08-31,81,33,HEALTHY
PROD-000030,STORE-0012,2026-08-31,156,37,HEALTHY
PROD-000031,STORE-0001,2026-08-31,109,40,HEALTHY
PROD-000031,STORE-0002,2026-08-31,114,15,HEALTHY
PROD-000031,STORE-0003,2026-08-31,190,35,HEALTHY
PROD-000031,STORE-0004,2026-08-31,115,21,HEALTHY
PROD-000031,STORE-0005,2026-08-31,192,20,HEALTHY
PROD-000031,STORE-0006,2026-08-31,215,45,HEALTHY
PROD-000031,STORE-0007,2026-08-31,70,38,LOW
PROD-000031,STORE-0008,2026-08-31,124,45,HEALTHY
PROD-000031,STORE-0009,2026-08-31,61,22,HEALTHY
PROD-000031,STORE-0010,2026-08-31,112,9,HEALTHY
PROD-000031,STORE-0011,2026-08-31,182,23,HEALTHY
PROD-000031,STORE-0012,2026-08-31,60,22,HEALTHY
PROD-000032,STORE-0001,2026-08-31,85,25,HEALTHY
PROD-000032,STORE-0002,2026-08-31,228,39,HEALTHY
PROD-000032,STORE-0003,2026-08-31,20,13,LOW
PROD-000032,STORE-0004,2026-08-31,38,19,LOW
PROD-000032,STORE-0005,2026-08-31,98,49,LOW
PROD-000032,STORE-0006,2026-08-31,39,50,CRITICAL
PROD-000032,STORE-0007,2026-08-31,54,9,HEALTHY
PROD-000032,STORE-0008,2026-08-31,106,31,HEALTHY
PROD-000032,STORE-0009,2026-08-31,84,39,HEALTHY
PROD-000032,STORE-0010,2026-08-31,119,31,HEALTHY
PROD-000032,STORE-0011,2026-08-31,15,18,CRITICAL
PROD-000032,STORE-0012,2026-08-31,213,31,HEALTHY
PROD-000033,STORE-0001,2026-08-31,99,42,HEALTHY
PROD-000033,STORE-0002,2026-08-31,242,49,HEALTHY
PROD-000033,STORE-0003,2026-08-31,5,41,CRITICAL
PROD-000033,STORE-0004,2026-08-31,97,35,HEALTHY
PROD-000033,STORE-0005,2026-08-31,1,27,CRITICAL
PROD-000033,STORE-0006,2026-08-31,76,29,HEALTHY
PROD-000033,STORE-0007,2026-08-31,218,31,HEALTHY
PROD-000033,STORE-0008,2026-08-31,137,39,HEALTHY
PROD-000033,STORE-0009,2026-08-31,204,43,HEALTHY
PROD-000033,STORE-0010,2026-08-31,229,19,HEALTHY
PROD-000033,STORE-0011,2026-08-31,124,19,HEALTHY
PROD-000033,STORE-0012,2026-08-31,69,32,HEALTHY
PROD-000034,STORE-0001,2026-08-31,124,6,HEALTHY
PROD-000034,STORE-0002,2026-08-31,99,26,HEALTHY
PROD-000034,STORE-0003,2026-08-31,171,48,HEALTHY
PROD-000034,STORE-0004,2026-08-31,204,30,HEALTHY
PROD-000034,STORE-0005,2026-08-31,185,15,HEALTHY
PROD-000034,STORE-0006,2026-08-31,215,34,HEALTHY
PROD-000034,STORE-0007,2026-08-31,235,13,HEALTHY
PROD-000034,STORE-0008,2026-08-31,159,39,HEALTHY
PROD-000034,STORE-0009,2026-08-31,6,30,CRITICAL
PROD-000034,STORE-0010,2026-08-31,151,41,HEALTHY
PROD-000034,STORE-0011,2026-08-31,169,6,HEALTHY
PROD-000034,STORE-0012,2026-08-31,21,46,CRITICAL
PROD-000035,STORE-0001,2026-08-31,109,13,HEALTHY
PROD-000035,STORE-0002,2026-08-31,221,34,HEALTHY
PROD-000035,STORE-0003,2026-08-31,46,8,HEALTHY
PROD-000035,STORE-0004,2026-08-31,66,29,HEALTHY
PROD-000035,STORE-0005,2026-08-31,83,18,HEALTHY
PROD-000035,STORE-0006,2026-08-31,116,25,HEALTHY
PROD-000035,STORE-0007,2026-08-31,86,29,HEALTHY
PROD-000035,STORE-0008,2026-08-31,71,31,HEALTHY
PROD-000035,STORE-0009,2026-08-31,64,10,HEALTHY
PROD-000035,STORE-0010,2026-08-31,120,6,HEALTHY
PROD-000035,STORE-0011,2026-08-31,191,39,HEALTHY
PROD-000035,STORE-0012,2026-08-31,13,27,CRITICAL
PROD-000036,STORE-0001,2026-08-31,57,46,LOW
PROD-000036,STORE-0002,2026-08-31,17,46,CRITICAL
PROD-000036,STORE-0003,2026-08-31,10,6,LOW
PROD-000036,STORE-0004,2026-08-31,243,20,HEALTHY
PROD-000036,STORE-0005,2026-08-31,51,6,HEALTHY
PROD-000036,STORE-0006,2026-08-31,159,14,HEALTHY
PROD-000036,STORE-0007,2026-08-31,61,13,HEALTHY
PROD-000036,STORE-0008,2026-08-31,121,47,HEALTHY
PROD-000036,STORE-0009,2026-08-31,29,41,CRITICAL
PROD-000036,STORE-0010,2026-08-31,242,18,HEALTHY
PROD-000036,STORE-0011,2026-08-31,119,49,HEALTHY
PROD-000036,STORE-0012,2026-08-31,65,28,HEALTHY
PROD-000037,STORE-0001,2026-08-31,42,43,CRITICAL
PROD-000037,STORE-0002,2026-08-31,155,50,HEALTHY
PROD-000037,STORE-0003,2026-08-31,29,15,LOW
PROD-000037,STORE-0004,2026-08-31,246,24,HEALTHY
PROD-000037,STORE-0005,2026-08-31,27,42,CRITICAL
PROD-000037,STORE-0006,2026-08-31,6,24,CRITICAL
PROD-000037,STORE-0007,2026-08-31,147,48,HEALTHY
PROD-000037,STORE-0008,2026-08-31,232,29,HEALTHY
PROD-000037,STORE-0009,2026-08-31,101,50,HEALTHY
PROD-000037,STORE-0010,2026-08-31,50,9,HEALTHY
PROD-000037,STORE-0011,2026-08-31,151,49,HEALTHY
PROD-000037,STORE-0012,2026-08-31,212,45,HEALTHY
PROD-000038,STORE-0001,2026-08-31,62,11,HEALTHY
PROD-000038,STORE-0002,2026-08-31,178,24,HEALTHY
PROD-000038,STORE-0003,2026-08-31,217,48,HEALTHY
PROD-000038,STORE-0004,2026-08-31,153,12,HEALTHY
PROD-000038,STORE-0005,2026-08-31,203,41,HEALTHY
PROD-000038,STORE-0006,2026-08-31,200,7,HEALTHY
PROD-000038,STORE-0007,2026-08-31,88,39,HEALTHY
PROD-000038,STORE-0008,2026-08-31,109,47,HEALTHY
PROD-000038,STORE-0009,2026-08-31,94,9,HEALTHY
PROD-000038,STORE-0010,2026-08-31,129,46,HEALTHY
PROD-000038,STORE-0011,2026-08-31,87,5,HEALTHY
PROD-000038,STORE-0012,2026-08-31,217,31,HEALTHY
PROD-000039,STORE-0001,2026-08-31,210,36,HEALTHY
PROD-000039,STORE-0002,2026-08-31,27,32,CRITICAL
PROD-000039,STORE-0003,2026-08-31,245,28,HEALTHY
PROD-000039,STORE-0004,2026-08-31,162,34,HEALTHY
PROD-000039,STORE-0005,2026-08-31,181,14,HEALTHY
PROD-000039,STORE-0006,2026-08-31,111,16,HEALTHY
PROD-000039,STORE-0007,2026-08-31,187,38,HEALTHY
PROD-000039,STORE-0008,2026-08-31,247,46,HEALTHY
PROD-000039,STORE-0009,2026-08-31,69,44,LOW
PROD-000039,STORE-0010,2026-08-31,206,39,HEALTHY
PROD-000039,STORE-0011,2026-08-31,198,35,HEALTHY
PROD-000039,STORE-0012,2026-08-31,119,32,HEALTHY
PROD-000040,STORE-0001,2026-08-31,211,42,HEALTHY
PROD-000040,STORE-0002,2026-08-31,68,25,HEALTHY
PROD-000040,STORE-0003,2026-08-31,218,20,HEALTHY
PROD-000040,STORE-0004,2026-08-31,212,10,HEALTHY
PROD-000040,STORE-0005,2026-08-31,71,33,HEALTHY
PROD-000040,STORE-0006,2026-08-31,62,34,LOW
PROD-000040,STORE-0007,2026-08-31,145,44,HEALTHY
PROD-000040,STORE-0008,2026-08-31,171,29,HEALTHY
PROD-000040,STORE-0009,2026-08-31,86,6,HEALTHY
PROD-000040,STORE-0010,2026-08-31,126,25,HEALTHY
PROD-000040,STORE-0011,2026-08-31,46,36,LOW
PROD-000040,STORE-0012,2026-08-31,54,27,LOW
PROD-000041,STORE-0001,2026-08-31,204,21,HEALTHY
PROD-000041,STORE-0002,2026-08-31,87,22,HEALTHY
PROD-000041,STORE-0003,2026-08-31,225,43,HEALTHY
PROD-000041,STORE-0004,2026-08-31,179,22,HEALTHY
PROD-000041,STORE-0005,2026-08-31,142,5,HEALTHY
PROD-000041,STORE-0006,2026-08-31,132,17,HEALTHY
PROD-000041,STORE-0007,2026-08-31,21,20,LOW
PROD-000041,STORE-0008,2026-08-31,184,31,HEALTHY
PROD-000041,STORE-0009,2026-08-31,125,40,HEALTHY
PROD-000041,STORE-0010,2026-08-31,194,20,HEALTHY
PROD-000041,STORE-0011,2026-08-31,176,35,HEALTHY
PROD-000041,STORE-0012,2026-08-31,165,50,HEALTHY
PROD-000042,STORE-0001,2026-08-31,125,33,HEALTHY
PROD-000042,STORE-0002,2026-08-31,202,6,HEALTHY
PROD-000042,STORE-0003,2026-08-31,23,23,CRITICAL
PROD-000042,STORE-0004,2026-08-31,56,30,LOW
PROD-000042,STORE-0005,2026-08-31,177,20,HEALTHY
PROD-000042,STORE-0006,2026-08-31,78,47,LOW
PROD-000042,STORE-0007,2026-08-31,148,28,HEALTHY
PROD-000042,STORE-0008,2026-08-31,121,40,HEALTHY
PROD-000042,STORE-0009,2026-08-31,135,27,HEALTHY
PROD-000042,STORE-0010,2026-08-31,108,40,HEALTHY
PROD-000042,STORE-0011,2026-08-31,84,27,HEALTHY
PROD-000042,STORE-0012,2026-08-31,179,34,HEALTHY
PROD-000043,STORE-0001,2026-08-31,69,24,HEALTHY
PROD-000043,STORE-0002,2026-08-31,64,19,HEALTHY
PROD-000043,STORE-0003,2026-08-31,30,17,LOW
PROD-000043,STORE-0004,2026-08-31,80,12,HEALTHY
PROD-000043,STORE-0005,2026-08-31,190,39,HEALTHY
PROD-000043,STORE-0006,2026-08-31,243,49,HEALTHY
PROD-000043,STORE-0007,2026-08-31,47,17,HEALTHY
PROD-000043,STORE-0008,2026-08-31,55,35,LOW
PROD-000043,STORE-0009,2026-08-31,70,42,LOW
PROD-000043,STORE-0010,2026-08-31,250,38,HEALTHY
PROD-000043,STORE-0011,2026-08-31,152,23,HEALTHY
PROD-000043,STORE-0012,2026-08-31,25,17,LOW
PROD-000044,STORE-0001,2026-08-31,75,19,HEALTHY
PROD-000044,STORE-0002,2026-08-31,92,16,HEALTHY
PROD-000044,STORE-0003,2026-08-31,77,5,HEALTHY
PROD-000044,STORE-0004,2026-08-31,181,39,HEALTHY
PROD-000044,STORE-0005,2026-08-31,32,22,LOW
PROD-000044,STORE-0006,2026-08-31,11,8,LOW
PROD-000044,STORE-0007,2026-08-31,141,23,HEALTHY
PROD-000044,STORE-0008,2026-08-31,178,13,HEALTHY
PROD-000044,STORE-0009,2026-08-31,163,36,HEALTHY
PROD-000044,STORE-0010,2026-08-31,26,5,HEALTHY
PROD-000044,STORE-0011,2026-08-31,146,23,HEALTHY
PROD-000044,STORE-0012,2026-08-31,120,35,HEALTHY
PROD-000045,STORE-0001,2026-08-31,112,26,HEALTHY
PROD-000045,STORE-0002,2026-08-31,47,8,HEALTHY
PROD-000045,STORE-0003,2026-08-31,64,35,LOW
PROD-000045,STORE-0004,2026-08-31,29,9,HEALTHY
PROD-000045,STORE-0005,2026-08-31,102,36,HEALTHY
PROD-000045,STORE-0006,2026-08-31,18,41,CRITICAL
PROD-000045,STORE-0007,2026-08-31,161,48,HEALTHY
PROD-000045,STORE-0008,2026-08-31,13,14,CRITICAL
PROD-000045,STORE-0009,2026-08-31,38,41,CRITICAL
PROD-000045,STORE-0010,2026-08-31,242,24,HEALTHY
PROD-000045,STORE-0011,2026-08-31,21,20,LOW
PROD-000045,STORE-0012,2026-08-31,30,40,CRITICAL
PROD-000046,STORE-0001,2026-08-31,195,31,HEALTHY
PROD-000046,STORE-0002,2026-08-31,155,43,HEALTHY
PROD-000046,STORE-0003,2026-08-31,202,44,HEALTHY
PROD-000046,STORE-0004,2026-08-31,57,38,LOW
PROD-000046,STORE-0005,2026-08-31,97,33,HEALTHY
PROD-000046,STORE-0006,2026-08-31,232,33,HEALTHY
PROD-000046,STORE-0007,2026-08-31,76,42,LOW
PROD-000046,STORE-0008,2026-08-31,109,24,HEALTHY
PROD-000046,STORE-0009,2026-08-31,145,44,HEALTHY
PROD-000046,STORE-0010,2026-08-31,15,44,CRITICAL
PROD-000046,STORE-0011,2026-08-31,245,11,HEALTHY
PROD-000046,STORE-0012,2026-08-31,242,18,HEALTHY
PROD-000047,STORE-0001,2026-08-31,160,18,HEALTHY
PROD-000047,STORE-0002,2026-08-31,67,47,LOW
PROD-000047,STORE-0003,2026-08-31,20,15,LOW
PROD-000047,STORE-0004,2026-08-31,61,16,HEALTHY
PROD-000047,STORE-0005,2026-08-31,141,9,HEALTHY
PROD-000047,STORE-0006,2026-08-31,40,5,HEALTHY
PROD-000047,STORE-0007,2026-08-31,104,33,HEALTHY
PROD-000047,STORE-0008,2026-08-31,176,43,HEALTHY
PROD-000047,STORE-0009,2026-08-31,120,23,HEALTHY
PROD-000047,STORE-0010,2026-08-31,8,19,CRITICAL
PROD-000047,STORE-0011,2026-08-31,73,50,LOW
PROD-000047,STORE-0012,2026-08-31,72,49,LOW
PROD-000048,STORE-0001,2026-08-31,220,34,HEALTHY
PROD-000048,STORE-0002,2026-08-31,18,48,CRITICAL
PROD-000048,STORE-0003,2026-08-31,59,21,HEALTHY
PROD-000048,STORE-0004,2026-08-31,201,45,HEALTHY
PROD-000048,STORE-0005,2026-08-31,150,47,HEALTHY
PROD-000048,STORE-0006,2026-08-31,205,17,HEALTHY
PROD-000048,STORE-0007,2026-08-31,108,12,HEALTHY
PROD-000048,STORE-0008,2026-08-31,139,19,HEALTHY
PROD-000048,STORE-0009,2026-08-31,165,14,HEALTHY
PROD-000048,STORE-0010,2026-08-31,232,22,HEALTHY
PROD-000048,STORE-0011,2026-08-31,211,14,HEALTHY
PROD-000048,STORE-0012,2026-08-31,18,8,HEALTHY
PROD-000049,STORE-0001,2026-08-31,42,24,LOW
PROD-000049,STORE-0002,2026-08-31,152,41,HEALTHY
PROD-000049,STORE-0003,2026-08-31,235,23,HEALTHY
PROD-000049,STORE-0004,2026-08-31,112,12,HEALTHY
PROD-000049,STORE-0005,2026-08-31,119,49,HEALTHY
PROD-000049,STORE-0006,2026-08-31,77,49,LOW
PROD-000049,STORE-0007,2026-08-31,103,22,HEALTHY
PROD-000049,STORE-0008,2026-08-31,128,39,HEALTHY
PROD-000049,STORE-0009,2026-08-31,126,33,HEALTHY
PROD-000049,STORE-0010,2026-08-31,20,43,CRITICAL
PROD-000049,STORE-0011,2026-08-31,10,32,CRITICAL
PROD-000049,STORE-0012,2026-08-31,188,25,HEALTHY
PROD-000050,STORE-0001,2026-08-31,154,21,HEALTHY
PROD-000050,STORE-0002,2026-08-31,6,10,CRITICAL
PROD-000050,STORE-0003,2026-08-31,58,48,LOW
PROD-000050,STORE-0004,2026-08-31,214,41,HEALTHY
PROD-000050,STORE-0005,2026-08-31,150,6,HEALTHY
PROD-000050,STORE-0006,2026-08-31,195,48,HEALTHY
PROD-000050,STORE-0007,2026-08-31,210,22,HEALTHY
PROD-000050,STORE-0008,2026-08-31,147,7,HEALTHY
PROD-000050,STORE-0009,2026-08-31,195,16,HEALTHY
PROD-000050,STORE-0010,2026-08-31,120,38,HEALTHY
PROD-000050,STORE-0011,2026-08-31,166,33,HEALTHY
PROD-000050,STORE-0012,2026-08-31,234,22,HEALTHY
PROD-000051,STORE-0001,2026-08-31,46,42,LOW
PROD-000051,STORE-0002,2026-08-31,111,45,HEALTHY
PROD-000051,STORE-0003,2026-08-31,208,36,HEALTHY
PROD-000051,STORE-0004,2026-08-31,248,10,HEALTHY
PROD-000051,STORE-0005,2026-08-31,120,27,HEALTHY
PROD-000051,STORE-0006,2026-08-31,104,26,HEALTHY
PROD-000051,STORE-0007,2026-08-31,82,47,LOW
PROD-000051,STORE-0008,2026-08-31,26,15,LOW
PROD-000051,STORE-0009,2026-08-31,84,31,HEALTHY
PROD-000051,STORE-0010,2026-08-31,177,36,HEALTHY
PROD-000051,STORE-0011,2026-08-31,73,47,LOW
PROD-000051,STORE-0012,2026-08-31,241,30,HEALTHY
PROD-000052,STORE-0001,2026-08-31,208,40,HEALTHY
PROD-000052,STORE-0002,2026-08-31,9,34,CRITICAL
PROD-000052,STORE-0003,2026-08-31,22,25,CRITICAL
PROD-000052,STORE-0004,2026-08-31,64,25,HEALTHY
PROD-000052,STORE-0005,2026-08-31,29,30,CRITICAL
PROD-000052,STORE-0006,2026-08-31,221,37,HEALTHY
PROD-000052,STORE-0007,2026-08-31,211,5,HEALTHY
PROD-000052,STORE-0008,2026-08-31,168,39,HEALTHY
PROD-000052,STORE-0009,2026-08-31,118,31,HEALTHY
PROD-000052,STORE-0010,2026-08-31,13,17,CRITICAL
PROD-000052,STORE-0011,2026-08-31,132,28,HEALTHY
PROD-000052,STORE-0012,2026-08-31,159,36,HEALTHY
PROD-000053,STORE-0001,2026-08-31,160,33,HEALTHY
PROD-000053,STORE-0002,2026-08-31,194,8,HEALTHY
PROD-000053,STORE-0003,2026-08-31,52,22,HEALTHY
PROD-000053,STORE-0004,2026-08-31,140,13,HEALTHY
PROD-000053,STORE-0005,2026-08-31,237,23,HEALTHY
PROD-000053,STORE-0006,2026-08-31,112,49,HEALTHY
PROD-000053,STORE-0007,2026-08-31,124,12,HEALTHY
PROD-000053,STORE-0008,2026-08-31,7,45,CRITICAL
PROD-000053,STORE-0009,2026-08-31,155,20,HEALTHY
PROD-000053,STORE-0010,2026-08-31,181,15,HEALTHY
PROD-000053,STORE-0011,2026-08-31,79,40,LOW
PROD-000053,STORE-0012,2026-08-31,3,40,CRITICAL
PROD-000054,STORE-0001,2026-08-31,104,10,HEALTHY
PROD-000054,STORE-0002,2026-08-31,57,12,HEALTHY
PROD-000054,STORE-0003,2026-08-31,118,12,HEALTHY
PROD-000054,STORE-0004,2026-08-31,165,14,HEALTHY
PROD-000054,STORE-0005,2026-08-31,127,50,HEALTHY
PROD-000054,STORE-0006,2026-08-31,74,37,LOW
PROD-000054,STORE-0007,2026-08-31,180,22,HEALTHY
PROD-000054,STORE-0008,2026-08-31,106,35,HEALTHY
PROD-000054,STORE-0009,2026-08-31,250,35,HEALTHY
PROD-000054,STORE-0010,2026-08-31,62,34,LOW
PROD-000054,STORE-0011,2026-08-31,141,14,HEALTHY
PROD-000054,STORE-0012,2026-08-31,98,17,HEALTHY
PROD-000055,STORE-0001,2026-08-31,235,43,HEALTHY
PROD-000055,STORE-0002,2026-08-31,130,13,HEALTHY
PROD-000055,STORE-0003,2026-08-31,221,9,HEALTHY
PROD-000055,STORE-0004,2026-08-31,70,31,HEALTHY
PROD-000055,STORE-0005,2026-08-31,87,37,HEALTHY
PROD-000055,STORE-0006,2026-08-31,68,5,HEALTHY
PROD-000055,STORE-0007,2026-08-31,72,24,HEALTHY
PROD-000055,STORE-0008,2026-08-31,214,42,HEALTHY
PROD-000055,STORE-0009,2026-08-31,148,47,HEALTHY
PROD-000055,STORE-0010,2026-08-31,125,14,HEALTHY
PROD-000055,STORE-0011,2026-08-31,114,39,HEALTHY
PROD-000055,STORE-0012,2026-08-31,123,27,HEALTHY
PROD-000056,STORE-0001,2026-08-31,85,40,HEALTHY
PROD-000056,STORE-0002,2026-08-31,195,39,HEALTHY
PROD-000056,STORE-0003,2026-08-31,96,34,HEALTHY
PROD-000056,STORE-0004,2026-08-31,238,25,HEALTHY
PROD-000056,STORE-0005,2026-08-31,222,17,HEALTHY
PROD-000056,STORE-0006,2026-08-31,178,20,HEALTHY
PROD-000056,STORE-0007,2026-08-31,146,29,HEALTHY
PROD-000056,STORE-0008,2026-08-31,59,31,LOW
PROD-000056,STORE-0009,2026-08-31,11,25,CRITICAL
PROD-000056,STORE-0010,2026-08-31,190,35,HEALTHY
PROD-000056,STORE-0011,2026-08-31,180,29,HEALTHY
PROD-000056,STORE-0012,2026-08-31,98,47,HEALTHY
PROD-000057,STORE-0001,2026-08-31,202,46,HEALTHY
PROD-000057,STORE-0002,2026-08-31,38,36,LOW
PROD-000057,STORE-0003,2026-08-31,246,7,HEALTHY
PROD-000057,STORE-0004,2026-08-31,32,37,CRITICAL
PROD-000057,STORE-0005,2026-08-31,247,42,HEALTHY
PROD-000057,STORE-0006,2026-08-31,84,11,HEALTHY
PROD-000057,STORE-0007,2026-08-31,223,33,HEALTHY
PROD-000057,STORE-0008,2026-08-31,25,38,CRITICAL
PROD-000057,STORE-0009,2026-08-31,233,34,HEALTHY
PROD-000057,STORE-0010,2026-08-31,3,14,CRITICAL
PROD-000057,STORE-0011,2026-08-31,104,46,HEALTHY
PROD-000057,STORE-0012,2026-08-31,248,14,HEALTHY
PROD-000058,STORE-0001,2026-08-31,19,35,CRITICAL
PROD-000058,STORE-0002,2026-08-31,200,21,HEALTHY
PROD-000058,STORE-0003,2026-08-31,86,44,LOW
PROD-000058,STORE-0004,2026-08-31,177,30,HEALTHY
PROD-000058,STORE-0005,2026-08-31,166,10,HEALTHY
PROD-000058,STORE-0006,2026-08-31,218,26,HEALTHY
PROD-000058,STORE-0007,2026-08-31,218,48,HEALTHY
PROD-000058,STORE-0008,2026-08-31,219,39,HEALTHY
PROD-000058,STORE-0009,2026-08-31,97,25,HEALTHY
PROD-000058,STORE-0010,2026-08-31,160,50,HEALTHY
PROD-000058,STORE-0011,2026-08-31,227,36,HEALTHY
PROD-000058,STORE-0012,2026-08-31,223,39,HEALTHY
PROD-000059,STORE-0001,2026-08-31,9,44,CRITICAL
PROD-000059,STORE-0002,2026-08-31,17,20,CRITICAL
PROD-000059,STORE-0003,2026-08-31,161,48,HEALTHY
PROD-000059,STORE-0004,2026-08-31,235,23,HEALTHY
PROD-000059,STORE-0005,2026-08-31,58,10,HEALTHY
PROD-000059,STORE-0006,2026-08-31,111,11,HEALTHY
PROD-000059,STORE-0007,2026-08-31,194,45,HEALTHY
PROD-000059,STORE-0008,2026-08-31,180,11,HEALTHY
PROD-000059,STORE-0009,2026-08-31,113,15,HEALTHY
PROD-000059,STORE-0010,2026-08-31,177,24,HEALTHY
PROD-000059,STORE-0011,2026-08-31,231,6,HEALTHY
PROD-000059,STORE-0012,2026-08-31,11,25,CRITICAL
PROD-000060,STORE-0001,2026-08-31,203,8,HEALTHY
PROD-000060,STORE-0002,2026-08-31,75,27,HEALTHY
PROD-000060,STORE-0003,2026-08-31,95,32,HEALTHY
PROD-000060,STORE-0004,2026-08-31,37,20,LOW
PROD-000060,STORE-0005,2026-08-31,135,31,HEALTHY
PROD-000060,STORE-0006,2026-08-31,144,48,HEALTHY
PROD-000060,STORE-0007,2026-08-31,202,16,HEALTHY
PROD-000060,STORE-0008,2026-08-31,43,16,HEALTHY
PROD-000060,STORE-0009,2026-08-31,20,44,CRITICAL
PROD-000060,STORE-0010,2026-08-31,222,29,HEALTHY
PROD-000060,STORE-0011,2026-08-31,158,48,HEALTHY
PROD-000060,STORE-0012,2026-08-31,61,36,LOW
PROD-000061,STORE-0001,2026-08-31,233,42,HEALTHY
PROD-000061,STORE-0002,2026-08-31,36,19,LOW
PROD-000061,STORE-0003,2026-08-31,118,45,HEALTHY
PROD-000061,STORE-0004,2026-08-31,65,34,LOW
PROD-000061,STORE-0005,2026-08-31,65,47,LOW
PROD-000061,STORE-0006,2026-08-31,2,34,CRITICAL
PROD-000061,STORE-0007,2026-08-31,230,23,HEALTHY
PROD-000061,STORE-0008,2026-08-31,173,39,HEALTHY
PROD-000061,STORE-0009,2026-08-31,40,9,HEALTHY
PROD-000061,STORE-0010,2026-08-31,113,27,HEALTHY
PROD-000061,STORE-0011,2026-08-31,150,24,HEALTHY
PROD-000061,STORE-0012,2026-08-31,163,32,HEALTHY
PROD-000062,STORE-0001,2026-08-31,176,21,HEALTHY
PROD-000062,STORE-0002,2026-08-31,116,24,HEALTHY
PROD-000062,STORE-0003,2026-08-31,50,29,LOW
PROD-000062,STORE-0004,2026-08-31,218,35,HEALTHY
PROD-000062,STORE-0005,2026-08-31,27,20,LOW
PROD-000062,STORE-0006,2026-08-31,97,41,HEALTHY
PROD-000062,STORE-0007,2026-08-31,91,41,HEALTHY
PROD-000062,STORE-0008,2026-08-31,75,49,LOW
PROD-000062,STORE-0009,2026-08-31,75,6,HEALTHY
PROD-000062,STORE-0010,2026-08-31,250,47,HEALTHY
PROD-000062,STORE-0011,2026-08-31,101,22,HEALTHY
PROD-000062,STORE-0012,2026-08-31,2,41,CRITICAL
PROD-000063,STORE-0001,2026-08-31,221,48,HEALTHY
PROD-000063,STORE-0002,2026-08-31,199,8,HEALTHY
PROD-000063,STORE-0003,2026-08-31,233,43,HEALTHY
PROD-000063,STORE-0004,2026-08-31,190,36,HEALTHY
PROD-000063,STORE-0005,2026-08-31,213,23,HEALTHY
PROD-000063,STORE-0006,2026-08-31,198,19,HEALTHY
PROD-000063,STORE-0007,2026-08-31,155,27,HEALTHY
PROD-000063,STORE-0008,2026-08-31,56,45,LOW
PROD-000063,STORE-0009,2026-08-31,48,44,LOW
PROD-000063,STORE-0010,2026-08-31,64,48,LOW
PROD-000063,STORE-0011,2026-08-31,193,47,HEALTHY
PROD-000063,STORE-0012,2026-08-31,174,13,HEALTHY
PROD-000064,STORE-0001,2026-08-31,160,11,HEALTHY
PROD-000064,STORE-0002,2026-08-31,231,45,HEALTHY
PROD-000064,STORE-0003,2026-08-31,165,7,HEALTHY
PROD-000064,STORE-0004,2026-08-31,79,33,HEALTHY
PROD-000064,STORE-0005,2026-08-31,8,42,CRITICAL
PROD-000064,STORE-0006,2026-08-31,93,13,HEALTHY
PROD-000064,STORE-0007,2026-08-31,23,23,CRITICAL
PROD-000064,STORE-0008,2026-08-31,83,31,HEALTHY
PROD-000064,STORE-0009,2026-08-31,44,17,HEALTHY
PROD-000064,STORE-0010,2026-08-31,33,39,CRITICAL
PROD-000064,STORE-0011,2026-08-31,224,28,HEALTHY
PROD-000064,STORE-0012,2026-08-31,135,37,HEALTHY
PROD-000065,STORE-0001,2026-08-31,233,22,HEALTHY
PROD-000065,STORE-0002,2026-08-31,212,15,HEALTHY
PROD-000065,STORE-0003,2026-08-31,65,35,LOW
PROD-000065,STORE-0004,2026-08-31,247,23,HEALTHY
PROD-000065,STORE-0005,2026-08-31,191,26,HEALTHY
PROD-000065,STORE-0006,2026-08-31,205,12,HEALTHY
PROD-000065,STORE-0007,2026-08-31,119,9,HEALTHY
PROD-000065,STORE-0008,2026-08-31,36,19,LOW
PROD-000065,STORE-0009,2026-08-31,220,48,HEALTHY
PROD-000065,STORE-0010,2026-08-31,185,48,HEALTHY
PROD-000065,STORE-0011,2026-08-31,250,30,HEALTHY
PROD-000065,STORE-0012,2026-08-31,247,40,HEALTHY
PROD-000066,STORE-0001,2026-08-31,93,10,HEALTHY
PROD-000066,STORE-0002,2026-08-31,202,30,HEALTHY
PROD-000066,STORE-0003,2026-08-31,3,21,CRITICAL
PROD-000066,STORE-0004,2026-08-31,137,12,HEALTHY
PROD-000066,STORE-0005,2026-08-31,116,28,HEALTHY
PROD-000066,STORE-0006,2026-08-31,172,48,HEALTHY
PROD-000066,STORE-0007,2026-08-31,67,42,LOW
PROD-000066,STORE-0008,2026-08-31,97,45,HEALTHY
PROD-000066,STORE-0009,2026-08-31,240,28,HEALTHY
PROD-000066,STORE-0010,2026-08-31,27,48,CRITICAL
PROD-000066,STORE-0011,2026-08-31,59,35,LOW
PROD-000066,STORE-0012,2026-08-31,6,44,CRITICAL
PROD-000067,STORE-0001,2026-08-31,226,40,HEALTHY
PROD-000067,STORE-0002,2026-08-31,83,44,LOW
PROD-000067,STORE-0003,2026-08-31,56,46,LOW
PROD-000067,STORE-0004,2026-08-31,16,45,CRITICAL
PROD-000067,STORE-0005,2026-08-31,210,34,HEALTHY
PROD-000067,STORE-0006,2026-08-31,232,49,HEALTHY
PROD-000067,STORE-0007,2026-08-31,77,46,LOW
PROD-000067,STORE-0008,2026-08-31,104,12,HEALTHY
PROD-000067,STORE-0009,2026-08-31,35,7,HEALTHY
PROD-000067,STORE-0010,2026-08-31,242,7,HEALTHY
PROD-000067,STORE-0011,2026-08-31,77,36,HEALTHY
PROD-000067,STORE-0012,2026-08-31,29,11,HEALTHY
PROD-000068,STORE-0001,2026-08-31,60,39,LOW
PROD-000068,STORE-0002,2026-08-31,34,29,LOW
PROD-000068,STORE-0003,2026-08-31,116,28,HEALTHY
PROD-000068,STORE-0004,2026-08-31,171,49,HEALTHY
PROD-000068,STORE-0005,2026-08-31,242,39,HEALTHY
PROD-000068,STORE-0006,2026-08-31,107,42,HEALTHY
PROD-000068,STORE-0007,2026-08-31,190,14,HEALTHY
PROD-000068,STORE-0008,2026-08-31,226,31,HEALTHY
PROD-000068,STORE-0009,2026-08-31,167,11,HEALTHY
PROD-000068,STORE-0010,2026-08-31,213,36,HEALTHY
PROD-000068,STORE-0011,2026-08-31,157,31,HEALTHY
PROD-000068,STORE-0012,2026-08-31,240,22,HEALTHY
PROD-000069,STORE-0001,2026-08-31,8,49,CRITICAL
PROD-000069,STORE-0002,2026-08-31,94,18,HEALTHY
PROD-000069,STORE-0003,2026-08-31,113,33,HEALTHY
PROD-000069,STORE-0004,2026-08-31,243,20,HEALTHY
PROD-000069,STORE-0005,2026-08-31,218,28,HEALTHY
PROD-000069,STORE-0006,2026-08-31,25,48,CRITICAL
PROD-000069,STORE-0007,2026-08-31,94,39,HEALTHY
PROD-000069,STORE-0008,2026-08-31,230,46,HEALTHY
PROD-000069,STORE-0009,2026-08-31,91,8,HEALTHY
PROD-000069,STORE-0010,2026-08-31,101,22,HEALTHY
PROD-000069,STORE-0011,2026-08-31,48,12,HEALTHY
PROD-000069,STORE-0012,2026-08-31,242,34,HEALTHY
PROD-000070,STORE-0001,2026-08-31,23,47,CRITICAL
PROD-000070,STORE-0002,2026-08-31,54,46,LOW
PROD-000070,STORE-0003,2026-08-31,163,43,HEALTHY
PROD-000070,STORE-0004,2026-08-31,248,6,HEALTHY
PROD-000070,STORE-0005,2026-08-31,12,26,CRITICAL
PROD-000070,STORE-0006,2026-08-31,62,13,HEALTHY
PROD-000070,STORE-0007,2026-08-31,201,41,HEALTHY
PROD-000070,STORE-0008,2026-08-31,52,9,HEALTHY
PROD-000070,STORE-0009,2026-08-31,212,40,HEALTHY
PROD-000070,STORE-0010,2026-08-31,53,42,LOW
PROD-000070,STORE-0011,2026-08-31,55,19,HEALTHY
PROD-000070,STORE-0012,2026-08-31,84,14,HEALTHY
PROD-000071,STORE-0001,2026-08-31,201,43,HEALTHY
PROD-000071,STORE-0002,2026-08-31,0,22,CRITICAL
PROD-000071,STORE-0003,2026-08-31,219,14,HEALTHY
PROD-000071,STORE-0004,2026-08-31,33,39,CRITICAL
PROD-000071,STORE-0005,2026-08-31,64,16,HEALTHY
PROD-000071,STORE-0006,2026-08-31,28,47,CRITICAL
PROD-000071,STORE-0007,2026-08-31,221,6,HEALTHY
PROD-000071,STORE-0008,2026-08-31,33,5,HEALTHY
PROD-000071,STORE-0009,2026-08-31,91,20,HEALTHY
PROD-000071,STORE-0010,2026-08-31,150,25,HEALTHY
PROD-000071,STORE-0011,2026-08-31,4,16,CRITICAL
PROD-000071,STORE-0012,2026-08-31,67,8,HEALTHY
PROD-000072,STORE-0001,2026-08-31,32,31,LOW
PROD-000072,STORE-0002,2026-08-31,134,12,HEALTHY
PROD-000072,STORE-0003,2026-08-31,190,9,HEALTHY
PROD-000072,STORE-0004,2026-08-31,121,33,HEALTHY
PROD-000072,STORE-0005,2026-08-31,199,28,HEALTHY
PROD-000072,STORE-0006,2026-08-31,131,42,HEALTHY
PROD-000072,STORE-0007,2026-08-31,27,33,CRITICAL
PROD-000072,STORE-0008,2026-08-31,128,19,HEALTHY
PROD-000072,STORE-0009,2026-08-31,242,44,HEALTHY
PROD-000072,STORE-0010,2026-08-31,11,47,CRITICAL
PROD-000072,STORE-0011,2026-08-31,133,24,HEALTHY
PROD-000072,STORE-0012,2026-08-31,117,46,HEALTHY
PROD-000073,STORE-0001,2026-08-31,246,6,HEALTHY
PROD-000073,STORE-0002,2026-08-31,15,35,CRITICAL
PROD-000073,STORE-0003,2026-08-31,216,30,HEALTHY
PROD-000073,STORE-0004,2026-08-31,109,48,HEALTHY
PROD-000073,STORE-0005,2026-08-31,27,36,CRITICAL
PROD-000073,STORE-0006,2026-08-31,182,33,HEALTHY
PROD-000073,STORE-0007,2026-08-31,18,10,LOW
PROD-000073,STORE-0008,2026-08-31,82,43,LOW
PROD-000073,STORE-0009,2026-08-31,37,9,HEALTHY
PROD-000073,STORE-0010,2026-08-31,32,22,LOW
PROD-000073,STORE-0011,2026-08-31,159,45,HEALTHY
PROD-000073,STORE-0012,2026-08-31,149,40,HEALTHY
PROD-000074,STORE-0001,2026-08-31,182,25,HEALTHY
PROD-000074,STORE-0002,2026-08-31,97,43,HEALTHY
PROD-000074,STORE-0003,2026-08-31,135,23,HEALTHY
PROD-000074,STORE-0004,2026-08-31,116,37,HEALTHY
PROD-000074,STORE-0005,2026-08-31,154,32,HEALTHY
PROD-000074,STORE-0006,2026-08-31,25,49,CRITICAL
PROD-000074,STORE-0007,2026-08-31,29,46,CRITICAL
PROD-000074,STORE-0008,2026-08-31,166,40,HEALTHY
PROD-000074,STORE-0009,2026-08-31,184,18,HEALTHY
PROD-000074,STORE-0010,2026-08-31,110,33,HEALTHY
PROD-000074,STORE-0011,2026-08-31,227,19,HEALTHY
PROD-000074,STORE-0012,2026-08-31,105,26,HEALTHY
PROD-000075,STORE-0001,2026-08-31,211,34,HEALTHY
PROD-000075,STORE-0002,2026-08-31,102,31,HEALTHY
PROD-000075,STORE-0003,2026-08-31,186,11,HEALTHY
PROD-000075,STORE-0004,2026-08-31,80,32,HEALTHY
PROD-000075,STORE-0005,2026-08-31,80,47,LOW
PROD-000075,STORE-0006,2026-08-31,65,28,HEALTHY
PROD-000075,STORE-0007,2026-08-31,244,14,HEALTHY
PROD-000075,STORE-0008,2026-08-31,175,35,HEALTHY
PROD-000075,STORE-0009,2026-08-31,17,10,LOW
PROD-000075,STORE-0010,2026-08-31,212,10,HEALTHY
PROD-000075,STORE-0011,2026-08-31,23,32,CRITICAL
PROD-000075,STORE-0012,2026-08-31,24,28,CRITICAL
PROD-000076,STORE-0001,2026-08-31,207,13,HEALTHY
PROD-000076,STORE-0002,2026-08-31,142,8,HEALTHY
PROD-000076,STORE-0003,2026-08-31,150,40,HEALTHY
PROD-000076,STORE-0004,2026-08-31,143,26,HEALTHY
PROD-000076,STORE-0005,2026-08-31,171,12,HEALTHY
PROD-000076,STORE-0006,2026-08-31,105,27,HEALTHY
PROD-000076,STORE-0007,2026-08-31,223,47,HEALTHY
PROD-000076,STORE-0008,2026-08-31,240,32,HEALTHY
PROD-000076,STORE-0009,2026-08-31,222,8,HEALTHY
PROD-000076,STORE-0010,2026-08-31,247,23,HEALTHY
PROD-000076,STORE-0011,2026-08-31,153,24,HEALTHY
PROD-000076,STORE-0012,2026-08-31,90,11,HEALTHY
PROD-000077,STORE-0001,2026-08-31,147,37,HEALTHY
PROD-000077,STORE-0002,2026-08-31,54,14,HEALTHY
PROD-000077,STORE-0003,2026-08-31,168,35,HEALTHY
PROD-000077,STORE-0004,2026-08-31,57,11,HEALTHY
PROD-000077,STORE-0005,2026-08-31,89,40,HEALTHY
PROD-000077,STORE-0006,2026-08-31,94,12,HEALTHY
PROD-000077,STORE-0007,2026-08-31,195,22,HEALTHY
PROD-000077,STORE-0008,2026-08-31,146,19,HEALTHY
PROD-000077,STORE-0009,2026-08-31,206,32,HEALTHY
PROD-000077,STORE-0010,2026-08-31,216,40,HEALTHY
PROD-000077,STORE-0011,2026-08-31,249,44,HEALTHY
PROD-000077,STORE-0012,2026-08-31,157,48,HEALTHY
PROD-000078,STORE-0001,2026-08-31,164,40,HEALTHY
PROD-000078,STORE-0002,2026-08-31,6,43,CRITICAL
PROD-000078,STORE-0003,2026-08-31,237,47,HEALTHY
PROD-000078,STORE-0004,2026-08-31,212,49,HEALTHY
PROD-000078,STORE-0005,2026-08-31,68,6,HEALTHY
PROD-000078,STORE-0006,2026-08-31,46,22,HEALTHY
PROD-000078,STORE-0007,2026-08-31,179,24,HEALTHY
PROD-000078,STORE-0008,2026-08-31,235,26,HEALTHY
PROD-000078,STORE-0009,2026-08-31,89,5,HEALTHY
PROD-000078,STORE-0010,2026-08-31,46,14,HEALTHY
PROD-000078,STORE-0011,2026-08-31,144,47,HEALTHY
PROD-000078,STORE-0012,2026-08-31,102,9,HEALTHY
PROD-000079,STORE-0001,2026-08-31,36,45,CRITICAL
PROD-000079,STORE-0002,2026-08-31,248,6,HEALTHY
PROD-000079,STORE-0003,2026-08-31,23,38,CRITICAL
PROD-000079,STORE-0004,2026-08-31,55,29,LOW
PROD-000079,STORE-0005,2026-08-31,107,34,HEALTHY
PROD-000079,STORE-0006,2026-08-31,87,15,HEALTHY
PROD-000079,STORE-0007,2026-08-31,94,24,HEALTHY
PROD-000079,STORE-0008,2026-08-31,184,25,HEALTHY
PROD-000079,STORE-0009,2026-08-31,198,41,HEALTHY
PROD-000079,STORE-0010,2026-08-31,152,10,HEALTHY
PROD-000079,STORE-0011,2026-08-31,226,8,HEALTHY
PROD-000079,STORE-0012,2026-08-31,39,15,HEALTHY
PROD-000080,STORE-0001,2026-08-31,193,44,HEALTHY
PROD-000080,STORE-0002,2026-08-31,12,48,CRITICAL
PROD-000080,STORE-0003,2026-08-31,20,22,CRITICAL
PROD-000080,STORE-0004,2026-08-31,113,47,HEALTHY
PROD-000080,STORE-0005,2026-08-31,108,36,HEALTHY
PROD-000080,STORE-0006,2026-08-31,155,33,HEALTHY
PROD-000080,STORE-0007,2026-08-31,106,22,HEALTHY
PROD-000080,STORE-0008,2026-08-31,55,37,LOW
PROD-000080,STORE-0009,2026-08-31,29,27,LOW
PROD-000080,STORE-0010,2026-08-31,110,12,HEALTHY
PROD-000080,STORE-0011,2026-08-31,72,48,LOW
PROD-000080,STORE-0012,2026-08-31,173,42,HEALTHY
PROD-000081,STORE-0001,2026-08-31,124,38,HEALTHY
PROD-000081,STORE-0002,2026-08-31,170,24,HEALTHY
PROD-000081,STORE-0003,2026-08-31,11,19,CRITICAL
PROD-000081,STORE-0004,2026-08-31,101,43,HEALTHY
PROD-000081,STORE-0005,2026-08-31,14,5,HEALTHY
PROD-000081,STORE-0006,2026-08-31,52,24,HEALTHY
PROD-000081,STORE-0007,2026-08-31,242,18,HEALTHY
PROD-000081,STORE-0008,2026-08-31,196,13,HEALTHY
PROD-000081,STORE-0009,2026-08-31,195,21,HEALTHY
PROD-000081,STORE-0010,2026-08-31,74,25,HEALTHY
PROD-000081,STORE-0011,2026-08-31,30,5,HEALTHY
PROD-000081,STORE-0012,2026-08-31,127,32,HEALTHY
PROD-000082,STORE-0001,2026-08-31,44,13,HEALTHY
PROD-000082,STORE-0002,2026-08-31,97,39,HEALTHY
PROD-000082,STORE-0003,2026-08-31,180,19,HEALTHY
PROD-000082,STORE-0004,2026-08-31,128,40,HEALTHY
PROD-000082,STORE-0005,2026-08-31,213,47,HEALTHY
PROD-000082,STORE-0006,2026-08-31,206,27,HEALTHY
PROD-000082,STORE-0007,2026-08-31,18,30,CRITICAL
PROD-000082,STORE-0008,2026-08-31,220,7,HEALTHY
PROD-000082,STORE-0009,2026-08-31,111,6,HEALTHY
PROD-000082,STORE-0010,2026-08-31,117,9,HEALTHY
PROD-000082,STORE-0011,2026-08-31,220,25,HEALTHY
PROD-000082,STORE-0012,2026-08-31,147,32,HEALTHY
PROD-000083,STORE-0001,2026-08-31,146,30,HEALTHY
PROD-000083,STORE-0002,2026-08-31,181,45,HEALTHY
PROD-000083,STORE-0003,2026-08-31,106,23,HEALTHY
PROD-000083,STORE-0004,2026-08-31,29,30,CRITICAL
PROD-000083,STORE-0005,2026-08-31,5,25,CRITICAL
PROD-000083,STORE-0006,2026-08-31,43,44,CRITICAL
PROD-000083,STORE-0007,2026-08-31,117,49,HEALTHY
PROD-000083,STORE-0008,2026-08-31,235,28,HEALTHY
PROD-000083,STORE-0009,2026-08-31,22,32,CRITICAL
PROD-000083,STORE-0010,2026-08-31,216,11,HEALTHY
PROD-000083,STORE-0011,2026-08-31,62,32,LOW
PROD-000083,STORE-0012,2026-08-31,150,30,HEALTHY
PROD-000084,STORE-0001,2026-08-31,134,10,HEALTHY
PROD-000084,STORE-0002,2026-08-31,101,24,HEALTHY
PROD-000084,STORE-0003,2026-08-31,190,26,HEALTHY
PROD-000084,STORE-0004,2026-08-31,56,26,HEALTHY
PROD-000084,STORE-0005,2026-08-31,199,15,HEALTHY
PROD-000084,STORE-0006,2026-08-31,19,37,CRITICAL
PROD-000084,STORE-0007,2026-08-31,162,12,HEALTHY
PROD-000084,STORE-0008,2026-08-31,135,37,HEALTHY
PROD-000084,STORE-0009,2026-08-31,49,27,LOW
PROD-000084,STORE-0010,2026-08-31,89,46,LOW
PROD-000084,STORE-0011,2026-08-31,208,14,HEALTHY
PROD-000084,STORE-0012,2026-08-31,60,11,HEALTHY
PROD-000085,STORE-0001,2026-08-31,37,21,LOW
PROD-000085,STORE-0002,2026-08-31,50,16,HEALTHY
PROD-000085,STORE-0003,2026-08-31,154,14,HEALTHY
PROD-000085,STORE-0004,2026-08-31,194,46,HEALTHY
PROD-000085,STORE-0005,2026-08-31,19,16,LOW
PROD-000085,STORE-0006,2026-08-31,243,45,HEALTHY
PROD-000085,STORE-0007,2026-08-31,126,34,HEALTHY
PROD-000085,STORE-0008,2026-08-31,193,41,HEALTHY
PROD-000085,STORE-0009,2026-08-31,194,42,HEALTHY
PROD-000085,STORE-0010,2026-08-31,114,48,HEALTHY
PROD-000085,STORE-0011,2026-08-31,236,41,HEALTHY
PROD-000085,STORE-0012,2026-08-31,164,45,HEALTHY
PROD-000086,STORE-0001,2026-08-31,159,25,HEALTHY
PROD-000086,STORE-0002,2026-08-31,221,45,HEALTHY
PROD-000086,STORE-0003,2026-08-31,80,14,HEALTHY
PROD-000086,STORE-0004,2026-08-31,112,9,HEALTHY
PROD-000086,STORE-0005,2026-08-31,120,33,HEALTHY
PROD-000086,STORE-0006,2026-08-31,161,24,HEALTHY
PROD-000086,STORE-0007,2026-08-31,203,22,HEALTHY
PROD-000086,STORE-0008,2026-08-31,151,8,HEALTHY
PROD-000086,STORE-0009,2026-08-31,90,37,HEALTHY
PROD-000086,STORE-0010,2026-08-31,18,24,CRITICAL
PROD-000086,STORE-0011,2026-08-31,118,33,HEALTHY
PROD-000086,STORE-0012,2026-08-31,9,8,LOW
PROD-000087,STORE-0001,2026-08-31,94,23,HEALTHY
PROD-000087,STORE-0002,2026-08-31,19,46,CRITICAL
PROD-000087,STORE-0003,2026-08-31,221,10,HEALTHY
PROD-000087,STORE-0004,2026-08-31,157,43,HEALTHY
PROD-000087,STORE-0005,2026-08-31,129,29,HEALTHY
PROD-000087,STORE-0006,2026-08-31,118,42,HEALTHY
PROD-000087,STORE-0007,2026-08-31,141,7,HEALTHY
PROD-000087,STORE-0008,2026-08-31,115,41,HEALTHY
PROD-000087,STORE-0009,2026-08-31,166,17,HEALTHY
PROD-000087,STORE-0010,2026-08-31,82,43,LOW
PROD-000087,STORE-0011,2026-08-31,121,37,HEALTHY
PROD-000087,STORE-0012,2026-08-31,38,8,HEALTHY
PROD-000088,STORE-0001,2026-08-31,115,11,HEALTHY
PROD-000088,STORE-0002,2026-08-31,207,26,HEALTHY
PROD-000088,STORE-0003,2026-08-31,182,10,HEALTHY
PROD-000088,STORE-0004,2026-08-31,129,46,HEALTHY
PROD-000088,STORE-0005,2026-08-31,44,7,HEALTHY
PROD-000088,STORE-0006,2026-08-31,63,50,LOW
PROD-000088,STORE-0007,2026-08-31,112,33,HEALTHY
PROD-000088,STORE-0008,2026-08-31,134,38,HEALTHY
PROD-000088,STORE-0009,2026-08-31,156,15,HEALTHY
PROD-000088,STORE-0010,2026-08-31,93,28,HEALTHY
PROD-000088,STORE-0011,2026-08-31,234,23,HEALTHY
PROD-000088,STORE-0012,2026-08-31,99,31,HEALTHY
PROD-000089,STORE-0001,2026-08-31,198,26,HEALTHY
PROD-000089,STORE-0002,2026-08-31,173,43,HEALTHY
PROD-000089,STORE-0003,2026-08-31,13,45,CRITICAL
PROD-000089,STORE-0004,2026-08-31,165,26,HEALTHY
PROD-000089,STORE-0005,2026-08-31,16,26,CRITICAL
PROD-000089,STORE-0006,2026-08-31,24,40,CRITICAL
PROD-000089,STORE-0007,2026-08-31,173,29,HEALTHY
PROD-000089,STORE-0008,2026-08-31,72,21,HEALTHY
PROD-000089,STORE-0009,2026-08-31,185,47,HEALTHY
PROD-000089,STORE-0010,2026-08-31,246,43,HEALTHY
PROD-000089,STORE-0011,2026-08-31,223,14,HEALTHY
PROD-000089,STORE-0012,2026-08-31,85,10,HEALTHY
PROD-000090,STORE-0001,2026-08-31,149,47,HEALTHY
PROD-000090,STORE-0002,2026-08-31,36,27,LOW
PROD-000090,STORE-0003,2026-08-31,79,46,LOW
PROD-000090,STORE-0004,2026-08-31,178,47,HEALTHY
PROD-000090,STORE-0005,2026-08-31,100,13,HEALTHY
PROD-000090,STORE-0006,2026-08-31,152,50,HEALTHY
PROD-000090,STORE-0007,2026-08-31,240,10,HEALTHY
PROD-000090,STORE-0008,2026-08-31,79,40,LOW
PROD-000090,STORE-0009,2026-08-31,96,46,HEALTHY
PROD-000090,STORE-0010,2026-08-31,202,26,HEALTHY
PROD-000090,STORE-0011,2026-08-31,208,13,HEALTHY
PROD-000090,STORE-0012,2026-08-31,171,49,HEALTHY
PROD-000091,STORE-0001,2026-08-31,212,48,HEALTHY
PROD-000091,STORE-0002,2026-08-31,233,38,HEALTHY
PROD-000091,STORE-0003,2026-08-31,23,46,CRITICAL
PROD-000091,STORE-0004,2026-08-31,171,32,HEALTHY
PROD-000091,STORE-0005,2026-08-31,130,28,HEALTHY
PROD-000091,STORE-0006,2026-08-31,4,28,CRITICAL
PROD-000091,STORE-0007,2026-08-31,79,16,HEALTHY
PROD-000091,STORE-0008,2026-08-31,243,18,HEALTHY
PROD-000091,STORE-0009,2026-08-31,87,36,HEALTHY
PROD-000091,STORE-0010,2026-08-31,49,19,HEALTHY
PROD-000091,STORE-0011,2026-08-31,35,14,HEALTHY
PROD-000091,STORE-0012,2026-08-31,19,23,CRITICAL
PROD-000092,STORE-0001,2026-08-31,216,11,HEALTHY
PROD-000092,STORE-0002,2026-08-31,129,39,HEALTHY
PROD-000092,STORE-0003,2026-08-31,213,38,HEALTHY
PROD-000092,STORE-0004,2026-08-31,9,47,CRITICAL
PROD-000092,STORE-0005,2026-08-31,86,44,LOW
PROD-000092,STORE-0006,2026-08-31,33,43,CRITICAL
PROD-000092,STORE-0007,2026-08-31,96,14,HEALTHY
PROD-000092,STORE-0008,2026-08-31,41,16,HEALTHY
PROD-000092,STORE-0009,2026-08-31,212,49,HEALTHY
PROD-000092,STORE-0010,2026-08-31,197,44,HEALTHY
PROD-000092,STORE-0011,2026-08-31,207,15,HEALTHY
PROD-000092,STORE-0012,2026-08-31,184,33,HEALTHY
PROD-000093,STORE-0001,2026-08-31,11,31,CRITICAL
PROD-000093,STORE-0002,2026-08-31,93,48,LOW
PROD-000093,STORE-0003,2026-08-31,184,20,HEALTHY
PROD-000093,STORE-0004,2026-08-31,248,33,HEALTHY
PROD-000093,STORE-0005,2026-08-31,156,23,HEALTHY
PROD-000093,STORE-0006,2026-08-31,192,33,HEALTHY
PROD-000093,STORE-0007,2026-08-31,59,39,LOW
PROD-000093,STORE-0008,2026-08-31,61,24,HEALTHY
PROD-000093,STORE-0009,2026-08-31,247,35,HEALTHY
PROD-000093,STORE-0010,2026-08-31,231,17,HEALTHY
PROD-000093,STORE-0011,2026-08-31,94,48,LOW
PROD-000093,STORE-0012,2026-08-31,242,41,HEALTHY
PROD-000094,STORE-0001,2026-08-31,112,34,HEALTHY
PROD-000094,STORE-0002,2026-08-31,196,23,HEALTHY
PROD-000094,STORE-0003,2026-08-31,199,29,HEALTHY
PROD-000094,STORE-0004,2026-08-31,128,38,HEALTHY
PROD-000094,STORE-0005,2026-08-31,107,15,HEALTHY
PROD-000094,STORE-0006,2026-08-31,209,17,HEALTHY
PROD-000094,STORE-0007,2026-08-31,205,43,HEALTHY
PROD-000094,STORE-0008,2026-08-31,35,21,LOW
PROD-000094,STORE-0009,2026-08-31,13,46,CRITICAL
PROD-000094,STORE-0010,2026-08-31,123,28,HEALTHY
PROD-000094,STORE-0011,2026-08-31,141,11,HEALTHY
PROD-000094,STORE-0012,2026-08-31,182,38,HEALTHY
PROD-000095,STORE-0001,2026-08-31,217,12,HEALTHY
PROD-000095,STORE-0002,2026-08-31,72,10,HEALTHY
PROD-000095,STORE-0003,2026-08-31,195,15,HEALTHY
PROD-000095,STORE-0004,2026-08-31,69,33,HEALTHY
PROD-000095,STORE-0005,2026-08-31,231,37,HEALTHY
PROD-000095,STORE-0006,2026-08-31,37,32,LOW
PROD-000095,STORE-0007,2026-08-31,23,19,LOW
PROD-000095,STORE-0008,2026-08-31,209,33,HEALTHY
PROD-000095,STORE-0009,2026-08-31,226,27,HEALTHY
PROD-000095,STORE-0010,2026-08-31,238,6,HEALTHY
PROD-000095,STORE-0011,2026-08-31,106,8,HEALTHY
PROD-000095,STORE-0012,2026-08-31,101,37,HEALTHY
PROD-000096,STORE-0001,2026-08-31,95,20,HEALTHY
PROD-000096,STORE-0002,2026-08-31,98,10,HEALTHY
PROD-000096,STORE-0003,2026-08-31,95,19,HEALTHY
PROD-000096,STORE-0004,2026-08-31,7,25,CRITICAL
PROD-000096,STORE-0005,2026-08-31,238,11,HEALTHY
PROD-000096,STORE-0006,2026-08-31,214,50,HEALTHY
PROD-000096,STORE-0007,2026-08-31,166,26,HEALTHY
PROD-000096,STORE-0008,2026-08-31,202,14,HEALTHY
PROD-000096,STORE-0009,2026-08-31,35,7,HEALTHY
PROD-000096,STORE-0010,2026-08-31,73,35,HEALTHY
PROD-000096,STORE-0011,2026-08-31,178,13,HEALTHY
PROD-000096,STORE-0012,2026-08-31,194,50,HEALTHY
PROD-000097,STORE-0001,2026-08-31,120,33,HEALTHY
PROD-000097,STORE-0002,2026-08-31,157,5,HEALTHY
PROD-000097,STORE-0003,2026-08-31,231,10,HEALTHY
PROD-000097,STORE-0004,2026-08-31,4,21,CRITICAL
PROD-000097,STORE-0005,2026-08-31,55,14,HEALTHY
PROD-000097,STORE-0006,2026-08-31,140,43,HEALTHY
PROD-000097,STORE-0007,2026-08-31,135,32,HEALTHY
PROD-000097,STORE-0008,2026-08-31,28,23,LOW
PROD-000097,STORE-0009,2026-08-31,60,24,HEALTHY
PROD-000097,STORE-0010,2026-08-31,31,8,HEALTHY
PROD-000097,STORE-0011,2026-08-31,61,31,LOW
PROD-000097,STORE-0012,2026-08-31,163,44,HEALTHY
PROD-000098,STORE-0001,2026-08-31,117,9,HEALTHY
PROD-000098,STORE-0002,2026-08-31,28,36,CRITICAL
PROD-000098,STORE-0003,2026-08-31,152,39,HEALTHY
PROD-000098,STORE-0004,2026-08-31,4,45,CRITICAL
PROD-000098,STORE-0005,2026-08-31,131,41,HEALTHY
PROD-000098,STORE-0006,2026-08-31,61,50,LOW
PROD-000098,STORE-0007,2026-08-31,36,23,LOW
PROD-000098,STORE-0008,2026-08-31,109,5,HEALTHY
PROD-000098,STORE-0009,2026-08-31,157,27,HEALTHY
PROD-000098,STORE-0010,2026-08-31,61,41,LOW
PROD-000098,STORE-0011,2026-08-31,106,16,HEALTHY
PROD-000098,STORE-0012,2026-08-31,170,47,HEALTHY
PROD-000099,STORE-0001,2026-08-31,21,38,CRITICAL
PROD-000099,STORE-0002,2026-08-31,249,28,HEALTHY
PROD-000099,STORE-0003,2026-08-31,17,38,CRITICAL
PROD-000099,STORE-0004,2026-08-31,139,37,HEALTHY
PROD-000099,STORE-0005,2026-08-31,201,37,HEALTHY
PROD-000099,STORE-0006,2026-08-31,141,6,HEALTHY
PROD-000099,STORE-0007,2026-08-31,99,35,HEALTHY
PROD-000099,STORE-0008,2026-08-31,11,45,CRITICAL
PROD-000099,STORE-0009,2026-08-31,99,28,HEALTHY
PROD-000099,STORE-0010,2026-08-31,64,6,HEALTHY
PROD-000099,STORE-0011,2026-08-31,91,9,HEALTHY
PROD-000099,STORE-0012,2026-08-31,88,20,HEALTHY
PROD-000100,STORE-0001,2026-08-31,187,47,HEALTHY
PROD-000100,STORE-0002,2026-08-31,160,11,HEALTHY
PROD-000100,STORE-0003,2026-08-31,197,42,HEALTHY
PROD-000100,STORE-0004,2026-08-31,188,26,HEALTHY
PROD-000100,STORE-0005,2026-08-31,34,7,HEALTHY
PROD-000100,STORE-0006,2026-08-31,90,39,HEALTHY
PROD-000100,STORE-0007,2026-08-31,86,46,LOW
PROD-000100,STORE-0008,2026-08-31,44,48,CRITICAL
PROD-000100,STORE-0009,2026-08-31,118,49,HEALTHY
PROD-000100,STORE-0010,2026-08-31,122,45,HEALTHY
PROD-000100,STORE-0011,2026-08-31,46,13,HEALTHY
PROD-000100,STORE-0012,2026-08-31,16,50,CRITICAL
PROD-000101,STORE-0001,2026-08-31,198,34,HEALTHY
PROD-000101,STORE-0002,2026-08-31,9,23,CRITICAL
PROD-000101,STORE-0003,2026-08-31,51,7,HEALTHY
PROD-000101,STORE-0004,2026-08-31,202,17,HEALTHY
PROD-000101,STORE-0005,2026-08-31,226,7,HEALTHY
PROD-000101,STORE-0006,2026-08-31,80,24,HEALTHY
PROD-000101,STORE-0007,2026-08-31,131,30,HEALTHY
PROD-000101,STORE-0008,2026-08-31,208,39,HEALTHY
PROD-000101,STORE-0009,2026-08-31,121,21,HEALTHY
PROD-000101,STORE-0010,2026-08-31,9,46,CRITICAL
PROD-000101,STORE-0011,2026-08-31,48,23,HEALTHY
PROD-000101,STORE-0012,2026-08-31,91,8,HEALTHY
PROD-000102,STORE-0001,2026-08-31,221,46,HEALTHY
PROD-000102,STORE-0002,2026-08-31,84,22,HEALTHY
PROD-000102,STORE-0003,2026-08-31,31,28,LOW
PROD-000102,STORE-0004,2026-08-31,111,30,HEALTHY
PROD-000102,STORE-0005,2026-08-31,190,33,HEALTHY
PROD-000102,STORE-0006,2026-08-31,229,29,HEALTHY
PROD-000102,STORE-0007,2026-08-31,86,16,HEALTHY
PROD-000102,STORE-0008,2026-08-31,127,49,HEALTHY
PROD-000102,STORE-0009,2026-08-31,127,28,HEALTHY
PROD-000102,STORE-0010,2026-08-31,236,38,HEALTHY
PROD-000102,STORE-0011,2026-08-31,68,10,HEALTHY
PROD-000102,STORE-0012,2026-08-31,186,32,HEALTHY
PROD-000103,STORE-0001,2026-08-31,20,32,CRITICAL
PROD-000103,STORE-0002,2026-08-31,154,16,HEALTHY
PROD-000103,STORE-0003,2026-08-31,139,23,HEALTHY
PROD-000103,STORE-0004,2026-08-31,82,11,HEALTHY
PROD-000103,STORE-0005,2026-08-31,20,25,CRITICAL
PROD-000103,STORE-0006,2026-08-31,169,23,HEALTHY
PROD-000103,STORE-0007,2026-08-31,78,33,HEALTHY
PROD-000103,STORE-0008,2026-08-31,154,50,HEALTHY
PROD-000103,STORE-0009,2026-08-31,109,15,HEALTHY
PROD-000103,STORE-0010,2026-08-31,176,33,HEALTHY
PROD-000103,STORE-0011,2026-08-31,89,33,HEALTHY
PROD-000103,STORE-0012,2026-08-31,10,27,CRITICAL
PROD-000104,STORE-0001,2026-08-31,157,32,HEALTHY
PROD-000104,STORE-0002,2026-08-31,70,45,LOW
PROD-000104,STORE-0003,2026-08-31,250,8,HEALTHY
PROD-000104,STORE-0004,2026-08-31,19,47,CRITICAL
PROD-000104,STORE-0005,2026-08-31,163,30,HEALTHY
PROD-000104,STORE-0006,2026-08-31,93,37,HEALTHY
PROD-000104,STORE-0007,2026-08-31,205,48,HEALTHY
PROD-000104,STORE-0008,2026-08-31,40,6,HEALTHY
PROD-000104,STORE-0009,2026-08-31,36,43,CRITICAL
PROD-000104,STORE-0010,2026-08-31,173,33,HEALTHY
PROD-000104,STORE-0011,2026-08-31,8,13,CRITICAL
PROD-000104,STORE-0012,2026-08-31,17,20,CRITICAL
PROD-000105,STORE-0001,2026-08-31,199,46,HEALTHY
PROD-000105,STORE-0002,2026-08-31,93,28,HEALTHY
PROD-000105,STORE-0003,2026-08-31,98,41,HEALTHY
PROD-000105,STORE-0004,2026-08-31,8,43,CRITICAL
PROD-000105,STORE-0005,2026-08-31,39,48,CRITICAL
PROD-000105,STORE-0006,2026-08-31,115,28,HEALTHY
PROD-000105,STORE-0007,2026-08-31,95,33,HEALTHY
PROD-000105,STORE-0008,2026-08-31,195,9,HEALTHY
PROD-000105,STORE-0009,2026-08-31,146,13,HEALTHY
PROD-000105,STORE-0010,2026-08-31,135,28,HEALTHY
PROD-000105,STORE-0011,2026-08-31,101,25,HEALTHY
PROD-000105,STORE-0012,2026-08-31,166,22,HEALTHY
PROD-000106,STORE-0001,2026-08-31,63,12,HEALTHY
PROD-000106,STORE-0002,2026-08-31,6,16,CRITICAL
PROD-000106,STORE-0003,2026-08-31,127,38,HEALTHY
PROD-000106,STORE-0004,2026-08-31,99,40,HEALTHY
PROD-000106,STORE-0005,2026-08-31,30,21,LOW
PROD-000106,STORE-0006,2026-08-31,198,21,HEALTHY
PROD-000106,STORE-0007,2026-08-31,180,33,HEALTHY
PROD-000106,STORE-0008,2026-08-31,54,44,LOW
PROD-000106,STORE-0009,2026-08-31,73,49,LOW
PROD-000106,STORE-0010,2026-08-31,234,36,HEALTHY
PROD-000106,STORE-0011,2026-08-31,51,12,HEALTHY
PROD-000106,STORE-0012,2026-08-31,34,9,HEALTHY
PROD-000107,STORE-0001,2026-08-31,115,16,HEALTHY
PROD-000107,STORE-0002,2026-08-31,230,50,HEALTHY
PROD-000107,STORE-0003,2026-08-31,113,10,HEALTHY
PROD-000107,STORE-0004,2026-08-31,207,48,HEALTHY
PROD-000107,STORE-0005,2026-08-31,247,25,HEALTHY
PROD-000107,STORE-0006,2026-08-31,170,27,HEALTHY
PROD-000107,STORE-0007,2026-08-31,181,9,HEALTHY
PROD-000107,STORE-0008,2026-08-31,140,39,HEALTHY
PROD-000107,STORE-0009,2026-08-31,74,24,HEALTHY
PROD-000107,STORE-0010,2026-08-31,217,15,HEALTHY
PROD-000107,STORE-0011,2026-08-31,182,50,HEALTHY
PROD-000107,STORE-0012,2026-08-31,237,49,HEALTHY
PROD-000108,STORE-0001,2026-08-31,163,16,HEALTHY
PROD-000108,STORE-0002,2026-08-31,203,28,HEALTHY
PROD-000108,STORE-0003,2026-08-31,130,19,HEALTHY
PROD-000108,STORE-0004,2026-08-31,31,17,LOW
PROD-000108,STORE-0005,2026-08-31,202,13,HEALTHY
PROD-000108,STORE-0006,2026-08-31,60,36,LOW
PROD-000108,STORE-0007,2026-08-31,6,28,CRITICAL
PROD-000108,STORE-0008,2026-08-31,141,41,HEALTHY
PROD-000108,STORE-0009,2026-08-31,94,34,HEALTHY
PROD-000108,STORE-0010,2026-08-31,205,40,HEALTHY
PROD-000108,STORE-0011,2026-08-31,33,44,CRITICAL
PROD-000108,STORE-0012,2026-08-31,226,10,HEALTHY
PROD-000109,STORE-0001,2026-08-31,16,24,CRITICAL
PROD-000109,STORE-0002,2026-08-31,101,50,HEALTHY
PROD-000109,STORE-0003,2026-08-31,184,35,HEALTHY
PROD-000109,STORE-0004,2026-08-31,134,31,HEALTHY
PROD-000109,STORE-0005,2026-08-31,196,31,HEALTHY
PROD-000109,STORE-0006,2026-08-31,210,41,HEALTHY
PROD-000109,STORE-0007,2026-08-31,18,13,LOW
PROD-000109,STORE-0008,2026-08-31,248,25,HEALTHY
PROD-000109,STORE-0009,2026-08-31,164,9,HEALTHY
PROD-000109,STORE-0010,2026-08-31,115,34,HEALTHY
PROD-000109,STORE-0011,2026-08-31,174,38,HEALTHY
PROD-000109,STORE-0012,2026-08-31,88,13,HEALTHY
PROD-000110,STORE-0001,2026-08-31,224,40,HEALTHY
PROD-000110,STORE-0002,2026-08-31,163,42,HEALTHY
PROD-000110,STORE-0003,2026-08-31,46,13,HEALTHY
PROD-000110,STORE-0004,2026-08-31,110,37,HEALTHY
PROD-000110,STORE-0005,2026-08-31,233,8,HEALTHY
PROD-000110,STORE-0006,2026-08-31,212,12,HEALTHY
PROD-000110,STORE-0007,2026-08-31,132,14,HEALTHY
PROD-000110,STORE-0008,2026-08-31,77,15,HEALTHY
PROD-000110,STORE-0009,2026-08-31,41,25,LOW
PROD-000110,STORE-0010,2026-08-31,239,50,HEALTHY
PROD-000110,STORE-0011,2026-08-31,57,27,HEALTHY
PROD-000110,STORE-0012,2026-08-31,242,38,HEALTHY
PROD-000111,STORE-0001,2026-08-31,229,23,HEALTHY
PROD-000111,STORE-0002,2026-08-31,216,10,HEALTHY
PROD-000111,STORE-0003,2026-08-31,64,17,HEALTHY
PROD-000111,STORE-0004,2026-08-31,162,40,HEALTHY
PROD-000111,STORE-0005,2026-08-31,70,13,HEALTHY
PROD-000111,STORE-0006,2026-08-31,160,24,HEALTHY
PROD-000111,STORE-0007,2026-08-31,157,39,HEALTHY
PROD-000111,STORE-0008,2026-08-31,23,37,CRITICAL
PROD-000111,STORE-0009,2026-08-31,164,15,HEALTHY
PROD-000111,STORE-0010,2026-08-31,151,42,HEALTHY
PROD-000111,STORE-0011,2026-08-31,39,15,HEALTHY
PROD-000111,STORE-0012,2026-08-31,168,44,HEALTHY
PROD-000112,STORE-0001,2026-08-31,184,43,HEALTHY
PROD-000112,STORE-0002,2026-08-31,86,41,HEALTHY
PROD-000112,STORE-0003,2026-08-31,10,6,LOW
PROD-000112,STORE-0004,2026-08-31,20,7,HEALTHY
PROD-000112,STORE-0005,2026-08-31,242,46,HEALTHY
PROD-000112,STORE-0006,2026-08-31,197,41,HEALTHY
PROD-000112,STORE-0007,2026-08-31,67,46,LOW
PROD-000112,STORE-0008,2026-08-31,53,41,LOW
PROD-000112,STORE-0009,2026-08-31,106,44,HEALTHY
PROD-000112,STORE-0010,2026-08-31,163,6,HEALTHY
PROD-000112,STORE-0011,2026-08-31,127,45,HEALTHY
PROD-000112,STORE-0012,2026-08-31,139,23,HEALTHY
PROD-000113,STORE-0001,2026-08-31,164,24,HEALTHY
PROD-000113,STORE-0002,2026-08-31,123,20,HEALTHY
PROD-000113,STORE-0003,2026-08-31,206,48,HEALTHY
PROD-000113,STORE-0004,2026-08-31,103,24,HEALTHY
PROD-000113,STORE-0005,2026-08-31,116,9,HEALTHY
PROD-000113,STORE-0006,2026-08-31,176,8,HEALTHY
PROD-000113,STORE-0007,2026-08-31,40,33,LOW
PROD-000113,STORE-0008,2026-08-31,106,35,HEALTHY
PROD-000113,STORE-0009,2026-08-31,118,18,HEALTHY
PROD-000113,STORE-0010,2026-08-31,87,43,HEALTHY
PROD-000113,STORE-0011,2026-08-31,36,25,LOW
PROD-000113,STORE-0012,2026-08-31,220,50,HEALTHY
PROD-000114,STORE-0001,2026-08-31,81,27,HEALTHY
PROD-000114,STORE-0002,2026-08-31,249,30,HEALTHY
PROD-000114,STORE-0003,2026-08-31,33,28,LOW
PROD-000114,STORE-0004,2026-08-31,131,40,HEALTHY
PROD-000114,STORE-0005,2026-08-31,27,25,LOW
PROD-000114,STORE-0006,2026-08-31,61,34,LOW
PROD-000114,STORE-0007,2026-08-31,31,22,LOW
PROD-000114,STORE-0008,2026-08-31,115,20,HEALTHY
PROD-000114,STORE-0009,2026-08-31,36,11,HEALTHY
PROD-000114,STORE-0010,2026-08-31,12,23,CRITICAL
PROD-000114,STORE-0011,2026-08-31,242,29,HEALTHY
PROD-000114,STORE-0012,2026-08-31,221,44,HEALTHY
PROD-000115,STORE-0001,2026-08-31,107,20,HEALTHY
PROD-000115,STORE-0002,2026-08-31,246,15,HEALTHY
PROD-000115,STORE-0003,2026-08-31,208,25,HEALTHY
PROD-000115,STORE-0004,2026-08-31,239,41,HEALTHY
PROD-000115,STORE-0005,2026-08-31,184,25,HEALTHY
PROD-000115,STORE-0006,2026-08-31,48,15,HEALTHY
PROD-000115,STORE-0007,2026-08-31,127,37,HEALTHY
PROD-000115,STORE-0008,2026-08-31,119,36,HEALTHY
PROD-000115,STORE-0009,2026-08-31,225,24,HEALTHY
PROD-000115,STORE-0010,2026-08-31,127,6,HEALTHY
PROD-000115,STORE-0011,2026-08-31,23,30,CRITICAL
PROD-000115,STORE-0012,2026-08-31,129,34,HEALTHY
PROD-000116,STORE-0001,2026-08-31,247,20,HEALTHY
PROD-000116,STORE-0002,2026-08-31,55,42,LOW
PROD-000116,STORE-0003,2026-08-31,90,8,HEALTHY
PROD-000116,STORE-0004,2026-08-31,12,23,CRITICAL
PROD-000116,STORE-0005,2026-08-31,126,43,HEALTHY
PROD-000116,STORE-0006,2026-08-31,225,46,HEALTHY
PROD-000116,STORE-0007,2026-08-31,172,35,HEALTHY
PROD-000116,STORE-0008,2026-08-31,73,39,LOW
PROD-000116,STORE-0009,2026-08-31,2,11,CRITICAL
PROD-000116,STORE-0010,2026-08-31,110,13,HEALTHY
PROD-000116,STORE-0011,2026-08-31,225,21,HEALTHY
PROD-000116,STORE-0012,2026-08-31,186,28,HEALTHY
PROD-000117,STORE-0001,2026-08-31,195,30,HEALTHY
PROD-000117,STORE-0002,2026-08-31,93,7,HEALTHY
PROD-000117,STORE-0003,2026-08-31,102,8,HEALTHY
PROD-000117,STORE-0004,2026-08-31,145,40,HEALTHY
PROD-000117,STORE-0005,2026-08-31,49,28,LOW
PROD-000117,STORE-0006,2026-08-31,141,23,HEALTHY
PROD-000117,STORE-0007,2026-08-31,18,29,CRITICAL
PROD-000117,STORE-0008,2026-08-31,129,33,HEALTHY
PROD-000117,STORE-0009,2026-08-31,195,40,HEALTHY
PROD-000117,STORE-0010,2026-08-31,71,44,LOW
PROD-000117,STORE-0011,2026-08-31,174,44,HEALTHY
PROD-000117,STORE-0012,2026-08-31,30,13,HEALTHY
PROD-000118,STORE-0001,2026-08-31,249,11,HEALTHY
PROD-000118,STORE-0002,2026-08-31,100,28,HEALTHY
PROD-000118,STORE-0003,2026-08-31,203,26,HEALTHY
PROD-000118,STORE-0004,2026-08-31,142,28,HEALTHY
PROD-000118,STORE-0005,2026-08-31,193,14,HEALTHY
PROD-000118,STORE-0006,2026-08-31,50,43,LOW
PROD-000118,STORE-0007,2026-08-31,130,30,HEALTHY
PROD-000118,STORE-0008,2026-08-31,128,7,HEALTHY
PROD-000118,STORE-0009,2026-08-31,11,7,LOW
PROD-000118,STORE-0010,2026-08-31,35,50,CRITICAL
PROD-000118,STORE-0011,2026-08-31,85,35,HEALTHY
PROD-000118,STORE-0012,2026-08-31,132,34,HEALTHY
PROD-000119,STORE-0001,2026-08-31,38,43,CRITICAL
PROD-000119,STORE-0002,2026-08-31,228,37,HEALTHY
PROD-000119,STORE-0003,2026-08-31,35,25,LOW
PROD-000119,STORE-0004,2026-08-31,238,44,HEALTHY
PROD-000119,STORE-0005,2026-08-31,81,15,HEALTHY
PROD-000119,STORE-0006,2026-08-31,100,44,HEALTHY
PROD-000119,STORE-0007,2026-08-31,189,24,HEALTHY
PROD-000119,STORE-0008,2026-08-31,151,26,HEALTHY
PROD-000119,STORE-0009,2026-08-31,129,37,HEALTHY
PROD-000119,STORE-0010,2026-08-31,136,36,HEALTHY
PROD-000119,STORE-0011,2026-08-31,181,41,HEALTHY
PROD-000119,STORE-0012,2026-08-31,76,35,HEALTHY
PROD-000120,STORE-0001,2026-08-31,208,6,HEALTHY
PROD-000120,STORE-0002,2026-08-31,94,26,HEALTHY
PROD-000120,STORE-0003,2026-08-31,172,12,HEALTHY
PROD-000120,STORE-0004,2026-08-31,250,31,HEALTHY
PROD-000120,STORE-0005,2026-08-31,149,24,HEALTHY
PROD-000120,STORE-0006,2026-08-31,203,49,HEALTHY
PROD-000120,STORE-0007,2026-08-31,161,6,HEALTHY
PROD-000120,STORE-0008,2026-08-31,152,35,HEALTHY
PROD-000120,STORE-0009,2026-08-31,67,46,LOW
PROD-000120,STORE-0010,2026-08-31,200,42,HEALTHY
PROD-000120,STORE-0011,2026-08-31,147,19,HEALTHY
PROD-000120,STORE-0012,2026-08-31,184,8,HEALTHY
PROD-000121,STORE-0001,2026-08-31,149,35,HEALTHY
PROD-000121,STORE-0002,2026-08-31,43,38,LOW
PROD-000121,STORE-0003,2026-08-31,161,44,HEALTHY
PROD-000121,STORE-0004,2026-08-31,198,29,HEALTHY
PROD-000121,STORE-0005,2026-08-31,37,48,CRITICAL
PROD-000121,STORE-0006,2026-08-31,62,7,HEALTHY
PROD-000121,STORE-0007,2026-08-31,146,49,HEALTHY
PROD-000121,STORE-0008,2026-08-31,28,17,LOW
PROD-000121,STORE-0009,2026-08-31,4,33,CRITICAL
PROD-000121,STORE-0010,2026-08-31,80,31,HEALTHY
PROD-000121,STORE-0011,2026-08-31,38,31,LOW
PROD-000121,STORE-0012,2026-08-31,176,18,HEALTHY
PROD-000122,STORE-0001,2026-08-31,105,37,HEALTHY
PROD-000122,STORE-0002,2026-08-31,198,44,HEALTHY
PROD-000122,STORE-0003,2026-08-31,235,35,HEALTHY
PROD-000122,STORE-0004,2026-08-31,223,8,HEALTHY
PROD-000122,STORE-0005,2026-08-31,180,13,HEALTHY
PROD-000122,STORE-0006,2026-08-31,132,18,HEALTHY
PROD-000122,STORE-0007,2026-08-31,143,25,HEALTHY
PROD-000122,STORE-0008,2026-08-31,169,35,HEALTHY
PROD-000122,STORE-0009,2026-08-31,134,29,HEALTHY
PROD-000122,STORE-0010,2026-08-31,80,16,HEALTHY
PROD-000122,STORE-0011,2026-08-31,117,39,HEALTHY
PROD-000122,STORE-0012,2026-08-31,87,39,HEALTHY
PROD-000123,STORE-0001,2026-08-31,90,48,LOW
PROD-000123,STORE-0002,2026-08-31,197,48,HEALTHY
PROD-000123,STORE-0003,2026-08-31,164,49,HEALTHY
PROD-000123,STORE-0004,2026-08-31,67,44,LOW
PROD-000123,STORE-0005,2026-08-31,123,17,HEALTHY
PROD-000123,STORE-0006,2026-08-31,245,20,HEALTHY
PROD-000123,STORE-0007,2026-08-31,71,40,LOW
PROD-000123,STORE-0008,2026-08-31,76,19,HEALTHY
PROD-000123,STORE-0009,2026-08-31,241,24,HEALTHY
PROD-000123,STORE-0010,2026-08-31,197,23,HEALTHY
PROD-000123,STORE-0011,2026-08-31,180,18,HEALTHY
PROD-000123,STORE-0012,2026-08-31,176,50,HEALTHY
PROD-000124,STORE-0001,2026-08-31,125,25,HEALTHY
PROD-000124,STORE-0002,2026-08-31,122,27,HEALTHY
PROD-000124,STORE-0003,2026-08-31,143,22,HEALTHY
PROD-000124,STORE-0004,2026-08-31,73,12,HEALTHY
PROD-000124,STORE-0005,2026-08-31,146,48,HEALTHY
PROD-000124,STORE-0006,2026-08-31,139,29,HEALTHY
PROD-000124,STORE-0007,2026-08-31,229,30,HEALTHY
PROD-000124,STORE-0008,2026-08-31,209,27,HEALTHY
PROD-000124,STORE-0009,2026-08-31,244,14,HEALTHY
PROD-000124,STORE-0010,2026-08-31,74,7,HEALTHY
PROD-000124,STORE-0011,2026-08-31,73,50,LOW
PROD-000124,STORE-0012,2026-08-31,20,27,CRITICAL
PROD-000125,STORE-0001,2026-08-31,236,33,HEALTHY
PROD-000125,STORE-0002,2026-08-31,167,21,HEALTHY
PROD-000125,STORE-0003,2026-08-31,191,35,HEALTHY
PROD-000125,STORE-0004,2026-08-31,54,17,HEALTHY
PROD-000125,STORE-0005,2026-08-31,211,39,HEALTHY
PROD-000125,STORE-0006,2026-08-31,69,40,LOW
PROD-000125,STORE-0007,2026-08-31,178,22,HEALTHY
PROD-000125,STORE-0008,2026-08-31,35,11,HEALTHY
PROD-000125,STORE-0009,2026-08-31,157,42,HEALTHY
PROD-000125,STORE-0010,2026-08-31,61,20,HEALTHY
PROD-000125,STORE-0011,2026-08-31,12,47,CRITICAL
PROD-000125,STORE-0012,2026-08-31,231,38,HEALTHY
PROD-000126,STORE-0001,2026-08-31,57,45,LOW
PROD-000126,STORE-0002,2026-08-31,59,8,HEALTHY
PROD-000126,STORE-0003,2026-08-31,25,31,CRITICAL
PROD-000126,STORE-0004,2026-08-31,84,50,LOW
PROD-000126,STORE-0005,2026-08-31,120,11,HEALTHY
PROD-000126,STORE-0006,2026-08-31,174,13,HEALTHY
PROD-000126,STORE-0007,2026-08-31,1,40,CRITICAL
PROD-000126,STORE-0008,2026-08-31,250,15,HEALTHY
PROD-000126,STORE-0009,2026-08-31,104,46,HEALTHY
PROD-000126,STORE-0010,2026-08-31,239,35,HEALTHY
PROD-000126,STORE-0011,2026-08-31,122,46,HEALTHY
PROD-000126,STORE-0012,2026-08-31,51,23,HEALTHY
PROD-000127,STORE-0001,2026-08-31,82,23,HEALTHY
PROD-000127,STORE-0002,2026-08-31,165,8,HEALTHY
PROD-000127,STORE-0003,2026-08-31,232,10,HEALTHY
PROD-000127,STORE-0004,2026-08-31,166,41,HEALTHY
PROD-000127,STORE-0005,2026-08-31,59,39,LOW
PROD-000127,STORE-0006,2026-08-31,189,7,HEALTHY
PROD-000127,STORE-0007,2026-08-31,233,16,HEALTHY
PROD-000127,STORE-0008,2026-08-31,106,16,HEALTHY
PROD-000127,STORE-0009,2026-08-31,239,7,HEALTHY
PROD-000127,STORE-0010,2026-08-31,214,30,HEALTHY
PROD-000127,STORE-0011,2026-08-31,201,36,HEALTHY
PROD-000127,STORE-0012,2026-08-31,47,23,HEALTHY
PROD-000128,STORE-0001,2026-08-31,224,7,HEALTHY
PROD-000128,STORE-0002,2026-08-31,2,24,CRITICAL
PROD-000128,STORE-0003,2026-08-31,145,43,HEALTHY
PROD-000128,STORE-0004,2026-08-31,27,26,LOW
PROD-000128,STORE-0005,2026-08-31,72,34,HEALTHY
PROD-000128,STORE-0006,2026-08-31,164,39,HEALTHY
PROD-000128,STORE-0007,2026-08-31,134,36,HEALTHY
PROD-000128,STORE-0008,2026-08-31,227,13,HEALTHY
PROD-000128,STORE-0009,2026-08-31,217,37,HEALTHY
PROD-000128,STORE-0010,2026-08-31,119,22,HEALTHY
PROD-000128,STORE-0011,2026-08-31,49,12,HEALTHY
PROD-000128,STORE-0012,2026-08-31,84,15,HEALTHY
PROD-000129,STORE-0001,2026-08-31,187,34,HEALTHY
PROD-000129,STORE-0002,2026-08-31,165,21,HEALTHY
PROD-000129,STORE-0003,2026-08-31,183,16,HEALTHY
PROD-000129,STORE-0004,2026-08-31,3,26,CRITICAL
PROD-000129,STORE-0005,2026-08-31,202,23,HEALTHY
PROD-000129,STORE-0006,2026-08-31,145,48,HEALTHY
PROD-000129,STORE-0007,2026-08-31,193,17,HEALTHY
PROD-000129,STORE-0008,2026-08-31,44,44,CRITICAL
PROD-000129,STORE-0009,2026-08-31,219,45,HEALTHY
PROD-000129,STORE-0010,2026-08-31,229,30,HEALTHY
PROD-000129,STORE-0011,2026-08-31,211,32,HEALTHY
PROD-000129,STORE-0012,2026-08-31,131,25,HEALTHY
PROD-000130,STORE-0001,2026-08-31,22,30,CRITICAL
PROD-000130,STORE-0002,2026-08-31,171,11,HEALTHY
PROD-000130,STORE-0003,2026-08-31,47,13,HEALTHY
PROD-000130,STORE-0004,2026-08-31,122,25,HEALTHY
PROD-000130,STORE-0005,2026-08-31,239,20,HEALTHY
PROD-000130,STORE-0006,2026-08-31,1,21,CRITICAL
PROD-000130,STORE-0007,2026-08-31,98,20,HEALTHY
PROD-000130,STORE-0008,2026-08-31,114,22,HEALTHY
PROD-000130,STORE-0009,2026-08-31,244,26,HEALTHY
PROD-000130,STORE-0010,2026-08-31,77,42,LOW
PROD-000130,STORE-0011,2026-08-31,185,41,HEALTHY
PROD-000130,STORE-0012,2026-08-31,2,21,CRITICAL
PROD-000131,STORE-0001,2026-08-31,167,28,HEALTHY
PROD-000131,STORE-0002,2026-08-31,177,20,HEALTHY
PROD-000131,STORE-0003,2026-08-31,15,47,CRITICAL
PROD-000131,STORE-0004,2026-08-31,30,34,CRITICAL
PROD-000131,STORE-0005,2026-08-31,78,15,HEALTHY
PROD-000131,STORE-0006,2026-08-31,103,48,HEALTHY
PROD-000131,STORE-0007,2026-08-31,128,50,HEALTHY
PROD-000131,STORE-0008,2026-08-31,197,24,HEALTHY
PROD-000131,STORE-0009,2026-08-31,176,12,HEALTHY
PROD-000131,STORE-0010,2026-08-31,163,23,HEALTHY
PROD-000131,STORE-0011,2026-08-31,94,44,HEALTHY
PROD-000131,STORE-0012,2026-08-31,56,19,HEALTHY
PROD-000132,STORE-0001,2026-08-31,245,13,HEALTHY
PROD-000132,STORE-0002,2026-08-31,122,14,HEALTHY
PROD-000132,STORE-0003,2026-08-31,116,43,HEALTHY
PROD-000132,STORE-0004,2026-08-31,95,31,HEALTHY
PROD-000132,STORE-0005,2026-08-31,179,40,HEALTHY
PROD-000132,STORE-0006,2026-08-31,233,35,HEALTHY
PROD-000132,STORE-0007,2026-08-31,193,39,HEALTHY
PROD-000132,STORE-0008,2026-08-31,205,47,HEALTHY
PROD-000132,STORE-0009,2026-08-31,211,18,HEALTHY
PROD-000132,STORE-0010,2026-08-31,195,20,HEALTHY
PROD-000132,STORE-0011,2026-08-31,174,43,HEALTHY
PROD-000132,STORE-0012,2026-08-31,223,10,HEALTHY
PROD-000133,STORE-0001,2026-08-31,134,33,HEALTHY
PROD-000133,STORE-0002,2026-08-31,135,50,HEALTHY
PROD-000133,STORE-0003,2026-08-31,92,9,HEALTHY
PROD-000133,STORE-0004,2026-08-31,234,41,HEALTHY
PROD-000133,STORE-0005,2026-08-31,28,8,HEALTHY
PROD-000133,STORE-0006,2026-08-31,212,40,HEALTHY
PROD-000133,STORE-0007,2026-08-31,231,37,HEALTHY
PROD-000133,STORE-0008,2026-08-31,51,41,LOW
PROD-000133,STORE-0009,2026-08-31,137,14,HEALTHY
PROD-000133,STORE-0010,2026-08-31,42,25,LOW
PROD-000133,STORE-0011,2026-08-31,218,38,HEALTHY
PROD-000133,STORE-0012,2026-08-31,113,12,HEALTHY
PROD-000134,STORE-0001,2026-08-31,174,18,HEALTHY
PROD-000134,STORE-0002,2026-08-31,183,42,HEALTHY
PROD-000134,STORE-0003,2026-08-31,125,10,HEALTHY
PROD-000134,STORE-0004,2026-08-31,230,37,HEALTHY
PROD-000134,STORE-0005,2026-08-31,114,8,HEALTHY
PROD-000134,STORE-0006,2026-08-31,116,13,HEALTHY
PROD-000134,STORE-0007,2026-08-31,131,31,HEALTHY
PROD-000134,STORE-0008,2026-08-31,116,41,HEALTHY
PROD-000134,STORE-0009,2026-08-31,14,40,CRITICAL
PROD-000134,STORE-0010,2026-08-31,118,48,HEALTHY
PROD-000134,STORE-0011,2026-08-31,206,24,HEALTHY
PROD-000134,STORE-0012,2026-08-31,185,6,HEALTHY
PROD-000135,STORE-0001,2026-08-31,101,21,HEALTHY
PROD-000135,STORE-0002,2026-08-31,209,5,HEALTHY
PROD-000135,STORE-0003,2026-08-31,190,18,HEALTHY
PROD-000135,STORE-0004,2026-08-31,148,9,HEALTHY
PROD-000135,STORE-0005,2026-08-31,11,32,CRITICAL
PROD-000135,STORE-0006,2026-08-31,88,49,LOW
PROD-000135,STORE-0007,2026-08-31,16,39,CRITICAL
PROD-000135,STORE-0008,2026-08-31,15,9,LOW
PROD-000135,STORE-0009,2026-08-31,239,35,HEALTHY
PROD-000135,STORE-0010,2026-08-31,8,23,CRITICAL
PROD-000135,STORE-0011,2026-08-31,104,16,HEALTHY
PROD-000135,STORE-0012,2026-08-31,196,13,HEALTHY
PROD-000136,STORE-0001,2026-08-31,196,46,HEALTHY
PROD-000136,STORE-0002,2026-08-31,250,46,HEALTHY
PROD-000136,STORE-0003,2026-08-31,246,31,HEALTHY
PROD-000136,STORE-0004,2026-08-31,95,29,HEALTHY
PROD-000136,STORE-0005,2026-08-31,114,29,HEALTHY
PROD-000136,STORE-0006,2026-08-31,96,10,HEALTHY
PROD-000136,STORE-0007,2026-08-31,174,47,HEALTHY
PROD-000136,STORE-0008,2026-08-31,223,39,HEALTHY
PROD-000136,STORE-0009,2026-08-31,34,46,CRITICAL
PROD-000136,STORE-0010,2026-08-31,220,27,HEALTHY
PROD-000136,STORE-0011,2026-08-31,30,16,LOW
PROD-000136,STORE-0012,2026-08-31,137,30,HEALTHY
PROD-000137,STORE-0001,2026-08-31,135,13,HEALTHY
PROD-000137,STORE-0002,2026-08-31,186,19,HEALTHY
PROD-000137,STORE-0003,2026-08-31,213,5,HEALTHY
PROD-000137,STORE-0004,2026-08-31,193,6,HEALTHY
PROD-000137,STORE-0005,2026-08-31,250,24,HEALTHY
PROD-000137,STORE-0006,2026-08-31,118,48,HEALTHY
PROD-000137,STORE-0007,2026-08-31,184,39,HEALTHY
PROD-000137,STORE-0008,2026-08-31,108,39,HEALTHY
PROD-000137,STORE-0009,2026-08-31,97,19,HEALTHY
PROD-000137,STORE-0010,2026-08-31,63,34,LOW
PROD-000137,STORE-0011,2026-08-31,88,14,HEALTHY
PROD-000137,STORE-0012,2026-08-31,70,17,HEALTHY
PROD-000138,STORE-0001,2026-08-31,239,12,HEALTHY
PROD-000138,STORE-0002,2026-08-31,8,47,CRITICAL
PROD-000138,STORE-0003,2026-08-31,107,44,HEALTHY
PROD-000138,STORE-0004,2026-08-31,196,6,HEALTHY
PROD-000138,STORE-0005,2026-08-31,61,18,HEALTHY
PROD-000138,STORE-0006,2026-08-31,17,11,LOW
PROD-000138,STORE-0007,2026-08-31,152,7,HEALTHY
PROD-000138,STORE-0008,2026-08-31,114,43,HEALTHY
PROD-000138,STORE-0009,2026-08-31,172,50,HEALTHY
PROD-000138,STORE-0010,2026-08-31,223,8,HEALTHY
PROD-000138,STORE-0011,2026-08-31,62,7,HEALTHY
PROD-000138,STORE-0012,2026-08-31,102,33,HEALTHY
PROD-000139,STORE-0001,2026-08-31,59,39,LOW
PROD-000139,STORE-0002,2026-08-31,55,8,HEALTHY
PROD-000139,STORE-0003,2026-08-31,35,37,CRITICAL
PROD-000139,STORE-0004,2026-08-31,74,19,HEALTHY
PROD-000139,STORE-0005,2026-08-31,208,41,HEALTHY
PROD-000139,STORE-0006,2026-08-31,81,41,LOW
PROD-000139,STORE-0007,2026-08-31,153,48,HEALTHY
PROD-000139,STORE-0008,2026-08-31,209,25,HEALTHY
PROD-000139,STORE-0009,2026-08-31,60,24,HEALTHY
PROD-000139,STORE-0010,2026-08-31,224,14,HEALTHY
PROD-000139,STORE-0011,2026-08-31,169,38,HEALTHY
PROD-000139,STORE-0012,2026-08-31,56,31,LOW
PROD-000140,STORE-0001,2026-08-31,76,22,HEALTHY
PROD-000140,STORE-0002,2026-08-31,15,40,CRITICAL
PROD-000140,STORE-0003,2026-08-31,242,42,HEALTHY
PROD-000140,STORE-0004,2026-08-31,225,16,HEALTHY
PROD-000140,STORE-0005,2026-08-31,160,48,HEALTHY
PROD-000140,STORE-0006,2026-08-31,109,40,HEALTHY
PROD-000140,STORE-0007,2026-08-31,126,8,HEALTHY
PROD-000140,STORE-0008,2026-08-31,248,27,HEALTHY
PROD-000140,STORE-0009,2026-08-31,241,46,HEALTHY
PROD-000140,STORE-0010,2026-08-31,171,29,HEALTHY
PROD-000140,STORE-0011,2026-08-31,201,38,HEALTHY
PROD-000140,STORE-0012,2026-08-31,81,49,LOW
PROD-000141,STORE-0001,2026-08-31,106,31,HEALTHY
PROD-000141,STORE-0002,2026-08-31,38,24,LOW
PROD-000141,STORE-0003,2026-08-31,96,16,HEALTHY
PROD-000141,STORE-0004,2026-08-31,193,39,HEALTHY
PROD-000141,STORE-0005,2026-08-31,121,20,HEALTHY
PROD-000141,STORE-0006,2026-08-31,217,19,HEALTHY
PROD-000141,STORE-0007,2026-08-31,76,50,LOW
PROD-000141,STORE-0008,2026-08-31,36,34,LOW
PROD-000141,STORE-0009,2026-08-31,234,8,HEALTHY
PROD-000141,STORE-0010,2026-08-31,143,31,HEALTHY
PROD-000141,STORE-0011,2026-08-31,247,31,HEALTHY
PROD-000141,STORE-0012,2026-08-31,142,38,HEALTHY
PROD-000142,STORE-0001,2026-08-31,34,29,LOW
PROD-000142,STORE-0002,2026-08-31,62,21,HEALTHY
PROD-000142,STORE-0003,2026-08-31,52,26,LOW
PROD-000142,STORE-0004,2026-08-31,165,10,HEALTHY
PROD-000142,STORE-0005,2026-08-31,236,33,HEALTHY
PROD-000142,STORE-0006,2026-08-31,216,28,HEALTHY
PROD-000142,STORE-0007,2026-08-31,23,39,CRITICAL
PROD-000142,STORE-0008,2026-08-31,185,17,HEALTHY
PROD-000142,STORE-0009,2026-08-31,13,22,CRITICAL
PROD-000142,STORE-0010,2026-08-31,96,48,LOW
PROD-000142,STORE-0011,2026-08-31,154,43,HEALTHY
PROD-000142,STORE-0012,2026-08-31,10,9,LOW
PROD-000143,STORE-0001,2026-08-31,48,42,LOW
PROD-000143,STORE-0002,2026-08-31,185,47,HEALTHY
PROD-000143,STORE-0003,2026-08-31,143,18,HEALTHY
PROD-000143,STORE-0004,2026-08-31,122,18,HEALTHY
PROD-000143,STORE-0005,2026-08-31,222,26,HEALTHY
PROD-000143,STORE-0006,2026-08-31,77,5,HEALTHY
PROD-000143,STORE-0007,2026-08-31,54,17,HEALTHY
PROD-000143,STORE-0008,2026-08-31,246,12,HEALTHY
PROD-000143,STORE-0009,2026-08-31,191,35,HEALTHY
PROD-000143,STORE-0010,2026-08-31,234,20,HEALTHY
PROD-000143,STORE-0011,2026-08-31,178,43,HEALTHY
PROD-000143,STORE-0012,2026-08-31,180,18,HEALTHY
PROD-000144,STORE-0001,2026-08-31,101,20,HEALTHY
PROD-000144,STORE-0002,2026-08-31,141,25,HEALTHY
PROD-000144,STORE-0003,2026-08-31,198,23,HEALTHY
PROD-000144,STORE-0004,2026-08-31,97,34,HEALTHY
PROD-000144,STORE-0005,2026-08-31,136,46,HEALTHY
PROD-000144,STORE-0006,2026-08-31,91,24,HEALTHY
PROD-000144,STORE-0007,2026-08-31,66,28,HEALTHY
PROD-000144,STORE-0008,2026-08-31,131,36,HEALTHY
PROD-000144,STORE-0009,2026-08-31,119,11,HEALTHY
PROD-000144,STORE-0010,2026-08-31,205,35,HEALTHY
PROD-000144,STORE-0011,2026-08-31,194,25,HEALTHY
PROD-000144,STORE-0012,2026-08-31,234,18,HEALTHY
PROD-000145,STORE-0001,2026-08-31,94,25,HEALTHY
PROD-000145,STORE-0002,2026-08-31,105,7,HEALTHY
PROD-000145,STORE-0003,2026-08-31,144,19,HEALTHY
PROD-000145,STORE-0004,2026-08-31,189,14,HEALTHY
PROD-000145,STORE-0005,2026-08-31,4,21,CRITICAL
PROD-000145,STORE-0006,2026-08-31,141,42,HEALTHY
PROD-000145,STORE-0007,2026-08-31,148,31,HEALTHY
PROD-000145,STORE-0008,2026-08-31,75,14,HEALTHY
PROD-000145,STORE-0009,2026-08-31,50,26,LOW
PROD-000145,STORE-0010,2026-08-31,58,29,LOW
PROD-000145,STORE-0011,2026-08-31,145,20,HEALTHY
PROD-000145,STORE-0012,2026-08-31,127,40,HEALTHY
PROD-000146,STORE-0001,2026-08-31,167,48,HEALTHY
PROD-000146,STORE-0002,2026-08-31,86,21,HEALTHY
PROD-000146,STORE-0003,2026-08-31,195,36,HEALTHY
PROD-000146,STORE-0004,2026-08-31,247,46,HEALTHY
PROD-000146,STORE-0005,2026-08-31,189,36,HEALTHY
PROD-000146,STORE-0006,2026-08-31,117,15,HEALTHY
PROD-000146,STORE-0007,2026-08-31,187,27,HEALTHY
PROD-000146,STORE-0008,2026-08-31,43,13,HEALTHY
PROD-000146,STORE-0009,2026-08-31,184,39,HEALTHY
PROD-000146,STORE-0010,2026-08-31,125,16,HEALTHY
PROD-000146,STORE-0011,2026-08-31,234,39,HEALTHY
PROD-000146,STORE-0012,2026-08-31,164,8,HEALTHY
PROD-000147,STORE-0001,2026-08-31,134,7,HEALTHY
PROD-000147,STORE-0002,2026-08-31,214,9,HEALTHY
PROD-000147,STORE-0003,2026-08-31,241,47,HEALTHY
PROD-000147,STORE-0004,2026-08-31,12,5,HEALTHY
PROD-000147,STORE-0005,2026-08-31,105,13,HEALTHY
PROD-000147,STORE-0006,2026-08-31,215,45,HEALTHY
PROD-000147,STORE-0007,2026-08-31,59,9,HEALTHY
PROD-000147,STORE-0008,2026-08-31,181,14,HEALTHY
PROD-000147,STORE-0009,2026-08-31,2,18,CRITICAL
PROD-000147,STORE-0010,2026-08-31,129,34,HEALTHY
PROD-000147,STORE-0011,2026-08-31,95,8,HEALTHY
PROD-000147,STORE-0012,2026-08-31,158,45,HEALTHY
PROD-000148,STORE-0001,2026-08-31,170,44,HEALTHY
PROD-000148,STORE-0002,2026-08-31,233,35,HEALTHY
PROD-000148,STORE-0003,2026-08-31,168,36,HEALTHY
PROD-000148,STORE-0004,2026-08-31,4,5,CRITICAL
PROD-000148,STORE-0005,2026-08-31,136,40,HEALTHY
PROD-000148,STORE-0006,2026-08-31,105,5,HEALTHY
PROD-000148,STORE-0007,2026-08-31,4,38,CRITICAL
PROD-000148,STORE-0008,2026-08-31,184,22,HEALTHY
PROD-000148,STORE-0009,2026-08-31,137,23,HEALTHY
PROD-000148,STORE-0010,2026-08-31,4,37,CRITICAL
PROD-000148,STORE-0011,2026-08-31,208,49,HEALTHY
PROD-000148,STORE-0012,2026-08-31,172,32,HEALTHY
PROD-000149,STORE-0001,2026-08-31,206,16,HEALTHY
PROD-000149,STORE-0002,2026-08-31,27,11,HEALTHY
PROD-000149,STORE-0003,2026-08-31,134,14,HEALTHY
PROD-000149,STORE-0004,2026-08-31,61,17,HEALTHY
PROD-000149,STORE-0005,2026-08-31,158,38,HEALTHY
PROD-000149,STORE-0006,2026-08-31,64,27,HEALTHY
PROD-000149,STORE-0007,2026-08-31,68,30,HEALTHY
PROD-000149,STORE-0008,2026-08-31,20,28,CRITICAL
PROD-000149,STORE-0009,2026-08-31,245,30,HEALTHY
PROD-000149,STORE-0010,2026-08-31,117,41,HEALTHY
PROD-000149,STORE-0011,2026-08-31,62,49,LOW
PROD-000149,STORE-0012,2026-08-31,57,24,HEALTHY
PROD-000150,STORE-0001,2026-08-31,175,10,HEALTHY
PROD-000150,STORE-0002,2026-08-31,167,46,HEALTHY
PROD-000150,STORE-0003,2026-08-31,194,7,HEALTHY
PROD-000150,STORE-0004,2026-08-31,23,30,CRITICAL
PROD-000150,STORE-0005,2026-08-31,97,29,HEALTHY
PROD-000150,STORE-0006,2026-08-31,141,35,HEALTHY
PROD-000150,STORE-0007,2026-08-31,14,45,CRITICAL
PROD-000150,STORE-0008,2026-08-31,2,49,CRITICAL
PROD-000150,STORE-0009,2026-08-31,43,10,HEALTHY
PROD-000150,STORE-0010,2026-08-31,127,32,HEALTHY
PROD-000150,STORE-0011,2026-08-31,165,26,HEALTHY
PROD-000150,STORE-0012,2026-08-31,144,11,HEALTHY
PROD-000151,STORE-0001,2026-08-31,229,38,HEALTHY
PROD-000151,STORE-0002,2026-08-31,235,7,HEALTHY
PROD-000151,STORE-0003,2026-08-31,58,18,HEALTHY
PROD-000151,STORE-0004,2026-08-31,230,49,HEALTHY
PROD-000151,STORE-0005,2026-08-31,227,41,HEALTHY
PROD-000151,STORE-0006,2026-08-31,121,22,HEALTHY
PROD-000151,STORE-0007,2026-08-31,11,9,LOW
PROD-000151,STORE-0008,2026-08-31,175,22,HEALTHY
PROD-000151,STORE-0009,2026-08-31,230,39,HEALTHY
PROD-000151,STORE-0010,2026-08-31,144,47,HEALTHY
PROD-000151,STORE-0011,2026-08-31,8,16,CRITICAL
PROD-000151,STORE-0012,2026-08-31,237,25,HEALTHY
PROD-000152,STORE-0001,2026-08-31,4,18,CRITICAL
PROD-000152,STORE-0002,2026-08-31,150,14,HEALTHY
PROD-000152,STORE-0003,2026-08-31,192,50,HEALTHY
PROD-000152,STORE-0004,2026-08-31,210,30,HEALTHY
PROD-000152,STORE-0005,2026-08-31,237,9,HEALTHY
PROD-000152,STORE-0006,2026-08-31,76,15,HEALTHY
PROD-000152,STORE-0007,2026-08-31,144,20,HEALTHY
PROD-000152,STORE-0008,2026-08-31,145,29,HEALTHY
PROD-000152,STORE-0009,2026-08-31,173,39,HEALTHY
PROD-000152,STORE-0010,2026-08-31,84,29,HEALTHY
PROD-000152,STORE-0011,2026-08-31,193,13,HEALTHY
PROD-000152,STORE-0012,2026-08-31,202,49,HEALTHY
PROD-000153,STORE-0001,2026-08-31,185,10,HEALTHY
PROD-000153,STORE-0002,2026-08-31,128,27,HEALTHY
PROD-000153,STORE-0003,2026-08-31,13,11,LOW
PROD-000153,STORE-0004,2026-08-31,111,19,HEALTHY
PROD-000153,STORE-0005,2026-08-31,214,9,HEALTHY
PROD-000153,STORE-0006,2026-08-31,87,43,HEALTHY
PROD-000153,STORE-0007,2026-08-31,196,44,HEALTHY
PROD-000153,STORE-0008,2026-08-31,244,43,HEALTHY
PROD-000153,STORE-0009,2026-08-31,101,25,HEALTHY
PROD-000153,STORE-0010,2026-08-31,7,45,CRITICAL
PROD-000153,STORE-0011,2026-08-31,69,33,HEALTHY
PROD-000153,STORE-0012,2026-08-31,125,19,HEALTHY
PROD-000154,STORE-0001,2026-08-31,91,40,HEALTHY
PROD-000154,STORE-0002,2026-08-31,240,29,HEALTHY
PROD-000154,STORE-0003,2026-08-31,110,16,HEALTHY
PROD-000154,STORE-0004,2026-08-31,174,42,HEALTHY
PROD-000154,STORE-0005,2026-08-31,169,29,HEALTHY
PROD-000154,STORE-0006,2026-08-31,21,44,CRITICAL
PROD-000154,STORE-0007,2026-08-31,75,20,HEALTHY
PROD-000154,STORE-0008,2026-08-31,182,9,HEALTHY
PROD-000154,STORE-0009,2026-08-31,21,22,CRITICAL
PROD-000154,STORE-0010,2026-08-31,39,29,LOW
PROD-000154,STORE-0011,2026-08-31,182,45,HEALTHY
PROD-000154,STORE-0012,2026-08-31,39,29,LOW
PROD-000155,STORE-0001,2026-08-31,81,28,HEALTHY
PROD-000155,STORE-0002,2026-08-31,27,10,HEALTHY
PROD-000155,STORE-0003,2026-08-31,1,24,CRITICAL
PROD-000155,STORE-0004,2026-08-31,113,28,HEALTHY
PROD-000155,STORE-0005,2026-08-31,194,22,HEALTHY
PROD-000155,STORE-0006,2026-08-31,26,13,LOW
PROD-000155,STORE-0007,2026-08-31,22,16,LOW
PROD-000155,STORE-0008,2026-08-31,110,33,HEALTHY
PROD-000155,STORE-0009,2026-08-31,142,40,HEALTHY
PROD-000155,STORE-0010,2026-08-31,131,31,HEALTHY
PROD-000155,STORE-0011,2026-08-31,26,6,HEALTHY
PROD-000155,STORE-0012,2026-08-31,22,27,CRITICAL
PROD-000156,STORE-0001,2026-08-31,141,10,HEALTHY
PROD-000156,STORE-0002,2026-08-31,152,43,HEALTHY
PROD-000156,STORE-0003,2026-08-31,200,25,HEALTHY
PROD-000156,STORE-0004,2026-08-31,221,29,HEALTHY
PROD-000156,STORE-0005,2026-08-31,3,23,CRITICAL
PROD-000156,STORE-0006,2026-08-31,105,29,HEALTHY
PROD-000156,STORE-0007,2026-08-31,199,10,HEALTHY
PROD-000156,STORE-0008,2026-08-31,185,40,HEALTHY
PROD-000156,STORE-0009,2026-08-31,231,20,HEALTHY
PROD-000156,STORE-0010,2026-08-31,146,38,HEALTHY
PROD-000156,STORE-0011,2026-08-31,43,48,CRITICAL
PROD-000156,STORE-0012,2026-08-31,97,15,HEALTHY
PROD-000157,STORE-0001,2026-08-31,35,22,LOW
PROD-000157,STORE-0002,2026-08-31,77,22,HEALTHY
PROD-000157,STORE-0003,2026-08-31,126,14,HEALTHY
PROD-000157,STORE-0004,2026-08-31,16,15,LOW
PROD-000157,STORE-0005,2026-08-31,111,22,HEALTHY
PROD-000157,STORE-0006,2026-08-31,107,24,HEALTHY
PROD-000157,STORE-0007,2026-08-31,123,9,HEALTHY
PROD-000157,STORE-0008,2026-08-31,92,21,HEALTHY
PROD-000157,STORE-0009,2026-08-31,241,20,HEALTHY
PROD-000157,STORE-0010,2026-08-31,184,45,HEALTHY
PROD-000157,STORE-0011,2026-08-31,126,43,HEALTHY
PROD-000157,STORE-0012,2026-08-31,157,17,HEALTHY
PROD-000158,STORE-0001,2026-08-31,117,11,HEALTHY
PROD-000158,STORE-0002,2026-08-31,34,24,LOW
PROD-000158,STORE-0003,2026-08-31,1,30,CRITICAL
PROD-000158,STORE-0004,2026-08-31,85,44,LOW
PROD-000158,STORE-0005,2026-08-31,97,26,HEALTHY
PROD-000158,STORE-0006,2026-08-31,112,26,HEALTHY
PROD-000158,STORE-0007,2026-08-31,110,46,HEALTHY
PROD-000158,STORE-0008,2026-08-31,249,43,HEALTHY
PROD-000158,STORE-0009,2026-08-31,34,24,LOW
PROD-000158,STORE-0010,2026-08-31,82,43,LOW
PROD-000158,STORE-0011,2026-08-31,242,49,HEALTHY
PROD-000158,STORE-0012,2026-08-31,51,35,LOW
PROD-000159,STORE-0001,2026-08-31,80,16,HEALTHY
PROD-000159,STORE-0002,2026-08-31,246,30,HEALTHY
PROD-000159,STORE-0003,2026-08-31,247,25,HEALTHY
PROD-000159,STORE-0004,2026-08-31,74,49,LOW
PROD-000159,STORE-0005,2026-08-31,162,36,HEALTHY
PROD-000159,STORE-0006,2026-08-31,247,41,HEALTHY
PROD-000159,STORE-0007,2026-08-31,200,20,HEALTHY
PROD-000159,STORE-0008,2026-08-31,83,29,HEALTHY
PROD-000159,STORE-0009,2026-08-31,71,30,HEALTHY
PROD-000159,STORE-0010,2026-08-31,93,12,HEALTHY
PROD-000159,STORE-0011,2026-08-31,238,41,HEALTHY
PROD-000159,STORE-0012,2026-08-31,51,42,LOW
PROD-000160,STORE-0001,2026-08-31,139,16,HEALTHY
PROD-000160,STORE-0002,2026-08-31,174,40,HEALTHY
PROD-000160,STORE-0003,2026-08-31,6,34,CRITICAL
PROD-000160,STORE-0004,2026-08-31,241,50,HEALTHY
PROD-000160,STORE-0005,2026-08-31,53,33,LOW
PROD-000160,STORE-0006,2026-08-31,204,23,HEALTHY
PROD-000160,STORE-0007,2026-08-31,212,49,HEALTHY
PROD-000160,STORE-0008,2026-08-31,17,31,CRITICAL
PROD-000160,STORE-0009,2026-08-31,172,36,HEALTHY
PROD-000160,STORE-0010,2026-08-31,35,45,CRITICAL
PROD-000160,STORE-0011,2026-08-31,77,20,HEALTHY
PROD-000160,STORE-0012,2026-08-31,64,47,LOW
PROD-000161,STORE-0001,2026-08-31,39,50,CRITICAL
PROD-000161,STORE-0002,2026-08-31,108,29,HEALTHY
PROD-000161,STORE-0003,2026-08-31,18,33,CRITICAL
PROD-000161,STORE-0004,2026-08-31,153,35,HEALTHY
PROD-000161,STORE-0005,2026-08-31,149,30,HEALTHY
PROD-000161,STORE-0006,2026-08-31,136,37,HEALTHY
PROD-000161,STORE-0007,2026-08-31,236,49,HEALTHY
PROD-000161,STORE-0008,2026-08-31,107,39,HEALTHY
PROD-000161,STORE-0009,2026-08-31,9,28,CRITICAL
PROD-000161,STORE-0010,2026-08-31,179,39,HEALTHY
PROD-000161,STORE-0011,2026-08-31,152,45,HEALTHY
PROD-000161,STORE-0012,2026-08-31,234,10,HEALTHY
PROD-000162,STORE-0001,2026-08-31,27,20,LOW
PROD-000162,STORE-0002,2026-08-31,168,47,HEALTHY
PROD-000162,STORE-0003,2026-08-31,90,15,HEALTHY
PROD-000162,STORE-0004,2026-08-31,165,44,HEALTHY
PROD-000162,STORE-0005,2026-08-31,11,41,CRITICAL
PROD-000162,STORE-0006,2026-08-31,165,48,HEALTHY
PROD-000162,STORE-0007,2026-08-31,165,30,HEALTHY
PROD-000162,STORE-0008,2026-08-31,247,26,HEALTHY
PROD-000162,STORE-0009,2026-08-31,247,32,HEALTHY
PROD-000162,STORE-0010,2026-08-31,27,5,HEALTHY
PROD-000162,STORE-0011,2026-08-31,25,21,LOW
PROD-000162,STORE-0012,2026-08-31,56,37,LOW
PROD-000163,STORE-0001,2026-08-31,191,38,HEALTHY
PROD-000163,STORE-0002,2026-08-31,142,42,HEALTHY
PROD-000163,STORE-0003,2026-08-31,176,41,HEALTHY
PROD-000163,STORE-0004,2026-08-31,56,33,LOW
PROD-000163,STORE-0005,2026-08-31,95,30,HEALTHY
PROD-000163,STORE-0006,2026-08-31,118,48,HEALTHY
PROD-000163,STORE-0007,2026-08-31,150,49,HEALTHY
PROD-000163,STORE-0008,2026-08-31,128,14,HEALTHY
PROD-000163,STORE-0009,2026-08-31,88,6,HEALTHY
PROD-000163,STORE-0010,2026-08-31,123,11,HEALTHY
PROD-000163,STORE-0011,2026-08-31,75,31,HEALTHY
PROD-000163,STORE-0012,2026-08-31,235,10,HEALTHY
PROD-000164,STORE-0001,2026-08-31,29,14,HEALTHY
PROD-000164,STORE-0002,2026-08-31,89,24,HEALTHY
PROD-000164,STORE-0003,2026-08-31,87,34,HEALTHY
PROD-000164,STORE-0004,2026-08-31,200,18,HEALTHY
PROD-000164,STORE-0005,2026-08-31,133,35,HEALTHY
PROD-000164,STORE-0006,2026-08-31,89,35,HEALTHY
PROD-000164,STORE-0007,2026-08-31,24,33,CRITICAL
PROD-000164,STORE-0008,2026-08-31,184,49,HEALTHY
PROD-000164,STORE-0009,2026-08-31,115,25,HEALTHY
PROD-000164,STORE-0010,2026-08-31,17,24,CRITICAL
PROD-000164,STORE-0011,2026-08-31,11,50,CRITICAL
PROD-000164,STORE-0012,2026-08-31,29,6,HEALTHY
PROD-000165,STORE-0001,2026-08-31,217,26,HEALTHY
PROD-000165,STORE-0002,2026-08-31,165,11,HEALTHY
PROD-000165,STORE-0003,2026-08-31,173,15,HEALTHY
PROD-000165,STORE-0004,2026-08-31,238,20,HEALTHY
PROD-000165,STORE-0005,2026-08-31,132,16,HEALTHY
PROD-000165,STORE-0006,2026-08-31,141,15,HEALTHY
PROD-000165,STORE-0007,2026-08-31,84,40,HEALTHY
PROD-000165,STORE-0008,2026-08-31,109,34,HEALTHY
PROD-000165,STORE-0009,2026-08-31,59,30,LOW
PROD-000165,STORE-0010,2026-08-31,161,16,HEALTHY
PROD-000165,STORE-0011,2026-08-31,47,45,LOW
PROD-000165,STORE-0012,2026-08-31,168,32,HEALTHY
PROD-000166,STORE-0001,2026-08-31,101,6,HEALTHY
PROD-000166,STORE-0002,2026-08-31,188,44,HEALTHY
PROD-000166,STORE-0003,2026-08-31,226,17,HEALTHY
PROD-000166,STORE-0004,2026-08-31,115,42,HEALTHY
PROD-000166,STORE-0005,2026-08-31,109,29,HEALTHY
PROD-000166,STORE-0006,2026-08-31,1,50,CRITICAL
PROD-000166,STORE-0007,2026-08-31,54,18,HEALTHY
PROD-000166,STORE-0008,2026-08-31,71,50,LOW
PROD-000166,STORE-0009,2026-08-31,207,9,HEALTHY
PROD-000166,STORE-0010,2026-08-31,147,11,HEALTHY
PROD-000166,STORE-0011,2026-08-31,204,39,HEALTHY
PROD-000166,STORE-0012,2026-08-31,47,28,LOW
PROD-000167,STORE-0001,2026-08-31,83,17,HEALTHY
PROD-000167,STORE-0002,2026-08-31,117,12,HEALTHY
PROD-000167,STORE-0003,2026-08-31,67,47,LOW
PROD-000167,STORE-0004,2026-08-31,220,36,HEALTHY
PROD-000167,STORE-0005,2026-08-31,135,45,HEALTHY
PROD-000167,STORE-0006,2026-08-31,80,43,LOW
PROD-000167,STORE-0007,2026-08-31,99,44,HEALTHY
PROD-000167,STORE-0008,2026-08-31,100,42,HEALTHY
PROD-000167,STORE-0009,2026-08-31,29,27,LOW
PROD-000167,STORE-0010,2026-08-31,90,34,HEALTHY
PROD-000167,STORE-0011,2026-08-31,158,16,HEALTHY
PROD-000167,STORE-0012,2026-08-31,208,48,HEALTHY
PROD-000168,STORE-0001,2026-08-31,180,24,HEALTHY
PROD-000168,STORE-0002,2026-08-31,235,44,HEALTHY
PROD-000168,STORE-0003,2026-08-31,151,10,HEALTHY
PROD-000168,STORE-0004,2026-08-31,172,13,HEALTHY
PROD-000168,STORE-0005,2026-08-31,80,12,HEALTHY
PROD-000168,STORE-0006,2026-08-31,61,24,HEALTHY
PROD-000168,STORE-0007,2026-08-31,29,16,LOW
PROD-000168,STORE-0008,2026-08-31,95,49,LOW
PROD-000168,STORE-0009,2026-08-31,36,37,CRITICAL
PROD-000168,STORE-0010,2026-08-31,99,31,HEALTHY
PROD-000168,STORE-0011,2026-08-31,152,13,HEALTHY
PROD-000168,STORE-0012,2026-08-31,147,29,HEALTHY
PROD-000169,STORE-0001,2026-08-31,108,16,HEALTHY
PROD-000169,STORE-0002,2026-08-31,124,45,HEALTHY
PROD-000169,STORE-0003,2026-08-31,137,49,HEALTHY
PROD-000169,STORE-0004,2026-08-31,235,46,HEALTHY
PROD-000169,STORE-0005,2026-08-31,238,16,HEALTHY
PROD-000169,STORE-0006,2026-08-31,142,15,HEALTHY
PROD-000169,STORE-0007,2026-08-31,125,23,HEALTHY
PROD-000169,STORE-0008,2026-08-31,35,16,HEALTHY
PROD-000169,STORE-0009,2026-08-31,80,33,HEALTHY
PROD-000169,STORE-0010,2026-08-31,158,8,HEALTHY
PROD-000169,STORE-0011,2026-08-31,221,27,HEALTHY
PROD-000169,STORE-0012,2026-08-31,243,5,HEALTHY
PROD-000170,STORE-0001,2026-08-31,124,13,HEALTHY
PROD-000170,STORE-0002,2026-08-31,49,29,LOW
PROD-000170,STORE-0003,2026-08-31,246,40,HEALTHY
PROD-000170,STORE-0004,2026-08-31,129,46,HEALTHY
PROD-000170,STORE-0005,2026-08-31,126,31,HEALTHY
PROD-000170,STORE-0006,2026-08-31,175,36,HEALTHY
PROD-000170,STORE-0007,2026-08-31,106,50,HEALTHY
PROD-000170,STORE-0008,2026-08-31,215,33,HEALTHY
PROD-000170,STORE-0009,2026-08-31,125,15,HEALTHY
PROD-000170,STORE-0010,2026-08-31,21,41,CRITICAL
PROD-000170,STORE-0011,2026-08-31,7,19,CRITICAL
PROD-000170,STORE-0012,2026-08-31,74,7,HEALTHY
PROD-000171,STORE-0001,2026-08-31,70,19,HEALTHY
PROD-000171,STORE-0002,2026-08-31,137,23,HEALTHY
PROD-000171,STORE-0003,2026-08-31,43,34,LOW
PROD-000171,STORE-0004,2026-08-31,144,36,HEALTHY
PROD-000171,STORE-0005,2026-08-31,140,37,HEALTHY
PROD-000171,STORE-0006,2026-08-31,28,41,CRITICAL
PROD-000171,STORE-0007,2026-08-31,29,22,LOW
PROD-000171,STORE-0008,2026-08-31,198,39,HEALTHY
PROD-000171,STORE-0009,2026-08-31,210,28,HEALTHY
PROD-000171,STORE-0010,2026-08-31,138,7,HEALTHY
PROD-000171,STORE-0011,2026-08-31,194,33,HEALTHY
PROD-000171,STORE-0012,2026-08-31,139,18,HEALTHY
PROD-000172,STORE-0001,2026-08-31,108,11,HEALTHY
PROD-000172,STORE-0002,2026-08-31,188,46,HEALTHY
PROD-000172,STORE-0003,2026-08-31,192,20,HEALTHY
PROD-000172,STORE-0004,2026-08-31,76,7,HEALTHY
PROD-000172,STORE-0005,2026-08-31,115,21,HEALTHY
PROD-000172,STORE-0006,2026-08-31,89,10,HEALTHY
PROD-000172,STORE-0007,2026-08-31,112,12,HEALTHY
PROD-000172,STORE-0008,2026-08-31,198,20,HEALTHY
PROD-000172,STORE-0009,2026-08-31,53,42,LOW
PROD-000172,STORE-0010,2026-08-31,176,27,HEALTHY
PROD-000172,STORE-0011,2026-08-31,220,50,HEALTHY
PROD-000172,STORE-0012,2026-08-31,156,45,HEALTHY
PROD-000173,STORE-0001,2026-08-31,109,15,HEALTHY
PROD-000173,STORE-0002,2026-08-31,157,13,HEALTHY
PROD-000173,STORE-0003,2026-08-31,200,18,HEALTHY
PROD-000173,STORE-0004,2026-08-31,208,18,HEALTHY
PROD-000173,STORE-0005,2026-08-31,206,8,HEALTHY
PROD-000173,STORE-0006,2026-08-31,145,27,HEALTHY
PROD-000173,STORE-0007,2026-08-31,136,22,HEALTHY
PROD-000173,STORE-0008,2026-08-31,152,39,HEALTHY
PROD-000173,STORE-0009,2026-08-31,43,25,LOW
PROD-000173,STORE-0010,2026-08-31,250,50,HEALTHY
PROD-000173,STORE-0011,2026-08-31,74,23,HEALTHY
PROD-000173,STORE-0012,2026-08-31,146,22,HEALTHY
PROD-000174,STORE-0001,2026-08-31,243,37,HEALTHY
PROD-000174,STORE-0002,2026-08-31,230,48,HEALTHY
PROD-000174,STORE-0003,2026-08-31,208,11,HEALTHY
PROD-000174,STORE-0004,2026-08-31,34,31,LOW
PROD-000174,STORE-0005,2026-08-31,235,8,HEALTHY
PROD-000174,STORE-0006,2026-08-31,70,46,LOW
PROD-000174,STORE-0007,2026-08-31,32,49,CRITICAL
PROD-000174,STORE-0008,2026-08-31,221,13,HEALTHY
PROD-000174,STORE-0009,2026-08-31,63,14,HEALTHY
PROD-000174,STORE-0010,2026-08-31,182,25,HEALTHY
PROD-000174,STORE-0011,2026-08-31,212,20,HEALTHY
PROD-000174,STORE-0012,2026-08-31,194,48,HEALTHY
PROD-000175,STORE-0001,2026-08-31,100,36,HEALTHY
PROD-000175,STORE-0002,2026-08-31,36,41,CRITICAL
PROD-000175,STORE-0003,2026-08-31,161,22,HEALTHY
PROD-000175,STORE-0004,2026-08-31,160,31,HEALTHY
PROD-000175,STORE-0005,2026-08-31,96,33,HEALTHY
PROD-000175,STORE-0006,2026-08-31,19,45,CRITICAL
PROD-000175,STORE-0007,2026-08-31,203,10,HEALTHY
PROD-000175,STORE-0008,2026-08-31,103,37,HEALTHY
PROD-000175,STORE-0009,2026-08-31,191,22,HEALTHY
PROD-000175,STORE-0010,2026-08-31,177,28,HEALTHY
PROD-000175,STORE-0011,2026-08-31,116,36,HEALTHY
PROD-000175,STORE-0012,2026-08-31,83,42,LOW
PROD-000176,STORE-0001,2026-08-31,0,10,CRITICAL
PROD-000176,STORE-0002,2026-08-31,187,34,HEALTHY
PROD-000176,STORE-0003,2026-08-31,162,47,HEALTHY
PROD-000176,STORE-0004,2026-08-31,178,27,HEALTHY
PROD-000176,STORE-0005,2026-08-31,217,9,HEALTHY
PROD-000176,STORE-0006,2026-08-31,203,39,HEALTHY
PROD-000176,STORE-0007,2026-08-31,101,18,HEALTHY
PROD-000176,STORE-0008,2026-08-31,247,32,HEALTHY
PROD-000176,STORE-0009,2026-08-31,211,18,HEALTHY
PROD-000176,STORE-0010,2026-08-31,126,22,HEALTHY
PROD-000176,STORE-0011,2026-08-31,82,23,HEALTHY
PROD-000176,STORE-0012,2026-08-31,86,40,HEALTHY
PROD-000177,STORE-0001,2026-08-31,147,13,HEALTHY
PROD-000177,STORE-0002,2026-08-31,144,36,HEALTHY
PROD-000177,STORE-0003,2026-08-31,201,26,HEALTHY
PROD-000177,STORE-0004,2026-08-31,228,48,HEALTHY
PROD-000177,STORE-0005,2026-08-31,195,8,HEALTHY
PROD-000177,STORE-0006,2026-08-31,11,11,CRITICAL
PROD-000177,STORE-0007,2026-08-31,160,34,HEALTHY
PROD-000177,STORE-0008,2026-08-31,4,12,CRITICAL
PROD-000177,STORE-0009,2026-08-31,237,15,HEALTHY
PROD-000177,STORE-0010,2026-08-31,112,34,HEALTHY
PROD-000177,STORE-0011,2026-08-31,0,32,CRITICAL
PROD-000177,STORE-0012,2026-08-31,51,49,LOW
PROD-000178,STORE-0001,2026-08-31,232,13,HEALTHY
PROD-000178,STORE-0002,2026-08-31,225,46,HEALTHY
PROD-000178,STORE-0003,2026-08-31,77,15,HEALTHY
PROD-000178,STORE-0004,2026-08-31,223,22,HEALTHY
PROD-000178,STORE-0005,2026-08-31,23,46,CRITICAL
PROD-000178,STORE-0006,2026-08-31,92,21,HEALTHY
PROD-000178,STORE-0007,2026-08-31,21,28,CRITICAL
PROD-000178,STORE-0008,2026-08-31,170,46,HEALTHY
PROD-000178,STORE-0009,2026-08-31,42,8,HEALTHY
PROD-000178,STORE-0010,2026-08-31,101,45,HEALTHY
PROD-000178,STORE-0011,2026-08-31,78,49,LOW
PROD-000178,STORE-0012,2026-08-31,193,19,HEALTHY
PROD-000179,STORE-0001,2026-08-31,109,46,HEALTHY
PROD-000179,STORE-0002,2026-08-31,23,50,CRITICAL
PROD-000179,STORE-0003,2026-08-31,24,5,HEALTHY
PROD-000179,STORE-0004,2026-08-31,54,35,LOW
PROD-000179,STORE-0005,2026-08-31,19,13,LOW
PROD-000179,STORE-0006,2026-08-31,151,19,HEALTHY
PROD-000179,STORE-0007,2026-08-31,132,48,HEALTHY
PROD-000179,STORE-0008,2026-08-31,113,5,HEALTHY
PROD-000179,STORE-0009,2026-08-31,2,49,CRITICAL
PROD-000179,STORE-0010,2026-08-31,87,12,HEALTHY
PROD-000179,STORE-0011,2026-08-31,220,32,HEALTHY
PROD-000179,STORE-0012,2026-08-31,177,13,HEALTHY
PROD-000180,STORE-0001,2026-08-31,122,9,HEALTHY
PROD-000180,STORE-0002,2026-08-31,58,29,LOW
PROD-000180,STORE-0003,2026-08-31,22,11,LOW
PROD-000180,STORE-0004,2026-08-31,26,25,LOW
PROD-000180,STORE-0005,2026-08-31,94,24,HEALTHY
PROD-000180,STORE-0006,2026-08-31,35,29,LOW
PROD-000180,STORE-0007,2026-08-31,198,13,HEALTHY
PROD-000180,STORE-0008,2026-08-31,164,48,HEALTHY
PROD-000180,STORE-0009,2026-08-31,36,9,HEALTHY
PROD-000180,STORE-0010,2026-08-31,135,41,HEALTHY
PROD-000180,STORE-0011,2026-08-31,2,44,CRITICAL
PROD-000180,STORE-0012,2026-08-31,166,15,HEALTHY
PROD-000181,STORE-0001,2026-08-31,112,27,HEALTHY
PROD-000181,STORE-0002,2026-08-31,184,18,HEALTHY
PROD-000181,STORE-0003,2026-08-31,160,14,HEALTHY
PROD-000181,STORE-0004,2026-08-31,235,31,HEALTHY
PROD-000181,STORE-0005,2026-08-31,157,48,HEALTHY
PROD-000181,STORE-0006,2026-08-31,113,18,HEALTHY
PROD-000181,STORE-0007,2026-08-31,22,11,LOW
PROD-000181,STORE-0008,2026-08-31,35,12,HEALTHY
PROD-000181,STORE-0009,2026-08-31,150,29,HEALTHY
PROD-000181,STORE-0010,2026-08-31,89,32,HEALTHY
PROD-000181,STORE-0011,2026-08-31,80,13,HEALTHY
PROD-000181,STORE-0012,2026-08-31,63,22,HEALTHY
PROD-000182,STORE-0001,2026-08-31,165,10,HEALTHY
PROD-000182,STORE-0002,2026-08-31,63,40,LOW
PROD-000182,STORE-0003,2026-08-31,153,43,HEALTHY
PROD-000182,STORE-0004,2026-08-31,184,43,HEALTHY
PROD-000182,STORE-0005,2026-08-31,72,49,LOW
PROD-000182,STORE-0006,2026-08-31,6,47,CRITICAL
PROD-000182,STORE-0007,2026-08-31,224,24,HEALTHY
PROD-000182,STORE-0008,2026-08-31,52,38,LOW
PROD-000182,STORE-0009,2026-08-31,155,37,HEALTHY
PROD-000182,STORE-0010,2026-08-31,48,30,LOW
PROD-000182,STORE-0011,2026-08-31,75,46,LOW
PROD-000182,STORE-0012,2026-08-31,13,20,CRITICAL
PROD-000183,STORE-0001,2026-08-31,126,29,HEALTHY
PROD-000183,STORE-0002,2026-08-31,28,20,LOW
PROD-000183,STORE-0003,2026-08-31,127,45,HEALTHY
PROD-000183,STORE-0004,2026-08-31,152,9,HEALTHY
PROD-000183,STORE-0005,2026-08-31,135,5,HEALTHY
PROD-000183,STORE-0006,2026-08-31,92,25,HEALTHY
PROD-000183,STORE-0007,2026-08-31,33,29,LOW
PROD-000183,STORE-0008,2026-08-31,220,41,HEALTHY
PROD-000183,STORE-0009,2026-08-31,107,28,HEALTHY
PROD-000183,STORE-0010,2026-08-31,139,48,HEALTHY
PROD-000183,STORE-0011,2026-08-31,44,35,LOW
PROD-000183,STORE-0012,2026-08-31,244,9,HEALTHY
PROD-000184,STORE-0001,2026-08-31,4,42,CRITICAL
PROD-000184,STORE-0002,2026-08-31,17,5,HEALTHY
PROD-000184,STORE-0003,2026-08-31,67,18,HEALTHY
PROD-000184,STORE-0004,2026-08-31,10,8,LOW
PROD-000184,STORE-0005,2026-08-31,242,30,HEALTHY
PROD-000184,STORE-0006,2026-08-31,129,23,HEALTHY
PROD-000184,STORE-0007,2026-08-31,160,50,HEALTHY
PROD-000184,STORE-0008,2026-08-31,128,31,HEALTHY
PROD-000184,STORE-0009,2026-08-31,108,49,HEALTHY
PROD-000184,STORE-0010,2026-08-31,102,10,HEALTHY
PROD-000184,STORE-0011,2026-08-31,163,39,HEALTHY
PROD-000184,STORE-0012,2026-08-31,137,44,HEALTHY
PROD-000185,STORE-0001,2026-08-31,39,22,LOW
PROD-000185,STORE-0002,2026-08-31,21,24,CRITICAL
PROD-000185,STORE-0003,2026-08-31,20,37,CRITICAL
PROD-000185,STORE-0004,2026-08-31,235,18,HEALTHY
PROD-000185,STORE-0005,2026-08-31,249,14,HEALTHY
PROD-000185,STORE-0006,2026-08-31,137,25,HEALTHY
PROD-000185,STORE-0007,2026-08-31,100,42,HEALTHY
PROD-000185,STORE-0008,2026-08-31,162,46,HEALTHY
PROD-000185,STORE-0009,2026-08-31,174,46,HEALTHY
PROD-000185,STORE-0010,2026-08-31,16,24,CRITICAL
PROD-000185,STORE-0011,2026-08-31,178,32,HEALTHY
PROD-000185,STORE-0012,2026-08-31,186,20,HEALTHY
PROD-000186,STORE-0001,2026-08-31,14,20,CRITICAL
PROD-000186,STORE-0002,2026-08-31,22,32,CRITICAL
PROD-000186,STORE-0003,2026-08-31,29,34,CRITICAL
PROD-000186,STORE-0004,2026-08-31,156,43,HEALTHY
PROD-000186,STORE-0005,2026-08-31,14,24,CRITICAL
PROD-000186,STORE-0006,2026-08-31,170,47,HEALTHY
PROD-000186,STORE-0007,2026-08-31,189,16,HEALTHY
PROD-000186,STORE-0008,2026-08-31,30,5,HEALTHY
PROD-000186,STORE-0009,2026-08-31,181,13,HEALTHY
PROD-000186,STORE-0010,2026-08-31,179,5,HEALTHY
PROD-000186,STORE-0011,2026-08-31,41,36,LOW
PROD-000186,STORE-0012,2026-08-31,243,27,HEALTHY
PROD-000187,STORE-0001,2026-08-31,133,38,HEALTHY
PROD-000187,STORE-0002,2026-08-31,200,21,HEALTHY
PROD-000187,STORE-0003,2026-08-31,42,28,LOW
PROD-000187,STORE-0004,2026-08-31,32,22,LOW
PROD-000187,STORE-0005,2026-08-31,187,12,HEALTHY
PROD-000187,STORE-0006,2026-08-31,197,6,HEALTHY
PROD-000187,STORE-0007,2026-08-31,85,32,HEALTHY
PROD-000187,STORE-0008,2026-08-31,69,38,LOW
PROD-000187,STORE-0009,2026-08-31,16,21,CRITICAL
PROD-000187,STORE-0010,2026-08-31,182,41,HEALTHY
PROD-000187,STORE-0011,2026-08-31,160,9,HEALTHY
PROD-000187,STORE-0012,2026-08-31,127,34,HEALTHY
PROD-000188,STORE-0001,2026-08-31,130,28,HEALTHY
PROD-000188,STORE-0002,2026-08-31,14,36,CRITICAL
PROD-000188,STORE-0003,2026-08-31,219,41,HEALTHY
PROD-000188,STORE-0004,2026-08-31,42,28,LOW
PROD-000188,STORE-0005,2026-08-31,40,21,LOW
PROD-000188,STORE-0006,2026-08-31,197,11,HEALTHY
PROD-000188,STORE-0007,2026-08-31,228,41,HEALTHY
PROD-000188,STORE-0008,2026-08-31,172,12,HEALTHY
PROD-000188,STORE-0009,2026-08-31,58,37,LOW
PROD-000188,STORE-0010,2026-08-31,0,7,CRITICAL
PROD-000188,STORE-0011,2026-08-31,219,5,HEALTHY
PROD-000188,STORE-0012,2026-08-31,62,7,HEALTHY
PROD-000189,STORE-0001,2026-08-31,120,28,HEALTHY
PROD-000189,STORE-0002,2026-08-31,98,14,HEALTHY
PROD-000189,STORE-0003,2026-08-31,45,7,HEALTHY
PROD-000189,STORE-0004,2026-08-31,141,50,HEALTHY
PROD-000189,STORE-0005,2026-08-31,189,46,HEALTHY
PROD-000189,STORE-0006,2026-08-31,107,19,HEALTHY
PROD-000189,STORE-0007,2026-08-31,82,20,HEALTHY
PROD-000189,STORE-0008,2026-08-31,106,25,HEALTHY
PROD-000189,STORE-0009,2026-08-31,69,9,HEALTHY
PROD-000189,STORE-0010,2026-08-31,146,28,HEALTHY
PROD-000189,STORE-0011,2026-08-31,30,37,CRITICAL
PROD-000189,STORE-0012,2026-08-31,172,8,HEALTHY
PROD-000190,STORE-0001,2026-08-31,45,19,HEALTHY
PROD-000190,STORE-0002,2026-08-31,205,38,HEALTHY
PROD-000190,STORE-0003,2026-08-31,11,30,CRITICAL
PROD-000190,STORE-0004,2026-08-31,17,34,CRITICAL
PROD-000190,STORE-0005,2026-08-31,221,23,HEALTHY
PROD-000190,STORE-0006,2026-08-31,198,24,HEALTHY
PROD-000190,STORE-0007,2026-08-31,83,10,HEALTHY
PROD-000190,STORE-0008,2026-08-31,141,34,HEALTHY
PROD-000190,STORE-0009,2026-08-31,2,28,CRITICAL
PROD-000190,STORE-0010,2026-08-31,51,23,HEALTHY
PROD-000190,STORE-0011,2026-08-31,144,24,HEALTHY
PROD-000190,STORE-0012,2026-08-31,189,44,HEALTHY
PROD-000191,STORE-0001,2026-08-31,62,34,LOW
PROD-000191,STORE-0002,2026-08-31,94,42,HEALTHY
PROD-000191,STORE-0003,2026-08-31,248,36,HEALTHY
PROD-000191,STORE-0004,2026-08-31,197,17,HEALTHY
PROD-000191,STORE-0005,2026-08-31,187,39,HEALTHY
PROD-000191,STORE-0006,2026-08-31,194,20,HEALTHY
PROD-000191,STORE-0007,2026-08-31,38,5,HEALTHY
PROD-000191,STORE-0008,2026-08-31,238,31,HEALTHY
PROD-000191,STORE-0009,2026-08-31,6,19,CRITICAL
PROD-000191,STORE-0010,2026-08-31,138,27,HEALTHY
PROD-000191,STORE-0011,2026-08-31,162,49,HEALTHY
PROD-000191,STORE-0012,2026-08-31,224,5,HEALTHY
PROD-000192,STORE-0001,2026-08-31,243,26,HEALTHY
PROD-000192,STORE-0002,2026-08-31,0,47,CRITICAL
PROD-000192,STORE-0003,2026-08-31,96,24,HEALTHY
PROD-000192,STORE-0004,2026-08-31,26,18,LOW
PROD-000192,STORE-0005,2026-08-31,135,20,HEALTHY
PROD-000192,STORE-0006,2026-08-31,107,36,HEALTHY
PROD-000192,STORE-0007,2026-08-31,246,8,HEALTHY
PROD-000192,STORE-0008,2026-08-31,248,14,HEALTHY
PROD-000192,STORE-0009,2026-08-31,182,22,HEALTHY
PROD-000192,STORE-0010,2026-08-31,23,7,HEALTHY
PROD-000192,STORE-0011,2026-08-31,235,19,HEALTHY
PROD-000192,STORE-0012,2026-08-31,229,38,HEALTHY
PROD-000193,STORE-0001,2026-08-31,105,49,HEALTHY
PROD-000193,STORE-0002,2026-08-31,229,28,HEALTHY
PROD-000193,STORE-0003,2026-08-31,117,10,HEALTHY
PROD-000193,STORE-0004,2026-08-31,148,11,HEALTHY
PROD-000193,STORE-0005,2026-08-31,129,13,HEALTHY
PROD-000193,STORE-0006,2026-08-31,163,30,HEALTHY
PROD-000193,STORE-0007,2026-08-31,19,42,CRITICAL
PROD-000193,STORE-0008,2026-08-31,145,8,HEALTHY
PROD-000193,STORE-0009,2026-08-31,111,47,HEALTHY
PROD-000193,STORE-0010,2026-08-31,246,13,HEALTHY
PROD-000193,STORE-0011,2026-08-31,60,23,HEALTHY
PROD-000193,STORE-0012,2026-08-31,66,25,HEALTHY
PROD-000194,STORE-0001,2026-08-31,237,30,HEALTHY
PROD-000194,STORE-0002,2026-08-31,179,25,HEALTHY
PROD-000194,STORE-0003,2026-08-31,81,33,HEALTHY
PROD-000194,STORE-0004,2026-08-31,69,19,HEALTHY
PROD-000194,STORE-0005,2026-08-31,19,17,LOW
PROD-000194,STORE-0006,2026-08-31,34,42,CRITICAL
PROD-000194,STORE-0007,2026-08-31,27,14,LOW
PROD-000194,STORE-0008,2026-08-31,27,15,LOW
PROD-000194,STORE-0009,2026-08-31,115,34,HEALTHY
PROD-000194,STORE-0010,2026-08-31,80,31,HEALTHY
PROD-000194,STORE-0011,2026-08-31,30,39,CRITICAL
PROD-000194,STORE-0012,2026-08-31,91,18,HEALTHY
PROD-000195,STORE-0001,2026-08-31,115,24,HEALTHY
PROD-000195,STORE-0002,2026-08-31,118,21,HEALTHY
PROD-000195,STORE-0003,2026-08-31,218,12,HEALTHY
PROD-000195,STORE-0004,2026-08-31,23,15,LOW
PROD-000195,STORE-0005,2026-08-31,206,48,HEALTHY
PROD-000195,STORE-0006,2026-08-31,77,50,LOW
PROD-000195,STORE-0007,2026-08-31,178,43,HEALTHY
PROD-000195,STORE-0008,2026-08-31,10,18,CRITICAL
PROD-000195,STORE-0009,2026-08-31,213,25,HEALTHY
PROD-000195,STORE-0010,2026-08-31,37,10,HEALTHY
PROD-000195,STORE-0011,2026-08-31,182,20,HEALTHY
PROD-000195,STORE-0012,2026-08-31,247,27,HEALTHY
PROD-000196,STORE-0001,2026-08-31,101,37,HEALTHY
PROD-000196,STORE-0002,2026-08-31,12,48,CRITICAL
PROD-000196,STORE-0003,2026-08-31,76,21,HEALTHY
PROD-000196,STORE-0004,2026-08-31,209,16,HEALTHY
PROD-000196,STORE-0005,2026-08-31,7,30,CRITICAL
PROD-000196,STORE-0006,2026-08-31,218,33,HEALTHY
PROD-000196,STORE-0007,2026-08-31,142,40,HEALTHY
PROD-000196,STORE-0008,2026-08-31,63,11,HEALTHY
PROD-000196,STORE-0009,2026-08-31,118,11,HEALTHY
PROD-000196,STORE-0010,2026-08-31,205,13,HEALTHY
PROD-000196,STORE-0011,2026-08-31,31,5,HEALTHY
PROD-000196,STORE-0012,2026-08-31,15,19,CRITICAL
PROD-000197,STORE-0001,2026-08-31,33,17,LOW
PROD-000197,STORE-0002,2026-08-31,210,30,HEALTHY
PROD-000197,STORE-0003,2026-08-31,95,48,LOW
PROD-000197,STORE-0004,2026-08-31,161,46,HEALTHY
PROD-000197,STORE-0005,2026-08-31,21,42,CRITICAL
PROD-000197,STORE-0006,2026-08-31,150,21,HEALTHY
PROD-000197,STORE-0007,2026-08-31,234,9,HEALTHY
PROD-000197,STORE-0008,2026-08-31,5,9,CRITICAL
PROD-000197,STORE-0009,2026-08-31,50,46,LOW
PROD-000197,STORE-0010,2026-08-31,113,13,HEALTHY
PROD-000197,STORE-0011,2026-08-31,23,26,CRITICAL
PROD-000197,STORE-0012,2026-08-31,31,7,HEALTHY
PROD-000198,STORE-0001,2026-08-31,241,34,HEALTHY
PROD-000198,STORE-0002,2026-08-31,12,15,CRITICAL
PROD-000198,STORE-0003,2026-08-31,236,41,HEALTHY
PROD-000198,STORE-0004,2026-08-31,110,30,HEALTHY
PROD-000198,STORE-0005,2026-08-31,127,6,HEALTHY
PROD-000198,STORE-0006,2026-08-31,97,48,HEALTHY
PROD-000198,STORE-0007,2026-08-31,109,16,HEALTHY
PROD-000198,STORE-0008,2026-08-31,90,18,HEALTHY
PROD-000198,STORE-0009,2026-08-31,232,16,HEALTHY
PROD-000198,STORE-0010,2026-08-31,70,22,HEALTHY
PROD-000198,STORE-0011,2026-08-31,114,14,HEALTHY
PROD-000198,STORE-0012,2026-08-31,8,44,CRITICAL
PROD-000199,STORE-0001,2026-08-31,158,44,HEALTHY
PROD-000199,STORE-0002,2026-08-31,62,46,LOW
PROD-000199,STORE-0003,2026-08-31,75,36,HEALTHY
PROD-000199,STORE-0004,2026-08-31,105,40,HEALTHY
PROD-000199,STORE-0005,2026-08-31,122,8,HEALTHY
PROD-000199,STORE-0006,2026-08-31,22,22,CRITICAL
PROD-000199,STORE-0007,2026-08-31,98,13,HEALTHY
PROD-000199,STORE-0008,2026-08-31,107,17,HEALTHY
PROD-000199,STORE-0009,2026-08-31,164,38,HEALTHY
PROD-000199,STORE-0010,2026-08-31,63,45,LOW
PROD-000199,STORE-0011,2026-08-31,205,39,HEALTHY
PROD-000199,STORE-0012,2026-08-31,203,6,HEALTHY
PROD-000200,STORE-0001,2026-08-31,97,50,LOW
PROD-000200,STORE-0002,2026-08-31,91,35,HEALTHY
PROD-000200,STORE-0003,2026-08-31,139,36,HEALTHY
PROD-000200,STORE-0004,2026-08-31,88,41,HEALTHY
PROD-000200,STORE-0005,2026-08-31,128,25,HEALTHY
PROD-000200,STORE-0006,2026-08-31,99,22,HEALTHY
PROD-000200,STORE-0007,2026-08-31,46,6,HEALTHY
PROD-000200,STORE-0008,2026-08-31,81,43,LOW
PROD-000200,STORE-0009,2026-08-31,56,6,HEALTHY
PROD-000200,STORE-0010,2026-08-31,229,22,HEALTHY
PROD-000200,STORE-0011,2026-08-31,14,35,CRITICAL
PROD-000200,STORE-0012,2026-08-31,135,27,HEALTHY
PROD-000201,STORE-0001,2026-08-31,196,42,HEALTHY
PROD-000201,STORE-0002,2026-08-31,59,15,HEALTHY
PROD-000201,STORE-0003,2026-08-31,25,20,LOW
PROD-000201,STORE-0004,2026-08-31,168,20,HEALTHY
PROD-000201,STORE-0005,2026-08-31,68,39,LOW
PROD-000201,STORE-0006,2026-08-31,208,8,HEALTHY
PROD-000201,STORE-0007,2026-08-31,195,19,HEALTHY
PROD-000201,STORE-0008,2026-08-31,147,29,HEALTHY
PROD-000201,STORE-0009,2026-08-31,90,16,HEALTHY
PROD-000201,STORE-0010,2026-08-31,45,20,HEALTHY
PROD-000201,STORE-0011,2026-08-31,151,25,HEALTHY
PROD-000201,STORE-0012,2026-08-31,206,49,HEALTHY
PROD-000202,STORE-0001,2026-08-31,91,42,HEALTHY
PROD-000202,STORE-0002,2026-08-31,7,50,CRITICAL
PROD-000202,STORE-0003,2026-08-31,179,27,HEALTHY
PROD-000202,STORE-0004,2026-08-31,242,41,HEALTHY
PROD-000202,STORE-0005,2026-08-31,144,14,HEALTHY
PROD-000202,STORE-0006,2026-08-31,144,17,HEALTHY
PROD-000202,STORE-0007,2026-08-31,214,36,HEALTHY
PROD-000202,STORE-0008,2026-08-31,138,24,HEALTHY
PROD-000202,STORE-0009,2026-08-31,44,36,LOW
PROD-000202,STORE-0010,2026-08-31,9,10,CRITICAL
PROD-000202,STORE-0011,2026-08-31,14,19,CRITICAL
PROD-000202,STORE-0012,2026-08-31,154,19,HEALTHY
PROD-000203,STORE-0001,2026-08-31,5,38,CRITICAL
PROD-000203,STORE-0002,2026-08-31,122,5,HEALTHY
PROD-000203,STORE-0003,2026-08-31,84,44,LOW
PROD-000203,STORE-0004,2026-08-31,51,13,HEALTHY
PROD-000203,STORE-0005,2026-08-31,87,50,LOW
PROD-000203,STORE-0006,2026-08-31,45,25,LOW
PROD-000203,STORE-0007,2026-08-31,15,6,HEALTHY
PROD-000203,STORE-0008,2026-08-31,37,42,CRITICAL
PROD-000203,STORE-0009,2026-08-31,180,14,HEALTHY
PROD-000203,STORE-0010,2026-08-31,198,12,HEALTHY
PROD-000203,STORE-0011,2026-08-31,216,38,HEALTHY
PROD-000203,STORE-0012,2026-08-31,220,28,HEALTHY
PROD-000204,STORE-0001,2026-08-31,245,9,HEALTHY
PROD-000204,STORE-0002,2026-08-31,95,50,LOW
PROD-000204,STORE-0003,2026-08-31,241,47,HEALTHY
PROD-000204,STORE-0004,2026-08-31,101,42,HEALTHY
PROD-000204,STORE-0005,2026-08-31,25,26,CRITICAL
PROD-000204,STORE-0006,2026-08-31,77,25,HEALTHY
PROD-000204,STORE-0007,2026-08-31,34,15,HEALTHY
PROD-000204,STORE-0008,2026-08-31,187,32,HEALTHY
PROD-000204,STORE-0009,2026-08-31,202,45,HEALTHY
PROD-000204,STORE-0010,2026-08-31,245,36,HEALTHY
PROD-000204,STORE-0011,2026-08-31,166,25,HEALTHY
PROD-000204,STORE-0012,2026-08-31,44,50,CRITICAL
PROD-000205,STORE-0001,2026-08-31,247,40,HEALTHY
PROD-000205,STORE-0002,2026-08-31,177,44,HEALTHY
PROD-000205,STORE-0003,2026-08-31,201,27,HEALTHY
PROD-000205,STORE-0004,2026-08-31,57,47,LOW
PROD-000205,STORE-0005,2026-08-31,150,16,HEALTHY
PROD-000205,STORE-0006,2026-08-31,96,24,HEALTHY
PROD-000205,STORE-0007,2026-08-31,187,49,HEALTHY
PROD-000205,STORE-0008,2026-08-31,75,13,HEALTHY
PROD-000205,STORE-0009,2026-08-31,45,5,HEALTHY
PROD-000205,STORE-0010,2026-08-31,242,49,HEALTHY
PROD-000205,STORE-0011,2026-08-31,242,41,HEALTHY
PROD-000205,STORE-0012,2026-08-31,100,41,HEALTHY
PROD-000206,STORE-0001,2026-08-31,8,16,CRITICAL
PROD-000206,STORE-0002,2026-08-31,154,25,HEALTHY
PROD-000206,STORE-0003,2026-08-31,235,44,HEALTHY
PROD-000206,STORE-0004,2026-08-31,56,45,LOW
PROD-000206,STORE-0005,2026-08-31,144,11,HEALTHY
PROD-000206,STORE-0006,2026-08-31,239,36,HEALTHY
PROD-000206,STORE-0007,2026-08-31,36,26,LOW
PROD-000206,STORE-0008,2026-08-31,190,9,HEALTHY
PROD-000206,STORE-0009,2026-08-31,60,27,HEALTHY
PROD-000206,STORE-0010,2026-08-31,81,15,HEALTHY
PROD-000206,STORE-0011,2026-08-31,162,10,HEALTHY
PROD-000206,STORE-0012,2026-08-31,210,50,HEALTHY
PROD-000207,STORE-0001,2026-08-31,171,45,HEALTHY
PROD-000207,STORE-0002,2026-08-31,186,26,HEALTHY
PROD-000207,STORE-0003,2026-08-31,114,5,HEALTHY
PROD-000207,STORE-0004,2026-08-31,67,18,HEALTHY
PROD-000207,STORE-0005,2026-08-31,63,49,LOW
PROD-000207,STORE-0006,2026-08-31,17,27,CRITICAL
PROD-000207,STORE-0007,2026-08-31,65,11,HEALTHY
PROD-000207,STORE-0008,2026-08-31,184,5,HEALTHY
PROD-000207,STORE-0009,2026-08-31,12,29,CRITICAL
PROD-000207,STORE-0010,2026-08-31,112,31,HEALTHY
PROD-000207,STORE-0011,2026-08-31,248,15,HEALTHY
PROD-000207,STORE-0012,2026-08-31,226,31,HEALTHY
PROD-000208,STORE-0001,2026-08-31,126,29,HEALTHY
PROD-000208,STORE-0002,2026-08-31,89,39,HEALTHY
PROD-000208,STORE-0003,2026-08-31,96,11,HEALTHY
PROD-000208,STORE-0004,2026-08-31,212,35,HEALTHY
PROD-000208,STORE-0005,2026-08-31,201,41,HEALTHY
PROD-000208,STORE-0006,2026-08-31,166,48,HEALTHY
PROD-000208,STORE-0007,2026-08-31,57,15,HEALTHY
PROD-000208,STORE-0008,2026-08-31,115,9,HEALTHY
PROD-000208,STORE-0009,2026-08-31,204,7,HEALTHY
PROD-000208,STORE-0010,2026-08-31,75,6,HEALTHY
PROD-000208,STORE-0011,2026-08-31,81,21,HEALTHY
PROD-000208,STORE-0012,2026-08-31,243,11,HEALTHY
PROD-000209,STORE-0001,2026-08-31,18,26,CRITICAL
PROD-000209,STORE-0002,2026-08-31,43,29,LOW
PROD-000209,STORE-0003,2026-08-31,41,9,HEALTHY
PROD-000209,STORE-0004,2026-08-31,140,10,HEALTHY
PROD-000209,STORE-0005,2026-08-31,86,43,LOW
PROD-000209,STORE-0006,2026-08-31,157,35,HEALTHY
PROD-000209,STORE-0007,2026-08-31,180,6,HEALTHY
PROD-000209,STORE-0008,2026-08-31,110,46,HEALTHY
PROD-000209,STORE-0009,2026-08-31,42,43,CRITICAL
PROD-000209,STORE-0010,2026-08-31,227,32,HEALTHY
PROD-000209,STORE-0011,2026-08-31,40,8,HEALTHY
PROD-000209,STORE-0012,2026-08-31,25,26,CRITICAL
PROD-000210,STORE-0001,2026-08-31,52,17,HEALTHY
PROD-000210,STORE-0002,2026-08-31,104,49,HEALTHY
PROD-000210,STORE-0003,2026-08-31,141,39,HEALTHY
PROD-000210,STORE-0004,2026-08-31,67,47,LOW
PROD-000210,STORE-0005,2026-08-31,72,24,HEALTHY
PROD-000210,STORE-0006,2026-08-31,60,11,HEALTHY
PROD-000210,STORE-0007,2026-08-31,12,30,CRITICAL
PROD-000210,STORE-0008,2026-08-31,146,40,HEALTHY
PROD-000210,STORE-0009,2026-08-31,215,36,HEALTHY
PROD-000210,STORE-0010,2026-08-31,39,8,HEALTHY
PROD-000210,STORE-0011,2026-08-31,92,5,HEALTHY
PROD-000210,STORE-0012,2026-08-31,109,10,HEALTHY
PROD-000211,STORE-0001,2026-08-31,75,47,LOW
PROD-000211,STORE-0002,2026-08-31,160,43,HEALTHY
PROD-000211,STORE-0003,2026-08-31,122,17,HEALTHY
PROD-000211,STORE-0004,2026-08-31,24,6,HEALTHY
PROD-000211,STORE-0005,2026-08-31,52,15,HEALTHY
PROD-000211,STORE-0006,2026-08-31,163,23,HEALTHY
PROD-000211,STORE-0007,2026-08-31,250,10,HEALTHY
PROD-000211,STORE-0008,2026-08-31,121,12,HEALTHY
PROD-000211,STORE-0009,2026-08-31,78,30,HEALTHY
PROD-000211,STORE-0010,2026-08-31,120,36,HEALTHY
PROD-000211,STORE-0011,2026-08-31,229,47,HEALTHY
PROD-000211,STORE-0012,2026-08-31,67,10,HEALTHY
PROD-000212,STORE-0001,2026-08-31,164,39,HEALTHY
PROD-000212,STORE-0002,2026-08-31,99,16,HEALTHY
PROD-000212,STORE-0003,2026-08-31,94,29,HEALTHY
PROD-000212,STORE-0004,2026-08-31,94,16,HEALTHY
PROD-000212,STORE-0005,2026-08-31,114,7,HEALTHY
PROD-000212,STORE-0006,2026-08-31,67,33,HEALTHY
PROD-000212,STORE-0007,2026-08-31,119,21,HEALTHY
PROD-000212,STORE-0008,2026-08-31,57,22,HEALTHY
PROD-000212,STORE-0009,2026-08-31,144,8,HEALTHY
PROD-000212,STORE-0010,2026-08-31,38,49,CRITICAL
PROD-000212,STORE-0011,2026-08-31,170,11,HEALTHY
PROD-000212,STORE-0012,2026-08-31,21,47,CRITICAL
PROD-000213,STORE-0001,2026-08-31,88,39,HEALTHY
PROD-000213,STORE-0002,2026-08-31,105,42,HEALTHY
PROD-000213,STORE-0003,2026-08-31,58,40,LOW
PROD-000213,STORE-0004,2026-08-31,15,29,CRITICAL
PROD-000213,STORE-0005,2026-08-31,209,38,HEALTHY
PROD-000213,STORE-0006,2026-08-31,107,39,HEALTHY
PROD-000213,STORE-0007,2026-08-31,175,35,HEALTHY
PROD-000213,STORE-0008,2026-08-31,146,20,HEALTHY
PROD-000213,STORE-0009,2026-08-31,121,24,HEALTHY
PROD-000213,STORE-0010,2026-08-31,20,30,CRITICAL
PROD-000213,STORE-0011,2026-08-31,231,50,HEALTHY
PROD-000213,STORE-0012,2026-08-31,8,37,CRITICAL
PROD-000214,STORE-0001,2026-08-31,146,38,HEALTHY
PROD-000214,STORE-0002,2026-08-31,204,41,HEALTHY
PROD-000214,STORE-0003,2026-08-31,173,44,HEALTHY
PROD-000214,STORE-0004,2026-08-31,37,12,HEALTHY
PROD-000214,STORE-0005,2026-08-31,243,33,HEALTHY
PROD-000214,STORE-0006,2026-08-31,44,15,HEALTHY
PROD-000214,STORE-0007,2026-08-31,248,18,HEALTHY
PROD-000214,STORE-0008,2026-08-31,206,17,HEALTHY
PROD-000214,STORE-0009,2026-08-31,32,7,HEALTHY
PROD-000214,STORE-0010,2026-08-31,108,10,HEALTHY
PROD-000214,STORE-0011,2026-08-31,174,32,HEALTHY
PROD-000214,STORE-0012,2026-08-31,51,45,LOW
PROD-000215,STORE-0001,2026-08-31,37,43,CRITICAL
PROD-000215,STORE-0002,2026-08-31,66,25,HEALTHY
PROD-000215,STORE-0003,2026-08-31,233,9,HEALTHY
PROD-000215,STORE-0004,2026-08-31,22,29,CRITICAL
PROD-000215,STORE-0005,2026-08-31,142,30,HEALTHY
PROD-000215,STORE-0006,2026-08-31,141,25,HEALTHY
PROD-000215,STORE-0007,2026-08-31,219,22,HEALTHY
PROD-000215,STORE-0008,2026-08-31,133,34,HEALTHY
PROD-000215,STORE-0009,2026-08-31,234,5,HEALTHY
PROD-000215,STORE-0010,2026-08-31,201,49,HEALTHY
PROD-000215,STORE-0011,2026-08-31,159,42,HEALTHY
PROD-000215,STORE-0012,2026-08-31,133,31,HEALTHY
PROD-000216,STORE-0001,2026-08-31,28,31,CRITICAL
PROD-000216,STORE-0002,2026-08-31,38,14,HEALTHY
PROD-000216,STORE-0003,2026-08-31,145,42,HEALTHY
PROD-000216,STORE-0004,2026-08-31,149,11,HEALTHY
PROD-000216,STORE-0005,2026-08-31,236,11,HEALTHY
PROD-000216,STORE-0006,2026-08-31,144,11,HEALTHY
PROD-000216,STORE-0007,2026-08-31,201,23,HEALTHY
PROD-000216,STORE-0008,2026-08-31,222,39,HEALTHY
PROD-000216,STORE-0009,2026-08-31,225,27,HEALTHY
PROD-000216,STORE-0010,2026-08-31,224,31,HEALTHY
PROD-000216,STORE-0011,2026-08-31,67,29,HEALTHY
PROD-000216,STORE-0012,2026-08-31,167,36,HEALTHY
PROD-000217,STORE-0001,2026-08-31,146,43,HEALTHY
PROD-000217,STORE-0002,2026-08-31,121,7,HEALTHY
PROD-000217,STORE-0003,2026-08-31,44,22,LOW
PROD-000217,STORE-0004,2026-08-31,103,14,HEALTHY
PROD-000217,STORE-0005,2026-08-31,158,43,HEALTHY
PROD-000217,STORE-0006,2026-08-31,174,49,HEALTHY
PROD-000217,STORE-0007,2026-08-31,102,7,HEALTHY
PROD-000217,STORE-0008,2026-08-31,101,26,HEALTHY
PROD-000217,STORE-0009,2026-08-31,176,20,HEALTHY
PROD-000217,STORE-0010,2026-08-31,12,35,CRITICAL
PROD-000217,STORE-0011,2026-08-31,235,22,HEALTHY
PROD-000217,STORE-0012,2026-08-31,229,28,HEALTHY
PROD-000218,STORE-0001,2026-08-31,5,26,CRITICAL
PROD-000218,STORE-0002,2026-08-31,209,24,HEALTHY
PROD-000218,STORE-0003,2026-08-31,79,22,HEALTHY
PROD-000218,STORE-0004,2026-08-31,215,36,HEALTHY
PROD-000218,STORE-0005,2026-08-31,219,49,HEALTHY
PROD-000218,STORE-0006,2026-08-31,175,11,HEALTHY
PROD-000218,STORE-0007,2026-08-31,248,19,HEALTHY
PROD-000218,STORE-0008,2026-08-31,34,24,LOW
PROD-000218,STORE-0009,2026-08-31,249,33,HEALTHY
PROD-000218,STORE-0010,2026-08-31,198,25,HEALTHY
PROD-000218,STORE-0011,2026-08-31,68,31,HEALTHY
PROD-000218,STORE-0012,2026-08-31,154,46,HEALTHY
PROD-000219,STORE-0001,2026-08-31,22,17,LOW
PROD-000219,STORE-0002,2026-08-31,113,18,HEALTHY
PROD-000219,STORE-0003,2026-08-31,233,31,HEALTHY
PROD-000219,STORE-0004,2026-08-31,189,36,HEALTHY
PROD-000219,STORE-0005,2026-08-31,194,38,HEALTHY
PROD-000219,STORE-0006,2026-08-31,222,28,HEALTHY
PROD-000219,STORE-0007,2026-08-31,210,8,HEALTHY
PROD-000219,STORE-0008,2026-08-31,131,15,HEALTHY
PROD-000219,STORE-0009,2026-08-31,16,24,CRITICAL
PROD-000219,STORE-0010,2026-08-31,181,37,HEALTHY
PROD-000219,STORE-0011,2026-08-31,103,13,HEALTHY
PROD-000219,STORE-0012,2026-08-31,199,38,HEALTHY
PROD-000220,STORE-0001,2026-08-31,225,41,HEALTHY
PROD-000220,STORE-0002,2026-08-31,7,16,CRITICAL
PROD-000220,STORE-0003,2026-08-31,49,17,HEALTHY
PROD-000220,STORE-0004,2026-08-31,214,8,HEALTHY
PROD-000220,STORE-0005,2026-08-31,63,7,HEALTHY
PROD-000220,STORE-0006,2026-08-31,116,8,HEALTHY
PROD-000220,STORE-0007,2026-08-31,235,28,HEALTHY
PROD-000220,STORE-0008,2026-08-31,180,17,HEALTHY
PROD-000220,STORE-0009,2026-08-31,70,28,HEALTHY
PROD-000220,STORE-0010,2026-08-31,210,34,HEALTHY
PROD-000220,STORE-0011,2026-08-31,129,30,HEALTHY
PROD-000220,STORE-0012,2026-08-31,162,12,HEALTHY
PROD-000221,STORE-0001,2026-08-31,174,6,HEALTHY
PROD-000221,STORE-0002,2026-08-31,61,28,HEALTHY
PROD-000221,STORE-0003,2026-08-31,125,43,HEALTHY
PROD-000221,STORE-0004,2026-08-31,114,16,HEALTHY
PROD-000221,STORE-0005,2026-08-31,245,35,HEALTHY
PROD-000221,STORE-0006,2026-08-31,150,40,HEALTHY
PROD-000221,STORE-0007,2026-08-31,89,27,HEALTHY
PROD-000221,STORE-0008,2026-08-31,41,21,LOW
PROD-000221,STORE-0009,2026-08-31,191,49,HEALTHY
PROD-000221,STORE-0010,2026-08-31,23,23,CRITICAL
PROD-000221,STORE-0011,2026-08-31,7,29,CRITICAL
PROD-000221,STORE-0012,2026-08-31,12,15,CRITICAL
PROD-000222,STORE-0001,2026-08-31,218,41,HEALTHY
PROD-000222,STORE-0002,2026-08-31,199,18,HEALTHY
PROD-000222,STORE-0003,2026-08-31,219,19,HEALTHY
PROD-000222,STORE-0004,2026-08-31,165,19,HEALTHY
PROD-000222,STORE-0005,2026-08-31,173,18,HEALTHY
PROD-000222,STORE-0006,2026-08-31,68,46,LOW
PROD-000222,STORE-0007,2026-08-31,104,37,HEALTHY
PROD-000222,STORE-0008,2026-08-31,5,48,CRITICAL
PROD-000222,STORE-0009,2026-08-31,2,35,CRITICAL
PROD-000222,STORE-0010,2026-08-31,233,13,HEALTHY
PROD-000222,STORE-0011,2026-08-31,165,16,HEALTHY
PROD-000222,STORE-0012,2026-08-31,153,5,HEALTHY
PROD-000223,STORE-0001,2026-08-31,57,21,HEALTHY
PROD-000223,STORE-0002,2026-08-31,155,24,HEALTHY
PROD-000223,STORE-0003,2026-08-31,182,50,HEALTHY
PROD-000223,STORE-0004,2026-08-31,164,22,HEALTHY
PROD-000223,STORE-0005,2026-08-31,108,29,HEALTHY
PROD-000223,STORE-0006,2026-08-31,218,27,HEALTHY
PROD-000223,STORE-0007,2026-08-31,117,21,HEALTHY
PROD-000223,STORE-0008,2026-08-31,55,34,LOW
PROD-000223,STORE-0009,2026-08-31,77,48,LOW
PROD-000223,STORE-0010,2026-08-31,133,44,HEALTHY
PROD-000223,STORE-0011,2026-08-31,101,42,HEALTHY
PROD-000223,STORE-0012,2026-08-31,26,5,HEALTHY
PROD-000224,STORE-0001,2026-08-31,130,47,HEALTHY
PROD-000224,STORE-0002,2026-08-31,247,28,HEALTHY
PROD-000224,STORE-0003,2026-08-31,143,46,HEALTHY
PROD-000224,STORE-0004,2026-08-31,152,43,HEALTHY
PROD-000224,STORE-0005,2026-08-31,72,24,HEALTHY
PROD-000224,STORE-0006,2026-08-31,175,11,HEALTHY
PROD-000224,STORE-0007,2026-08-31,123,9,HEALTHY
PROD-000224,STORE-0008,2026-08-31,86,22,HEALTHY
PROD-000224,STORE-0009,2026-08-31,163,25,HEALTHY
PROD-000224,STORE-0010,2026-08-31,220,22,HEALTHY
PROD-000224,STORE-0011,2026-08-31,66,46,LOW
PROD-000224,STORE-0012,2026-08-31,182,46,HEALTHY
PROD-000225,STORE-0001,2026-08-31,76,17,HEALTHY
PROD-000225,STORE-0002,2026-08-31,38,38,CRITICAL
PROD-000225,STORE-0003,2026-08-31,195,20,HEALTHY
PROD-000225,STORE-0004,2026-08-31,230,8,HEALTHY
PROD-000225,STORE-0005,2026-08-31,206,43,HEALTHY
PROD-000225,STORE-0006,2026-08-31,103,47,HEALTHY
PROD-000225,STORE-0007,2026-08-31,81,48,LOW
PROD-000225,STORE-0008,2026-08-31,35,6,HEALTHY
PROD-000225,STORE-0009,2026-08-31,167,36,HEALTHY
PROD-000225,STORE-0010,2026-08-31,75,21,HEALTHY
PROD-000225,STORE-0011,2026-08-31,232,31,HEALTHY
PROD-000225,STORE-0012,2026-08-31,103,29,HEALTHY
PROD-000226,STORE-0001,2026-08-31,188,7,HEALTHY
PROD-000226,STORE-0002,2026-08-31,149,50,HEALTHY
PROD-000226,STORE-0003,2026-08-31,146,17,HEALTHY
PROD-000226,STORE-0004,2026-08-31,87,50,LOW
PROD-000226,STORE-0005,2026-08-31,56,48,LOW
PROD-000226,STORE-0006,2026-08-31,136,45,HEALTHY
PROD-000226,STORE-0007,2026-08-31,200,35,HEALTHY
PROD-000226,STORE-0008,2026-08-31,232,47,HEALTHY
PROD-000226,STORE-0009,2026-08-31,91,37,HEALTHY
PROD-000226,STORE-0010,2026-08-31,76,15,HEALTHY
PROD-000226,STORE-0011,2026-08-31,215,47,HEALTHY
PROD-000226,STORE-0012,2026-08-31,224,40,HEALTHY
PROD-000227,STORE-0001,2026-08-31,46,23,LOW
PROD-000227,STORE-0002,2026-08-31,24,35,CRITICAL
PROD-000227,STORE-0003,2026-08-31,32,21,LOW
PROD-000227,STORE-0004,2026-08-31,185,40,HEALTHY
PROD-000227,STORE-0005,2026-08-31,195,16,HEALTHY
PROD-000227,STORE-0006,2026-08-31,242,48,HEALTHY
PROD-000227,STORE-0007,2026-08-31,230,26,HEALTHY
PROD-000227,STORE-0008,2026-08-31,167,10,HEALTHY
PROD-000227,STORE-0009,2026-08-31,56,27,HEALTHY
PROD-000227,STORE-0010,2026-08-31,57,24,HEALTHY
PROD-000227,STORE-0011,2026-08-31,107,26,HEALTHY
PROD-000227,STORE-0012,2026-08-31,95,21,HEALTHY
PROD-000228,STORE-0001,2026-08-31,149,23,HEALTHY
PROD-000228,STORE-0002,2026-08-31,118,12,HEALTHY
PROD-000228,STORE-0003,2026-08-31,120,8,HEALTHY
PROD-000228,STORE-0004,2026-08-31,221,45,HEALTHY
PROD-000228,STORE-0005,2026-08-31,149,42,HEALTHY
PROD-000228,STORE-0006,2026-08-31,241,44,HEALTHY
PROD-000228,STORE-0007,2026-08-31,18,35,CRITICAL
PROD-000228,STORE-0008,2026-08-31,227,17,HEALTHY
PROD-000228,STORE-0009,2026-08-31,128,12,HEALTHY
PROD-000228,STORE-0010,2026-08-31,222,48,HEALTHY
PROD-000228,STORE-0011,2026-08-31,97,38,HEALTHY
PROD-000228,STORE-0012,2026-08-31,76,31,HEALTHY
PROD-000229,STORE-0001,2026-08-31,13,14,CRITICAL
PROD-000229,STORE-0002,2026-08-31,35,17,HEALTHY
PROD-000229,STORE-0003,2026-08-31,87,31,HEALTHY
PROD-000229,STORE-0004,2026-08-31,145,34,HEALTHY
PROD-000229,STORE-0005,2026-08-31,36,25,LOW
PROD-000229,STORE-0006,2026-08-31,220,50,HEALTHY
PROD-000229,STORE-0007,2026-08-31,46,10,HEALTHY
PROD-000229,STORE-0008,2026-08-31,124,26,HEALTHY
PROD-000229,STORE-0009,2026-08-31,161,16,HEALTHY
PROD-000229,STORE-0010,2026-08-31,80,45,LOW
PROD-000229,STORE-0011,2026-08-31,14,5,HEALTHY
PROD-000229,STORE-0012,2026-08-31,115,22,HEALTHY
PROD-000230,STORE-0001,2026-08-31,53,15,HEALTHY
PROD-000230,STORE-0002,2026-08-31,147,15,HEALTHY
PROD-000230,STORE-0003,2026-08-31,125,10,HEALTHY
PROD-000230,STORE-0004,2026-08-31,33,44,CRITICAL
PROD-000230,STORE-0005,2026-08-31,111,45,HEALTHY
PROD-000230,STORE-0006,2026-08-31,109,30,HEALTHY
PROD-000230,STORE-0007,2026-08-31,109,35,HEALTHY
PROD-000230,STORE-0008,2026-08-31,98,5,HEALTHY
PROD-000230,STORE-0009,2026-08-31,9,39,CRITICAL
PROD-000230,STORE-0010,2026-08-31,51,28,LOW
PROD-000230,STORE-0011,2026-08-31,243,5,HEALTHY
PROD-000230,STORE-0012,2026-08-31,228,25,HEALTHY
PROD-000231,STORE-0001,2026-08-31,193,38,HEALTHY
PROD-000231,STORE-0002,2026-08-31,48,6,HEALTHY
PROD-000231,STORE-0003,2026-08-31,173,5,HEALTHY
PROD-000231,STORE-0004,2026-08-31,160,20,HEALTHY
PROD-000231,STORE-0005,2026-08-31,57,49,LOW
PROD-000231,STORE-0006,2026-08-31,224,27,HEALTHY
PROD-000231,STORE-0007,2026-08-31,79,13,HEALTHY
PROD-000231,STORE-0008,2026-08-31,26,29,CRITICAL
PROD-000231,STORE-0009,2026-08-31,128,42,HEALTHY
PROD-000231,STORE-0010,2026-08-31,78,15,HEALTHY
PROD-000231,STORE-0011,2026-08-31,16,7,HEALTHY
PROD-000231,STORE-0012,2026-08-31,76,23,HEALTHY
PROD-000232,STORE-0001,2026-08-31,116,38,HEALTHY
PROD-000232,STORE-0002,2026-08-31,152,38,HEALTHY
PROD-000232,STORE-0003,2026-08-31,86,32,HEALTHY
PROD-000232,STORE-0004,2026-08-31,227,48,HEALTHY
PROD-000232,STORE-0005,2026-08-31,34,26,LOW
PROD-000232,STORE-0006,2026-08-31,230,36,HEALTHY
PROD-000232,STORE-0007,2026-08-31,91,17,HEALTHY
PROD-000232,STORE-0008,2026-08-31,42,30,LOW
PROD-000232,STORE-0009,2026-08-31,4,19,CRITICAL
PROD-000232,STORE-0010,2026-08-31,57,13,HEALTHY
PROD-000232,STORE-0011,2026-08-31,54,6,HEALTHY
PROD-000232,STORE-0012,2026-08-31,150,37,HEALTHY
PROD-000233,STORE-0001,2026-08-31,43,12,HEALTHY
PROD-000233,STORE-0002,2026-08-31,93,50,LOW
PROD-000233,STORE-0003,2026-08-31,166,7,HEALTHY
PROD-000233,STORE-0004,2026-08-31,96,45,HEALTHY
PROD-000233,STORE-0005,2026-08-31,65,39,LOW
PROD-000233,STORE-0006,2026-08-31,159,8,HEALTHY
PROD-000233,STORE-0007,2026-08-31,152,8,HEALTHY
PROD-000233,STORE-0008,2026-08-31,169,11,HEALTHY
PROD-000233,STORE-0009,2026-08-31,167,6,HEALTHY
PROD-000233,STORE-0010,2026-08-31,12,49,CRITICAL
PROD-000233,STORE-0011,2026-08-31,29,31,CRITICAL
PROD-000233,STORE-0012,2026-08-31,113,29,HEALTHY
PROD-000234,STORE-0001,2026-08-31,31,40,CRITICAL
PROD-000234,STORE-0002,2026-08-31,64,35,LOW
PROD-000234,STORE-0003,2026-08-31,179,14,HEALTHY
PROD-000234,STORE-0004,2026-08-31,52,49,LOW
PROD-000234,STORE-0005,2026-08-31,175,45,HEALTHY
PROD-000234,STORE-0006,2026-08-31,2,24,CRITICAL
PROD-000234,STORE-0007,2026-08-31,107,47,HEALTHY
PROD-000234,STORE-0008,2026-08-31,25,47,CRITICAL
PROD-000234,STORE-0009,2026-08-31,133,22,HEALTHY
PROD-000234,STORE-0010,2026-08-31,159,43,HEALTHY
PROD-000234,STORE-0011,2026-08-31,179,13,HEALTHY
PROD-000234,STORE-0012,2026-08-31,107,11,HEALTHY
PROD-000235,STORE-0001,2026-08-31,130,44,HEALTHY
PROD-000235,STORE-0002,2026-08-31,30,23,LOW
PROD-000235,STORE-0003,2026-08-31,29,11,HEALTHY
PROD-000235,STORE-0004,2026-08-31,127,17,HEALTHY
PROD-000235,STORE-0005,2026-08-31,155,17,HEALTHY
PROD-000235,STORE-0006,2026-08-31,199,21,HEALTHY
PROD-000235,STORE-0007,2026-08-31,212,38,HEALTHY
PROD-000235,STORE-0008,2026-08-31,249,17,HEALTHY
PROD-000235,STORE-0009,2026-08-31,91,50,LOW
PROD-000235,STORE-0010,2026-08-31,104,23,HEALTHY
PROD-000235,STORE-0011,2026-08-31,41,7,HEALTHY
PROD-000235,STORE-0012,2026-08-31,140,36,HEALTHY
PROD-000236,STORE-0001,2026-08-31,233,18,HEALTHY
PROD-000236,STORE-0002,2026-08-31,176,35,HEALTHY
PROD-000236,STORE-0003,2026-08-31,84,20,HEALTHY
PROD-000236,STORE-0004,2026-08-31,0,5,CRITICAL
PROD-000236,STORE-0005,2026-08-31,171,10,HEALTHY
PROD-000236,STORE-0006,2026-08-31,232,12,HEALTHY
PROD-000236,STORE-0007,2026-08-31,213,41,HEALTHY
PROD-000236,STORE-0008,2026-08-31,171,36,HEALTHY
PROD-000236,STORE-0009,2026-08-31,38,10,HEALTHY
PROD-000236,STORE-0010,2026-08-31,199,37,HEALTHY
PROD-000236,STORE-0011,2026-08-31,19,11,LOW
PROD-000236,STORE-0012,2026-08-31,231,21,HEALTHY
PROD-000237,STORE-0001,2026-08-31,164,19,HEALTHY
PROD-000237,STORE-0002,2026-08-31,116,23,HEALTHY
PROD-000237,STORE-0003,2026-08-31,67,34,LOW
PROD-000237,STORE-0004,2026-08-31,12,11,LOW
PROD-000237,STORE-0005,2026-08-31,208,16,HEALTHY
PROD-000237,STORE-0006,2026-08-31,223,7,HEALTHY
PROD-000237,STORE-0007,2026-08-31,218,23,HEALTHY
PROD-000237,STORE-0008,2026-08-31,92,48,LOW
PROD-000237,STORE-0009,2026-08-31,80,32,HEALTHY
PROD-000237,STORE-0010,2026-08-31,189,12,HEALTHY
PROD-000237,STORE-0011,2026-08-31,24,7,HEALTHY
PROD-000237,STORE-0012,2026-08-31,2,13,CRITICAL
PROD-000238,STORE-0001,2026-08-31,169,46,HEALTHY
PROD-000238,STORE-0002,2026-08-31,43,26,LOW
PROD-000238,STORE-0003,2026-08-31,91,33,HEALTHY
PROD-000238,STORE-0004,2026-08-31,244,44,HEALTHY
PROD-000238,STORE-0005,2026-08-31,68,10,HEALTHY
PROD-000238,STORE-0006,2026-08-31,95,26,HEALTHY
PROD-000238,STORE-0007,2026-08-31,46,12,HEALTHY
PROD-000238,STORE-0008,2026-08-31,102,30,HEALTHY
PROD-000238,STORE-0009,2026-08-31,246,34,HEALTHY
PROD-000238,STORE-0010,2026-08-31,69,29,HEALTHY
PROD-000238,STORE-0011,2026-08-31,176,35,HEALTHY
PROD-000238,STORE-0012,2026-08-31,204,31,HEALTHY
PROD-000239,STORE-0001,2026-08-31,166,15,HEALTHY
PROD-000239,STORE-0002,2026-08-31,28,13,HEALTHY
PROD-000239,STORE-0003,2026-08-31,178,8,HEALTHY
PROD-000239,STORE-0004,2026-08-31,241,15,HEALTHY
PROD-000239,STORE-0005,2026-08-31,26,31,CRITICAL
PROD-000239,STORE-0006,2026-08-31,233,42,HEALTHY
PROD-000239,STORE-0007,2026-08-31,123,41,HEALTHY
PROD-000239,STORE-0008,2026-08-31,173,33,HEALTHY
PROD-000239,STORE-0009,2026-08-31,46,44,LOW
PROD-000239,STORE-0010,2026-08-31,97,27,HEALTHY
PROD-000239,STORE-0011,2026-08-31,156,6,HEALTHY
PROD-000239,STORE-0012,2026-08-31,220,48,HEALTHY
PROD-000240,STORE-0001,2026-08-31,225,13,HEALTHY
PROD-000240,STORE-0002,2026-08-31,123,36,HEALTHY
PROD-000240,STORE-0003,2026-08-31,28,31,CRITICAL
PROD-000240,STORE-0004,2026-08-31,112,7,HEALTHY
PROD-000240,STORE-0005,2026-08-31,16,21,CRITICAL
PROD-000240,STORE-0006,2026-08-31,167,25,HEALTHY
PROD-000240,STORE-0007,2026-08-31,3,50,CRITICAL
PROD-000240,STORE-0008,2026-08-31,222,48,HEALTHY
PROD-000240,STORE-0009,2026-08-31,134,41,HEALTHY
PROD-000240,STORE-0010,2026-08-31,185,41,HEALTHY
PROD-000240,STORE-0011,2026-08-31,57,47,LOW
PROD-000240,STORE-0012,2026-08-31,223,26,HEALTHY
PROD-000241,STORE-0001,2026-08-31,132,38,HEALTHY
PROD-000241,STORE-0002,2026-08-31,176,49,HEALTHY
PROD-000241,STORE-0003,2026-08-31,158,11,HEALTHY
PROD-000241,STORE-0004,2026-08-31,110,47,HEALTHY
PROD-000241,STORE-0005,2026-08-31,186,20,HEALTHY
PROD-000241,STORE-0006,2026-08-31,123,27,HEALTHY
PROD-000241,STORE-0007,2026-08-31,169,48,HEALTHY
PROD-000241,STORE-0008,2026-08-31,164,29,HEALTHY
PROD-000241,STORE-0009,2026-08-31,38,40,CRITICAL
PROD-000241,STORE-0010,2026-08-31,228,44,HEALTHY
PROD-000241,STORE-0011,2026-08-31,13,5,HEALTHY
PROD-000241,STORE-0012,2026-08-31,164,15,HEALTHY
PROD-000242,STORE-0001,2026-08-31,129,35,HEALTHY
PROD-000242,STORE-0002,2026-08-31,218,36,HEALTHY
PROD-000242,STORE-0003,2026-08-31,222,15,HEALTHY
PROD-000242,STORE-0004,2026-08-31,19,36,CRITICAL
PROD-000242,STORE-0005,2026-08-31,82,20,HEALTHY
PROD-000242,STORE-0006,2026-08-31,84,22,HEALTHY
PROD-000242,STORE-0007,2026-08-31,12,37,CRITICAL
PROD-000242,STORE-0008,2026-08-31,57,40,LOW
PROD-000242,STORE-0009,2026-08-31,164,29,HEALTHY
PROD-000242,STORE-0010,2026-08-31,103,20,HEALTHY
PROD-000242,STORE-0011,2026-08-31,20,34,CRITICAL
PROD-000242,STORE-0012,2026-08-31,113,41,HEALTHY
PROD-000243,STORE-0001,2026-08-31,114,10,HEALTHY
PROD-000243,STORE-0002,2026-08-31,219,36,HEALTHY
PROD-000243,STORE-0003,2026-08-31,114,25,HEALTHY
PROD-000243,STORE-0004,2026-08-31,30,36,CRITICAL
PROD-000243,STORE-0005,2026-08-31,190,46,HEALTHY
PROD-000243,STORE-0006,2026-08-31,4,11,CRITICAL
PROD-000243,STORE-0007,2026-08-31,103,31,HEALTHY
PROD-000243,STORE-0008,2026-08-31,9,40,CRITICAL
PROD-000243,STORE-0009,2026-08-31,140,5,HEALTHY
PROD-000243,STORE-0010,2026-08-31,211,10,HEALTHY
PROD-000243,STORE-0011,2026-08-31,202,43,HEALTHY
PROD-000243,STORE-0012,2026-08-31,246,44,HEALTHY
PROD-000244,STORE-0001,2026-08-31,163,24,HEALTHY
PROD-000244,STORE-0002,2026-08-31,227,37,HEALTHY
PROD-000244,STORE-0003,2026-08-31,143,18,HEALTHY
PROD-000244,STORE-0004,2026-08-31,167,47,HEALTHY
PROD-000244,STORE-0005,2026-08-31,116,26,HEALTHY
PROD-000244,STORE-0006,2026-08-31,93,8,HEALTHY
PROD-000244,STORE-0007,2026-08-31,209,19,HEALTHY
PROD-000244,STORE-0008,2026-08-31,216,34,HEALTHY
PROD-000244,STORE-0009,2026-08-31,84,40,HEALTHY
PROD-000244,STORE-0010,2026-08-31,196,44,HEALTHY
PROD-000244,STORE-0011,2026-08-31,153,35,HEALTHY
PROD-000244,STORE-0012,2026-08-31,183,47,HEALTHY
PROD-000245,STORE-0001,2026-08-31,93,50,LOW
PROD-000245,STORE-0002,2026-08-31,115,12,HEALTHY
PROD-000245,STORE-0003,2026-08-31,24,47,CRITICAL
PROD-000245,STORE-0004,2026-08-31,56,5,HEALTHY
PROD-000245,STORE-0005,2026-08-31,87,27,HEALTHY
PROD-000245,STORE-0006,2026-08-31,212,45,HEALTHY
PROD-000245,STORE-0007,2026-08-31,246,23,HEALTHY
PROD-000245,STORE-0008,2026-08-31,140,38,HEALTHY
PROD-000245,STORE-0009,2026-08-31,95,49,LOW
PROD-000245,STORE-0010,2026-08-31,27,7,HEALTHY
PROD-000245,STORE-0011,2026-08-31,229,15,HEALTHY
PROD-000245,STORE-0012,2026-08-31,126,13,HEALTHY
PROD-000246,STORE-0001,2026-08-31,210,50,HEALTHY
PROD-000246,STORE-0002,2026-08-31,190,31,HEALTHY
PROD-000246,STORE-0003,2026-08-31,27,21,LOW
PROD-000246,STORE-0004,2026-08-31,156,17,HEALTHY
PROD-000246,STORE-0005,2026-08-31,48,12,HEALTHY
PROD-000246,STORE-0006,2026-08-31,238,30,HEALTHY
PROD-000246,STORE-0007,2026-08-31,55,34,LOW
PROD-000246,STORE-0008,2026-08-31,211,17,HEALTHY
PROD-000246,STORE-0009,2026-08-31,183,26,HEALTHY
PROD-000246,STORE-0010,2026-08-31,27,31,CRITICAL
PROD-000246,STORE-0011,2026-08-31,11,45,CRITICAL
PROD-000246,STORE-0012,2026-08-31,214,48,HEALTHY
PROD-000247,STORE-0001,2026-08-31,150,12,HEALTHY
PROD-000247,STORE-0002,2026-08-31,197,33,HEALTHY
PROD-000247,STORE-0003,2026-08-31,117,47,HEALTHY
PROD-000247,STORE-0004,2026-08-31,150,37,HEALTHY
PROD-000247,STORE-0005,2026-08-31,34,36,CRITICAL
PROD-000247,STORE-0006,2026-08-31,1,38,CRITICAL
PROD-000247,STORE-0007,2026-08-31,188,8,HEALTHY
PROD-000247,STORE-0008,2026-08-31,141,32,HEALTHY
PROD-000247,STORE-0009,2026-08-31,214,42,HEALTHY
PROD-000247,STORE-0010,2026-08-31,123,37,HEALTHY
PROD-000247,STORE-0011,2026-08-31,199,16,HEALTHY
PROD-000247,STORE-0012,2026-08-31,177,42,HEALTHY
PROD-000248,STORE-0001,2026-08-31,44,13,HEALTHY
PROD-000248,STORE-0002,2026-08-31,26,29,CRITICAL
PROD-000248,STORE-0003,2026-08-31,168,43,HEALTHY
PROD-000248,STORE-0004,2026-08-31,155,25,HEALTHY
PROD-000248,STORE-0005,2026-08-31,129,29,HEALTHY
PROD-000248,STORE-0006,2026-08-31,107,43,HEALTHY
PROD-000248,STORE-0007,2026-08-31,234,49,HEALTHY
PROD-000248,STORE-0008,2026-08-31,195,20,HEALTHY
PROD-000248,STORE-0009,2026-08-31,70,30,HEALTHY
PROD-000248,STORE-0010,2026-08-31,246,26,HEALTHY
PROD-000248,STORE-0011,2026-08-31,248,23,HEALTHY
PROD-000248,STORE-0012,2026-08-31,115,13,HEALTHY
PROD-000249,STORE-0001,2026-08-31,35,31,LOW
PROD-000249,STORE-0002,2026-08-31,154,49,HEALTHY
PROD-000249,STORE-0003,2026-08-31,226,37,HEALTHY
PROD-000249,STORE-0004,2026-08-31,76,49,LOW
PROD-000249,STORE-0005,2026-08-31,140,25,HEALTHY
PROD-000249,STORE-0006,2026-08-31,182,40,HEALTHY
PROD-000249,STORE-0007,2026-08-31,161,18,HEALTHY
PROD-000249,STORE-0008,2026-08-31,51,18,HEALTHY
PROD-000249,STORE-0009,2026-08-31,159,50,HEALTHY
PROD-000249,STORE-0010,2026-08-31,74,48,LOW
PROD-000249,STORE-0011,2026-08-31,88,48,LOW
PROD-000249,STORE-0012,2026-08-31,33,50,CRITICAL
PROD-000250,STORE-0001,2026-08-31,166,16,HEALTHY
PROD-000250,STORE-0002,2026-08-31,128,39,HEALTHY
PROD-000250,STORE-0003,2026-08-31,177,45,HEALTHY
PROD-000250,STORE-0004,2026-08-31,82,50,LOW
PROD-000250,STORE-0005,2026-08-31,29,27,LOW
PROD-000250,STORE-0006,2026-08-31,143,35,HEALTHY
PROD-000250,STORE-0007,2026-08-31,149,41,HEALTHY
PROD-000250,STORE-0008,2026-08-31,241,47,HEALTHY
PROD-000250,STORE-0009,2026-08-31,181,31,HEALTHY
PROD-000250,STORE-0010,2026-08-31,172,39,HEALTHY
PROD-000250,STORE-0011,2026-08-31,73,32,HEALTHY
PROD-000250,STORE-0012,2026-08-31,206,5,HEALTHY
PROD-000251,STORE-0001,2026-08-31,133,11,HEALTHY
PROD-000251,STORE-0002,2026-08-31,6,29,CRITICAL
PROD-000251,STORE-0003,2026-08-31,37,8,HEALTHY
PROD-000251,STORE-0004,2026-08-31,171,8,HEALTHY
PROD-000251,STORE-0005,2026-08-31,51,22,HEALTHY
PROD-000251,STORE-0006,2026-08-31,192,15,HEALTHY
PROD-000251,STORE-0007,2026-08-31,73,48,LOW
PROD-000251,STORE-0008,2026-08-31,64,14,HEALTHY
PROD-000251,STORE-0009,2026-08-31,214,8,HEALTHY
PROD-000251,STORE-0010,2026-08-31,176,23,HEALTHY
PROD-000251,STORE-0011,2026-08-31,52,39,LOW
PROD-000251,STORE-0012,2026-08-31,8,27,CRITICAL
PROD-000252,STORE-0001,2026-08-31,208,33,HEALTHY
PROD-000252,STORE-0002,2026-08-31,26,44,CRITICAL
PROD-000252,STORE-0003,2026-08-31,222,48,HEALTHY
PROD-000252,STORE-0004,2026-08-31,189,40,HEALTHY
PROD-000252,STORE-0005,2026-08-31,221,19,HEALTHY
PROD-000252,STORE-0006,2026-08-31,190,46,HEALTHY
PROD-000252,STORE-0007,2026-08-31,143,29,HEALTHY
PROD-000252,STORE-0008,2026-08-31,60,37,LOW
PROD-000252,STORE-0009,2026-08-31,200,49,HEALTHY
PROD-000252,STORE-0010,2026-08-31,73,49,LOW
PROD-000252,STORE-0011,2026-08-31,170,8,HEALTHY
PROD-000252,STORE-0012,2026-08-31,237,29,HEALTHY
PROD-000253,STORE-0001,2026-08-31,99,31,HEALTHY
PROD-000253,STORE-0002,2026-08-31,244,48,HEALTHY
PROD-000253,STORE-0003,2026-08-31,80,40,LOW
PROD-000253,STORE-0004,2026-08-31,13,5,HEALTHY
PROD-000253,STORE-0005,2026-08-31,190,21,HEALTHY
PROD-000253,STORE-0006,2026-08-31,51,44,LOW
PROD-000253,STORE-0007,2026-08-31,222,33,HEALTHY
PROD-000253,STORE-0008,2026-08-31,212,19,HEALTHY
PROD-000253,STORE-0009,2026-08-31,233,45,HEALTHY
PROD-000253,STORE-0010,2026-08-31,180,50,HEALTHY
PROD-000253,STORE-0011,2026-08-31,165,28,HEALTHY
PROD-000253,STORE-0012,2026-08-31,193,42,HEALTHY
PROD-000254,STORE-0001,2026-08-31,139,43,HEALTHY
PROD-000254,STORE-0002,2026-08-31,50,17,HEALTHY
PROD-000254,STORE-0003,2026-08-31,75,33,HEALTHY
PROD-000254,STORE-0004,2026-08-31,45,48,CRITICAL
PROD-000254,STORE-0005,2026-08-31,19,16,LOW
PROD-000254,STORE-0006,2026-08-31,246,16,HEALTHY
PROD-000254,STORE-0007,2026-08-31,188,37,HEALTHY
PROD-000254,STORE-0008,2026-08-31,30,29,LOW
PROD-000254,STORE-0009,2026-08-31,10,32,CRITICAL
PROD-000254,STORE-0010,2026-08-31,71,40,LOW
PROD-000254,STORE-0011,2026-08-31,67,13,HEALTHY
PROD-000254,STORE-0012,2026-08-31,41,42,CRITICAL
PROD-000255,STORE-0001,2026-08-31,216,21,HEALTHY
PROD-000255,STORE-0002,2026-08-31,1,26,CRITICAL
PROD-000255,STORE-0003,2026-08-31,119,50,HEALTHY
PROD-000255,STORE-0004,2026-08-31,239,14,HEALTHY
PROD-000255,STORE-0005,2026-08-31,10,14,CRITICAL
PROD-000255,STORE-0006,2026-08-31,237,25,HEALTHY
PROD-000255,STORE-0007,2026-08-31,152,8,HEALTHY
PROD-000255,STORE-0008,2026-08-31,198,45,HEALTHY
PROD-000255,STORE-0009,2026-08-31,157,47,HEALTHY
PROD-000255,STORE-0010,2026-08-31,77,36,HEALTHY
PROD-000255,STORE-0011,2026-08-31,202,41,HEALTHY
PROD-000255,STORE-0012,2026-08-31,140,27,HEALTHY
PROD-000256,STORE-0001,2026-08-31,18,50,CRITICAL
PROD-000256,STORE-0002,2026-08-31,81,38,HEALTHY
PROD-000256,STORE-0003,2026-08-31,56,16,HEALTHY
PROD-000256,STORE-0004,2026-08-31,133,9,HEALTHY
PROD-000256,STORE-0005,2026-08-31,201,37,HEALTHY
PROD-000256,STORE-0006,2026-08-31,40,31,LOW
PROD-000256,STORE-0007,2026-08-31,139,39,HEALTHY
PROD-000256,STORE-0008,2026-08-31,103,10,HEALTHY
PROD-000256,STORE-0009,2026-08-31,89,19,HEALTHY
PROD-000256,STORE-0010,2026-08-31,226,18,HEALTHY
PROD-000256,STORE-0011,2026-08-31,169,26,HEALTHY
PROD-000256,STORE-0012,2026-08-31,84,28,HEALTHY
PROD-000257,STORE-0001,2026-08-31,75,18,HEALTHY
PROD-000257,STORE-0002,2026-08-31,243,44,HEALTHY
PROD-000257,STORE-0003,2026-08-31,135,35,HEALTHY
PROD-000257,STORE-0004,2026-08-31,143,46,HEALTHY
PROD-000257,STORE-0005,2026-08-31,2,12,CRITICAL
PROD-000257,STORE-0006,2026-08-31,171,27,HEALTHY
PROD-000257,STORE-0007,2026-08-31,114,20,HEALTHY
PROD-000257,STORE-0008,2026-08-31,231,46,HEALTHY
PROD-000257,STORE-0009,2026-08-31,157,44,HEALTHY
PROD-000257,STORE-0010,2026-08-31,62,7,HEALTHY
PROD-000257,STORE-0011,2026-08-31,174,25,HEALTHY
PROD-000257,STORE-0012,2026-08-31,97,12,HEALTHY
PROD-000258,STORE-0001,2026-08-31,98,21,HEALTHY
PROD-000258,STORE-0002,2026-08-31,138,23,HEALTHY
PROD-000258,STORE-0003,2026-08-31,6,38,CRITICAL
PROD-000258,STORE-0004,2026-08-31,210,28,HEALTHY
PROD-000258,STORE-0005,2026-08-31,131,37,HEALTHY
PROD-000258,STORE-0006,2026-08-31,114,36,HEALTHY
PROD-000258,STORE-0007,2026-08-31,11,23,CRITICAL
PROD-000258,STORE-0008,2026-08-31,229,46,HEALTHY
PROD-000258,STORE-0009,2026-08-31,49,25,LOW
PROD-000258,STORE-0010,2026-08-31,131,10,HEALTHY
PROD-000258,STORE-0011,2026-08-31,242,11,HEALTHY
PROD-000258,STORE-0012,2026-08-31,42,39,LOW
PROD-000259,STORE-0001,2026-08-31,136,5,HEALTHY
PROD-000259,STORE-0002,2026-08-31,160,9,HEALTHY
PROD-000259,STORE-0003,2026-08-31,53,47,LOW
PROD-000259,STORE-0004,2026-08-31,161,18,HEALTHY
PROD-000259,STORE-0005,2026-08-31,221,48,HEALTHY
PROD-000259,STORE-0006,2026-08-31,108,11,HEALTHY
PROD-000259,STORE-0007,2026-08-31,52,39,LOW
PROD-000259,STORE-0008,2026-08-31,212,49,HEALTHY
PROD-000259,STORE-0009,2026-08-31,224,32,HEALTHY
PROD-000259,STORE-0010,2026-08-31,165,9,HEALTHY
PROD-000259,STORE-0011,2026-08-31,191,48,HEALTHY
PROD-000259,STORE-0012,2026-08-31,39,6,HEALTHY
PROD-000260,STORE-0001,2026-08-31,117,50,HEALTHY
PROD-000260,STORE-0002,2026-08-31,84,7,HEALTHY
PROD-000260,STORE-0003,2026-08-31,22,9,HEALTHY
PROD-000260,STORE-0004,2026-08-31,13,16,CRITICAL
PROD-000260,STORE-0005,2026-08-31,203,21,HEALTHY
PROD-000260,STORE-0006,2026-08-31,142,9,HEALTHY
PROD-000260,STORE-0007,2026-08-31,147,19,HEALTHY
PROD-000260,STORE-0008,2026-08-31,233,21,HEALTHY
PROD-000260,STORE-0009,2026-08-31,104,29,HEALTHY
PROD-000260,STORE-0010,2026-08-31,115,45,HEALTHY
PROD-000260,STORE-0011,2026-08-31,103,32,HEALTHY
PROD-000260,STORE-0012,2026-08-31,80,6,HEALTHY
PROD-000261,STORE-0001,2026-08-31,99,48,HEALTHY
PROD-000261,STORE-0002,2026-08-31,30,39,CRITICAL
PROD-000261,STORE-0003,2026-08-31,1,46,CRITICAL
PROD-000261,STORE-0004,2026-08-31,184,44,HEALTHY
PROD-000261,STORE-0005,2026-08-31,16,42,CRITICAL
PROD-000261,STORE-0006,2026-08-31,11,49,CRITICAL
PROD-000261,STORE-0007,2026-08-31,217,9,HEALTHY
PROD-000261,STORE-0008,2026-08-31,91,37,HEALTHY
PROD-000261,STORE-0009,2026-08-31,27,23,LOW
PROD-000261,STORE-0010,2026-08-31,201,48,HEALTHY
PROD-000261,STORE-0011,2026-08-31,77,43,LOW
PROD-000261,STORE-0012,2026-08-31,22,23,CRITICAL
PROD-000262,STORE-0001,2026-08-31,195,33,HEALTHY
PROD-000262,STORE-0002,2026-08-31,97,30,HEALTHY
PROD-000262,STORE-0003,2026-08-31,210,47,HEALTHY
PROD-000262,STORE-0004,2026-08-31,7,35,CRITICAL
PROD-000262,STORE-0005,2026-08-31,40,39,LOW
PROD-000262,STORE-0006,2026-08-31,56,13,HEALTHY
PROD-000262,STORE-0007,2026-08-31,191,30,HEALTHY
PROD-000262,STORE-0008,2026-08-31,203,39,HEALTHY
PROD-000262,STORE-0009,2026-08-31,75,45,LOW
PROD-000262,STORE-0010,2026-08-31,36,24,LOW
PROD-000262,STORE-0011,2026-08-31,173,46,HEALTHY
PROD-000262,STORE-0012,2026-08-31,95,5,HEALTHY
PROD-000263,STORE-0001,2026-08-31,141,40,HEALTHY
PROD-000263,STORE-0002,2026-08-31,36,12,HEALTHY
PROD-000263,STORE-0003,2026-08-31,10,5,LOW
PROD-000263,STORE-0004,2026-08-31,146,43,HEALTHY
PROD-000263,STORE-0005,2026-08-31,100,39,HEALTHY
PROD-000263,STORE-0006,2026-08-31,140,10,HEALTHY
PROD-000263,STORE-0007,2026-08-31,78,18,HEALTHY
PROD-000263,STORE-0008,2026-08-31,191,27,HEALTHY
PROD-000263,STORE-0009,2026-08-31,54,31,LOW
PROD-000263,STORE-0010,2026-08-31,231,46,HEALTHY
PROD-000263,STORE-0011,2026-08-31,217,37,HEALTHY
PROD-000263,STORE-0012,2026-08-31,36,15,HEALTHY
PROD-000264,STORE-0001,2026-08-31,47,19,HEALTHY
PROD-000264,STORE-0002,2026-08-31,157,21,HEALTHY
PROD-000264,STORE-0003,2026-08-31,49,12,HEALTHY
PROD-000264,STORE-0004,2026-08-31,46,47,CRITICAL
PROD-000264,STORE-0005,2026-08-31,204,41,HEALTHY
PROD-000264,STORE-0006,2026-08-31,218,8,HEALTHY
PROD-000264,STORE-0007,2026-08-31,217,40,HEALTHY
PROD-000264,STORE-0008,2026-08-31,118,46,HEALTHY
PROD-000264,STORE-0009,2026-08-31,140,9,HEALTHY
PROD-000264,STORE-0010,2026-08-31,74,47,LOW
PROD-000264,STORE-0011,2026-08-31,17,21,CRITICAL
PROD-000264,STORE-0012,2026-08-31,25,17,LOW
PROD-000265,STORE-0001,2026-08-31,185,42,HEALTHY
PROD-000265,STORE-0002,2026-08-31,124,26,HEALTHY
PROD-000265,STORE-0003,2026-08-31,91,13,HEALTHY
PROD-000265,STORE-0004,2026-08-31,171,46,HEALTHY
PROD-000265,STORE-0005,2026-08-31,60,11,HEALTHY
PROD-000265,STORE-0006,2026-08-31,72,44,LOW
PROD-000265,STORE-0007,2026-08-31,17,17,CRITICAL
PROD-000265,STORE-0008,2026-08-31,81,36,HEALTHY
PROD-000265,STORE-0009,2026-08-31,115,26,HEALTHY
PROD-000265,STORE-0010,2026-08-31,157,47,HEALTHY
PROD-000265,STORE-0011,2026-08-31,78,49,LOW
PROD-000265,STORE-0012,2026-08-31,149,14,HEALTHY
PROD-000266,STORE-0001,2026-08-31,144,41,HEALTHY
PROD-000266,STORE-0002,2026-08-31,93,25,HEALTHY
PROD-000266,STORE-0003,2026-08-31,245,32,HEALTHY
PROD-000266,STORE-0004,2026-08-31,43,5,HEALTHY
PROD-000266,STORE-0005,2026-08-31,80,20,HEALTHY
PROD-000266,STORE-0006,2026-08-31,201,19,HEALTHY
PROD-000266,STORE-0007,2026-08-31,182,46,HEALTHY
PROD-000266,STORE-0008,2026-08-31,111,22,HEALTHY
PROD-000266,STORE-0009,2026-08-31,215,28,HEALTHY
PROD-000266,STORE-0010,2026-08-31,34,48,CRITICAL
PROD-000266,STORE-0011,2026-08-31,187,26,HEALTHY
PROD-000266,STORE-0012,2026-08-31,224,35,HEALTHY
PROD-000267,STORE-0001,2026-08-31,118,33,HEALTHY
PROD-000267,STORE-0002,2026-08-31,91,24,HEALTHY
PROD-000267,STORE-0003,2026-08-31,124,40,HEALTHY
PROD-000267,STORE-0004,2026-08-31,27,16,LOW
PROD-000267,STORE-0005,2026-08-31,165,43,HEALTHY
PROD-000267,STORE-0006,2026-08-31,20,22,CRITICAL
PROD-000267,STORE-0007,2026-08-31,219,13,HEALTHY
PROD-000267,STORE-0008,2026-08-31,228,39,HEALTHY
PROD-000267,STORE-0009,2026-08-31,50,21,HEALTHY
PROD-000267,STORE-0010,2026-08-31,187,45,HEALTHY
PROD-000267,STORE-0011,2026-08-31,19,9,HEALTHY
PROD-000267,STORE-0012,2026-08-31,228,6,HEALTHY
PROD-000268,STORE-0001,2026-08-31,217,37,HEALTHY
PROD-000268,STORE-0002,2026-08-31,161,6,HEALTHY
PROD-000268,STORE-0003,2026-08-31,208,42,HEALTHY
PROD-000268,STORE-0004,2026-08-31,148,30,HEALTHY
PROD-000268,STORE-0005,2026-08-31,196,42,HEALTHY
PROD-000268,STORE-0006,2026-08-31,54,7,HEALTHY
PROD-000268,STORE-0007,2026-08-31,141,21,HEALTHY
PROD-000268,STORE-0008,2026-08-31,139,39,HEALTHY
PROD-000268,STORE-0009,2026-08-31,120,46,HEALTHY
PROD-000268,STORE-0010,2026-08-31,198,14,HEALTHY
PROD-000268,STORE-0011,2026-08-31,93,30,HEALTHY
PROD-000268,STORE-0012,2026-08-31,57,42,LOW
PROD-000269,STORE-0001,2026-08-31,187,23,HEALTHY
PROD-000269,STORE-0002,2026-08-31,34,34,CRITICAL
PROD-000269,STORE-0003,2026-08-31,128,37,HEALTHY
PROD-000269,STORE-0004,2026-08-31,23,30,CRITICAL
PROD-000269,STORE-0005,2026-08-31,93,37,HEALTHY
PROD-000269,STORE-0006,2026-08-31,2,47,CRITICAL
PROD-000269,STORE-0007,2026-08-31,61,44,LOW
PROD-000269,STORE-0008,2026-08-31,175,15,HEALTHY
PROD-000269,STORE-0009,2026-08-31,193,37,HEALTHY
PROD-000269,STORE-0010,2026-08-31,35,33,LOW
PROD-000269,STORE-0011,2026-08-31,40,16,HEALTHY
PROD-000269,STORE-0012,2026-08-31,144,41,HEALTHY
PROD-000270,STORE-0001,2026-08-31,168,14,HEALTHY
PROD-000270,STORE-0002,2026-08-31,188,35,HEALTHY
PROD-000270,STORE-0003,2026-08-31,240,27,HEALTHY
PROD-000270,STORE-0004,2026-08-31,10,19,CRITICAL
PROD-000270,STORE-0005,2026-08-31,194,36,HEALTHY
PROD-000270,STORE-0006,2026-08-31,59,9,HEALTHY
PROD-000270,STORE-0007,2026-08-31,67,28,HEALTHY
PROD-000270,STORE-0008,2026-08-31,59,7,HEALTHY
PROD-000270,STORE-0009,2026-08-31,171,18,HEALTHY
PROD-000270,STORE-0010,2026-08-31,132,28,HEALTHY
PROD-000270,STORE-0011,2026-08-31,99,35,HEALTHY
PROD-000270,STORE-0012,2026-08-31,234,34,HEALTHY
PROD-000271,STORE-0001,2026-08-31,225,7,HEALTHY
PROD-000271,STORE-0002,2026-08-31,10,46,CRITICAL
PROD-000271,STORE-0003,2026-08-31,82,11,HEALTHY
PROD-000271,STORE-0004,2026-08-31,180,38,HEALTHY
PROD-000271,STORE-0005,2026-08-31,162,22,HEALTHY
PROD-000271,STORE-0006,2026-08-31,213,21,HEALTHY
PROD-000271,STORE-0007,2026-08-31,148,39,HEALTHY
PROD-000271,STORE-0008,2026-08-31,145,16,HEALTHY
PROD-000271,STORE-0009,2026-08-31,96,46,HEALTHY
PROD-000271,STORE-0010,2026-08-31,96,28,HEALTHY
PROD-000271,STORE-0011,2026-08-31,150,46,HEALTHY
PROD-000271,STORE-0012,2026-08-31,229,9,HEALTHY
PROD-000272,STORE-0001,2026-08-31,132,21,HEALTHY
PROD-000272,STORE-0002,2026-08-31,96,19,HEALTHY
PROD-000272,STORE-0003,2026-08-31,132,30,HEALTHY
PROD-000272,STORE-0004,2026-08-31,90,27,HEALTHY
PROD-000272,STORE-0005,2026-08-31,124,35,HEALTHY
PROD-000272,STORE-0006,2026-08-31,227,43,HEALTHY
PROD-000272,STORE-0007,2026-08-31,1,37,CRITICAL
PROD-000272,STORE-0008,2026-08-31,225,13,HEALTHY
PROD-000272,STORE-0009,2026-08-31,112,15,HEALTHY
PROD-000272,STORE-0010,2026-08-31,58,9,HEALTHY
PROD-000272,STORE-0011,2026-08-31,131,46,HEALTHY
PROD-000272,STORE-0012,2026-08-31,71,18,HEALTHY
PROD-000273,STORE-0001,2026-08-31,38,16,HEALTHY
PROD-000273,STORE-0002,2026-08-31,40,28,LOW
PROD-000273,STORE-0003,2026-08-31,154,50,HEALTHY
PROD-000273,STORE-0004,2026-08-31,209,12,HEALTHY
PROD-000273,STORE-0005,2026-08-31,169,19,HEALTHY
PROD-000273,STORE-0006,2026-08-31,106,26,HEALTHY
PROD-000273,STORE-0007,2026-08-31,184,12,HEALTHY
PROD-000273,STORE-0008,2026-08-31,123,48,HEALTHY
PROD-000273,STORE-0009,2026-08-31,122,35,HEALTHY
PROD-000273,STORE-0010,2026-08-31,53,42,LOW
PROD-000273,STORE-0011,2026-08-31,41,46,CRITICAL
PROD-000273,STORE-0012,2026-08-31,213,31,HEALTHY
PROD-000274,STORE-0001,2026-08-31,5,20,CRITICAL
PROD-000274,STORE-0002,2026-08-31,11,13,CRITICAL
PROD-000274,STORE-0003,2026-08-31,146,42,HEALTHY
PROD-000274,STORE-0004,2026-08-31,41,13,HEALTHY
PROD-000274,STORE-0005,2026-08-31,161,37,HEALTHY
PROD-000274,STORE-0006,2026-08-31,10,41,CRITICAL
PROD-000274,STORE-0007,2026-08-31,37,8,HEALTHY
PROD-000274,STORE-0008,2026-08-31,42,21,LOW
PROD-000274,STORE-0009,2026-08-31,236,16,HEALTHY
PROD-000274,STORE-0010,2026-08-31,132,30,HEALTHY
PROD-000274,STORE-0011,2026-08-31,153,41,HEALTHY
PROD-000274,STORE-0012,2026-08-31,163,6,HEALTHY
PROD-000275,STORE-0001,2026-08-31,224,47,HEALTHY
PROD-000275,STORE-0002,2026-08-31,210,23,HEALTHY
PROD-000275,STORE-0003,2026-08-31,242,10,HEALTHY
PROD-000275,STORE-0004,2026-08-31,55,33,LOW
PROD-000275,STORE-0005,2026-08-31,155,35,HEALTHY
PROD-000275,STORE-0006,2026-08-31,222,35,HEALTHY
PROD-000275,STORE-0007,2026-08-31,43,19,HEALTHY
PROD-000275,STORE-0008,2026-08-31,212,31,HEALTHY
PROD-000275,STORE-0009,2026-08-31,153,14,HEALTHY
PROD-000275,STORE-0010,2026-08-31,203,42,HEALTHY
PROD-000275,STORE-0011,2026-08-31,210,16,HEALTHY
PROD-000275,STORE-0012,2026-08-31,159,47,HEALTHY
PROD-000276,STORE-0001,2026-08-31,130,21,HEALTHY
PROD-000276,STORE-0002,2026-08-31,42,48,CRITICAL
PROD-000276,STORE-0003,2026-08-31,87,34,HEALTHY
PROD-000276,STORE-0004,2026-08-31,152,42,HEALTHY
PROD-000276,STORE-0005,2026-08-31,17,19,CRITICAL
PROD-000276,STORE-0006,2026-08-31,96,29,HEALTHY
PROD-000276,STORE-0007,2026-08-31,33,11,HEALTHY
PROD-000276,STORE-0008,2026-08-31,4,17,CRITICAL
PROD-000276,STORE-0009,2026-08-31,133,37,HEALTHY
PROD-000276,STORE-0010,2026-08-31,175,31,HEALTHY
PROD-000276,STORE-0011,2026-08-31,211,14,HEALTHY
PROD-000276,STORE-0012,2026-08-31,155,11,HEALTHY
PROD-000277,STORE-0001,2026-08-31,45,35,LOW
PROD-000277,STORE-0002,2026-08-31,230,44,HEALTHY
PROD-000277,STORE-0003,2026-08-31,153,7,HEALTHY
PROD-000277,STORE-0004,2026-08-31,224,39,HEALTHY
PROD-000277,STORE-0005,2026-08-31,128,12,HEALTHY
PROD-000277,STORE-0006,2026-08-31,23,35,CRITICAL
PROD-000277,STORE-0007,2026-08-31,168,13,HEALTHY
PROD-000277,STORE-0008,2026-08-31,230,43,HEALTHY
PROD-000277,STORE-0009,2026-08-31,138,5,HEALTHY
PROD-000277,STORE-0010,2026-08-31,229,48,HEALTHY
PROD-000277,STORE-0011,2026-08-31,166,32,HEALTHY
PROD-000277,STORE-0012,2026-08-31,133,31,HEALTHY
PROD-000278,STORE-0001,2026-08-31,94,7,HEALTHY
PROD-000278,STORE-0002,2026-08-31,178,38,HEALTHY
PROD-000278,STORE-0003,2026-08-31,109,19,HEALTHY
PROD-000278,STORE-0004,2026-08-31,240,35,HEALTHY
PROD-000278,STORE-0005,2026-08-31,202,29,HEALTHY
PROD-000278,STORE-0006,2026-08-31,89,42,HEALTHY
PROD-000278,STORE-0007,2026-08-31,205,49,HEALTHY
PROD-000278,STORE-0008,2026-08-31,147,11,HEALTHY
PROD-000278,STORE-0009,2026-08-31,108,13,HEALTHY
PROD-000278,STORE-0010,2026-08-31,65,35,LOW
PROD-000278,STORE-0011,2026-08-31,196,19,HEALTHY
PROD-000278,STORE-0012,2026-08-31,232,10,HEALTHY
PROD-000279,STORE-0001,2026-08-31,72,43,LOW
PROD-000279,STORE-0002,2026-08-31,224,39,HEALTHY
PROD-000279,STORE-0003,2026-08-31,104,21,HEALTHY
PROD-000279,STORE-0004,2026-08-31,48,5,HEALTHY
PROD-000279,STORE-0005,2026-08-31,181,5,HEALTHY
PROD-000279,STORE-0006,2026-08-31,147,38,HEALTHY
PROD-000279,STORE-0007,2026-08-31,30,38,CRITICAL
PROD-000279,STORE-0008,2026-08-31,1,29,CRITICAL
PROD-000279,STORE-0009,2026-08-31,167,18,HEALTHY
PROD-000279,STORE-0010,2026-08-31,176,25,HEALTHY
PROD-000279,STORE-0011,2026-08-31,104,28,HEALTHY
PROD-000279,STORE-0012,2026-08-31,27,14,LOW
PROD-000280,STORE-0001,2026-08-31,109,46,HEALTHY
PROD-000280,STORE-0002,2026-08-31,149,21,HEALTHY
PROD-000280,STORE-0003,2026-08-31,66,39,LOW
PROD-000280,STORE-0004,2026-08-31,108,41,HEALTHY
PROD-000280,STORE-0005,2026-08-31,93,44,HEALTHY
PROD-000280,STORE-0006,2026-08-31,70,48,LOW
PROD-000280,STORE-0007,2026-08-31,101,18,HEALTHY
PROD-000280,STORE-0008,2026-08-31,105,40,HEALTHY
PROD-000280,STORE-0009,2026-08-31,200,40,HEALTHY
PROD-000280,STORE-0010,2026-08-31,123,16,HEALTHY
PROD-000280,STORE-0011,2026-08-31,94,40,HEALTHY
PROD-000280,STORE-0012,2026-08-31,142,35,HEALTHY
PROD-000281,STORE-0001,2026-08-31,64,24,HEALTHY
PROD-000281,STORE-0002,2026-08-31,147,27,HEALTHY
PROD-000281,STORE-0003,2026-08-31,198,50,HEALTHY
PROD-000281,STORE-0004,2026-08-31,101,13,HEALTHY
PROD-000281,STORE-0005,2026-08-31,218,47,HEALTHY
PROD-000281,STORE-0006,2026-08-31,30,19,LOW
PROD-000281,STORE-0007,2026-08-31,114,49,HEALTHY
PROD-000281,STORE-0008,2026-08-31,243,15,HEALTHY
PROD-000281,STORE-0009,2026-08-31,25,18,LOW
PROD-000281,STORE-0010,2026-08-31,130,30,HEALTHY
PROD-000281,STORE-0011,2026-08-31,201,26,HEALTHY
PROD-000281,STORE-0012,2026-08-31,205,40,HEALTHY
PROD-000282,STORE-0001,2026-08-31,157,49,HEALTHY
PROD-000282,STORE-0002,2026-08-31,175,50,HEALTHY
PROD-000282,STORE-0003,2026-08-31,13,15,CRITICAL
PROD-000282,STORE-0004,2026-08-31,99,45,HEALTHY
PROD-000282,STORE-0005,2026-08-31,1,10,CRITICAL
PROD-000282,STORE-0006,2026-08-31,210,14,HEALTHY
PROD-000282,STORE-0007,2026-08-31,120,43,HEALTHY
PROD-000282,STORE-0008,2026-08-31,111,10,HEALTHY
PROD-000282,STORE-0009,2026-08-31,16,21,CRITICAL
PROD-000282,STORE-0010,2026-08-31,56,28,LOW
PROD-000282,STORE-0011,2026-08-31,20,43,CRITICAL
PROD-000282,STORE-0012,2026-08-31,9,29,CRITICAL
PROD-000283,STORE-0001,2026-08-31,238,30,HEALTHY
PROD-000283,STORE-0002,2026-08-31,157,46,HEALTHY
PROD-000283,STORE-0003,2026-08-31,133,23,HEALTHY
PROD-000283,STORE-0004,2026-08-31,182,43,HEALTHY
PROD-000283,STORE-0005,2026-08-31,14,16,CRITICAL
PROD-000283,STORE-0006,2026-08-31,163,36,HEALTHY
PROD-000283,STORE-0007,2026-08-31,112,5,HEALTHY
PROD-000283,STORE-0008,2026-08-31,51,47,LOW
PROD-000283,STORE-0009,2026-08-31,238,38,HEALTHY
PROD-000283,STORE-0010,2026-08-31,73,17,HEALTHY
PROD-000283,STORE-0011,2026-08-31,8,43,CRITICAL
PROD-000283,STORE-0012,2026-08-31,130,38,HEALTHY
PROD-000284,STORE-0001,2026-08-31,178,19,HEALTHY
PROD-000284,STORE-0002,2026-08-31,157,15,HEALTHY
PROD-000284,STORE-0003,2026-08-31,172,7,HEALTHY
PROD-000284,STORE-0004,2026-08-31,92,20,HEALTHY
PROD-000284,STORE-0005,2026-08-31,167,5,HEALTHY
PROD-000284,STORE-0006,2026-08-31,249,15,HEALTHY
PROD-000284,STORE-0007,2026-08-31,22,22,CRITICAL
PROD-000284,STORE-0008,2026-08-31,199,30,HEALTHY
PROD-000284,STORE-0009,2026-08-31,90,47,LOW
PROD-000284,STORE-0010,2026-08-31,101,30,HEALTHY
PROD-000284,STORE-0011,2026-08-31,150,17,HEALTHY
PROD-000284,STORE-0012,2026-08-31,132,5,HEALTHY
PROD-000285,STORE-0001,2026-08-31,188,50,HEALTHY
PROD-000285,STORE-0002,2026-08-31,17,10,LOW
PROD-000285,STORE-0003,2026-08-31,140,23,HEALTHY
PROD-000285,STORE-0004,2026-08-31,185,40,HEALTHY
PROD-000285,STORE-0005,2026-08-31,234,42,HEALTHY
PROD-000285,STORE-0006,2026-08-31,89,27,HEALTHY
PROD-000285,STORE-0007,2026-08-31,246,22,HEALTHY
PROD-000285,STORE-0008,2026-08-31,57,43,LOW
PROD-000285,STORE-0009,2026-08-31,246,17,HEALTHY
PROD-000285,STORE-0010,2026-08-31,116,30,HEALTHY
PROD-000285,STORE-0011,2026-08-31,147,5,HEALTHY
PROD-000285,STORE-0012,2026-08-31,66,16,HEALTHY
PROD-000286,STORE-0001,2026-08-31,104,37,HEALTHY
PROD-000286,STORE-0002,2026-08-31,27,40,CRITICAL
PROD-000286,STORE-0003,2026-08-31,18,37,CRITICAL
PROD-000286,STORE-0004,2026-08-31,75,26,HEALTHY
PROD-000286,STORE-0005,2026-08-31,242,12,HEALTHY
PROD-000286,STORE-0006,2026-08-31,205,37,HEALTHY
PROD-000286,STORE-0007,2026-08-31,244,21,HEALTHY
PROD-000286,STORE-0008,2026-08-31,224,39,HEALTHY
PROD-000286,STORE-0009,2026-08-31,208,41,HEALTHY
PROD-000286,STORE-0010,2026-08-31,64,49,LOW
PROD-000286,STORE-0011,2026-08-31,113,29,HEALTHY
PROD-000286,STORE-0012,2026-08-31,144,35,HEALTHY
PROD-000287,STORE-0001,2026-08-31,197,20,HEALTHY
PROD-000287,STORE-0002,2026-08-31,193,26,HEALTHY
PROD-000287,STORE-0003,2026-08-31,246,34,HEALTHY
PROD-000287,STORE-0004,2026-08-31,174,34,HEALTHY
PROD-000287,STORE-0005,2026-08-31,229,42,HEALTHY
PROD-000287,STORE-0006,2026-08-31,220,6,HEALTHY
PROD-000287,STORE-0007,2026-08-31,123,12,HEALTHY
PROD-000287,STORE-0008,2026-08-31,66,9,HEALTHY
PROD-000287,STORE-0009,2026-08-31,97,45,HEALTHY
PROD-000287,STORE-0010,2026-08-31,201,19,HEALTHY
PROD-000287,STORE-0011,2026-08-31,173,49,HEALTHY
PROD-000287,STORE-0012,2026-08-31,58,25,HEALTHY
PROD-000288,STORE-0001,2026-08-31,105,27,HEALTHY
PROD-000288,STORE-0002,2026-08-31,132,39,HEALTHY
PROD-000288,STORE-0003,2026-08-31,2,49,CRITICAL
PROD-000288,STORE-0004,2026-08-31,213,21,HEALTHY
PROD-000288,STORE-0005,2026-08-31,63,23,HEALTHY
PROD-000288,STORE-0006,2026-08-31,23,30,CRITICAL
PROD-000288,STORE-0007,2026-08-31,172,26,HEALTHY
PROD-000288,STORE-0008,2026-08-31,19,40,CRITICAL
PROD-000288,STORE-0009,2026-08-31,238,16,HEALTHY
PROD-000288,STORE-0010,2026-08-31,121,25,HEALTHY
PROD-000288,STORE-0011,2026-08-31,90,18,HEALTHY
PROD-000288,STORE-0012,2026-08-31,228,41,HEALTHY
PROD-000289,STORE-0001,2026-08-31,68,16,HEALTHY
PROD-000289,STORE-0002,2026-08-31,242,48,HEALTHY
PROD-000289,STORE-0003,2026-08-31,238,17,HEALTHY
PROD-000289,STORE-0004,2026-08-31,127,17,HEALTHY
PROD-000289,STORE-0005,2026-08-31,60,20,HEALTHY
PROD-000289,STORE-0006,2026-08-31,223,21,HEALTHY
PROD-000289,STORE-0007,2026-08-31,52,19,HEALTHY
PROD-000289,STORE-0008,2026-08-31,51,20,HEALTHY
PROD-000289,STORE-0009,2026-08-31,214,44,HEALTHY
PROD-000289,STORE-0010,2026-08-31,91,14,HEALTHY
PROD-000289,STORE-0011,2026-08-31,199,11,HEALTHY
PROD-000289,STORE-0012,2026-08-31,30,10,HEALTHY
PROD-000290,STORE-0001,2026-08-31,173,47,HEALTHY
PROD-000290,STORE-0002,2026-08-31,126,44,HEALTHY
PROD-000290,STORE-0003,2026-08-31,1,39,CRITICAL
PROD-000290,STORE-0004,2026-08-31,245,7,HEALTHY
PROD-000290,STORE-0005,2026-08-31,217,35,HEALTHY
PROD-000290,STORE-0006,2026-08-31,95,44,HEALTHY
PROD-000290,STORE-0007,2026-08-31,80,36,HEALTHY
PROD-000290,STORE-0008,2026-08-31,229,41,HEALTHY
PROD-000290,STORE-0009,2026-08-31,222,22,HEALTHY
PROD-000290,STORE-0010,2026-08-31,125,16,HEALTHY
PROD-000290,STORE-0011,2026-08-31,195,37,HEALTHY
PROD-000290,STORE-0012,2026-08-31,71,30,HEALTHY
PROD-000291,STORE-0001,2026-08-31,56,41,LOW
PROD-000291,STORE-0002,2026-08-31,32,8,HEALTHY
PROD-000291,STORE-0003,2026-08-31,134,32,HEALTHY
PROD-000291,STORE-0004,2026-08-31,122,39,HEALTHY
PROD-000291,STORE-0005,2026-08-31,8,37,CRITICAL
PROD-000291,STORE-0006,2026-08-31,88,30,HEALTHY
PROD-000291,STORE-0007,2026-08-31,220,48,HEALTHY
PROD-000291,STORE-0008,2026-08-31,198,16,HEALTHY
PROD-000291,STORE-0009,2026-08-31,117,12,HEALTHY
PROD-000291,STORE-0010,2026-08-31,178,38,HEALTHY
PROD-000291,STORE-0011,2026-08-31,117,25,HEALTHY
PROD-000291,STORE-0012,2026-08-31,176,5,HEALTHY
PROD-000292,STORE-0001,2026-08-31,3,48,CRITICAL
PROD-000292,STORE-0002,2026-08-31,53,29,LOW
PROD-000292,STORE-0003,2026-08-31,148,11,HEALTHY
PROD-000292,STORE-0004,2026-08-31,83,28,HEALTHY
PROD-000292,STORE-0005,2026-08-31,156,21,HEALTHY
PROD-000292,STORE-0006,2026-08-31,47,40,LOW
PROD-000292,STORE-0007,2026-08-31,67,20,HEALTHY
PROD-000292,STORE-0008,2026-08-31,68,35,LOW
PROD-000292,STORE-0009,2026-08-31,245,44,HEALTHY
PROD-000292,STORE-0010,2026-08-31,87,28,HEALTHY
PROD-000292,STORE-0011,2026-08-31,47,36,LOW
PROD-000292,STORE-0012,2026-08-31,108,18,HEALTHY
PROD-000293,STORE-0001,2026-08-31,107,49,HEALTHY
PROD-000293,STORE-0002,2026-08-31,192,28,HEALTHY
PROD-000293,STORE-0003,2026-08-31,93,30,HEALTHY
PROD-000293,STORE-0004,2026-08-31,71,33,HEALTHY
PROD-000293,STORE-0005,2026-08-31,46,41,LOW
PROD-000293,STORE-0006,2026-08-31,33,41,CRITICAL
PROD-000293,STORE-0007,2026-08-31,175,19,HEALTHY
PROD-000293,STORE-0008,2026-08-31,208,11,HEALTHY
PROD-000293,STORE-0009,2026-08-31,184,22,HEALTHY
PROD-000293,STORE-0010,2026-08-31,205,20,HEALTHY
PROD-000293,STORE-0011,2026-08-31,142,32,HEALTHY
PROD-000293,STORE-0012,2026-08-31,219,29,HEALTHY
PROD-000294,STORE-0001,2026-08-31,50,14,HEALTHY
PROD-000294,STORE-0002,2026-08-31,204,14,HEALTHY
PROD-000294,STORE-0003,2026-08-31,121,5,HEALTHY
PROD-000294,STORE-0004,2026-08-31,45,31,LOW
PROD-000294,STORE-0005,2026-08-31,127,13,HEALTHY
PROD-000294,STORE-0006,2026-08-31,228,45,HEALTHY
PROD-000294,STORE-0007,2026-08-31,132,39,HEALTHY
PROD-000294,STORE-0008,2026-08-31,184,25,HEALTHY
PROD-000294,STORE-0009,2026-08-31,201,36,HEALTHY
PROD-000294,STORE-0010,2026-08-31,76,21,HEALTHY
PROD-000294,STORE-0011,2026-08-31,143,41,HEALTHY
PROD-000294,STORE-0012,2026-08-31,12,30,CRITICAL
PROD-000295,STORE-0001,2026-08-31,25,49,CRITICAL
PROD-000295,STORE-0002,2026-08-31,41,8,HEALTHY
PROD-000295,STORE-0003,2026-08-31,55,21,HEALTHY
PROD-000295,STORE-0004,2026-08-31,121,45,HEALTHY
PROD-000295,STORE-0005,2026-08-31,24,33,CRITICAL
PROD-000295,STORE-0006,2026-08-31,190,26,HEALTHY
PROD-000295,STORE-0007,2026-08-31,66,28,HEALTHY
PROD-000295,STORE-0008,2026-08-31,92,40,HEALTHY
PROD-000295,STORE-0009,2026-08-31,142,21,HEALTHY
PROD-000295,STORE-0010,2026-08-31,88,6,HEALTHY
PROD-000295,STORE-0011,2026-08-31,105,12,HEALTHY
PROD-000295,STORE-0012,2026-08-31,89,48,LOW
PROD-000296,STORE-0001,2026-08-31,246,43,HEALTHY
PROD-000296,STORE-0002,2026-08-31,50,41,LOW
PROD-000296,STORE-0003,2026-08-31,147,46,HEALTHY
PROD-000296,STORE-0004,2026-08-31,166,39,HEALTHY
PROD-000296,STORE-0005,2026-08-31,44,23,LOW
PROD-000296,STORE-0006,2026-08-31,90,25,HEALTHY
PROD-000296,STORE-0007,2026-08-31,172,37,HEALTHY
PROD-000296,STORE-0008,2026-08-31,124,33,HEALTHY
PROD-000296,STORE-0009,2026-08-31,227,10,HEALTHY
PROD-000296,STORE-0010,2026-08-31,97,44,HEALTHY
PROD-000296,STORE-0011,2026-08-31,73,34,HEALTHY
PROD-000296,STORE-0012,2026-08-31,161,14,HEALTHY
PROD-000297,STORE-0001,2026-08-31,222,15,HEALTHY
PROD-000297,STORE-0002,2026-08-31,163,26,HEALTHY
PROD-000297,STORE-0003,2026-08-31,107,45,HEALTHY
PROD-000297,STORE-0004,2026-08-31,156,41,HEALTHY
PROD-000297,STORE-0005,2026-08-31,103,9,HEALTHY
PROD-000297,STORE-0006,2026-08-31,20,15,LOW
PROD-000297,STORE-0007,2026-08-31,87,19,HEALTHY
PROD-000297,STORE-0008,2026-08-31,80,25,HEALTHY
PROD-000297,STORE-0009,2026-08-31,167,23,HEALTHY
PROD-000297,STORE-0010,2026-08-31,181,22,HEALTHY
PROD-000297,STORE-0011,2026-08-31,154,46,HEALTHY
PROD-000297,STORE-0012,2026-08-31,101,22,HEALTHY
PROD-000298,STORE-0001,2026-08-31,227,33,HEALTHY
PROD-000298,STORE-0002,2026-08-31,199,28,HEALTHY
PROD-000298,STORE-0003,2026-08-31,191,42,HEALTHY
PROD-000298,STORE-0004,2026-08-31,133,33,HEALTHY
PROD-000298,STORE-0005,2026-08-31,105,15,HEALTHY
PROD-000298,STORE-0006,2026-08-31,47,6,HEALTHY
PROD-000298,STORE-0007,2026-08-31,32,20,LOW
PROD-000298,STORE-0008,2026-08-31,169,21,HEALTHY
PROD-000298,STORE-0009,2026-08-31,240,49,HEALTHY
PROD-000298,STORE-0010,2026-08-31,191,10,HEALTHY
PROD-000298,STORE-0011,2026-08-31,53,15,HEALTHY
PROD-000298,STORE-0012,2026-08-31,101,11,HEALTHY
PROD-000299,STORE-0001,2026-08-31,24,9,HEALTHY
PROD-000299,STORE-0002,2026-08-31,239,35,HEALTHY
PROD-000299,STORE-0003,2026-08-31,140,8,HEALTHY
PROD-000299,STORE-0004,2026-08-31,6,30,CRITICAL
PROD-000299,STORE-0005,2026-08-31,134,10,HEALTHY
PROD-000299,STORE-0006,2026-08-31,26,21,LOW
PROD-000299,STORE-0007,2026-08-31,158,14,HEALTHY
PROD-000299,STORE-0008,2026-08-31,21,46,CRITICAL
PROD-000299,STORE-0009,2026-08-31,238,29,HEALTHY
PROD-000299,STORE-0010,2026-08-31,79,19,HEALTHY
PROD-000299,STORE-0011,2026-08-31,63,23,HEALTHY
PROD-000299,STORE-0012,2026-08-31,113,45,HEALTHY
PROD-000300,STORE-0001,2026-08-31,32,13,HEALTHY
PROD-000300,STORE-0002,2026-08-31,134,15,HEALTHY
PROD-000300,STORE-0003,2026-08-31,7,7,CRITICAL
PROD-000300,STORE-0004,2026-08-31,169,27,HEALTHY
PROD-000300,STORE-0005,2026-08-31,220,25,HEALTHY
PROD-000300,STORE-0006,2026-08-31,221,35,HEALTHY
PROD-000300,STORE-0007,2026-08-31,119,39,HEALTHY
PROD-000300,STORE-0008,2026-08-31,239,22,HEALTHY
PROD-000300,STORE-0009,2026-08-31,140,33,HEALTHY
PROD-000300,STORE-0010,2026-08-31,34,49,CRITICAL
PROD-000300,STORE-0011,2026-08-31,138,16,HEALTHY
PROD-000300,STORE-0012,2026-08-31,151,43,HEALTHY
