order_id,customer_id,store_id,order_date,channel,status,total_amount
ORD-00000001,CUST-000026,STORE-0012,2025-10-09,STORE,COMPLETED,138.49
ORD-00000002,CUST-000759,STORE-0009,2025-03-31,STORE,COMPLETED,43.13
ORD-00000003,CUST-000239,STORE-0009,2025-01-28,STORE,COMPLETED,648.68
ORD-00000004,CUST-000430,,2025-08-14,ECOMMERCE,COMPLETED,261.2
ORD-00000005,CUST-000778,,2025-06-13,ECOMMERCE,COMPLETED,316.12
ORD-00000006,CUST-000981,STORE-0006,2025-04-15,STORE,COMPLETED,100.59
ORD-00000007,CUST-000619,,2025-09-28,ECOMMERCE,COMPLETED,660.81
ORD-00000008,CUST-000997,STORE-0007,2025-03-22,STORE,COMPLETED,749.02
ORD-00000009,CUST-000883,STORE-0006,2026-08-15,STORE,COMPLETED,76.56
ORD-00000010,CUST-000792,,2025-10-24,ECOMMERCE,PENDING,771.96
ORD-00000011,CUST-000390,,2025-10-12,ECOMMERCE,COMPLETED,753.19
ORD-00000012,CUST-000364,STORE-0004,2025-10-01,STORE,COMPLETED,619.94
ORD-00000013,CUST-000651,STORE-0003,2026-07-01,STORE,COMPLETED,159.61
ORD-00000014,CUST-000948,STORE-0011,2026-07-25,STORE,COMPLETED,301.99
ORD-00000015,CUST-000058,,2025-08-23,ECOMMERCE,COMPLETED,727.47
ORD-00000016,CUST-000068,STORE-0004,2026-08-04,STORE,COMPLETED,293.49
ORD-00000017,CUST-000406,,2026-04-15,ECOMMERCE,COMPLETED,138.57
ORD-00000018,CUST-000552,,2025-09-27,ECOMMERCE,COMPLETED,394.16
ORD-00000019,CUST-000371,STORE-0004,2025-05-22,STORE,COMPLETED,95.45
ORD-00000020,CUST-000113,STORE-0003,2025-06-13,STORE,COMPLETED,388.61
ORD-00000021,CUST-000391,STORE-0010,2026-04-25,STORE,COMPLETED,874.4
ORD-00000022,CUST-000012,,2025-04-28,ECOMMERCE,COMPLETED,490.22
ORD-00000023,CUST-000657,STORE-0006,2025-04-25,STORE,COMPLETED,154.97
ORD-00000024,CUST-000740,STORE-0012,2025-09-27,STORE,RETURNED,689.34
ORD-00000025,CUST-000109,STORE-0011,2025-11-02,STORE,COMPLETED,464.28
ORD-00000026,CUST-000383,STORE-0003,2026-07-07,STORE,RETURNED,831.35
ORD-00000027,CUST-000614,,2025-11-28,ECOMMERCE,COMPLETED,114.0
ORD-00000028,CUST-000852,STORE-0005,2025-09-03,STORE,COMPLETED,792.04
ORD-00000029,CUST-000088,,2026-05-13,ECOMMERCE,COMPLETED,880.52
ORD-00000030,CUST-000129,STORE-0003,2026-05-02,STORE,RETURNED,161.14
ORD-00000031,CUST-000622,STORE-0007,2025-08-05,STORE,RETURNED,683.41
ORD-00000032,CUST-000731,,2025-11-16,ECOMMERCE,COMPLETED,609.44
ORD-00000033,CUST-000922,STORE-0009,2026-04-08,STORE,COMPLETED,213.86
ORD-00000034,CUST-000603,STORE-0009,2025-08-24,STORE,COMPLETED,21.36
ORD-00000035,CUST-000061,,2025-08-23,ECOMMERCE,COMPLETED,42.8
ORD-00000036,CUST-000527,STORE-0004,2025-10-13,STORE,COMPLETED,204.6
ORD-00000037,CUST-000958,STORE-0010,2026-08-14,STORE,COMPLETED,709.39
ORD-00000038,CUST-000195,,2025-04-07,ECOMMERCE,COMPLETED,396.48
ORD-00000039,CUST-000479,STORE-0012,2025-02-25,STORE,COMPLETED,885.99
ORD-00000040,CUST-000413,STORE-0012,2025-12-14,STORE,COMPLETED,111.7
ORD-00000041,CUST-000550,STORE-0008,2025-05-24,STORE,COMPLETED,261.51
ORD-00000042,CUST-000946,STORE-0002,2026-03-30,STORE,COMPLETED,772.53
ORD-00000043,CUST-000668,STORE-0009,2025-01-16,STORE,RETURNED,834.83
ORD-00000044,CUST-000171,,2026-02-21,ECOMMERCE,COMPLETED,204.17
ORD-00000045,CUST-000061,STORE-0003,2026-01-24,STORE,COMPLETED,360.52
ORD-00000046,CUST-000804,,2026-04-11,ECOMMERCE,COMPLETED,631.48
ORD-00000047,CUST-000803,,2026-07-24,ECOMMERCE,COMPLETED,445.7
ORD-00000048,CUST-000223,STORE-0001,2026-08-17,STORE,COMPLETED,68.95
ORD-00000049,CUST-000052,STORE-0010,2026-05-04,STORE,COMPLETED,769.66
ORD-00000050,CUST-000984,STORE-0009,2025-03-24,STORE,COMPLETED,75.64
ORD-00000051,CUST-000883,STORE-0004,2026-02-18,STORE,COMPLETED,802.9
ORD-00000052,CUST-000609,STORE-0001,2025-03-25,STORE,COMPLETED,531.55
ORD-00000053,CUST-000958,STORE-0005,2025-07-29,STORE,COMPLETED,293.05
ORD-00000054,CUST-000135,STORE-0011,2025-11-04,STORE,COMPLETED,837.18
ORD-00000055,CUST-000010,,2026-04-15,ECOMMERCE,COMPLETED,513.25
ORD-00000056,CUST-000551,STORE-0004,2026-06-03,STORE,COMPLETED,840.93
ORD-00000057,CUST-000901,,2025-09-08,ECOMMERCE,COMPLETED,154.61
ORD-00000058,CUST-000721,,2025-11-06,ECOMMERCE,COMPLETED,888.7
ORD-00000059,CUST-000009,,2026-07-22,ECOMMERCE,COMPLETED,602.1
ORD-00000060,CUST-000138,,2025-09-28,ECOMMERCE,COMPLETED,109.73
ORD-00000061,CUST-000279,STORE-0005,2025-08-04,STORE,COMPLETED,195.18
ORD-00000062,CUST-000271,STORE-0009,2026-05-16,STORE,COMPLETED,818.72
ORD-00000063,CUST-000650,STORE-0007,2025-10-11,STORE,COMPLETED,310.2
ORD-00000064,CUST-000269,STORE-0003,2026-03-29,STORE,COMPLETED,393.5
ORD-00000065,CUST-000078,STORE-0012,2025-06-02,STORE,COMPLETED,753.62
ORD-00000066,CUST-000152,STORE-0007,2025-05-11,STORE,COMPLETED,337.72
ORD-00000067,CUST-000996,,2025-02-10,ECOMMERCE,CANCELLED,200.92
ORD-00000068,CUST-000106,STORE-0006,2026-07-28,STORE,CANCELLED,374.64
ORD-00000069,CUST-000159,STORE-0004,2025-06-16,STORE,RETURNED,732.53
ORD-00000070,CUST-000026,,2025-07-03,ECOMMERCE,COMPLETED,308.98
ORD-00000071,CUST-000822,,2025-09-12,ECOMMERCE,COMPLETED,711.83
ORD-00000072,CUST-000894,STORE-0001,2026-04-27,STORE,COMPLETED,737.68
ORD-00000073,CUST-000313,STORE-0004,2025-08-17,STORE,COMPLETED,185.92
ORD-00000074,CUST-000886,STORE-0002,2025-10-13,STORE,COMPLETED,465.82
ORD-00000075,CUST-000864,,2026-07-04,ECOMMERCE,COMPLETED,39.43
ORD-00000076,CUST-000268,,2025-07-02,ECOMMERCE,COMPLETED,885.44
ORD-00000077,CUST-000611,STORE-0007,2025-12-20,STORE,COMPLETED,292.6
ORD-00000078,CUST-000524,STORE-0002,2026-01-30,STORE,CANCELLED,183.22
ORD-00000079,CUST-000447,STORE-0001,2026-06-17,STORE,RETURNED,491.53
ORD-00000080,CUST-000760,,2025-07-21,ECOMMERCE,COMPLETED,76.93
ORD-00000081,CUST-000339,,2025-11-18,ECOMMERCE,COMPLETED,125.29
ORD-00000082,CUST-000520,,2025-11-13,ECOMMERCE,COMPLETED,303.67
ORD-00000083,CUST-000568,,2025-05-11,ECOMMERCE,COMPLETED,603.46
ORD-00000084,CUST-000767,STORE-0003,2026-08-06,STORE,COMPLETED,499.92
ORD-00000085,CUST-000294,STORE-0004,2026-03-17,STORE,COMPLETED,551.9
ORD-00000086,CUST-000453,STORE-0008,2025-08-07,STORE,COMPLETED,717.46
ORD-00000087,CUST-000754,,2025-06-23,ECOMMERCE,COMPLETED,266.15
ORD-00000088,CUST-000635,,2025-12-10,ECOMMERCE,COMPLETED,857.52
ORD-00000089,CUST-000318,STORE-0004,2025-07-23,STORE,COMPLETED,55.9
ORD-00000090,CUST-000626,,2025-03-16,ECOMMERCE,COMPLETED,799.23
ORD-00000091,CUST-000736,STORE-0012,2026-01-29,STORE,COMPLETED,230.93
ORD-00000092,CUST-000006,,2025-04-20,ECOMMERCE,COMPLETED,208.67
ORD-00000093,CUST-000713,,2026-06-15,ECOMMERCE,COMPLETED,508.3
ORD-00000094,CUST-000125,,2026-04-13,ECOMMERCE,COMPLETED,426.21
ORD-00000095,CUST-000573,STORE-0010,2025-11-21,STORE,RETURNED,803.91
ORD-00000096,CUST-000737,STORE-0009,2026-03-13,STORE,COMPLETED,499.87
ORD-00000097,CUST-000762,,2026-05-02,ECOMMERCE,COMPLETED,680.32
ORD-00000098,CUST-000284,,2026-06-18,ECOMMERCE,COMPLETED,226.73
ORD-00000099,CUST-000731,STORE-0005,2025-08-29,STORE,COMPLETED,297.94
ORD-00000100,CUST-000142,STORE-0003,2025-08-25,STORE,COMPLETED,150.23
ORD-00000101,CUST-000425,STORE-0007,2025-12-05,STORE,COMPLETED,382.96
ORD-00000102,CUST-000431,STORE-0007,2026-08-22,STORE,RETURNED,32.29
ORD-00000103,CUST-000590,,2026-01-25,ECOMMERCE,COMPLETED,849.33
ORD-00000104,CUST-000400,STORE-0007,2026-07-06,STORE,COMPLETED,498.33
ORD-00000105,CUST-000226,STORE-0008,2025-08-13,STORE,COMPLETED,444.79
ORD-00000106,CUST-000685,STORE-0011,2026-02-19,STORE,COMPLETED,758.85
ORD-00000107,CUST-000638,,2026-07-01,ECOMMERCE,COMPLETED,363.71
ORD-00000108,CUST-000028,STORE-0002,2026-03-15,STORE,COMPLETED,423.6
ORD-00000109,CUST-000389,STORE-0006,2025-08-05,STORE,COMPLETED,313.69
ORD-00000110,CUST-000285,,2026-03-08,ECOMMERCE,COMPLETED,87.49
ORD-00000111,CUST-000553,STORE-0001,2025-12-25,STORE,COMPLETED,75.73
ORD-00000112,CUST-000042,,2025-02-01,ECOMMERCE,RETURNED,191.43
ORD-00000113,CUST-000157,STORE-0004,2025-05-10,STORE,COMPLETED,116.23
ORD-00000114,CUST-000477,,2025-09-20,ECOMMERCE,COMPLETED,163.49
ORD-00000115,CUST-000766,STORE-0012,2025-04-28,STORE,COMPLETED,159.93
ORD-00000116,CUST-000593,STORE-0001,2025-11-16,STORE,COMPLETED,818.6
ORD-00000117,CUST-000965,STORE-0012,2025-07-23,STORE,COMPLETED,626.19
ORD-00000118,CUST-000105,STORE-0012,2025-11-05,STORE,COMPLETED,546.36
ORD-00000119,CUST-000580,STORE-0001,2025-12-22,STORE,COMPLETED,600.45
ORD-00000120,CUST-000664,STORE-0006,2025-01-13,STORE,COMPLETED,742.76
ORD-00000121,CUST-000984,STORE-0006,2026-04-16,STORE,COMPLETED,400.41
ORD-00000122,CUST-000989,,2025-10-04,ECOMMERCE,COMPLETED,828.86
ORD-00000123,CUST-000477,,2026-03-23,ECOMMERCE,COMPLETED,539.34
ORD-00000124,CUST-000252,STORE-0002,2025-10-13,STORE,CANCELLED,230.82
ORD-00000125,CUST-000625,STORE-0011,2026-01-24,STORE,COMPLETED,452.46
ORD-00000126,CUST-000500,STORE-0004,2025-12-30,STORE,COMPLETED,316.2
ORD-00000127,CUST-000719,,2025-10-10,ECOMMERCE,COMPLETED,472.22
ORD-00000128,CUST-000248,STORE-0012,2026-02-21,STORE,COMPLETED,685.98
ORD-00000129,CUST-000662,,2026-05-18,ECOMMERCE,COMPLETED,30.26
ORD-00000130,CUST-000415,STORE-0012,2025-09-07,STORE,COMPLETED,529.68
ORD-00000131,CUST-000544,STORE-0006,2026-03-12,STORE,PENDING,502.09
ORD-00000132,CUST-000465,STORE-0005,2025-11-10,STORE,COMPLETED,121.78
ORD-00000133,CUST-000123,STORE-0012,2026-07-03,STORE,RETURNED,625.79
ORD-00000134,CUST-000757,STORE-0008,2025-10-11,STORE,COMPLETED,879.3
ORD-00000135,CUST-000290,STORE-0002,2025-07-18,STORE,COMPLETED,334.38
ORD-00000136,CUST-000726,STORE-0009,2025-05-10,STORE,COMPLETED,877.25
ORD-00000137,CUST-000715,STORE-0003,2026-05-18,STORE,COMPLETED,25.85
ORD-00000138,CUST-000491,STORE-0008,2025-12-15,STORE,COMPLETED,60.47
ORD-00000139,CUST-000490,,2025-04-27,ECOMMERCE,COMPLETED,369.63
ORD-00000140,CUST-000645,STORE-0011,2025-02-24,STORE,COMPLETED,732.86
ORD-00000141,CUST-000088,,2025-09-12,ECOMMERCE,COMPLETED,691.53
ORD-00000142,CUST-000810,STORE-0010,2025-08-20,STORE,COMPLETED,351.63
ORD-00000143,CUST-000305,,2026-08-26,ECOMMERCE,PENDING,285.26
ORD-00000144,CUST-000625,STORE-0012,2025-04-12,STORE,RETURNED,198.89
ORD-00000145,CUST-000677,STORE-0002,2025-06-10,STORE,COMPLETED,503.51
ORD-00000146,CUST-000419,STORE-0008,2026-04-27,STORE,COMPLETED,219.86
ORD-00000147,CUST-000720,,2026-04-10,ECOMMERCE,COMPLETED,221.58
ORD-00000148,CUST-000811,STORE-0011,2026-08-27,STORE,COMPLETED,841.3
ORD-00000149,CUST-000558,STORE-0004,2025-06-02,STORE,CANCELLED,746.57
ORD-00000150,CUST-000170,STORE-0005,2026-08-06,STORE,RETURNED,403.65
ORD-00000151,CUST-000312,STORE-0012,2026-02-17,STORE,RETURNED,457.92
ORD-00000152,CUST-000083,STORE-0010,2025-02-10,STORE,CANCELLED,665.06
ORD-00000153,CUST-000027,STORE-0002,2025-08-23,STORE,RETURNED,754.82
ORD-00000154,CUST-000974,STORE-0001,2025-10-03,STORE,COMPLETED,690.35
ORD-00000155,CUST-000532,STORE-0011,2026-03-29,STORE,CANCELLED,175.62
ORD-00000156,CUST-000651,STORE-0008,2025-04-04,STORE,COMPLETED,376.39
ORD-00000157,CUST-000108,STORE-0003,2025-12-04,STORE,COMPLETED,453.49
ORD-00000158,CUST-000411,,2026-07-18,ECOMMERCE,COMPLETED,92.93
ORD-00000159,CUST-000119,STORE-0007,2026-06-11,STORE,COMPLETED,16.02
ORD-00000160,CUST-000474,,2026-02-28,ECOMMERCE,COMPLETED,473.82
ORD-00000161,CUST-000511,STORE-0011,2026-03-29,STORE,COMPLETED,195.15
ORD-00000162,CUST-000950,STORE-0005,2026-03-25,STORE,CANCELLED,443.97
ORD-00000163,CUST-000646,STORE-0010,2025-09-03,STORE,COMPLETED,290.01
ORD-00000164,CUST-000418,STORE-0002,2025-08-19,STORE,PENDING,822.94
ORD-00000165,CUST-000121,STORE-0011,2025-06-07,STORE,COMPLETED,649.19
ORD-00000166,CUST-000280,STORE-0007,2026-05-10,STORE,PENDING,230.7
ORD-00000167,CUST-000393,STORE-0004,2026-06-05,STORE,COMPLETED,135.81
ORD-00000168,CUST-000792,STORE-0007,2025-12-15,STORE,RETURNED,464.35
ORD-00000169,CUST-000290,,2025-11-02,ECOMMERCE,COMPLETED,528.23
ORD-00000170,CUST-000887,,2025-06-02,ECOMMERCE,COMPLETED,443.64
ORD-00000171,CUST-000782,STORE-0009,2026-01-22,STORE,COMPLETED,299.77
ORD-00000172,CUST-000715,STORE-0004,2026-08-09,STORE,COMPLETED,772.57
ORD-00000173,CUST-000326,STORE-0012,2026-04-30,STORE,COMPLETED,733.1
ORD-00000174,CUST-000680,STORE-0011,2025-06-05,STORE,COMPLETED,47.76
ORD-00000175,CUST-000605,STORE-0006,2025-04-13,STORE,COMPLETED,404.67
ORD-00000176,CUST-000468,STORE-0001,2025-05-28,STORE,COMPLETED,594.48
ORD-00000177,CUST-000481,STORE-0005,2025-12-13,STORE,COMPLETED,366.77
ORD-00000178,CUST-000337,STORE-0011,2026-07-01,STORE,COMPLETED,295.25
ORD-00000179,CUST-000778,,2026-05-15,ECOMMERCE,COMPLETED,46.77
ORD-00000180,CUST-000647,STORE-0011,2025-10-22,STORE,PENDING,675.89
ORD-00000181,CUST-000101,STORE-0011,2025-04-13,STORE,COMPLETED,629.19
ORD-00000182,CUST-000048,,2025-11-29,ECOMMERCE,COMPLETED,274.63
ORD-00000183,CUST-000150,STORE-0004,2026-06-28,STORE,COMPLETED,618.39
ORD-00000184,CUST-000180,STORE-0002,2026-01-27,STORE,COMPLETED,228.13
ORD-00000185,CUST-000147,,2025-08-26,ECOMMERCE,COMPLETED,239.77
ORD-00000186,CUST-000010,STORE-0008,2025-10-22,STORE,COMPLETED,154.81
ORD-00000187,CUST-000354,STORE-0010,2025-11-03,STORE,COMPLETED,390.51
ORD-00000188,CUST-000866,STORE-0005,2025-07-23,STORE,PENDING,770.2
ORD-00000189,CUST-000391,STORE-0010,2026-01-03,STORE,COMPLETED,893.53
ORD-00000190,CUST-000850,STORE-0011,2026-02-10,STORE,COMPLETED,515.85
ORD-00000191,CUST-000763,,2025-02-20,ECOMMERCE,CANCELLED,674.48
ORD-00000192,CUST-000925,,2025-10-21,ECOMMERCE,COMPLETED,218.65
ORD-00000193,CUST-000225,,2025-07-14,ECOMMERCE,COMPLETED,614.82
ORD-00000194,CUST-000676,,2025-05-21,ECOMMERCE,COMPLETED,814.51
ORD-00000195,CUST-000317,STORE-0008,2025-02-04,STORE,COMPLETED,663.14
ORD-00000196,CUST-000303,STORE-0006,2026-03-02,STORE,COMPLETED,131.96
ORD-00000197,CUST-000995,STORE-0006,2026-06-28,STORE,COMPLETED,256.19
ORD-00000198,CUST-000936,STORE-0008,2025-10-30,STORE,COMPLETED,314.76
ORD-00000199,CUST-000987,STORE-0002,2025-05-25,STORE,COMPLETED,214.67
ORD-00000200,CUST-000691,,2026-02-11,ECOMMERCE,RETURNED,727.06
ORD-00000201,CUST-000810,STORE-0007,2025-01-15,STORE,COMPLETED,124.38
ORD-00000202,CUST-000767,STORE-0011,2025-09-26,STORE,COMPLETED,742.84
ORD-00000203,CUST-000111,,2025-08-28,ECOMMERCE,COMPLETED,563.3
ORD-00000204,CUST-000336,,2025-08-15,ECOMMERCE,COMPLETED,577.33
ORD-00000205,CUST-000718,STORE-0005,2026-02-23,STORE,COMPLETED,55.13
ORD-00000206,CUST-000505,STORE-0002,2025-04-10,STORE,COMPLETED,490.73
ORD-00000207,CUST-000380,STORE-0011,2026-07-08,STORE,COMPLETED,671.91
ORD-00000208,CUST-000425,STORE-0011,2025-04-12,STORE,COMPLETED,559.85
ORD-00000209,CUST-000287,,2025-02-03,ECOMMERCE,COMPLETED,207.28
ORD-00000210,CUST-000242,STORE-0006,2025-04-12,STORE,PENDING,340.09
ORD-00000211,CUST-000661,,2026-01-03,ECOMMERCE,COMPLETED,259.16
ORD-00000212,CUST-000972,,2026-04-11,ECOMMERCE,COMPLETED,202.71
ORD-00000213,CUST-000995,STORE-0001,2025-02-21,STORE,COMPLETED,230.56
ORD-00000214,CUST-000579,STORE-0004,2025-03-12,STORE,COMPLETED,505.47
ORD-00000215,CUST-000833,STORE-0004,2025-12-03,STORE,COMPLETED,712.95
ORD-00000216,CUST-000284,STORE-0003,2025-05-14,STORE,COMPLETED,721.68
ORD-00000217,CUST-000888,STORE-0001,2025-05-15,STORE,COMPLETED,714.14
ORD-00000218,CUST-000332,STORE-0001,2025-06-28,STORE,COMPLETED,127.18
ORD-00000219,CUST-000117,STORE-0012,2025-03-07,STORE,COMPLETED,703.55
ORD-00000220,CUST-000112,STORE-0008,2026-05-31,STORE,COMPLETED,559.37
ORD-00000221,CUST-000931,,2026-06-18,ECOMMERCE,COMPLETED,584.36
ORD-00000222,CUST-000491,STORE-0007,2026-03-13,STORE,COMPLETED,448.89
ORD-00000223,CUST-000076,,2025-03-24,ECOMMERCE,COMPLETED,146.28
ORD-00000224,CUST-000640,STORE-0011,2026-08-23,STORE,COMPLETED,302.79
ORD-00000225,CUST-000544,,2025-10-29,ECOMMERCE,COMPLETED,550.8
ORD-00000226,CUST-000719,STORE-0002,2026-07-19,STORE,COMPLETED,205.3
ORD-00000227,CUST-000234,STORE-0007,2025-12-14,STORE,COMPLETED,367.88
ORD-00000228,CUST-000321,,2026-03-14,ECOMMERCE,COMPLETED,240.58
ORD-00000229,CUST-000704,,2026-05-01,ECOMMERCE,COMPLETED,751.12
ORD-00000230,CUST-000099,STORE-0012,2026-01-17,STORE,COMPLETED,507.39
ORD-00000231,CUST-000576,STORE-0009,2025-12-04,STORE,COMPLETED,378.57
ORD-00000232,CUST-000964,,2026-03-10,ECOMMERCE,COMPLETED,653.14
ORD-00000233,CUST-000615,,2025-11-16,ECOMMERCE,COMPLETED,526.46
ORD-00000234,CUST-000673,STORE-0008,2025-08-18,STORE,COMPLETED,324.85
ORD-00000235,CUST-000118,STORE-0005,2026-08-11,STORE,COMPLETED,394.76
ORD-00000236,CUST-000786,STORE-0010,2026-07-25,STORE,COMPLETED,837.24
ORD-00000237,CUST-000274,,2025-01-30,ECOMMERCE,COMPLETED,636.89
ORD-00000238,CUST-000348,STORE-0006,2025-01-07,STORE,COMPLETED,141.78
ORD-00000239,CUST-000072,,2025-05-26,ECOMMERCE,COMPLETED,875.05
ORD-00000240,CUST-000544,STORE-0004,2026-01-21,STORE,COMPLETED,316.69
ORD-00000241,CUST-000739,STORE-0006,2026-08-05,STORE,COMPLETED,796.76
ORD-00000242,CUST-000773,STORE-0010,2025-02-20,STORE,COMPLETED,255.81
ORD-00000243,CUST-000498,,2026-03-29,ECOMMERCE,COMPLETED,205.78
ORD-00000244,CUST-000354,STORE-0007,2025-04-24,STORE,COMPLETED,615.46
ORD-00000245,CUST-000684,STORE-0005,2025-02-16,STORE,COMPLETED,886.23
ORD-00000246,CUST-000210,STORE-0005,2025-08-05,STORE,COMPLETED,691.28
ORD-00000247,CUST-000123,STORE-0001,2026-05-25,STORE,COMPLETED,170.49
ORD-00000248,CUST-000721,STORE-0004,2026-05-28,STORE,COMPLETED,606.22
ORD-00000249,CUST-000407,STORE-0012,2025-02-13,STORE,COMPLETED,421.88
ORD-00000250,CUST-000321,STORE-0010,2026-03-16,STORE,COMPLETED,642.91
ORD-00000251,CUST-000118,STORE-0007,2025-01-22,STORE,RETURNED,167.11
ORD-00000252,CUST-000472,,2026-01-06,ECOMMERCE,COMPLETED,762.37
ORD-00000253,CUST-000604,STORE-0007,2026-06-21,STORE,COMPLETED,785.41
ORD-00000254,CUST-000227,,2025-12-08,ECOMMERCE,COMPLETED,82.6
ORD-00000255,CUST-000544,STORE-0009,2025-07-18,STORE,CANCELLED,324.2
ORD-00000256,CUST-000839,,2025-06-01,ECOMMERCE,COMPLETED,144.6
ORD-00000257,CUST-000617,STORE-0003,2025-03-19,STORE,COMPLETED,698.97
ORD-00000258,CUST-000773,STORE-0010,2026-08-17,STORE,COMPLETED,832.88
ORD-00000259,CUST-000651,STORE-0010,2025-11-27,STORE,COMPLETED,570.09
ORD-00000260,CUST-000070,STORE-0008,2026-03-29,STORE,COMPLETED,719.75
ORD-00000261,CUST-000361,STORE-0009,2025-03-17,STORE,COMPLETED,414.94
ORD-00000262,CUST-000852,STORE-0005,2025-03-20,STORE,COMPLETED,879.97
ORD-00000263,CUST-000609,STORE-0009,2026-01-29,STORE,COMPLETED,505.57
ORD-00000264,CUST-000918,,2025-02-12,ECOMMERCE,COMPLETED,731.69
ORD-00000265,CUST-000330,,2026-05-03,ECOMMERCE,COMPLETED,862.58
ORD-00000266,CUST-000831,STORE-0006,2025-03-28,STORE,COMPLETED,167.71
ORD-00000267,CUST-000449,STORE-0008,2026-06-21,STORE,COMPLETED,155.49
ORD-00000268,CUST-000290,STORE-0007,2026-02-23,STORE,COMPLETED,615.82
ORD-00000269,CUST-000647,STORE-0011,2025-12-09,STORE,COMPLETED,98.64
ORD-00000270,CUST-000291,,2025-09-16,ECOMMERCE,COMPLETED,596.06
ORD-00000271,CUST-000895,,2025-06-03,ECOMMERCE,COMPLETED,530.72
ORD-00000272,CUST-000359,STORE-0005,2026-02-06,STORE,COMPLETED,642.32
ORD-00000273,CUST-000573,STORE-0007,2025-12-03,STORE,COMPLETED,608.05
ORD-00000274,CUST-000757,,2026-06-24,ECOMMERCE,COMPLETED,608.35
ORD-00000275,CUST-000019,STORE-0006,2025-11-13,STORE,COMPLETED,204.56
ORD-00000276,CUST-000498,,2025-07-16,ECOMMERCE,COMPLETED,136.75
ORD-00000277,CUST-000865,STORE-0002,2026-06-04,STORE,COMPLETED,754.08
ORD-00000278,CUST-000039,,2025-12-11,ECOMMERCE,COMPLETED,561.96
ORD-00000279,CUST-000158,STORE-0003,2025-07-05,STORE,COMPLETED,697.42
ORD-00000280,CUST-000170,,2026-03-25,ECOMMERCE,COMPLETED,337.4
ORD-00000281,CUST-000993,,2026-03-31,ECOMMERCE,COMPLETED,680.87
ORD-00000282,CUST-000240,,2026-07-01,ECOMMERCE,COMPLETED,869.55
ORD-00000283,CUST-000926,,2025-07-18,ECOMMERCE,COMPLETED,853.21
ORD-00000284,CUST-000473,,2025-10-16,ECOMMERCE,COMPLETED,460.07
ORD-00000285,CUST-000166,STORE-0004,2025-05-22,STORE,COMPLETED,61.18
ORD-00000286,CUST-000381,STORE-0009,2025-04-16,STORE,COMPLETED,471.58
ORD-00000287,CUST-000086,STORE-0003,2025-10-07,STORE,COMPLETED,469.32
ORD-00000288,CUST-000094,,2025-08-16,ECOMMERCE,COMPLETED,797.9
ORD-00000289,CUST-000425,,2025-02-24,ECOMMERCE,COMPLETED,345.96
ORD-00000290,CUST-000084,STORE-0006,2025-08-18,STORE,COMPLETED,838.78
ORD-00000291,CUST-000666,,2025-12-10,ECOMMERCE,COMPLETED,136.78
ORD-00000292,CUST-000850,STORE-0008,2025-05-23,STORE,COMPLETED,430.16
ORD-00000293,CUST-000928,STORE-0002,2025-01-20,STORE,COMPLETED,753.94
ORD-00000294,CUST-000745,STORE-0010,2026-06-25,STORE,COMPLETED,701.91
ORD-00000295,CUST-000125,STORE-0001,2025-09-02,STORE,COMPLETED,717.6
ORD-00000296,CUST-000114,STORE-0008,2026-07-03,STORE,COMPLETED,471.11
ORD-00000297,CUST-000148,STORE-0005,2026-03-16,STORE,COMPLETED,327.24
ORD-00000298,CUST-000192,STORE-0011,2025-03-29,STORE,COMPLETED,334.13
ORD-00000299,CUST-000558,,2026-06-04,ECOMMERCE,COMPLETED,464.25
ORD-00000300,CUST-000895,STORE-0008,2025-02-14,STORE,COMPLETED,883.22
ORD-00000301,CUST-000017,STORE-0006,2025-03-11,STORE,COMPLETED,663.65
ORD-00000302,CUST-000791,STORE-0010,2025-12-07,STORE,COMPLETED,326.78
ORD-00000303,CUST-000659,STORE-0003,2026-04-21,STORE,PENDING,438.5
ORD-00000304,CUST-000139,STORE-0002,2026-04-14,STORE,COMPLETED,193.41
ORD-00000305,CUST-000908,,2025-02-12,ECOMMERCE,COMPLETED,289.42
ORD-00000306,CUST-000835,STORE-0009,2026-04-30,STORE,COMPLETED,681.66
ORD-00000307,CUST-000366,STORE-0001,2025-12-06,STORE,COMPLETED,722.42
ORD-00000308,CUST-000410,STORE-0012,2026-03-27,STORE,CANCELLED,357.18
ORD-00000309,CUST-000509,,2026-05-25,ECOMMERCE,COMPLETED,720.6
ORD-00000310,CUST-000085,STORE-0012,2026-03-11,STORE,COMPLETED,548.17
ORD-00000311,CUST-000559,,2025-10-28,ECOMMERCE,COMPLETED,85.86
ORD-00000312,CUST-000314,,2026-04-02,ECOMMERCE,COMPLETED,392.11
ORD-00000313,CUST-000360,,2026-04-03,ECOMMERCE,COMPLETED,784.98
ORD-00000314,CUST-000446,STORE-0005,2025-02-28,STORE,COMPLETED,579.2
ORD-00000315,CUST-000821,STORE-0012,2025-06-13,STORE,RETURNED,141.36
ORD-00000316,CUST-000801,STORE-0008,2025-02-05,STORE,COMPLETED,223.86
ORD-00000317,CUST-000371,STORE-0007,2026-08-04,STORE,COMPLETED,150.79
ORD-00000318,CUST-000380,STORE-0006,2026-03-31,STORE,COMPLETED,522.92
ORD-00000319,CUST-000408,STORE-0006,2025-10-13,STORE,COMPLETED,115.4
ORD-00000320,CUST-000512,,2026-06-15,ECOMMERCE,COMPLETED,512.08
ORD-00000321,CUST-000267,STORE-0012,2026-04-02,STORE,COMPLETED,556.51
ORD-00000322,CUST-000503,,2025-07-24,ECOMMERCE,COMPLETED,769.75
ORD-00000323,CUST-000921,STORE-0012,2026-04-01,STORE,PENDING,732.3
ORD-00000324,CUST-000328,,2025-12-22,ECOMMERCE,COMPLETED,501.75
ORD-00000325,CUST-000308,STORE-0003,2025-06-28,STORE,COMPLETED,465.25
ORD-00000326,CUST-000206,STORE-0003,2025-08-31,STORE,COMPLETED,38.26
ORD-00000327,CUST-000378,STORE-0008,2026-07-19,STORE,COMPLETED,797.56
ORD-00000328,CUST-000408,STORE-0012,2026-05-06,STORE,COMPLETED,695.71
ORD-00000329,CUST-000076,,2025-05-09,ECOMMERCE,RETURNED,583.47
ORD-00000330,CUST-000697,STORE-0009,2025-12-19,STORE,COMPLETED,748.71
ORD-00000331,CUST-000602,STORE-0003,2025-05-13,STORE,COMPLETED,820.98
ORD-00000332,CUST-000128,STORE-0009,2025-06-06,STORE,COMPLETED,158.34
ORD-00000333,CUST-000231,,2025-12-21,ECOMMERCE,RETURNED,474.22
ORD-00000334,CUST-000081,STORE-0005,2025-07-21,STORE,COMPLETED,502.49
ORD-00000335,CUST-000311,STORE-0010,2026-07-01,STORE,COMPLETED,582.27
ORD-00000336,CUST-000595,STORE-0003,2025-06-25,STORE,COMPLETED,652.76
ORD-00000337,CUST-000863,STORE-0010,2025-02-12,STORE,COMPLETED,40.11
ORD-00000338,CUST-000657,STORE-0010,2025-09-29,STORE,COMPLETED,693.76
ORD-00000339,CUST-000655,STORE-0001,2026-05-25,STORE,CANCELLED,497.84
ORD-00000340,CUST-000310,STORE-0008,2025-09-08,STORE,COMPLETED,621.22
ORD-00000341,CUST-000075,STORE-0012,2025-03-03,STORE,COMPLETED,382.83
ORD-00000342,CUST-000349,STORE-0010,2025-05-28,STORE,COMPLETED,650.75
ORD-00000343,CUST-000882,,2025-12-20,ECOMMERCE,RETURNED,130.73
ORD-00000344,CUST-000576,STORE-0002,2025-11-23,STORE,COMPLETED,123.43
ORD-00000345,CUST-000145,STORE-0002,2025-02-21,STORE,COMPLETED,354.97
ORD-00000346,CUST-000255,STORE-0003,2025-12-02,STORE,RETURNED,653.2
ORD-00000347,CUST-000164,STORE-0008,2026-06-12,STORE,COMPLETED,792.98
ORD-00000348,CUST-000093,STORE-0007,2026-06-02,STORE,COMPLETED,228.04
ORD-00000349,CUST-000050,STORE-0001,2025-10-16,STORE,COMPLETED,795.87
ORD-00000350,CUST-000482,,2025-10-20,ECOMMERCE,COMPLETED,764.75
ORD-00000351,CUST-000904,STORE-0005,2026-01-10,STORE,COMPLETED,338.85
ORD-00000352,CUST-000584,STORE-0009,2025-07-19,STORE,COMPLETED,270.41
ORD-00000353,CUST-000462,STORE-0009,2025-10-14,STORE,COMPLETED,566.57
ORD-00000354,CUST-000132,STORE-0002,2026-02-08,STORE,COMPLETED,888.31
ORD-00000355,CUST-000375,STORE-0003,2025-07-23,STORE,COMPLETED,370.23
ORD-00000356,CUST-000040,STORE-0003,2025-12-08,STORE,COMPLETED,474.61
ORD-00000357,CUST-000915,STORE-0009,2025-05-24,STORE,COMPLETED,557.57
ORD-00000358,CUST-000632,STORE-0012,2025-11-03,STORE,COMPLETED,463.97
ORD-00000359,CUST-000502,STORE-0012,2026-07-31,STORE,COMPLETED,736.94
ORD-00000360,CUST-000690,STORE-0002,2026-03-03,STORE,COMPLETED,720.13
ORD-00000361,CUST-000705,,2025-01-28,ECOMMERCE,COMPLETED,249.99
ORD-00000362,CUST-000996,,2026-08-16,ECOMMERCE,COMPLETED,653.44
ORD-00000363,CUST-000175,STORE-0009,2026-01-25,STORE,COMPLETED,617.44
ORD-00000364,CUST-000971,STORE-0012,2025-04-23,STORE,COMPLETED,405.32
ORD-00000365,CUST-000423,STORE-0012,2025-07-28,STORE,COMPLETED,700.85
ORD-00000366,CUST-000894,,2025-03-05,ECOMMERCE,COMPLETED,474.03
ORD-00000367,CUST-000679,STORE-0008,2026-06-23,STORE,COMPLETED,861.67
ORD-00000368,CUST-000546,STORE-0006,2026-07-14,STORE,COMPLETED,698.21
ORD-00000369,CUST-000659,,2025-09-28,ECOMMERCE,COMPLETED,185.15
ORD-00000370,CUST-000572,STORE-0005,2025-08-19,STORE,RETURNED,884.3
ORD-00000371,CUST-000722,,2025-08-01,ECOMMERCE,COMPLETED,447.77
ORD-00000372,CUST-000574,STORE-0012,2025-10-08,STORE,COMPLETED,522.53
ORD-00000373,CUST-000918,STORE-0007,2025-12-20,STORE,RETURNED,727.09
ORD-00000374,CUST-000295,STORE-0012,2025-03-22,STORE,COMPLETED,406.5
ORD-00000375,CUST-000491,STORE-0004,2025-07-26,STORE,COMPLETED,254.95
ORD-00000376,CUST-000279,STORE-0003,2025-04-22,STORE,COMPLETED,534.34
ORD-00000377,CUST-000686,STORE-0009,2025-08-20,STORE,COMPLETED,61.45
ORD-00000378,CUST-000735,STORE-0008,2025-04-13,STORE,COMPLETED,136.66
ORD-00000379,CUST-000952,,2025-06-11,ECOMMERCE,COMPLETED,842.5
ORD-00000380,CUST-000489,,2025-07-24,ECOMMERCE,COMPLETED,269.21
ORD-00000381,CUST-000061,STORE-0002,2026-08-11,STORE,COMPLETED,668.74
ORD-00000382,CUST-000039,,2025-06-29,ECOMMERCE,COMPLETED,756.28
ORD-00000383,CUST-000038,,2026-02-11,ECOMMERCE,COMPLETED,179.89
ORD-00000384,CUST-000894,,2025-10-24,ECOMMERCE,COMPLETED,23.2
ORD-00000385,CUST-000110,STORE-0006,2025-10-19,STORE,COMPLETED,582.56
ORD-00000386,CUST-000911,STORE-0003,2026-06-01,STORE,COMPLETED,185.64
ORD-00000387,CUST-000167,STORE-0012,2026-04-15,STORE,COMPLETED,650.96
ORD-00000388,CUST-000346,STORE-0005,2026-08-05,STORE,COMPLETED,185.95
ORD-00000389,CUST-000655,STORE-0007,2026-03-14,STORE,COMPLETED,91.76
ORD-00000390,CUST-000190,,2025-05-24,ECOMMERCE,COMPLETED,843.21
ORD-00000391,CUST-000393,STORE-0004,2026-04-03,STORE,COMPLETED,859.32
ORD-00000392,CUST-000741,STORE-0010,2025-01-12,STORE,COMPLETED,333.2
ORD-00000393,CUST-000684,STORE-0002,2026-04-22,STORE,COMPLETED,373.79
ORD-00000394,CUST-000917,STORE-0012,2025-11-15,STORE,COMPLETED,580.26
ORD-00000395,CUST-000377,,2025-08-15,ECOMMERCE,COMPLETED,133.21
ORD-00000396,CUST-000766,STORE-0010,2026-01-18,STORE,COMPLETED,501.07
ORD-00000397,CUST-000551,STORE-0011,2025-08-12,STORE,COMPLETED,617.1
ORD-00000398,CUST-000807,STORE-0002,2026-06-23,STORE,COMPLETED,637.83
ORD-00000399,CUST-000578,STORE-0002,2025-03-05,STORE,COMPLETED,814.06
ORD-00000400,CUST-000550,STORE-0003,2025-06-18,STORE,COMPLETED,475.5
ORD-00000401,CUST-000211,STORE-0012,2026-08-21,STORE,COMPLETED,810.52
ORD-00000402,CUST-000057,STORE-0008,2025-05-16,STORE,COMPLETED,419.27
ORD-00000403,CUST-000474,STORE-0011,2025-11-12,STORE,COMPLETED,365.41
ORD-00000404,CUST-000764,,2025-08-12,ECOMMERCE,COMPLETED,55.08
ORD-00000405,CUST-000066,STORE-0009,2025-03-03,STORE,RETURNED,76.08
ORD-00000406,CUST-000033,,2025-10-21,ECOMMERCE,COMPLETED,695.54
ORD-00000407,CUST-000747,,2026-03-07,ECOMMERCE,COMPLETED,803.83
ORD-00000408,CUST-000940,STORE-0007,2026-01-20,STORE,COMPLETED,868.27
ORD-00000409,CUST-000137,,2025-12-23,ECOMMERCE,COMPLETED,893.67
ORD-00000410,CUST-000131,STORE-0012,2025-08-17,STORE,COMPLETED,684.22
ORD-00000411,CUST-000475,,2026-07-12,ECOMMERCE,COMPLETED,350.66
ORD-00000412,CUST-000472,STORE-0006,2025-06-08,STORE,COMPLETED,844.61
ORD-00000413,CUST-000116,,2025-02-02,ECOMMERCE,COMPLETED,386.03
ORD-00000414,CUST-000905,,2025-01-17,ECOMMERCE,COMPLETED,74.55
ORD-00000415,CUST-000458,STORE-0010,2025-02-19,STORE,COMPLETED,54.15
ORD-00000416,CUST-000553,STORE-0004,2025-02-27,STORE,COMPLETED,894.23
ORD-00000417,CUST-000939,STORE-0012,2026-08-13,STORE,COMPLETED,544.16
ORD-00000418,CUST-000329,,2025-08-31,ECOMMERCE,COMPLETED,141.79
ORD-00000419,CUST-000227,,2026-02-28,ECOMMERCE,COMPLETED,68.95
ORD-00000420,CUST-000901,,2025-06-29,ECOMMERCE,COMPLETED,393.07
ORD-00000421,CUST-000996,STORE-0006,2026-01-26,STORE,COMPLETED,297.08
ORD-00000422,CUST-000153,STORE-0005,2026-01-21,STORE,COMPLETED,491.07
ORD-00000423,CUST-000231,STORE-0005,2025-05-28,STORE,COMPLETED,824.55
ORD-00000424,CUST-000992,STORE-0007,2026-07-25,STORE,COMPLETED,358.75
ORD-00000425,CUST-000339,STORE-0011,2025-03-22,STORE,RETURNED,764.71
ORD-00000426,CUST-000742,STORE-0004,2025-02-22,STORE,COMPLETED,611.2
ORD-00000427,CUST-000895,STORE-0002,2025-07-12,STORE,COMPLETED,535.01
ORD-00000428,CUST-000223,,2026-05-06,ECOMMERCE,COMPLETED,817.72
ORD-00000429,CUST-000931,STORE-0001,2025-08-05,STORE,RETURNED,866.44
ORD-00000430,CUST-000773,STORE-0008,2025-09-06,STORE,COMPLETED,637.84
ORD-00000431,CUST-000246,STORE-0009,2025-11-26,STORE,COMPLETED,351.89
ORD-00000432,CUST-000368,STORE-0005,2025-09-25,STORE,COMPLETED,796.29
ORD-00000433,CUST-000823,STORE-0012,2026-04-26,STORE,COMPLETED,298.41
ORD-00000434,CUST-000321,STORE-0007,2025-02-16,STORE,COMPLETED,210.83
ORD-00000435,CUST-000268,STORE-0009,2026-08-22,STORE,COMPLETED,384.56
ORD-00000436,CUST-000338,STORE-0004,2026-01-24,STORE,COMPLETED,232.47
ORD-00000437,CUST-000967,STORE-0011,2025-12-12,STORE,COMPLETED,742.11
ORD-00000438,CUST-000658,,2026-05-18,ECOMMERCE,COMPLETED,663.5
ORD-00000439,CUST-000144,STORE-0012,2026-07-14,STORE,COMPLETED,826.46
ORD-00000440,CUST-000658,STORE-0001,2026-06-21,STORE,COMPLETED,764.33
ORD-00000441,CUST-000685,,2025-02-19,ECOMMERCE,COMPLETED,379.97
ORD-00000442,CUST-000237,,2025-03-11,ECOMMERCE,COMPLETED,23.09
ORD-00000443,CUST-000383,STORE-0001,2026-05-10,STORE,COMPLETED,28.92
ORD-00000444,CUST-000422,STORE-0001,2025-01-18,STORE,COMPLETED,258.15
ORD-00000445,CUST-000018,,2026-05-30,ECOMMERCE,COMPLETED,611.52
ORD-00000446,CUST-000932,,2025-07-03,ECOMMERCE,COMPLETED,100.24
ORD-00000447,CUST-000197,STORE-0010,2026-06-24,STORE,COMPLETED,328.68
ORD-00000448,CUST-000081,,2026-01-18,ECOMMERCE,RETURNED,421.21
ORD-00000449,CUST-000714,STORE-0004,2025-11-04,STORE,COMPLETED,765.36
ORD-00000450,CUST-000879,,2025-02-02,ECOMMERCE,COMPLETED,350.65
ORD-00000451,CUST-000058,STORE-0011,2025-01-10,STORE,COMPLETED,88.18
ORD-00000452,CUST-000661,,2025-12-06,ECOMMERCE,COMPLETED,774.29
ORD-00000453,CUST-000541,STORE-0001,2025-08-24,STORE,COMPLETED,783.28
ORD-00000454,CUST-000487,,2025-10-05,ECOMMERCE,COMPLETED,80.8
ORD-00000455,CUST-000921,,2026-07-11,ECOMMERCE,COMPLETED,44.12
ORD-00000456,CUST-000323,,2025-01-17,ECOMMERCE,RETURNED,534.53
ORD-00000457,CUST-000730,,2026-02-12,ECOMMERCE,RETURNED,279.86
ORD-00000458,CUST-000581,STORE-0007,2026-07-08,STORE,COMPLETED,683.71
ORD-00000459,CUST-000706,STORE-0012,2025-03-22,STORE,COMPLETED,877.28
ORD-00000460,CUST-000448,STORE-0004,2025-03-19,STORE,COMPLETED,695.57
ORD-00000461,CUST-000407,,2025-12-01,ECOMMERCE,COMPLETED,256.89
ORD-00000462,CUST-000503,,2025-08-22,ECOMMERCE,COMPLETED,847.91
ORD-00000463,CUST-000697,STORE-0010,2026-01-25,STORE,COMPLETED,562.48
ORD-00000464,CUST-000731,,2025-03-17,ECOMMERCE,COMPLETED,151.49
ORD-00000465,CUST-000650,,2025-06-07,ECOMMERCE,COMPLETED,295.26
ORD-00000466,CUST-000006,STORE-0005,2026-04-01,STORE,COMPLETED,253.74
ORD-00000467,CUST-000192,STORE-0007,2026-04-05,STORE,COMPLETED,468.51
ORD-00000468,CUST-000092,STORE-0006,2026-07-22,STORE,COMPLETED,544.27
ORD-00000469,CUST-000395,STORE-0001,2025-10-26,STORE,COMPLETED,704.56
ORD-00000470,CUST-000573,,2025-09-06,ECOMMERCE,COMPLETED,165.08
ORD-00000471,CUST-000143,STORE-0005,2025-11-05,STORE,COMPLETED,144.15
ORD-00000472,CUST-000283,STORE-0007,2025-11-03,STORE,COMPLETED,83.08
ORD-00000473,CUST-000253,STORE-0012,2026-05-23,STORE,COMPLETED,188.06
ORD-00000474,CUST-000312,STORE-0001,2026-02-10,STORE,COMPLETED,563.87
ORD-00000475,CUST-000338,,2026-03-27,ECOMMERCE,COMPLETED,736.7
ORD-00000476,CUST-000998,,2025-05-20,ECOMMERCE,COMPLETED,548.84
ORD-00000477,CUST-000491,,2025-11-18,ECOMMERCE,COMPLETED,367.44
ORD-00000478,CUST-000753,STORE-0012,2026-05-18,STORE,RETURNED,707.05
ORD-00000479,CUST-000288,STORE-0007,2026-01-09,STORE,COMPLETED,514.01
ORD-00000480,CUST-000559,STORE-0003,2026-07-18,STORE,COMPLETED,658.58
ORD-00000481,CUST-000215,,2026-03-25,ECOMMERCE,COMPLETED,750.68
ORD-00000482,CUST-000869,STORE-0007,2026-05-27,STORE,COMPLETED,283.01
ORD-00000483,CUST-000158,STORE-0012,2026-03-10,STORE,COMPLETED,80.46
ORD-00000484,CUST-000491,,2026-08-20,ECOMMERCE,COMPLETED,463.35
ORD-00000485,CUST-000709,,2026-03-05,ECOMMERCE,COMPLETED,714.79
ORD-00000486,CUST-000917,STORE-0009,2025-03-29,STORE,COMPLETED,234.68
ORD-00000487,CUST-000171,,2025-02-15,ECOMMERCE,COMPLETED,585.85
ORD-00000488,CUST-000991,STORE-0006,2026-03-17,STORE,COMPLETED,102.27
ORD-00000489,CUST-000765,STORE-0009,2026-07-26,STORE,COMPLETED,524.08
ORD-00000490,CUST-000401,STORE-0008,2026-08-26,STORE,COMPLETED,148.41
ORD-00000491,CUST-000495,,2025-04-18,ECOMMERCE,COMPLETED,829.68
ORD-00000492,CUST-000852,STORE-0012,2025-05-26,STORE,COMPLETED,318.61
ORD-00000493,CUST-000534,,2026-05-10,ECOMMERCE,COMPLETED,101.4
ORD-00000494,CUST-000464,,2025-11-23,ECOMMERCE,COMPLETED,54.54
ORD-00000495,CUST-000024,,2025-12-18,ECOMMERCE,COMPLETED,614.27
ORD-00000496,CUST-000759,STORE-0004,2026-06-13,STORE,COMPLETED,156.72
ORD-00000497,CUST-000982,STORE-0008,2025-08-26,STORE,COMPLETED,572.34
ORD-00000498,CUST-000674,STORE-0007,2026-02-10,STORE,COMPLETED,558.48
ORD-00000499,CUST-000607,STORE-0007,2026-02-03,STORE,COMPLETED,205.09
ORD-00000500,CUST-000721,STORE-0002,2026-08-15,STORE,COMPLETED,786.7
ORD-00000501,CUST-000334,STORE-0004,2026-04-14,STORE,COMPLETED,608.57
ORD-00000502,CUST-000990,STORE-0011,2025-11-17,STORE,COMPLETED,556.01
ORD-00000503,CUST-000357,STORE-0006,2026-04-14,STORE,COMPLETED,735.16
ORD-00000504,CUST-000305,,2026-08-28,ECOMMERCE,COMPLETED,133.54
ORD-00000505,CUST-000313,STORE-0002,2025-07-07,STORE,COMPLETED,140.1
ORD-00000506,CUST-000611,STORE-0003,2026-08-12,STORE,COMPLETED,179.39
ORD-00000507,CUST-000711,STORE-0011,2025-06-27,STORE,COMPLETED,448.33
ORD-00000508,CUST-000323,STORE-0008,2025-02-24,STORE,COMPLETED,857.38
ORD-00000509,CUST-000200,STORE-0007,2026-07-30,STORE,COMPLETED,453.05
ORD-00000510,CUST-000426,,2026-03-31,ECOMMERCE,COMPLETED,88.16
ORD-00000511,CUST-000780,STORE-0004,2025-10-27,STORE,COMPLETED,213.99
ORD-00000512,CUST-000800,STORE-0008,2026-08-03,STORE,COMPLETED,692.84
ORD-00000513,CUST-000116,STORE-0010,2025-04-27,STORE,COMPLETED,495.65
ORD-00000514,CUST-000556,,2025-02-12,ECOMMERCE,COMPLETED,405.61
ORD-00000515,CUST-000436,STORE-0002,2025-09-11,STORE,COMPLETED,899.39
ORD-00000516,CUST-000357,STORE-0002,2026-03-26,STORE,COMPLETED,118.89
ORD-00000517,CUST-000215,,2026-08-26,ECOMMERCE,COMPLETED,777.03
ORD-00000518,CUST-000439,STORE-0003,2025-05-23,STORE,COMPLETED,734.97
ORD-00000519,CUST-000584,,2025-12-26,ECOMMERCE,COMPLETED,543.22
ORD-00000520,CUST-000721,STORE-0005,2025-10-24,STORE,COMPLETED,857.87
ORD-00000521,CUST-000922,STORE-0011,2025-04-08,STORE,COMPLETED,678.83
ORD-00000522,CUST-000061,STORE-0005,2025-05-10,STORE,COMPLETED,132.43
ORD-00000523,CUST-000330,STORE-0004,2026-02-07,STORE,COMPLETED,526.02
ORD-00000524,CUST-000425,STORE-0007,2026-04-08,STORE,COMPLETED,718.22
ORD-00000525,CUST-000413,,2026-06-12,ECOMMERCE,COMPLETED,629.81
ORD-00000526,CUST-000466,,2026-05-15,ECOMMERCE,COMPLETED,17.19
ORD-00000527,CUST-000751,,2025-04-06,ECOMMERCE,COMPLETED,420.73
ORD-00000528,CUST-000367,,2025-03-06,ECOMMERCE,COMPLETED,366.98
ORD-00000529,CUST-000845,,2025-08-05,ECOMMERCE,COMPLETED,300.74
ORD-00000530,CUST-000561,STORE-0010,2025-05-14,STORE,COMPLETED,444.52
ORD-00000531,CUST-000699,STORE-0001,2025-02-17,STORE,COMPLETED,708.74
ORD-00000532,CUST-000128,STORE-0003,2026-03-28,STORE,COMPLETED,892.78
ORD-00000533,CUST-000706,STORE-0003,2025-11-06,STORE,COMPLETED,840.46
ORD-00000534,CUST-000671,STORE-0006,2025-09-14,STORE,COMPLETED,603.09
ORD-00000535,CUST-000054,STORE-0007,2025-11-09,STORE,COMPLETED,683.38
ORD-00000536,CUST-000094,STORE-0012,2025-04-08,STORE,COMPLETED,436.97
ORD-00000537,CUST-000232,STORE-0009,2026-04-01,STORE,COMPLETED,630.6
ORD-00000538,CUST-000881,,2026-03-09,ECOMMERCE,COMPLETED,437.76
ORD-00000539,CUST-000092,STORE-0012,2025-04-15,STORE,COMPLETED,340.29
ORD-00000540,CUST-000392,STORE-0003,2025-05-27,STORE,COMPLETED,513.51
ORD-00000541,CUST-000169,STORE-0008,2025-12-26,STORE,COMPLETED,570.85
ORD-00000542,CUST-000422,STORE-0010,2026-03-30,STORE,COMPLETED,91.72
ORD-00000543,CUST-000771,STORE-0002,2026-08-27,STORE,COMPLETED,326.11
ORD-00000544,CUST-000811,STORE-0003,2025-09-11,STORE,COMPLETED,89.56
ORD-00000545,CUST-000615,STORE-0012,2025-10-19,STORE,COMPLETED,626.07
ORD-00000546,CUST-000675,,2025-11-05,ECOMMERCE,COMPLETED,552.13
ORD-00000547,CUST-000402,STORE-0005,2025-02-25,STORE,COMPLETED,717.49
ORD-00000548,CUST-000396,STORE-0002,2025-09-04,STORE,COMPLETED,540.63
ORD-00000549,CUST-000013,STORE-0006,2025-11-21,STORE,COMPLETED,776.82
ORD-00000550,CUST-000375,STORE-0009,2025-06-26,STORE,COMPLETED,859.69
ORD-00000551,CUST-000018,,2026-08-25,ECOMMERCE,COMPLETED,247.03
ORD-00000552,CUST-000062,STORE-0007,2026-06-03,STORE,COMPLETED,645.68
ORD-00000553,CUST-000434,,2026-02-16,ECOMMERCE,COMPLETED,489.86
ORD-00000554,CUST-000285,STORE-0002,2025-11-14,STORE,COMPLETED,830.02
ORD-00000555,CUST-000160,,2026-07-04,ECOMMERCE,COMPLETED,534.0
ORD-00000556,CUST-000666,,2025-03-09,ECOMMERCE,COMPLETED,402.18
ORD-00000557,CUST-000245,,2025-03-01,ECOMMERCE,COMPLETED,833.3
ORD-00000558,CUST-000627,STORE-0010,2025-02-26,STORE,COMPLETED,671.4
ORD-00000559,CUST-000123,,2025-01-13,ECOMMERCE,COMPLETED,635.83
ORD-00000560,CUST-000976,STORE-0006,2026-06-20,STORE,COMPLETED,742.92
ORD-00000561,CUST-000381,STORE-0003,2025-10-03,STORE,COMPLETED,119.48
ORD-00000562,CUST-000344,,2026-03-16,ECOMMERCE,COMPLETED,71.53
ORD-00000563,CUST-000591,,2025-03-20,ECOMMERCE,COMPLETED,467.04
ORD-00000564,CUST-000880,STORE-0010,2025-06-20,STORE,COMPLETED,240.78
ORD-00000565,CUST-000588,STORE-0011,2025-04-29,STORE,COMPLETED,465.31
ORD-00000566,CUST-000884,STORE-0001,2025-09-08,STORE,COMPLETED,337.12
ORD-00000567,CUST-000184,,2025-02-06,ECOMMERCE,COMPLETED,823.84
ORD-00000568,CUST-000430,,2025-08-18,ECOMMERCE,COMPLETED,383.39
ORD-00000569,CUST-000278,,2025-03-21,ECOMMERCE,COMPLETED,120.67
ORD-00000570,CUST-000054,,2025-07-03,ECOMMERCE,COMPLETED,471.46
ORD-00000571,CUST-000411,STORE-0002,2026-04-22,STORE,COMPLETED,699.57
ORD-00000572,CUST-000089,STORE-0009,2026-04-13,STORE,COMPLETED,192.59
ORD-00000573,CUST-000312,STORE-0012,2025-09-06,STORE,COMPLETED,538.65
ORD-00000574,CUST-000792,STORE-0004,2026-07-14,STORE,COMPLETED,231.94
ORD-00000575,CUST-000420,STORE-0001,2025-08-27,STORE,COMPLETED,577.81
ORD-00000576,CUST-000010,,2025-12-10,ECOMMERCE,COMPLETED,596.71
ORD-00000577,CUST-000745,,2025-11-11,ECOMMERCE,COMPLETED,483.89
ORD-00000578,CUST-000504,STORE-0001,2025-05-26,STORE,COMPLETED,97.33
ORD-00000579,CUST-000919,,2026-06-17,ECOMMERCE,COMPLETED,807.59
ORD-00000580,CUST-000766,STORE-0002,2026-08-18,STORE,COMPLETED,133.16
ORD-00000581,CUST-000077,,2026-08-30,ECOMMERCE,COMPLETED,399.96
ORD-00000582,CUST-000243,,2025-10-26,ECOMMERCE,COMPLETED,293.78
ORD-00000583,CUST-000718,,2025-12-01,ECOMMERCE,COMPLETED,255.68
ORD-00000584,CUST-000208,STORE-0003,2026-08-22,STORE,COMPLETED,108.51
ORD-00000585,CUST-000322,STORE-0007,2025-05-04,STORE,COMPLETED,868.7
ORD-00000586,CUST-000316,STORE-0008,2025-09-29,STORE,COMPLETED,95.02
ORD-00000587,CUST-000312,,2025-02-11,ECOMMERCE,COMPLETED,773.07
ORD-00000588,CUST-000729,STORE-0004,2025-12-31,STORE,COMPLETED,58.32
ORD-00000589,CUST-000840,STORE-0003,2025-02-01,STORE,RETURNED,771.32
ORD-00000590,CUST-000564,STORE-0004,2025-04-07,STORE,COMPLETED,726.45
ORD-00000591,CUST-000013,STORE-0001,2025-08-16,STORE,COMPLETED,743.95
ORD-00000592,CUST-000646,STORE-0011,2025-03-28,STORE,COMPLETED,244.06
ORD-00000593,CUST-000023,,2025-03-08,ECOMMERCE,COMPLETED,586.7
ORD-00000594,CUST-000095,,2025-12-06,ECOMMERCE,COMPLETED,848.92
ORD-00000595,CUST-000947,STORE-0010,2026-03-20,STORE,COMPLETED,364.57
ORD-00000596,CUST-000700,STORE-0007,2025-06-26,STORE,COMPLETED,818.85
ORD-00000597,CUST-000457,STORE-0003,2025-02-05,STORE,COMPLETED,561.02
ORD-00000598,CUST-000511,STORE-0007,2026-07-18,STORE,COMPLETED,92.63
ORD-00000599,CUST-000430,STORE-0004,2026-06-23,STORE,COMPLETED,894.77
ORD-00000600,CUST-000020,STORE-0007,2026-01-03,STORE,COMPLETED,706.57
ORD-00000601,CUST-000580,STORE-0009,2025-11-26,STORE,COMPLETED,174.14
ORD-00000602,CUST-000225,STORE-0001,2025-10-15,STORE,COMPLETED,892.51
ORD-00000603,CUST-000786,STORE-0010,2025-08-27,STORE,RETURNED,103.62
ORD-00000604,CUST-000273,,2026-07-01,ECOMMERCE,COMPLETED,826.77
ORD-00000605,CUST-000971,STORE-0004,2026-08-13,STORE,COMPLETED,720.69
ORD-00000606,CUST-000860,STORE-0003,2025-06-30,STORE,COMPLETED,296.43
ORD-00000607,CUST-000368,,2026-08-29,ECOMMERCE,COMPLETED,635.0
ORD-00000608,CUST-000578,,2025-05-26,ECOMMERCE,COMPLETED,181.59
ORD-00000609,CUST-000903,,2026-05-20,ECOMMERCE,COMPLETED,170.37
ORD-00000610,CUST-000058,STORE-0004,2025-08-13,STORE,COMPLETED,438.02
ORD-00000611,CUST-000629,STORE-0004,2025-05-14,STORE,COMPLETED,172.05
ORD-00000612,CUST-000890,,2025-11-28,ECOMMERCE,COMPLETED,145.73
ORD-00000613,CUST-000146,,2025-04-24,ECOMMERCE,COMPLETED,776.69
ORD-00000614,CUST-000383,,2026-02-10,ECOMMERCE,COMPLETED,312.86
ORD-00000615,CUST-001000,STORE-0003,2026-03-24,STORE,COMPLETED,865.19
ORD-00000616,CUST-000179,STORE-0012,2026-07-30,STORE,COMPLETED,837.03
ORD-00000617,CUST-000229,,2026-08-27,ECOMMERCE,COMPLETED,349.87
ORD-00000618,CUST-000302,,2025-05-11,ECOMMERCE,COMPLETED,16.59
ORD-00000619,CUST-000587,,2026-02-05,ECOMMERCE,COMPLETED,697.18
ORD-00000620,CUST-000187,STORE-0010,2025-11-22,STORE,RETURNED,871.27
ORD-00000621,CUST-000580,STORE-0002,2026-05-24,STORE,COMPLETED,674.63
ORD-00000622,CUST-000328,STORE-0003,2025-04-01,STORE,COMPLETED,607.97
ORD-00000623,CUST-000344,,2026-04-03,ECOMMERCE,COMPLETED,200.57
ORD-00000624,CUST-000359,,2025-09-20,ECOMMERCE,COMPLETED,652.57
ORD-00000625,CUST-000449,STORE-0012,2026-03-06,STORE,RETURNED,797.83
ORD-00000626,CUST-000388,STORE-0006,2026-07-14,STORE,COMPLETED,748.49
ORD-00000627,CUST-000592,,2025-08-19,ECOMMERCE,COMPLETED,80.23
ORD-00000628,CUST-000302,,2025-01-21,ECOMMERCE,COMPLETED,857.22
ORD-00000629,CUST-000175,STORE-0007,2025-06-14,STORE,COMPLETED,499.14
ORD-00000630,CUST-000096,,2025-12-13,ECOMMERCE,COMPLETED,558.08
ORD-00000631,CUST-000032,STORE-0007,2025-06-18,STORE,COMPLETED,399.27
ORD-00000632,CUST-000340,STORE-0004,2025-07-14,STORE,COMPLETED,505.39
ORD-00000633,CUST-000554,,2025-09-29,ECOMMERCE,COMPLETED,278.2
ORD-00000634,CUST-000403,STORE-0010,2026-07-17,STORE,COMPLETED,150.93
ORD-00000635,CUST-000438,STORE-0002,2025-10-29,STORE,COMPLETED,568.21
ORD-00000636,CUST-000100,STORE-0001,2025-07-31,STORE,COMPLETED,273.25
ORD-00000637,CUST-000865,STORE-0002,2025-11-12,STORE,COMPLETED,431.79
ORD-00000638,CUST-000272,,2025-04-04,ECOMMERCE,COMPLETED,357.96
ORD-00000639,CUST-000391,STORE-0006,2025-07-11,STORE,COMPLETED,248.02
ORD-00000640,CUST-000232,STORE-0005,2026-08-01,STORE,COMPLETED,680.73
ORD-00000641,CUST-000088,,2025-12-19,ECOMMERCE,COMPLETED,381.38
ORD-00000642,CUST-000233,,2026-07-21,ECOMMERCE,COMPLETED,357.59
ORD-00000643,CUST-000989,STORE-0009,2026-05-02,STORE,COMPLETED,223.54
ORD-00000644,CUST-000405,STORE-0012,2025-02-05,STORE,COMPLETED,811.9
ORD-00000645,CUST-000694,,2025-05-31,ECOMMERCE,COMPLETED,685.11
ORD-00000646,CUST-000172,STORE-0004,2025-07-17,STORE,COMPLETED,389.69
ORD-00000647,CUST-000446,,2025-07-26,ECOMMERCE,PENDING,570.1
ORD-00000648,CUST-000265,,2025-11-24,ECOMMERCE,CANCELLED,824.04
ORD-00000649,CUST-000398,STORE-0009,2026-02-11,STORE,COMPLETED,773.11
ORD-00000650,CUST-000940,STORE-0001,2026-08-25,STORE,COMPLETED,386.34
ORD-00000651,CUST-000152,STORE-0010,2026-08-26,STORE,COMPLETED,868.88
ORD-00000652,CUST-000109,STORE-0010,2025-04-14,STORE,COMPLETED,782.72
ORD-00000653,CUST-000899,,2026-02-25,ECOMMERCE,COMPLETED,594.49
ORD-00000654,CUST-000485,STORE-0001,2025-06-26,STORE,COMPLETED,142.31
ORD-00000655,CUST-000711,STORE-0007,2025-02-09,STORE,COMPLETED,792.88
ORD-00000656,CUST-000051,,2026-05-02,ECOMMERCE,RETURNED,808.87
ORD-00000657,CUST-000838,STORE-0005,2025-11-15,STORE,COMPLETED,450.08
ORD-00000658,CUST-000101,,2025-08-22,ECOMMERCE,COMPLETED,877.18
ORD-00000659,CUST-000846,STORE-0006,2025-10-03,STORE,COMPLETED,550.41
ORD-00000660,CUST-000453,STORE-0004,2026-02-21,STORE,COMPLETED,687.15
ORD-00000661,CUST-000841,,2025-02-27,ECOMMERCE,COMPLETED,155.69
ORD-00000662,CUST-000519,STORE-0007,2025-05-19,STORE,COMPLETED,478.99
ORD-00000663,CUST-000178,STORE-0004,2025-07-25,STORE,COMPLETED,235.8
ORD-00000664,CUST-000941,STORE-0006,2025-07-23,STORE,COMPLETED,743.8
ORD-00000665,CUST-000651,STORE-0002,2025-02-01,STORE,COMPLETED,447.58
ORD-00000666,CUST-000984,STORE-0008,2026-08-24,STORE,COMPLETED,319.66
ORD-00000667,CUST-000265,,2025-04-03,ECOMMERCE,COMPLETED,357.11
ORD-00000668,CUST-000586,STORE-0004,2025-08-15,STORE,COMPLETED,614.76
ORD-00000669,CUST-000420,STORE-0009,2025-01-21,STORE,COMPLETED,870.92
ORD-00000670,CUST-000486,,2025-05-16,ECOMMERCE,COMPLETED,547.01
ORD-00000671,CUST-000259,STORE-0010,2025-11-09,STORE,COMPLETED,642.79
ORD-00000672,CUST-000917,STORE-0007,2025-12-24,STORE,COMPLETED,208.12
ORD-00000673,CUST-000534,STORE-0010,2026-02-11,STORE,COMPLETED,21.5
ORD-00000674,CUST-000990,,2026-01-19,ECOMMERCE,COMPLETED,540.49
ORD-00000675,CUST-000701,STORE-0002,2026-05-09,STORE,COMPLETED,889.7
ORD-00000676,CUST-000883,STORE-0005,2025-09-25,STORE,COMPLETED,857.69
ORD-00000677,CUST-000193,,2025-06-03,ECOMMERCE,COMPLETED,227.67
ORD-00000678,CUST-000878,STORE-0010,2026-02-18,STORE,COMPLETED,617.47
ORD-00000679,CUST-000672,,2026-05-25,ECOMMERCE,PENDING,244.59
ORD-00000680,CUST-000398,STORE-0012,2025-02-06,STORE,COMPLETED,895.36
ORD-00000681,CUST-000352,,2025-08-16,ECOMMERCE,COMPLETED,579.91
ORD-00000682,CUST-000964,STORE-0011,2026-01-03,STORE,COMPLETED,763.2
ORD-00000683,CUST-000898,,2026-07-26,ECOMMERCE,COMPLETED,101.38
ORD-00000684,CUST-000265,STORE-0012,2026-07-27,STORE,COMPLETED,177.02
ORD-00000685,CUST-000344,,2025-04-02,ECOMMERCE,COMPLETED,212.65
ORD-00000686,CUST-000431,,2025-12-06,ECOMMERCE,COMPLETED,533.23
ORD-00000687,CUST-000121,STORE-0008,2025-02-24,STORE,COMPLETED,531.46
ORD-00000688,CUST-000073,,2026-04-29,ECOMMERCE,CANCELLED,457.92
ORD-00000689,CUST-000391,,2026-06-27,ECOMMERCE,COMPLETED,62.84
ORD-00000690,CUST-000141,,2025-07-25,ECOMMERCE,COMPLETED,888.66
ORD-00000691,CUST-000469,,2025-05-27,ECOMMERCE,COMPLETED,648.37
ORD-00000692,CUST-000500,,2025-12-07,ECOMMERCE,COMPLETED,171.49
ORD-00000693,CUST-000005,STORE-0008,2025-10-08,STORE,COMPLETED,699.58
ORD-00000694,CUST-000163,STORE-0008,2025-04-01,STORE,COMPLETED,398.83
ORD-00000695,CUST-000440,STORE-0008,2026-01-28,STORE,COMPLETED,487.4
ORD-00000696,CUST-000973,,2025-01-15,ECOMMERCE,CANCELLED,684.81
ORD-00000697,CUST-000019,STORE-0011,2025-01-05,STORE,COMPLETED,235.21
ORD-00000698,CUST-000353,,2025-11-16,ECOMMERCE,COMPLETED,354.44
ORD-00000699,CUST-000172,STORE-0002,2025-02-16,STORE,COMPLETED,272.38
ORD-00000700,CUST-000611,,2026-06-21,ECOMMERCE,COMPLETED,800.86
ORD-00000701,CUST-000351,,2026-05-17,ECOMMERCE,COMPLETED,181.76
ORD-00000702,CUST-000941,,2026-02-18,ECOMMERCE,COMPLETED,213.52
ORD-00000703,CUST-000217,,2025-01-23,ECOMMERCE,COMPLETED,164.55
ORD-00000704,CUST-000667,STORE-0001,2026-01-20,STORE,COMPLETED,241.37
ORD-00000705,CUST-000050,STORE-0010,2025-02-19,STORE,COMPLETED,593.41
ORD-00000706,CUST-000707,STORE-0002,2026-03-03,STORE,COMPLETED,124.38
ORD-00000707,CUST-000719,STORE-0003,2025-07-30,STORE,COMPLETED,572.83
ORD-00000708,CUST-000678,STORE-0002,2026-06-17,STORE,COMPLETED,550.99
ORD-00000709,CUST-000851,STORE-0002,2026-06-08,STORE,COMPLETED,119.2
ORD-00000710,CUST-000109,STORE-0008,2025-07-23,STORE,COMPLETED,703.49
ORD-00000711,CUST-000997,,2025-07-26,ECOMMERCE,COMPLETED,377.63
ORD-00000712,CUST-000562,STORE-0008,2025-08-01,STORE,COMPLETED,440.39
ORD-00000713,CUST-000014,STORE-0011,2025-04-02,STORE,CANCELLED,754.18
ORD-00000714,CUST-000153,,2025-04-03,ECOMMERCE,COMPLETED,81.42
ORD-00000715,CUST-000927,,2025-09-20,ECOMMERCE,COMPLETED,419.22
ORD-00000716,CUST-000271,,2026-04-21,ECOMMERCE,COMPLETED,734.66
ORD-00000717,CUST-000873,,2025-10-25,ECOMMERCE,COMPLETED,613.94
ORD-00000718,CUST-000119,STORE-0002,2025-02-16,STORE,COMPLETED,137.48
ORD-00000719,CUST-000337,STORE-0006,2026-03-25,STORE,RETURNED,252.45
ORD-00000720,CUST-000382,,2025-12-17,ECOMMERCE,COMPLETED,369.69
ORD-00000721,CUST-000279,,2026-01-30,ECOMMERCE,COMPLETED,438.25
ORD-00000722,CUST-000908,STORE-0003,2025-04-26,STORE,COMPLETED,657.87
ORD-00000723,CUST-000865,,2025-06-13,ECOMMERCE,COMPLETED,821.44
ORD-00000724,CUST-000583,STORE-0011,2026-03-25,STORE,COMPLETED,351.08
ORD-00000725,CUST-000030,STORE-0011,2025-05-14,STORE,COMPLETED,446.99
ORD-00000726,CUST-000452,,2025-02-17,ECOMMERCE,COMPLETED,594.65
ORD-00000727,CUST-000890,STORE-0011,2026-06-22,STORE,COMPLETED,525.33
ORD-00000728,CUST-000979,STORE-0011,2025-12-13,STORE,COMPLETED,624.09
ORD-00000729,CUST-000444,STORE-0011,2025-09-12,STORE,COMPLETED,602.38
ORD-00000730,CUST-000153,STORE-0009,2025-02-25,STORE,COMPLETED,841.92
ORD-00000731,CUST-000481,STORE-0008,2025-06-19,STORE,COMPLETED,450.11
ORD-00000732,CUST-000994,STORE-0005,2025-02-21,STORE,COMPLETED,502.19
ORD-00000733,CUST-000837,STORE-0004,2025-03-22,STORE,COMPLETED,724.12
ORD-00000734,CUST-000878,STORE-0008,2026-04-03,STORE,COMPLETED,882.89
ORD-00000735,CUST-000019,,2025-04-16,ECOMMERCE,COMPLETED,46.71
ORD-00000736,CUST-000846,STORE-0002,2025-11-08,STORE,CANCELLED,512.66
ORD-00000737,CUST-000468,,2025-12-16,ECOMMERCE,COMPLETED,63.03
ORD-00000738,CUST-000466,STORE-0006,2026-07-28,STORE,COMPLETED,545.96
ORD-00000739,CUST-000373,,2026-04-09,ECOMMERCE,COMPLETED,687.0
ORD-00000740,CUST-000350,STORE-0006,2025-10-26,STORE,COMPLETED,345.89
ORD-00000741,CUST-000919,STORE-0003,2026-05-20,STORE,COMPLETED,649.42
ORD-00000742,CUST-000110,,2025-09-18,ECOMMERCE,COMPLETED,180.98
ORD-00000743,CUST-000403,,2025-08-09,ECOMMERCE,COMPLETED,706.56
ORD-00000744,CUST-000111,,2026-03-01,ECOMMERCE,COMPLETED,575.42
ORD-00000745,CUST-000127,,2026-04-07,ECOMMERCE,COMPLETED,536.54
ORD-00000746,CUST-000987,STORE-0008,2025-01-05,STORE,COMPLETED,57.99
ORD-00000747,CUST-000859,,2026-08-23,ECOMMERCE,COMPLETED,464.87
ORD-00000748,CUST-000182,,2026-08-16,ECOMMERCE,COMPLETED,736.49
ORD-00000749,CUST-000674,STORE-0010,2025-11-26,STORE,COMPLETED,355.43
ORD-00000750,CUST-000938,,2025-09-12,ECOMMERCE,COMPLETED,867.78
ORD-00000751,CUST-000464,,2025-05-17,ECOMMERCE,COMPLETED,548.23
ORD-00000752,CUST-000525,,2025-11-03,ECOMMERCE,COMPLETED,499.81
ORD-00000753,CUST-000755,STORE-0009,2025-08-11,STORE,COMPLETED,567.39
ORD-00000754,CUST-000354,STORE-0011,2025-05-16,STORE,PENDING,590.33
ORD-00000755,CUST-000516,,2026-07-10,ECOMMERCE,COMPLETED,300.31
ORD-00000756,CUST-000361,STORE-0009,2026-05-07,STORE,COMPLETED,849.27
ORD-00000757,CUST-000691,,2026-07-01,ECOMMERCE,COMPLETED,764.86
ORD-00000758,CUST-000536,,2025-04-20,ECOMMERCE,COMPLETED,143.61
ORD-00000759,CUST-000205,,2025-10-01,ECOMMERCE,COMPLETED,157.43
ORD-00000760,CUST-000257,STORE-0003,2025-03-05,STORE,COMPLETED,276.2
ORD-00000761,CUST-000034,,2026-01-03,ECOMMERCE,COMPLETED,105.69
ORD-00000762,CUST-000758,,2026-07-30,ECOMMERCE,COMPLETED,672.04
ORD-00000763,CUST-000244,STORE-0009,2025-10-22,STORE,COMPLETED,56.58
ORD-00000764,CUST-000427,STORE-0011,2025-11-17,STORE,RETURNED,62.61
ORD-00000765,CUST-000208,,2026-03-30,ECOMMERCE,COMPLETED,821.67
ORD-00000766,CUST-000664,,2026-01-12,ECOMMERCE,COMPLETED,498.75
ORD-00000767,CUST-000795,STORE-0012,2025-07-18,STORE,COMPLETED,172.02
ORD-00000768,CUST-000192,,2025-06-27,ECOMMERCE,COMPLETED,120.63
ORD-00000769,CUST-000286,STORE-0009,2025-09-28,STORE,COMPLETED,531.83
ORD-00000770,CUST-000339,STORE-0008,2025-06-08,STORE,COMPLETED,836.84
ORD-00000771,CUST-000793,STORE-0011,2025-11-05,STORE,COMPLETED,521.82
ORD-00000772,CUST-000803,STORE-0012,2025-11-22,STORE,COMPLETED,861.93
ORD-00000773,CUST-000806,STORE-0009,2025-06-13,STORE,COMPLETED,490.28
ORD-00000774,CUST-000227,STORE-0004,2025-12-06,STORE,COMPLETED,274.81
ORD-00000775,CUST-000634,,2026-06-28,ECOMMERCE,COMPLETED,511.78
ORD-00000776,CUST-000665,,2025-01-10,ECOMMERCE,COMPLETED,321.22
ORD-00000777,CUST-000658,STORE-0010,2025-09-07,STORE,RETURNED,619.06
ORD-00000778,CUST-000938,STORE-0002,2026-01-31,STORE,COMPLETED,655.72
ORD-00000779,CUST-000530,STORE-0006,2026-06-11,STORE,COMPLETED,409.32
ORD-00000780,CUST-000920,STORE-0011,2025-07-17,STORE,COMPLETED,87.88
ORD-00000781,CUST-000995,STORE-0009,2026-07-01,STORE,COMPLETED,72.94
ORD-00000782,CUST-000793,,2025-08-07,ECOMMERCE,COMPLETED,390.43
ORD-00000783,CUST-000551,STORE-0012,2026-03-22,STORE,COMPLETED,846.68
ORD-00000784,CUST-000158,,2025-01-25,ECOMMERCE,COMPLETED,308.57
ORD-00000785,CUST-000056,STORE-0003,2025-09-15,STORE,COMPLETED,523.84
ORD-00000786,CUST-000265,STORE-0007,2026-02-02,STORE,COMPLETED,372.94
ORD-00000787,CUST-000399,STORE-0011,2025-05-02,STORE,COMPLETED,582.66
ORD-00000788,CUST-000775,STORE-0012,2026-08-23,STORE,COMPLETED,765.7
ORD-00000789,CUST-000515,STORE-0002,2025-10-24,STORE,COMPLETED,281.7
ORD-00000790,CUST-000784,STORE-0008,2026-01-26,STORE,COMPLETED,599.74
ORD-00000791,CUST-000547,STORE-0004,2025-05-20,STORE,COMPLETED,720.14
ORD-00000792,CUST-000303,,2025-05-28,ECOMMERCE,COMPLETED,799.98
ORD-00000793,CUST-000888,,2026-01-18,ECOMMERCE,RETURNED,24.87
ORD-00000794,CUST-000145,,2025-05-07,ECOMMERCE,COMPLETED,521.86
ORD-00000795,CUST-000561,STORE-0002,2025-11-09,STORE,COMPLETED,671.17
ORD-00000796,CUST-000217,,2026-02-27,ECOMMERCE,CANCELLED,768.54
ORD-00000797,CUST-000189,STORE-0004,2025-09-16,STORE,COMPLETED,175.5
ORD-00000798,CUST-000873,,2025-02-25,ECOMMERCE,COMPLETED,840.15
ORD-00000799,CUST-000473,,2026-07-17,ECOMMERCE,COMPLETED,609.44
ORD-00000800,CUST-000203,STORE-0012,2026-08-18,STORE,COMPLETED,307.8
ORD-00000801,CUST-000672,STORE-0004,2025-04-13,STORE,COMPLETED,76.78
ORD-00000802,CUST-000498,STORE-0008,2025-12-03,STORE,COMPLETED,285.52
ORD-00000803,CUST-000580,STORE-0010,2026-01-09,STORE,COMPLETED,863.41
ORD-00000804,CUST-000321,STORE-0004,2025-08-15,STORE,COMPLETED,582.14
ORD-00000805,CUST-000369,STORE-0003,2025-12-06,STORE,COMPLETED,424.62
ORD-00000806,CUST-000313,STORE-0008,2026-07-19,STORE,COMPLETED,586.31
ORD-00000807,CUST-000288,STORE-0003,2026-07-06,STORE,COMPLETED,664.19
ORD-00000808,CUST-000745,STORE-0002,2025-01-20,STORE,COMPLETED,573.99
ORD-00000809,CUST-000593,,2026-02-19,ECOMMERCE,COMPLETED,203.29
ORD-00000810,CUST-000267,STORE-0009,2026-07-07,STORE,COMPLETED,701.05
ORD-00000811,CUST-000229,STORE-0010,2025-10-25,STORE,COMPLETED,458.49
ORD-00000812,CUST-000373,STORE-0009,2025-01-11,STORE,COMPLETED,765.46
ORD-00000813,CUST-000629,,2025-06-19,ECOMMERCE,COMPLETED,139.23
ORD-00000814,CUST-000580,STORE-0010,2025-05-30,STORE,COMPLETED,442.9
ORD-00000815,CUST-000225,STORE-0008,2025-08-26,STORE,COMPLETED,341.95
ORD-00000816,CUST-000212,STORE-0009,2026-01-05,STORE,COMPLETED,827.34
ORD-00000817,CUST-000041,,2025-11-28,ECOMMERCE,COMPLETED,872.07
ORD-00000818,CUST-000281,STORE-0012,2025-09-27,STORE,COMPLETED,519.59
ORD-00000819,CUST-000388,STORE-0006,2026-08-25,STORE,COMPLETED,754.39
ORD-00000820,CUST-000386,STORE-0004,2026-06-13,STORE,COMPLETED,738.25
ORD-00000821,CUST-000812,STORE-0008,2025-01-07,STORE,COMPLETED,137.99
ORD-00000822,CUST-000079,STORE-0009,2025-10-15,STORE,COMPLETED,180.41
ORD-00000823,CUST-000735,STORE-0002,2025-08-24,STORE,COMPLETED,307.25
ORD-00000824,CUST-000692,STORE-0008,2026-05-06,STORE,COMPLETED,157.7
ORD-00000825,CUST-000023,,2025-09-07,ECOMMERCE,COMPLETED,522.54
ORD-00000826,CUST-000645,STORE-0009,2025-02-10,STORE,CANCELLED,144.98
ORD-00000827,CUST-000945,STORE-0003,2026-06-14,STORE,RETURNED,545.43
ORD-00000828,CUST-000020,STORE-0012,2025-10-18,STORE,RETURNED,206.69
ORD-00000829,CUST-000483,STORE-0008,2025-06-24,STORE,COMPLETED,378.53
ORD-00000830,CUST-000597,STORE-0003,2026-06-08,STORE,COMPLETED,655.91
ORD-00000831,CUST-000465,STORE-0010,2026-08-28,STORE,COMPLETED,349.72
ORD-00000832,CUST-000017,STORE-0004,2026-06-20,STORE,COMPLETED,461.36
ORD-00000833,CUST-000154,STORE-0010,2025-04-09,STORE,COMPLETED,812.92
ORD-00000834,CUST-000899,STORE-0009,2026-05-31,STORE,COMPLETED,97.47
ORD-00000835,CUST-000924,,2026-07-07,ECOMMERCE,COMPLETED,808.82
ORD-00000836,CUST-000665,,2026-03-18,ECOMMERCE,COMPLETED,342.78
ORD-00000837,CUST-000543,STORE-0007,2025-08-23,STORE,RETURNED,441.68
ORD-00000838,CUST-000359,,2026-08-27,ECOMMERCE,COMPLETED,818.46
ORD-00000839,CUST-000590,,2025-04-11,ECOMMERCE,COMPLETED,240.25
ORD-00000840,CUST-000932,,2025-03-27,ECOMMERCE,COMPLETED,790.94
ORD-00000841,CUST-000194,STORE-0001,2025-01-08,STORE,COMPLETED,119.28
ORD-00000842,CUST-000671,STORE-0004,2025-11-20,STORE,COMPLETED,109.33
ORD-00000843,CUST-000600,STORE-0005,2025-09-25,STORE,COMPLETED,389.85
ORD-00000844,CUST-000283,STORE-0011,2026-02-11,STORE,COMPLETED,380.71
ORD-00000845,CUST-000495,,2025-07-03,ECOMMERCE,COMPLETED,506.1
ORD-00000846,CUST-000315,STORE-0010,2025-12-19,STORE,COMPLETED,367.34
ORD-00000847,CUST-000885,STORE-0011,2025-05-02,STORE,COMPLETED,410.24
ORD-00000848,CUST-000166,,2025-04-13,ECOMMERCE,COMPLETED,369.5
ORD-00000849,CUST-000564,STORE-0010,2025-02-23,STORE,COMPLETED,868.64
ORD-00000850,CUST-000094,STORE-0003,2026-04-28,STORE,RETURNED,400.31
ORD-00000851,CUST-000228,STORE-0006,2025-03-23,STORE,COMPLETED,656.18
ORD-00000852,CUST-000411,,2026-06-18,ECOMMERCE,COMPLETED,867.72
ORD-00000853,CUST-000793,STORE-0003,2026-05-22,STORE,COMPLETED,193.51
ORD-00000854,CUST-000824,,2026-06-15,ECOMMERCE,COMPLETED,44.74
ORD-00000855,CUST-000529,STORE-0012,2025-08-26,STORE,COMPLETED,611.51
ORD-00000856,CUST-000671,STORE-0001,2025-06-11,STORE,COMPLETED,259.2
ORD-00000857,CUST-000686,STORE-0007,2026-02-20,STORE,COMPLETED,473.2
ORD-00000858,CUST-000071,,2025-04-03,ECOMMERCE,COMPLETED,657.63
ORD-00000859,CUST-000597,STORE-0006,2025-12-22,STORE,RETURNED,259.71
ORD-00000860,CUST-000200,STORE-0008,2026-02-18,STORE,COMPLETED,246.08
ORD-00000861,CUST-000110,STORE-0009,2025-03-16,STORE,COMPLETED,315.87
ORD-00000862,CUST-000526,STORE-0005,2026-07-05,STORE,COMPLETED,523.78
ORD-00000863,CUST-000990,,2026-01-22,ECOMMERCE,COMPLETED,696.42
ORD-00000864,CUST-000985,,2026-04-15,ECOMMERCE,COMPLETED,808.42
ORD-00000865,CUST-000494,,2025-04-30,ECOMMERCE,COMPLETED,353.67
ORD-00000866,CUST-000226,,2025-08-24,ECOMMERCE,COMPLETED,380.0
ORD-00000867,CUST-000549,STORE-0001,2025-09-27,STORE,COMPLETED,97.31
ORD-00000868,CUST-000841,,2025-12-17,ECOMMERCE,COMPLETED,839.29
ORD-00000869,CUST-000363,STORE-0004,2026-08-11,STORE,COMPLETED,853.2
ORD-00000870,CUST-000932,,2025-07-14,ECOMMERCE,COMPLETED,191.7
ORD-00000871,CUST-000894,,2025-09-29,ECOMMERCE,COMPLETED,194.45
ORD-00000872,CUST-000634,STORE-0006,2025-06-09,STORE,COMPLETED,121.09
ORD-00000873,CUST-000979,STORE-0011,2026-05-20,STORE,COMPLETED,691.36
ORD-00000874,CUST-000044,STORE-0008,2026-01-16,STORE,COMPLETED,450.72
ORD-00000875,CUST-000919,,2026-08-12,ECOMMERCE,COMPLETED,449.36
ORD-00000876,CUST-000938,,2026-06-08,ECOMMERCE,COMPLETED,211.55
ORD-00000877,CUST-000056,STORE-0009,2026-03-10,STORE,COMPLETED,493.58
ORD-00000878,CUST-000404,STORE-0011,2025-06-28,STORE,COMPLETED,121.53
ORD-00000879,CUST-000324,STORE-0012,2025-01-09,STORE,COMPLETED,201.52
ORD-00000880,CUST-000334,STORE-0006,2025-09-23,STORE,COMPLETED,247.62
ORD-00000881,CUST-000982,STORE-0010,2025-12-18,STORE,COMPLETED,456.41
ORD-00000882,CUST-000718,STORE-0006,2026-01-09,STORE,COMPLETED,262.47
ORD-00000883,CUST-000135,STORE-0010,2025-08-23,STORE,COMPLETED,652.92
ORD-00000884,CUST-000569,,2026-03-19,ECOMMERCE,COMPLETED,188.52
ORD-00000885,CUST-000757,,2025-06-03,ECOMMERCE,COMPLETED,23.62
ORD-00000886,CUST-000138,STORE-0011,2026-06-14,STORE,COMPLETED,294.42
ORD-00000887,CUST-000257,STORE-0009,2026-08-05,STORE,COMPLETED,102.59
ORD-00000888,CUST-000221,STORE-0005,2026-05-03,STORE,COMPLETED,100.23
ORD-00000889,CUST-000267,,2026-01-05,ECOMMERCE,COMPLETED,508.38
ORD-00000890,CUST-000353,,2025-01-21,ECOMMERCE,COMPLETED,325.72
ORD-00000891,CUST-000621,,2025-07-23,ECOMMERCE,COMPLETED,590.13
ORD-00000892,CUST-000800,STORE-0005,2025-12-30,STORE,COMPLETED,466.74
ORD-00000893,CUST-000458,,2025-03-22,ECOMMERCE,COMPLETED,268.57
ORD-00000894,CUST-000149,STORE-0003,2025-12-12,STORE,COMPLETED,556.89
ORD-00000895,CUST-000929,STORE-0002,2025-03-23,STORE,COMPLETED,216.97
ORD-00000896,CUST-000299,STORE-0012,2025-10-01,STORE,COMPLETED,364.98
ORD-00000897,CUST-000800,,2026-01-07,ECOMMERCE,COMPLETED,476.03
ORD-00000898,CUST-000172,STORE-0003,2025-01-24,STORE,COMPLETED,222.65
ORD-00000899,CUST-000762,STORE-0012,2025-03-23,STORE,COMPLETED,366.39
ORD-00000900,CUST-000960,STORE-0008,2026-07-16,STORE,COMPLETED,697.28
ORD-00000901,CUST-000086,STORE-0002,2025-09-26,STORE,COMPLETED,89.62
ORD-00000902,CUST-000400,,2025-11-13,ECOMMERCE,COMPLETED,667.77
ORD-00000903,CUST-000130,STORE-0003,2026-06-24,STORE,COMPLETED,40.29
ORD-00000904,CUST-000882,,2025-11-30,ECOMMERCE,COMPLETED,428.47
ORD-00000905,CUST-000958,,2025-10-06,ECOMMERCE,COMPLETED,134.58
ORD-00000906,CUST-000553,,2025-07-01,ECOMMERCE,COMPLETED,419.04
ORD-00000907,CUST-000899,,2026-08-01,ECOMMERCE,COMPLETED,581.21
ORD-00000908,CUST-000931,STORE-0006,2026-05-09,STORE,COMPLETED,727.17
ORD-00000909,CUST-000375,STORE-0007,2025-09-24,STORE,COMPLETED,24.34
ORD-00000910,CUST-000777,STORE-0003,2025-12-19,STORE,COMPLETED,488.56
ORD-00000911,CUST-000504,,2026-05-04,ECOMMERCE,COMPLETED,692.79
ORD-00000912,CUST-000612,,2025-08-25,ECOMMERCE,COMPLETED,500.17
ORD-00000913,CUST-000904,STORE-0009,2026-03-24,STORE,COMPLETED,159.49
ORD-00000914,CUST-000400,,2026-01-23,ECOMMERCE,COMPLETED,85.1
ORD-00000915,CUST-000530,STORE-0010,2025-10-06,STORE,COMPLETED,672.49
ORD-00000916,CUST-000423,,2025-07-12,ECOMMERCE,COMPLETED,176.43
ORD-00000917,CUST-000653,STORE-0008,2026-04-09,STORE,COMPLETED,566.14
ORD-00000918,CUST-000020,STORE-0003,2025-02-20,STORE,RETURNED,34.59
ORD-00000919,CUST-000289,,2025-10-03,ECOMMERCE,COMPLETED,403.0
ORD-00000920,CUST-000093,STORE-0003,2025-01-16,STORE,COMPLETED,317.59
ORD-00000921,CUST-000819,STORE-0008,2026-01-16,STORE,COMPLETED,715.41
ORD-00000922,CUST-000864,STORE-0003,2025-02-27,STORE,COMPLETED,362.29
ORD-00000923,CUST-000186,STORE-0004,2025-09-14,STORE,COMPLETED,748.0
ORD-00000924,CUST-000787,STORE-0012,2025-09-12,STORE,COMPLETED,877.85
ORD-00000925,CUST-000035,STORE-0004,2026-04-17,STORE,COMPLETED,98.15
ORD-00000926,CUST-000214,,2026-04-30,ECOMMERCE,COMPLETED,865.67
ORD-00000927,CUST-000163,,2025-02-13,ECOMMERCE,COMPLETED,501.38
ORD-00000928,CUST-000493,STORE-0011,2025-11-02,STORE,COMPLETED,800.45
ORD-00000929,CUST-000224,,2025-04-26,ECOMMERCE,COMPLETED,399.23
ORD-00000930,CUST-000814,STORE-0005,2026-08-22,STORE,COMPLETED,713.39
ORD-00000931,CUST-000044,STORE-0010,2026-05-02,STORE,COMPLETED,152.17
ORD-00000932,CUST-000255,,2025-06-11,ECOMMERCE,COMPLETED,622.06
ORD-00000933,CUST-000993,STORE-0011,2025-03-03,STORE,COMPLETED,585.45
ORD-00000934,CUST-000811,,2025-04-20,ECOMMERCE,COMPLETED,220.92
ORD-00000935,CUST-000808,,2025-12-22,ECOMMERCE,COMPLETED,403.27
ORD-00000936,CUST-000706,STORE-0007,2026-01-02,STORE,COMPLETED,236.87
ORD-00000937,CUST-000724,STORE-0008,2026-07-27,STORE,COMPLETED,631.88
ORD-00000938,CUST-000192,STORE-0009,2025-12-23,STORE,COMPLETED,429.53
ORD-00000939,CUST-000614,,2026-07-22,ECOMMERCE,COMPLETED,485.06
ORD-00000940,CUST-000840,STORE-0005,2026-07-09,STORE,COMPLETED,15.64
ORD-00000941,CUST-000389,STORE-0012,2025-07-09,STORE,CANCELLED,563.47
ORD-00000942,CUST-000636,STORE-0004,2025-11-25,STORE,COMPLETED,597.59
ORD-00000943,CUST-000397,STORE-0004,2026-06-21,STORE,COMPLETED,692.67
ORD-00000944,CUST-000290,STORE-0006,2026-02-24,STORE,COMPLETED,112.76
ORD-00000945,CUST-000069,STORE-0001,2025-05-13,STORE,COMPLETED,42.68
ORD-00000946,CUST-000197,STORE-0002,2025-02-02,STORE,COMPLETED,755.13
ORD-00000947,CUST-000539,,2026-08-28,ECOMMERCE,COMPLETED,339.22
ORD-00000948,CUST-000073,STORE-0001,2025-08-02,STORE,COMPLETED,836.64
ORD-00000949,CUST-000480,,2025-03-04,ECOMMERCE,COMPLETED,672.98
ORD-00000950,CUST-000842,,2026-01-13,ECOMMERCE,COMPLETED,66.6
ORD-00000951,CUST-000542,STORE-0001,2025-03-14,STORE,COMPLETED,83.97
ORD-00000952,CUST-000532,STORE-0002,2025-04-14,STORE,COMPLETED,485.52
ORD-00000953,CUST-000539,STORE-0011,2025-09-12,STORE,COMPLETED,853.54
ORD-00000954,CUST-000572,STORE-0007,2025-04-19,STORE,COMPLETED,525.26
ORD-00000955,CUST-000720,,2026-03-14,ECOMMERCE,CANCELLED,162.63
ORD-00000956,CUST-000412,STORE-0009,2025-12-12,STORE,COMPLETED,487.5
ORD-00000957,CUST-000956,STORE-0006,2025-11-19,STORE,COMPLETED,897.21
ORD-00000958,CUST-000423,,2026-03-17,ECOMMERCE,COMPLETED,301.25
ORD-00000959,CUST-000559,STORE-0004,2026-01-20,STORE,COMPLETED,834.64
ORD-00000960,CUST-000985,STORE-0008,2026-04-04,STORE,RETURNED,15.17
ORD-00000961,CUST-000292,STORE-0010,2025-01-17,STORE,COMPLETED,894.17
ORD-00000962,CUST-000308,STORE-0004,2025-08-08,STORE,COMPLETED,34.21
ORD-00000963,CUST-000707,,2025-10-10,ECOMMERCE,CANCELLED,467.48
ORD-00000964,CUST-000586,STORE-0003,2025-04-07,STORE,COMPLETED,329.76
ORD-00000965,CUST-000376,STORE-0010,2025-09-13,STORE,COMPLETED,732.8
ORD-00000966,CUST-000410,STORE-0010,2025-08-11,STORE,COMPLETED,655.37
ORD-00000967,CUST-000178,,2026-05-15,ECOMMERCE,COMPLETED,625.29
ORD-00000968,CUST-000930,STORE-0002,2025-11-04,STORE,COMPLETED,730.38
ORD-00000969,CUST-000799,STORE-0001,2025-12-09,STORE,COMPLETED,738.17
ORD-00000970,CUST-000889,STORE-0002,2025-08-21,STORE,COMPLETED,766.79
ORD-00000971,CUST-000650,,2026-01-27,ECOMMERCE,COMPLETED,479.08
ORD-00000972,CUST-000579,STORE-0003,2025-12-01,STORE,COMPLETED,210.41
ORD-00000973,CUST-000750,STORE-0007,2026-04-02,STORE,COMPLETED,524.1
ORD-00000974,CUST-000443,STORE-0005,2026-02-08,STORE,COMPLETED,312.51
ORD-00000975,CUST-000764,STORE-0001,2026-07-16,STORE,COMPLETED,90.29
ORD-00000976,CUST-000793,STORE-0012,2025-05-14,STORE,COMPLETED,440.62
ORD-00000977,CUST-000405,STORE-0011,2026-08-09,STORE,COMPLETED,560.16
ORD-00000978,CUST-000253,,2025-09-06,ECOMMERCE,COMPLETED,702.44
ORD-00000979,CUST-000947,STORE-0010,2025-04-02,STORE,COMPLETED,381.02
ORD-00000980,CUST-000196,STORE-0006,2025-12-19,STORE,COMPLETED,36.42
ORD-00000981,CUST-000359,STORE-0010,2026-03-29,STORE,COMPLETED,404.81
ORD-00000982,CUST-000240,,2025-07-24,ECOMMERCE,COMPLETED,153.05
ORD-00000983,CUST-000088,,2025-04-26,ECOMMERCE,COMPLETED,230.1
ORD-00000984,CUST-000152,STORE-0005,2025-01-15,STORE,COMPLETED,726.79
ORD-00000985,CUST-000483,STORE-0001,2025-12-06,STORE,COMPLETED,491.13
ORD-00000986,CUST-000536,STORE-0005,2026-07-16,STORE,COMPLETED,660.98
ORD-00000987,CUST-000716,STORE-0011,2025-01-19,STORE,COMPLETED,816.85
ORD-00000988,CUST-000262,STORE-0003,2025-03-03,STORE,COMPLETED,713.43
ORD-00000989,CUST-000055,STORE-0008,2025-01-09,STORE,COMPLETED,599.43
ORD-00000990,CUST-000935,,2026-01-04,ECOMMERCE,COMPLETED,31.88
ORD-00000991,CUST-000665,,2026-01-31,ECOMMERCE,COMPLETED,351.92
ORD-00000992,CUST-000102,,2025-11-20,ECOMMERCE,COMPLETED,543.44
ORD-00000993,CUST-000204,STORE-0009,2026-04-14,STORE,COMPLETED,645.54
ORD-00000994,CUST-000945,STORE-0009,2025-11-09,STORE,COMPLETED,363.16
ORD-00000995,CUST-000356,STORE-0011,2025-12-27,STORE,COMPLETED,282.56
ORD-00000996,CUST-000514,,2025-10-10,ECOMMERCE,COMPLETED,568.83
ORD-00000997,CUST-000912,,2025-01-31,ECOMMERCE,RETURNED,854.97
ORD-00000998,CUST-000350,STORE-0007,2025-05-21,STORE,COMPLETED,353.25
ORD-00000999,CUST-000628,,2025-08-21,ECOMMERCE,COMPLETED,522.02
ORD-00001000,CUST-000320,STORE-0010,2025-12-04,STORE,COMPLETED,131.62
ORD-00001001,CUST-000595,,2026-07-09,ECOMMERCE,COMPLETED,194.04
ORD-00001002,CUST-000706,STORE-0012,2026-06-21,STORE,CANCELLED,395.61
ORD-00001003,CUST-000789,,2025-05-29,ECOMMERCE,COMPLETED,514.89
ORD-00001004,CUST-000070,STORE-0009,2026-06-30,STORE,RETURNED,119.77
ORD-00001005,CUST-000901,STORE-0003,2025-01-31,STORE,COMPLETED,793.92
ORD-00001006,CUST-000422,STORE-0005,2026-03-30,STORE,COMPLETED,742.2
ORD-00001007,CUST-000757,STORE-0005,2025-06-05,STORE,COMPLETED,109.49
ORD-00001008,CUST-000781,STORE-0010,2025-10-01,STORE,COMPLETED,556.94
ORD-00001009,CUST-000237,STORE-0011,2025-01-27,STORE,COMPLETED,624.01
ORD-00001010,CUST-000515,STORE-0010,2026-04-26,STORE,COMPLETED,345.95
ORD-00001011,CUST-000504,,2026-05-01,ECOMMERCE,COMPLETED,186.03
ORD-00001012,CUST-000783,STORE-0001,2025-10-04,STORE,RETURNED,211.96
ORD-00001013,CUST-000208,,2025-07-29,ECOMMERCE,COMPLETED,835.49
ORD-00001014,CUST-000888,,2026-05-17,ECOMMERCE,COMPLETED,782.1
ORD-00001015,CUST-000438,,2026-02-19,ECOMMERCE,COMPLETED,553.02
ORD-00001016,CUST-000738,,2025-11-17,ECOMMERCE,COMPLETED,846.14
ORD-00001017,CUST-000550,STORE-0009,2025-02-09,STORE,COMPLETED,414.67
ORD-00001018,CUST-000044,,2025-09-09,ECOMMERCE,COMPLETED,365.12
ORD-00001019,CUST-000572,,2026-02-01,ECOMMERCE,COMPLETED,573.12
ORD-00001020,CUST-000299,STORE-0008,2026-02-12,STORE,CANCELLED,699.7
ORD-00001021,CUST-000171,STORE-0007,2025-10-29,STORE,COMPLETED,63.27
ORD-00001022,CUST-000146,STORE-0008,2026-04-08,STORE,COMPLETED,458.08
ORD-00001023,CUST-000600,STORE-0012,2026-07-14,STORE,COMPLETED,381.0
ORD-00001024,CUST-000184,STORE-0008,2026-08-28,STORE,CANCELLED,807.78
ORD-00001025,CUST-000093,,2025-09-14,ECOMMERCE,COMPLETED,588.99
ORD-00001026,CUST-000168,,2025-05-07,ECOMMERCE,COMPLETED,640.01
ORD-00001027,CUST-000088,STORE-0009,2026-01-29,STORE,COMPLETED,878.04
ORD-00001028,CUST-000164,STORE-0007,2026-07-18,STORE,COMPLETED,694.91
ORD-00001029,CUST-000580,,2025-06-03,ECOMMERCE,COMPLETED,142.98
ORD-00001030,CUST-000053,,2026-03-06,ECOMMERCE,COMPLETED,661.19
ORD-00001031,CUST-000296,,2025-07-05,ECOMMERCE,COMPLETED,131.44
ORD-00001032,CUST-000638,STORE-0005,2025-01-13,STORE,COMPLETED,772.04
ORD-00001033,CUST-000006,STORE-0010,2026-05-21,STORE,COMPLETED,536.14
ORD-00001034,CUST-000420,STORE-0008,2025-03-23,STORE,COMPLETED,20.82
ORD-00001035,CUST-000285,,2026-07-25,ECOMMERCE,COMPLETED,198.76
ORD-00001036,CUST-000057,STORE-0011,2025-12-24,STORE,COMPLETED,770.64
ORD-00001037,CUST-000859,,2025-11-02,ECOMMERCE,COMPLETED,92.62
ORD-00001038,CUST-000183,STORE-0003,2025-10-19,STORE,COMPLETED,626.99
ORD-00001039,CUST-000807,STORE-0009,2025-07-01,STORE,RETURNED,678.16
ORD-00001040,CUST-000037,STORE-0002,2025-11-03,STORE,COMPLETED,809.31
ORD-00001041,CUST-000777,,2026-03-14,ECOMMERCE,COMPLETED,72.46
ORD-00001042,CUST-000125,STORE-0012,2025-10-09,STORE,COMPLETED,381.18
ORD-00001043,CUST-000215,STORE-0010,2025-03-01,STORE,COMPLETED,660.81
ORD-00001044,CUST-000090,STORE-0008,2025-10-22,STORE,COMPLETED,765.3
ORD-00001045,CUST-000589,STORE-0010,2025-12-29,STORE,RETURNED,558.65
ORD-00001046,CUST-000747,STORE-0011,2026-05-25,STORE,COMPLETED,174.22
ORD-00001047,CUST-000726,STORE-0005,2025-07-18,STORE,COMPLETED,36.23
ORD-00001048,CUST-000121,STORE-0012,2025-08-01,STORE,COMPLETED,899.1
ORD-00001049,CUST-000342,STORE-0006,2026-07-28,STORE,COMPLETED,202.92
ORD-00001050,CUST-000707,STORE-0005,2025-09-18,STORE,COMPLETED,287.38
ORD-00001051,CUST-000332,STORE-0001,2025-04-27,STORE,COMPLETED,317.11
ORD-00001052,CUST-000631,,2025-01-30,ECOMMERCE,COMPLETED,186.7
ORD-00001053,CUST-000945,,2026-05-06,ECOMMERCE,CANCELLED,720.57
ORD-00001054,CUST-000494,STORE-0003,2026-04-17,STORE,CANCELLED,490.22
ORD-00001055,CUST-000803,STORE-0007,2025-02-27,STORE,COMPLETED,279.92
ORD-00001056,CUST-000324,,2026-07-23,ECOMMERCE,COMPLETED,199.31
ORD-00001057,CUST-000819,,2025-12-29,ECOMMERCE,COMPLETED,147.13
ORD-00001058,CUST-000348,,2026-01-20,ECOMMERCE,COMPLETED,760.53
ORD-00001059,CUST-000399,STORE-0003,2025-04-30,STORE,COMPLETED,680.11
ORD-00001060,CUST-000323,,2025-02-02,ECOMMERCE,COMPLETED,91.82
ORD-00001061,CUST-000381,,2026-04-08,ECOMMERCE,COMPLETED,282.83
ORD-00001062,CUST-000180,STORE-0002,2026-01-19,STORE,COMPLETED,703.34
ORD-00001063,CUST-000455,,2026-06-03,ECOMMERCE,COMPLETED,442.16
ORD-00001064,CUST-000195,STORE-0006,2026-05-11,STORE,COMPLETED,478.41
ORD-00001065,CUST-000147,,2025-04-11,ECOMMERCE,COMPLETED,845.15
ORD-00001066,CUST-000136,,2025-07-30,ECOMMERCE,COMPLETED,421.54
ORD-00001067,CUST-000535,,2025-04-29,ECOMMERCE,COMPLETED,840.12
ORD-00001068,CUST-000609,,2025-03-31,ECOMMERCE,COMPLETED,801.93
ORD-00001069,CUST-000785,STORE-0011,2025-11-16,STORE,COMPLETED,686.27
ORD-00001070,CUST-000215,STORE-0006,2025-07-25,STORE,COMPLETED,259.83
ORD-00001071,CUST-000452,STORE-0011,2025-05-01,STORE,COMPLETED,154.38
ORD-00001072,CUST-000982,STORE-0010,2026-07-28,STORE,COMPLETED,197.82
ORD-00001073,CUST-000327,STORE-0005,2025-05-25,STORE,RETURNED,726.54
ORD-00001074,CUST-000176,STORE-0002,2025-11-15,STORE,COMPLETED,314.78
ORD-00001075,CUST-000134,STORE-0001,2026-04-28,STORE,CANCELLED,59.65
ORD-00001076,CUST-000089,STORE-0007,2026-02-06,STORE,COMPLETED,542.57
ORD-00001077,CUST-000857,STORE-0012,2026-04-02,STORE,COMPLETED,291.51
ORD-00001078,CUST-000731,,2026-07-01,ECOMMERCE,COMPLETED,831.66
ORD-00001079,CUST-000582,,2025-05-15,ECOMMERCE,COMPLETED,725.08
ORD-00001080,CUST-000100,,2026-04-12,ECOMMERCE,COMPLETED,585.31
ORD-00001081,CUST-000482,,2025-08-26,ECOMMERCE,RETURNED,142.19
ORD-00001082,CUST-000265,,2026-01-08,ECOMMERCE,COMPLETED,634.16
ORD-00001083,CUST-000808,,2025-11-29,ECOMMERCE,COMPLETED,41.78
ORD-00001084,CUST-000360,STORE-0008,2026-04-18,STORE,COMPLETED,264.8
ORD-00001085,CUST-000589,STORE-0003,2026-06-05,STORE,COMPLETED,738.53
ORD-00001086,CUST-000334,,2026-07-24,ECOMMERCE,COMPLETED,716.3
ORD-00001087,CUST-000411,STORE-0010,2026-02-28,STORE,COMPLETED,230.67
ORD-00001088,CUST-000494,STORE-0007,2025-03-09,STORE,COMPLETED,735.32
ORD-00001089,CUST-000804,STORE-0007,2026-08-04,STORE,COMPLETED,496.91
ORD-00001090,CUST-000679,STORE-0011,2025-03-21,STORE,COMPLETED,645.04
ORD-00001091,CUST-000118,,2026-08-30,ECOMMERCE,COMPLETED,302.96
ORD-00001092,CUST-000456,STORE-0003,2025-11-12,STORE,RETURNED,76.6
ORD-00001093,CUST-000834,STORE-0010,2026-01-24,STORE,COMPLETED,585.82
ORD-00001094,CUST-000223,STORE-0003,2026-08-18,STORE,CANCELLED,577.98
ORD-00001095,CUST-000151,STORE-0011,2025-06-02,STORE,COMPLETED,272.98
ORD-00001096,CUST-000458,STORE-0004,2025-07-30,STORE,COMPLETED,295.19
ORD-00001097,CUST-000936,STORE-0011,2025-11-08,STORE,CANCELLED,843.96
ORD-00001098,CUST-000938,,2025-12-19,ECOMMERCE,PENDING,530.71
ORD-00001099,CUST-000523,STORE-0007,2025-05-11,STORE,COMPLETED,70.23
ORD-00001100,CUST-000992,,2025-02-24,ECOMMERCE,COMPLETED,510.63
ORD-00001101,CUST-000113,,2025-10-16,ECOMMERCE,COMPLETED,223.19
ORD-00001102,CUST-000404,,2025-11-22,ECOMMERCE,COMPLETED,374.34
ORD-00001103,CUST-000217,STORE-0011,2025-06-27,STORE,COMPLETED,181.58
ORD-00001104,CUST-000947,STORE-0006,2026-03-04,STORE,COMPLETED,897.75
ORD-00001105,CUST-000138,,2025-01-12,ECOMMERCE,COMPLETED,28.9
ORD-00001106,CUST-000499,,2026-03-24,ECOMMERCE,RETURNED,135.16
ORD-00001107,CUST-000826,STORE-0007,2026-04-12,STORE,CANCELLED,630.42
ORD-00001108,CUST-000639,,2025-07-04,ECOMMERCE,COMPLETED,390.35
ORD-00001109,CUST-000394,,2025-12-30,ECOMMERCE,COMPLETED,390.92
ORD-00001110,CUST-000511,STORE-0012,2025-08-31,STORE,COMPLETED,253.29
ORD-00001111,CUST-000591,,2026-01-11,ECOMMERCE,COMPLETED,48.51
ORD-00001112,CUST-000378,STORE-0002,2026-08-18,STORE,COMPLETED,626.09
ORD-00001113,CUST-000749,STORE-0009,2025-10-14,STORE,COMPLETED,84.24
ORD-00001114,CUST-000091,,2025-09-09,ECOMMERCE,COMPLETED,671.39
ORD-00001115,CUST-000080,,2026-07-07,ECOMMERCE,COMPLETED,291.56
ORD-00001116,CUST-000352,STORE-0009,2025-01-12,STORE,COMPLETED,468.71
ORD-00001117,CUST-000752,STORE-0006,2026-03-08,STORE,COMPLETED,880.32
ORD-00001118,CUST-000172,STORE-0001,2025-11-08,STORE,COMPLETED,513.88
ORD-00001119,CUST-000485,STORE-0010,2025-06-23,STORE,COMPLETED,595.84
ORD-00001120,CUST-000756,STORE-0010,2025-01-28,STORE,COMPLETED,88.02
ORD-00001121,CUST-000872,STORE-0005,2025-09-16,STORE,COMPLETED,263.66
ORD-00001122,CUST-000015,,2025-04-25,ECOMMERCE,COMPLETED,820.47
ORD-00001123,CUST-000675,,2026-04-03,ECOMMERCE,COMPLETED,170.23
ORD-00001124,CUST-000242,,2026-05-12,ECOMMERCE,COMPLETED,481.74
ORD-00001125,CUST-000087,STORE-0003,2025-06-07,STORE,COMPLETED,681.19
ORD-00001126,CUST-000393,STORE-0004,2026-03-27,STORE,COMPLETED,163.05
ORD-00001127,CUST-000863,STORE-0006,2025-02-25,STORE,COMPLETED,683.6
ORD-00001128,CUST-000172,STORE-0008,2026-02-13,STORE,COMPLETED,436.5
ORD-00001129,CUST-000945,,2026-06-30,ECOMMERCE,COMPLETED,619.91
ORD-00001130,CUST-000269,STORE-0003,2026-06-28,STORE,COMPLETED,25.5
ORD-00001131,CUST-000460,,2026-01-27,ECOMMERCE,COMPLETED,866.16
ORD-00001132,CUST-000043,,2025-04-10,ECOMMERCE,CANCELLED,579.12
ORD-00001133,CUST-000443,,2025-10-07,ECOMMERCE,COMPLETED,251.37
ORD-00001134,CUST-000671,STORE-0010,2026-02-05,STORE,COMPLETED,612.63
ORD-00001135,CUST-000689,STORE-0010,2025-07-19,STORE,COMPLETED,614.78
ORD-00001136,CUST-000321,,2026-07-15,ECOMMERCE,COMPLETED,22.5
ORD-00001137,CUST-000422,STORE-0002,2026-06-22,STORE,COMPLETED,409.66
ORD-00001138,CUST-000291,STORE-0005,2025-07-17,STORE,COMPLETED,563.17
ORD-00001139,CUST-000609,STORE-0011,2025-08-11,STORE,RETURNED,579.7
ORD-00001140,CUST-000123,,2025-03-30,ECOMMERCE,COMPLETED,129.97
ORD-00001141,CUST-000922,,2026-08-03,ECOMMERCE,COMPLETED,178.52
ORD-00001142,CUST-000189,STORE-0005,2025-10-29,STORE,COMPLETED,843.52
ORD-00001143,CUST-000945,STORE-0005,2026-03-14,STORE,COMPLETED,605.81
ORD-00001144,CUST-000264,,2025-06-15,ECOMMERCE,COMPLETED,260.4
ORD-00001145,CUST-000398,STORE-0006,2025-03-03,STORE,COMPLETED,734.33
ORD-00001146,CUST-000072,STORE-0008,2025-07-25,STORE,COMPLETED,172.92
ORD-00001147,CUST-000148,STORE-0009,2026-03-18,STORE,COMPLETED,584.35
ORD-00001148,CUST-000733,,2025-09-23,ECOMMERCE,COMPLETED,79.53
ORD-00001149,CUST-000257,STORE-0008,2025-01-20,STORE,CANCELLED,146.74
ORD-00001150,CUST-000956,STORE-0001,2026-02-04,STORE,COMPLETED,634.55
ORD-00001151,CUST-000589,,2025-01-04,ECOMMERCE,COMPLETED,846.82
ORD-00001152,CUST-000447,STORE-0007,2025-03-13,STORE,COMPLETED,17.93
ORD-00001153,CUST-000838,,2026-05-09,ECOMMERCE,COMPLETED,488.74
ORD-00001154,CUST-000342,,2025-11-07,ECOMMERCE,COMPLETED,574.56
ORD-00001155,CUST-000093,,2026-01-10,ECOMMERCE,COMPLETED,865.42
ORD-00001156,CUST-000471,STORE-0005,2025-07-27,STORE,COMPLETED,49.81
ORD-00001157,CUST-000196,STORE-0005,2026-02-04,STORE,CANCELLED,573.1
ORD-00001158,CUST-000087,STORE-0011,2026-03-25,STORE,COMPLETED,138.85
ORD-00001159,CUST-000738,STORE-0010,2025-09-02,STORE,COMPLETED,70.75
ORD-00001160,CUST-000316,STORE-0008,2026-07-01,STORE,RETURNED,733.42
ORD-00001161,CUST-000017,,2025-02-07,ECOMMERCE,COMPLETED,313.88
ORD-00001162,CUST-000416,,2025-05-02,ECOMMERCE,COMPLETED,593.66
ORD-00001163,CUST-000963,STORE-0011,2026-07-04,STORE,COMPLETED,527.72
ORD-00001164,CUST-000038,,2025-05-25,ECOMMERCE,COMPLETED,31.87
ORD-00001165,CUST-000634,,2025-02-16,ECOMMERCE,COMPLETED,589.18
ORD-00001166,CUST-000648,STORE-0001,2025-11-11,STORE,COMPLETED,101.1
ORD-00001167,CUST-000856,STORE-0010,2025-03-07,STORE,COMPLETED,109.1
ORD-00001168,CUST-000819,STORE-0010,2025-08-14,STORE,COMPLETED,194.34
ORD-00001169,CUST-000856,STORE-0012,2026-02-16,STORE,COMPLETED,878.63
ORD-00001170,CUST-000141,STORE-0006,2025-08-07,STORE,COMPLETED,539.88
ORD-00001171,CUST-000124,STORE-0005,2025-05-25,STORE,COMPLETED,163.73
ORD-00001172,CUST-000169,STORE-0008,2025-09-07,STORE,RETURNED,51.02
ORD-00001173,CUST-000868,STORE-0011,2026-01-21,STORE,COMPLETED,28.83
ORD-00001174,CUST-000007,STORE-0001,2025-07-03,STORE,RETURNED,640.47
ORD-00001175,CUST-000291,STORE-0007,2026-05-03,STORE,COMPLETED,197.45
ORD-00001176,CUST-000536,STORE-0008,2026-02-26,STORE,COMPLETED,169.48
ORD-00001177,CUST-000611,,2025-07-04,ECOMMERCE,COMPLETED,556.66
ORD-00001178,CUST-000847,STORE-0005,2025-12-23,STORE,COMPLETED,508.57
ORD-00001179,CUST-000543,STORE-0002,2026-01-06,STORE,COMPLETED,888.3
ORD-00001180,CUST-000476,STORE-0011,2025-08-02,STORE,COMPLETED,186.44
ORD-00001181,CUST-000702,,2026-05-01,ECOMMERCE,COMPLETED,156.39
ORD-00001182,CUST-000056,,2026-01-08,ECOMMERCE,COMPLETED,399.68
ORD-00001183,CUST-000825,STORE-0008,2025-02-14,STORE,COMPLETED,61.42
ORD-00001184,CUST-000162,STORE-0001,2026-05-12,STORE,COMPLETED,77.71
ORD-00001185,CUST-000456,STORE-0010,2026-08-17,STORE,COMPLETED,190.89
ORD-00001186,CUST-000334,,2025-08-24,ECOMMERCE,COMPLETED,303.63
ORD-00001187,CUST-000756,STORE-0007,2025-07-24,STORE,COMPLETED,210.29
ORD-00001188,CUST-000497,STORE-0001,2026-03-23,STORE,COMPLETED,836.18
ORD-00001189,CUST-000397,STORE-0006,2025-05-20,STORE,COMPLETED,186.83
ORD-00001190,CUST-000277,STORE-0004,2025-12-10,STORE,COMPLETED,627.61
ORD-00001191,CUST-000140,STORE-0002,2026-04-22,STORE,COMPLETED,166.51
ORD-00001192,CUST-000908,STORE-0005,2025-06-10,STORE,COMPLETED,579.63
ORD-00001193,CUST-000175,STORE-0010,2026-07-21,STORE,COMPLETED,91.53
ORD-00001194,CUST-000501,,2025-08-10,ECOMMERCE,COMPLETED,755.74
ORD-00001195,CUST-000748,STORE-0007,2025-09-10,STORE,COMPLETED,399.31
ORD-00001196,CUST-000950,STORE-0010,2025-06-02,STORE,CANCELLED,809.95
ORD-00001197,CUST-000046,STORE-0001,2026-04-27,STORE,COMPLETED,461.23
ORD-00001198,CUST-000404,STORE-0008,2025-04-11,STORE,COMPLETED,227.85
ORD-00001199,CUST-000013,STORE-0012,2026-02-21,STORE,RETURNED,132.45
ORD-00001200,CUST-000664,STORE-0002,2025-01-17,STORE,COMPLETED,284.78
ORD-00001201,CUST-000879,,2026-08-08,ECOMMERCE,COMPLETED,36.61
ORD-00001202,CUST-000791,STORE-0003,2026-02-20,STORE,COMPLETED,786.32
ORD-00001203,CUST-000721,STORE-0011,2025-01-02,STORE,COMPLETED,77.57
ORD-00001204,CUST-000341,,2026-06-28,ECOMMERCE,COMPLETED,391.92
ORD-00001205,CUST-000969,STORE-0010,2026-07-10,STORE,COMPLETED,198.32
ORD-00001206,CUST-000636,,2025-12-10,ECOMMERCE,COMPLETED,63.51
ORD-00001207,CUST-000691,,2026-01-08,ECOMMERCE,CANCELLED,113.21
ORD-00001208,CUST-000634,STORE-0001,2026-01-10,STORE,COMPLETED,588.63
ORD-00001209,CUST-000575,,2025-07-29,ECOMMERCE,COMPLETED,311.41
ORD-00001210,CUST-000665,STORE-0008,2026-08-18,STORE,COMPLETED,637.02
ORD-00001211,CUST-000780,,2025-08-19,ECOMMERCE,COMPLETED,809.67
ORD-00001212,CUST-000434,STORE-0005,2025-02-25,STORE,COMPLETED,320.53
ORD-00001213,CUST-000540,STORE-0002,2026-04-27,STORE,COMPLETED,615.3
ORD-00001214,CUST-000300,STORE-0008,2026-01-12,STORE,COMPLETED,851.65
ORD-00001215,CUST-000964,,2025-03-09,ECOMMERCE,COMPLETED,797.32
ORD-00001216,CUST-000401,STORE-0003,2025-10-23,STORE,RETURNED,83.1
ORD-00001217,CUST-000115,STORE-0012,2025-06-01,STORE,COMPLETED,789.37
ORD-00001218,CUST-000643,STORE-0001,2025-10-28,STORE,COMPLETED,618.93
ORD-00001219,CUST-000486,,2025-12-22,ECOMMERCE,COMPLETED,667.87
ORD-00001220,CUST-000194,STORE-0002,2025-01-23,STORE,COMPLETED,220.61
ORD-00001221,CUST-000661,,2025-12-10,ECOMMERCE,COMPLETED,318.37
ORD-00001222,CUST-000335,STORE-0008,2026-08-31,STORE,COMPLETED,484.2
ORD-00001223,CUST-000469,STORE-0005,2026-08-04,STORE,COMPLETED,713.57
ORD-00001224,CUST-000267,STORE-0004,2026-05-11,STORE,COMPLETED,270.01
ORD-00001225,CUST-000152,,2025-12-28,ECOMMERCE,COMPLETED,861.25
ORD-00001226,CUST-000165,STORE-0012,2026-07-03,STORE,COMPLETED,876.29
ORD-00001227,CUST-000710,,2025-06-07,ECOMMERCE,COMPLETED,118.47
ORD-00001228,CUST-000589,,2025-05-10,ECOMMERCE,COMPLETED,342.16
ORD-00001229,CUST-000725,STORE-0001,2025-11-21,STORE,RETURNED,145.93
ORD-00001230,CUST-000999,STORE-0003,2026-07-01,STORE,COMPLETED,829.58
ORD-00001231,CUST-000512,STORE-0003,2026-04-15,STORE,RETURNED,153.11
ORD-00001232,CUST-000560,,2026-06-04,ECOMMERCE,COMPLETED,639.32
ORD-00001233,CUST-000297,STORE-0010,2025-05-31,STORE,COMPLETED,659.76
ORD-00001234,CUST-000347,,2025-04-26,ECOMMERCE,COMPLETED,811.65
ORD-00001235,CUST-000565,STORE-0002,2025-11-12,STORE,COMPLETED,561.51
ORD-00001236,CUST-000366,STORE-0002,2025-12-01,STORE,COMPLETED,582.56
ORD-00001237,CUST-000228,STORE-0005,2025-07-20,STORE,COMPLETED,491.49
ORD-00001238,CUST-000688,STORE-0002,2026-06-09,STORE,COMPLETED,449.06
ORD-00001239,CUST-000524,STORE-0001,2026-01-05,STORE,COMPLETED,648.63
ORD-00001240,CUST-000396,STORE-0006,2025-01-13,STORE,COMPLETED,325.95
ORD-00001241,CUST-000896,,2026-07-29,ECOMMERCE,COMPLETED,659.15
ORD-00001242,CUST-000426,STORE-0008,2025-10-23,STORE,COMPLETED,659.28
ORD-00001243,CUST-000747,,2026-03-01,ECOMMERCE,COMPLETED,534.65
ORD-00001244,CUST-000213,STORE-0005,2026-05-02,STORE,PENDING,479.89
ORD-00001245,CUST-000956,STORE-0010,2026-01-20,STORE,COMPLETED,377.37
ORD-00001246,CUST-000425,,2025-06-29,ECOMMERCE,COMPLETED,643.57
ORD-00001247,CUST-000141,,2025-07-24,ECOMMERCE,COMPLETED,352.87
ORD-00001248,CUST-000044,STORE-0005,2026-08-23,STORE,COMPLETED,509.96
ORD-00001249,CUST-000028,STORE-0001,2025-06-07,STORE,COMPLETED,861.08
ORD-00001250,CUST-000484,,2025-05-08,ECOMMERCE,COMPLETED,805.03
ORD-00001251,CUST-000504,STORE-0012,2025-09-08,STORE,COMPLETED,691.78
ORD-00001252,CUST-000994,STORE-0002,2026-01-06,STORE,COMPLETED,515.53
ORD-00001253,CUST-000644,,2026-05-03,ECOMMERCE,RETURNED,739.18
ORD-00001254,CUST-000751,STORE-0010,2025-01-18,STORE,COMPLETED,159.12
ORD-00001255,CUST-000328,STORE-0008,2025-05-19,STORE,COMPLETED,61.81
ORD-00001256,CUST-000652,STORE-0006,2025-02-19,STORE,COMPLETED,483.71
ORD-00001257,CUST-000527,,2025-07-18,ECOMMERCE,COMPLETED,177.17
ORD-00001258,CUST-000771,STORE-0003,2026-07-11,STORE,COMPLETED,294.85
ORD-00001259,CUST-000820,,2025-11-05,ECOMMERCE,COMPLETED,632.7
ORD-00001260,CUST-000548,STORE-0010,2025-12-27,STORE,COMPLETED,26.41
ORD-00001261,CUST-000382,STORE-0008,2026-02-26,STORE,COMPLETED,821.05
ORD-00001262,CUST-000159,STORE-0009,2025-08-15,STORE,COMPLETED,718.67
ORD-00001263,CUST-000707,STORE-0009,2026-06-29,STORE,COMPLETED,636.5
ORD-00001264,CUST-000428,,2026-04-17,ECOMMERCE,CANCELLED,118.16
ORD-00001265,CUST-000018,STORE-0008,2025-12-23,STORE,COMPLETED,335.87
ORD-00001266,CUST-000912,,2026-06-20,ECOMMERCE,COMPLETED,317.71
ORD-00001267,CUST-000030,,2025-05-02,ECOMMERCE,COMPLETED,773.28
ORD-00001268,CUST-000233,STORE-0005,2025-05-09,STORE,COMPLETED,883.28
ORD-00001269,CUST-000782,STORE-0002,2025-03-21,STORE,COMPLETED,443.57
ORD-00001270,CUST-000202,STORE-0002,2025-02-03,STORE,COMPLETED,469.43
ORD-00001271,CUST-000122,STORE-0005,2025-02-14,STORE,COMPLETED,605.81
ORD-00001272,CUST-000802,,2025-05-07,ECOMMERCE,RETURNED,196.78
ORD-00001273,CUST-000190,,2025-12-26,ECOMMERCE,COMPLETED,143.82
ORD-00001274,CUST-000285,,2026-08-17,ECOMMERCE,COMPLETED,157.09
ORD-00001275,CUST-000747,STORE-0010,2025-09-05,STORE,COMPLETED,75.48
ORD-00001276,CUST-000782,,2025-01-15,ECOMMERCE,COMPLETED,648.49
ORD-00001277,CUST-000176,,2026-07-05,ECOMMERCE,COMPLETED,656.93
ORD-00001278,CUST-000943,,2026-06-01,ECOMMERCE,COMPLETED,435.12
ORD-00001279,CUST-000190,,2026-03-27,ECOMMERCE,COMPLETED,109.98
ORD-00001280,CUST-000389,,2026-03-11,ECOMMERCE,COMPLETED,216.39
ORD-00001281,CUST-000322,STORE-0002,2026-04-23,STORE,COMPLETED,135.28
ORD-00001282,CUST-000722,,2025-10-23,ECOMMERCE,COMPLETED,50.94
ORD-00001283,CUST-000119,STORE-0007,2025-10-18,STORE,COMPLETED,666.51
ORD-00001284,CUST-000862,,2026-03-31,ECOMMERCE,COMPLETED,375.44
ORD-00001285,CUST-000439,,2025-07-13,ECOMMERCE,COMPLETED,806.86
ORD-00001286,CUST-000962,,2026-01-12,ECOMMERCE,COMPLETED,898.87
ORD-00001287,CUST-000108,STORE-0007,2026-03-25,STORE,COMPLETED,613.72
ORD-00001288,CUST-000405,STORE-0007,2026-08-28,STORE,RETURNED,671.17
ORD-00001289,CUST-000173,,2025-03-08,ECOMMERCE,COMPLETED,191.19
ORD-00001290,CUST-000865,STORE-0007,2025-05-06,STORE,COMPLETED,390.86
ORD-00001291,CUST-000784,STORE-0012,2026-08-19,STORE,COMPLETED,684.33
ORD-00001292,CUST-000966,,2026-02-14,ECOMMERCE,COMPLETED,605.01
ORD-00001293,CUST-000497,,2026-06-08,ECOMMERCE,COMPLETED,694.68
ORD-00001294,CUST-000257,STORE-0008,2026-05-25,STORE,COMPLETED,849.03
ORD-00001295,CUST-000756,STORE-0001,2025-03-11,STORE,COMPLETED,38.67
ORD-00001296,CUST-000620,STORE-0011,2025-12-01,STORE,COMPLETED,565.44
ORD-00001297,CUST-000079,STORE-0011,2026-06-17,STORE,COMPLETED,716.57
ORD-00001298,CUST-000678,STORE-0008,2026-05-18,STORE,COMPLETED,495.06
ORD-00001299,CUST-000554,,2026-07-14,ECOMMERCE,COMPLETED,691.11
ORD-00001300,CUST-000902,,2025-05-02,ECOMMERCE,COMPLETED,293.38
ORD-00001301,CUST-000471,STORE-0001,2025-02-03,STORE,COMPLETED,598.58
ORD-00001302,CUST-000906,,2025-06-18,ECOMMERCE,COMPLETED,134.02
ORD-00001303,CUST-000500,,2025-04-23,ECOMMERCE,COMPLETED,449.14
ORD-00001304,CUST-000553,STORE-0010,2026-04-27,STORE,COMPLETED,771.1
ORD-00001305,CUST-000401,STORE-0005,2026-05-22,STORE,COMPLETED,349.35
ORD-00001306,CUST-000785,,2025-10-19,ECOMMERCE,COMPLETED,39.91
ORD-00001307,CUST-000858,STORE-0006,2025-12-24,STORE,COMPLETED,531.81
ORD-00001308,CUST-000641,,2025-12-16,ECOMMERCE,COMPLETED,393.91
ORD-00001309,CUST-000422,,2025-12-26,ECOMMERCE,COMPLETED,231.14
ORD-00001310,CUST-000320,STORE-0010,2025-03-28,STORE,CANCELLED,72.97
ORD-00001311,CUST-000346,STORE-0003,2025-01-21,STORE,COMPLETED,48.08
ORD-00001312,CUST-000433,,2026-08-05,ECOMMERCE,COMPLETED,387.74
ORD-00001313,CUST-000481,STORE-0010,2025-01-23,STORE,PENDING,349.3
ORD-00001314,CUST-000587,STORE-0002,2026-05-16,STORE,COMPLETED,612.47
ORD-00001315,CUST-000515,STORE-0011,2025-12-14,STORE,COMPLETED,280.08
ORD-00001316,CUST-000207,,2026-05-24,ECOMMERCE,COMPLETED,877.08
ORD-00001317,CUST-000871,STORE-0009,2025-08-08,STORE,COMPLETED,57.07
ORD-00001318,CUST-000412,,2025-08-20,ECOMMERCE,COMPLETED,862.78
ORD-00001319,CUST-000593,,2025-04-08,ECOMMERCE,COMPLETED,256.93
ORD-00001320,CUST-000544,STORE-0008,2026-03-14,STORE,COMPLETED,719.15
ORD-00001321,CUST-000310,,2026-06-01,ECOMMERCE,COMPLETED,398.13
ORD-00001322,CUST-000205,STORE-0007,2026-02-16,STORE,COMPLETED,471.1
ORD-00001323,CUST-000561,,2025-07-04,ECOMMERCE,CANCELLED,570.64
ORD-00001324,CUST-000192,STORE-0010,2026-05-27,STORE,COMPLETED,866.47
ORD-00001325,CUST-000479,,2025-10-02,ECOMMERCE,RETURNED,486.46
ORD-00001326,CUST-000788,STORE-0007,2026-08-03,STORE,COMPLETED,68.0
ORD-00001327,CUST-000474,STORE-0003,2025-09-04,STORE,COMPLETED,621.5
ORD-00001328,CUST-000446,STORE-0007,2025-11-23,STORE,COMPLETED,821.36
ORD-00001329,CUST-000867,STORE-0007,2025-10-01,STORE,COMPLETED,586.75
ORD-00001330,CUST-000616,STORE-0004,2026-02-20,STORE,COMPLETED,147.72
ORD-00001331,CUST-000817,STORE-0005,2026-04-21,STORE,COMPLETED,892.29
ORD-00001332,CUST-000928,STORE-0001,2025-07-26,STORE,COMPLETED,135.74
ORD-00001333,CUST-000823,STORE-0005,2026-07-18,STORE,COMPLETED,769.48
ORD-00001334,CUST-000498,,2025-01-21,ECOMMERCE,COMPLETED,808.41
ORD-00001335,CUST-000306,STORE-0002,2026-02-21,STORE,CANCELLED,609.43
ORD-00001336,CUST-000407,,2025-05-24,ECOMMERCE,COMPLETED,520.31
ORD-00001337,CUST-000124,STORE-0009,2026-08-18,STORE,RETURNED,839.43
ORD-00001338,CUST-000906,STORE-0002,2025-09-01,STORE,COMPLETED,699.27
ORD-00001339,CUST-000853,STORE-0010,2026-02-04,STORE,COMPLETED,673.4
ORD-00001340,CUST-000224,,2025-05-28,ECOMMERCE,COMPLETED,204.49
ORD-00001341,CUST-000419,STORE-0005,2026-08-27,STORE,COMPLETED,487.12
ORD-00001342,CUST-000116,,2025-11-21,ECOMMERCE,COMPLETED,435.25
ORD-00001343,CUST-000285,STORE-0003,2026-01-07,STORE,COMPLETED,340.45
ORD-00001344,CUST-000661,STORE-0010,2025-02-05,STORE,COMPLETED,601.07
ORD-00001345,CUST-000708,,2025-09-03,ECOMMERCE,COMPLETED,355.45
ORD-00001346,CUST-000718,STORE-0006,2025-05-05,STORE,COMPLETED,224.2
ORD-00001347,CUST-000009,STORE-0007,2025-09-19,STORE,COMPLETED,843.65
ORD-00001348,CUST-000305,,2025-08-04,ECOMMERCE,COMPLETED,156.8
ORD-00001349,CUST-000325,STORE-0011,2026-02-21,STORE,COMPLETED,257.52
ORD-00001350,CUST-000799,STORE-0008,2026-04-28,STORE,COMPLETED,834.95
ORD-00001351,CUST-000433,STORE-0002,2025-06-14,STORE,COMPLETED,463.11
ORD-00001352,CUST-000617,STORE-0012,2026-07-15,STORE,COMPLETED,416.14
ORD-00001353,CUST-000054,STORE-0011,2025-07-08,STORE,COMPLETED,715.05
ORD-00001354,CUST-000411,STORE-0004,2025-11-09,STORE,COMPLETED,87.78
ORD-00001355,CUST-000529,STORE-0012,2025-05-14,STORE,COMPLETED,621.89
ORD-00001356,CUST-000328,,2026-04-08,ECOMMERCE,COMPLETED,665.63
ORD-00001357,CUST-000704,STORE-0010,2025-12-02,STORE,COMPLETED,190.82
ORD-00001358,CUST-000187,STORE-0007,2026-01-22,STORE,RETURNED,797.64
ORD-00001359,CUST-000971,STORE-0001,2026-07-26,STORE,COMPLETED,569.57
ORD-00001360,CUST-000998,,2026-04-19,ECOMMERCE,COMPLETED,635.62
ORD-00001361,CUST-000411,STORE-0010,2026-03-16,STORE,COMPLETED,147.09
ORD-00001362,CUST-000175,,2026-08-04,ECOMMERCE,COMPLETED,650.95
ORD-00001363,CUST-000943,STORE-0008,2026-05-22,STORE,COMPLETED,646.5
ORD-00001364,CUST-000883,STORE-0005,2025-10-22,STORE,COMPLETED,353.14
ORD-00001365,CUST-000212,STORE-0010,2025-08-09,STORE,PENDING,265.43
ORD-00001366,CUST-000429,,2025-07-04,ECOMMERCE,COMPLETED,144.16
ORD-00001367,CUST-000269,STORE-0004,2026-04-07,STORE,CANCELLED,342.13
ORD-00001368,CUST-000470,,2025-03-29,ECOMMERCE,COMPLETED,132.89
ORD-00001369,CUST-000710,STORE-0007,2025-08-06,STORE,COMPLETED,641.98
ORD-00001370,CUST-000263,,2025-03-16,ECOMMERCE,COMPLETED,67.0
ORD-00001371,CUST-000241,STORE-0008,2025-12-29,STORE,PENDING,846.3
ORD-00001372,CUST-000613,,2025-02-16,ECOMMERCE,COMPLETED,461.52
ORD-00001373,CUST-000405,STORE-0011,2026-01-15,STORE,COMPLETED,804.62
ORD-00001374,CUST-000184,STORE-0005,2025-06-23,STORE,COMPLETED,838.34
ORD-00001375,CUST-000136,,2025-04-02,ECOMMERCE,COMPLETED,484.43
ORD-00001376,CUST-000120,STORE-0006,2025-02-15,STORE,RETURNED,456.8
ORD-00001377,CUST-000288,,2026-01-05,ECOMMERCE,RETURNED,265.39
ORD-00001378,CUST-000628,,2025-09-28,ECOMMERCE,COMPLETED,400.66
ORD-00001379,CUST-000755,STORE-0008,2025-06-04,STORE,COMPLETED,831.72
ORD-00001380,CUST-000451,STORE-0001,2025-07-13,STORE,COMPLETED,218.43
ORD-00001381,CUST-000267,STORE-0003,2026-04-24,STORE,COMPLETED,895.75
ORD-00001382,CUST-000042,,2026-03-29,ECOMMERCE,COMPLETED,642.49
ORD-00001383,CUST-000505,STORE-0002,2025-06-01,STORE,COMPLETED,97.82
ORD-00001384,CUST-000185,,2025-06-22,ECOMMERCE,COMPLETED,742.98
ORD-00001385,CUST-000680,STORE-0010,2025-08-06,STORE,COMPLETED,874.89
ORD-00001386,CUST-000585,STORE-0003,2026-03-03,STORE,RETURNED,232.85
ORD-00001387,CUST-000097,STORE-0006,2025-01-27,STORE,COMPLETED,883.48
ORD-00001388,CUST-000383,STORE-0010,2025-04-19,STORE,COMPLETED,151.09
ORD-00001389,CUST-000851,STORE-0012,2026-05-07,STORE,COMPLETED,860.35
ORD-00001390,CUST-000006,STORE-0006,2025-02-14,STORE,COMPLETED,856.54
ORD-00001391,CUST-000750,STORE-0012,2026-08-06,STORE,COMPLETED,779.0
ORD-00001392,CUST-000290,,2025-11-27,ECOMMERCE,COMPLETED,673.26
ORD-00001393,CUST-000617,STORE-0007,2025-04-05,STORE,COMPLETED,172.54
ORD-00001394,CUST-000887,,2026-02-13,ECOMMERCE,COMPLETED,769.33
ORD-00001395,CUST-000799,STORE-0007,2025-10-19,STORE,COMPLETED,859.67
ORD-00001396,CUST-000306,STORE-0008,2026-03-19,STORE,COMPLETED,830.7
ORD-00001397,CUST-000618,,2025-05-15,ECOMMERCE,COMPLETED,100.06
ORD-00001398,CUST-000205,STORE-0008,2026-04-02,STORE,CANCELLED,436.65
ORD-00001399,CUST-000434,STORE-0002,2026-03-09,STORE,COMPLETED,558.27
ORD-00001400,CUST-000437,STORE-0002,2025-02-11,STORE,COMPLETED,876.35
ORD-00001401,CUST-000664,,2025-06-08,ECOMMERCE,RETURNED,481.64
ORD-00001402,CUST-000086,STORE-0005,2026-04-25,STORE,COMPLETED,817.88
ORD-00001403,CUST-000153,STORE-0003,2025-11-04,STORE,COMPLETED,477.94
ORD-00001404,CUST-000049,STORE-0009,2025-03-20,STORE,CANCELLED,469.37
ORD-00001405,CUST-000423,STORE-0002,2026-04-21,STORE,COMPLETED,518.1
ORD-00001406,CUST-000261,STORE-0010,2025-03-25,STORE,COMPLETED,29.4
ORD-00001407,CUST-000474,,2025-07-03,ECOMMERCE,COMPLETED,760.98
ORD-00001408,CUST-000427,STORE-0012,2025-11-01,STORE,COMPLETED,655.82
ORD-00001409,CUST-000461,,2025-09-29,ECOMMERCE,COMPLETED,827.53
ORD-00001410,CUST-000217,,2025-07-09,ECOMMERCE,COMPLETED,884.23
ORD-00001411,CUST-000690,STORE-0002,2026-03-21,STORE,COMPLETED,20.17
ORD-00001412,CUST-000176,STORE-0011,2026-05-04,STORE,COMPLETED,373.51
ORD-00001413,CUST-000763,,2026-05-14,ECOMMERCE,COMPLETED,734.62
ORD-00001414,CUST-000708,STORE-0011,2026-02-09,STORE,COMPLETED,92.56
ORD-00001415,CUST-000196,STORE-0002,2025-01-17,STORE,COMPLETED,181.58
ORD-00001416,CUST-000493,STORE-0011,2025-05-29,STORE,COMPLETED,400.67
ORD-00001417,CUST-000809,STORE-0009,2025-07-15,STORE,COMPLETED,696.2
ORD-00001418,CUST-000433,STORE-0001,2025-04-30,STORE,COMPLETED,149.89
ORD-00001419,CUST-000987,,2026-05-12,ECOMMERCE,COMPLETED,775.92
ORD-00001420,CUST-000207,STORE-0005,2026-08-07,STORE,COMPLETED,361.68
ORD-00001421,CUST-000106,STORE-0011,2026-03-19,STORE,RETURNED,766.03
ORD-00001422,CUST-000611,,2026-07-22,ECOMMERCE,PENDING,47.76
ORD-00001423,CUST-000526,STORE-0010,2026-05-15,STORE,COMPLETED,68.72
ORD-00001424,CUST-000591,STORE-0006,2026-07-21,STORE,COMPLETED,805.2
ORD-00001425,CUST-000485,STORE-0002,2026-05-22,STORE,COMPLETED,586.87
ORD-00001426,CUST-000447,STORE-0001,2025-06-15,STORE,COMPLETED,185.1
ORD-00001427,CUST-000238,STORE-0009,2025-08-13,STORE,COMPLETED,621.2
ORD-00001428,CUST-000874,,2026-04-25,ECOMMERCE,COMPLETED,274.65
ORD-00001429,CUST-000983,,2026-03-03,ECOMMERCE,COMPLETED,610.7
ORD-00001430,CUST-000816,,2026-04-29,ECOMMERCE,COMPLETED,762.41
ORD-00001431,CUST-000290,STORE-0012,2025-03-30,STORE,COMPLETED,129.25
ORD-00001432,CUST-000621,STORE-0008,2025-04-14,STORE,COMPLETED,849.6
ORD-00001433,CUST-000241,STORE-0004,2026-07-25,STORE,COMPLETED,31.05
ORD-00001434,CUST-000366,,2025-06-12,ECOMMERCE,COMPLETED,775.62
ORD-00001435,CUST-000827,STORE-0002,2025-12-12,STORE,COMPLETED,561.54
ORD-00001436,CUST-000230,STORE-0008,2025-09-22,STORE,PENDING,709.62
ORD-00001437,CUST-000789,,2026-07-25,ECOMMERCE,COMPLETED,148.79
ORD-00001438,CUST-000528,,2025-04-17,ECOMMERCE,COMPLETED,835.07
ORD-00001439,CUST-000469,STORE-0002,2025-04-19,STORE,COMPLETED,554.55
ORD-00001440,CUST-000105,,2026-07-30,ECOMMERCE,COMPLETED,108.29
ORD-00001441,CUST-000892,STORE-0004,2026-01-06,STORE,COMPLETED,273.53
ORD-00001442,CUST-000519,STORE-0008,2025-04-12,STORE,COMPLETED,336.91
ORD-00001443,CUST-000126,,2025-07-26,ECOMMERCE,COMPLETED,382.94
ORD-00001444,CUST-000252,,2026-05-01,ECOMMERCE,COMPLETED,461.95
ORD-00001445,CUST-000382,STORE-0012,2026-03-01,STORE,COMPLETED,603.52
ORD-00001446,CUST-000772,STORE-0009,2026-03-08,STORE,COMPLETED,137.12
ORD-00001447,CUST-000941,STORE-0007,2026-04-15,STORE,RETURNED,471.8
ORD-00001448,CUST-000967,,2025-01-31,ECOMMERCE,COMPLETED,696.58
ORD-00001449,CUST-000530,,2025-03-13,ECOMMERCE,COMPLETED,293.6
ORD-00001450,CUST-000169,,2026-03-21,ECOMMERCE,COMPLETED,686.89
ORD-00001451,CUST-000657,,2025-06-04,ECOMMERCE,CANCELLED,66.16
ORD-00001452,CUST-000731,STORE-0011,2026-06-17,STORE,RETURNED,386.09
ORD-00001453,CUST-000718,,2026-07-21,ECOMMERCE,COMPLETED,653.57
ORD-00001454,CUST-000353,STORE-0001,2025-10-14,STORE,CANCELLED,555.2
ORD-00001455,CUST-000414,STORE-0008,2025-07-30,STORE,CANCELLED,567.56
ORD-00001456,CUST-000453,STORE-0012,2025-12-20,STORE,CANCELLED,706.68
ORD-00001457,CUST-000203,STORE-0005,2025-03-28,STORE,COMPLETED,311.03
ORD-00001458,CUST-000758,,2025-05-10,ECOMMERCE,COMPLETED,493.6
ORD-00001459,CUST-000524,STORE-0009,2025-11-16,STORE,COMPLETED,684.99
ORD-00001460,CUST-000029,STORE-0009,2026-08-30,STORE,COMPLETED,751.52
ORD-00001461,CUST-000433,STORE-0009,2025-04-24,STORE,COMPLETED,759.8
ORD-00001462,CUST-000520,STORE-0006,2025-05-07,STORE,COMPLETED,591.1
ORD-00001463,CUST-000306,STORE-0010,2025-01-06,STORE,COMPLETED,884.91
ORD-00001464,CUST-000596,,2026-08-03,ECOMMERCE,COMPLETED,844.72
ORD-00001465,CUST-000865,,2025-08-28,ECOMMERCE,COMPLETED,266.81
ORD-00001466,CUST-000733,,2026-08-10,ECOMMERCE,COMPLETED,647.2
ORD-00001467,CUST-000254,STORE-0002,2025-12-02,STORE,COMPLETED,185.41
ORD-00001468,CUST-000466,,2025-04-11,ECOMMERCE,COMPLETED,391.74
ORD-00001469,CUST-000095,STORE-0001,2026-03-12,STORE,CANCELLED,436.48
ORD-00001470,CUST-000379,STORE-0011,2026-06-23,STORE,COMPLETED,509.69
ORD-00001471,CUST-000893,,2025-09-28,ECOMMERCE,COMPLETED,578.27
ORD-00001472,CUST-000706,,2026-05-17,ECOMMERCE,COMPLETED,383.98
ORD-00001473,CUST-000518,STORE-0003,2026-05-12,STORE,COMPLETED,129.51
ORD-00001474,CUST-000884,,2026-06-26,ECOMMERCE,COMPLETED,203.19
ORD-00001475,CUST-000765,STORE-0003,2026-07-27,STORE,COMPLETED,857.36
ORD-00001476,CUST-000419,STORE-0002,2025-05-04,STORE,COMPLETED,271.29
ORD-00001477,CUST-000121,STORE-0006,2025-11-09,STORE,PENDING,283.39
ORD-00001478,CUST-000811,STORE-0003,2025-05-26,STORE,COMPLETED,388.25
ORD-00001479,CUST-000313,,2025-10-18,ECOMMERCE,COMPLETED,739.93
ORD-00001480,CUST-000126,STORE-0009,2025-12-24,STORE,COMPLETED,54.54
ORD-00001481,CUST-000318,STORE-0010,2026-04-09,STORE,CANCELLED,706.49
ORD-00001482,CUST-000738,STORE-0010,2025-05-16,STORE,COMPLETED,461.72
ORD-00001483,CUST-000461,STORE-0011,2026-04-05,STORE,COMPLETED,659.16
ORD-00001484,CUST-000640,STORE-0011,2026-02-24,STORE,COMPLETED,811.72
ORD-00001485,CUST-000047,STORE-0011,2026-03-30,STORE,COMPLETED,586.64
ORD-00001486,CUST-000725,,2025-01-26,ECOMMERCE,COMPLETED,719.6
ORD-00001487,CUST-000575,,2025-05-07,ECOMMERCE,COMPLETED,90.36
ORD-00001488,CUST-000555,,2026-08-14,ECOMMERCE,COMPLETED,862.2
ORD-00001489,CUST-000769,STORE-0008,2026-05-30,STORE,CANCELLED,121.45
ORD-00001490,CUST-000185,,2025-01-20,ECOMMERCE,COMPLETED,197.14
ORD-00001491,CUST-000860,,2026-08-17,ECOMMERCE,COMPLETED,729.13
ORD-00001492,CUST-000412,STORE-0010,2025-02-16,STORE,COMPLETED,841.46
ORD-00001493,CUST-000185,STORE-0007,2025-01-25,STORE,COMPLETED,295.88
ORD-00001494,CUST-000118,STORE-0002,2026-07-09,STORE,COMPLETED,142.47
ORD-00001495,CUST-000092,STORE-0003,2025-11-11,STORE,RETURNED,615.57
ORD-00001496,CUST-000985,STORE-0006,2025-07-05,STORE,COMPLETED,66.77
ORD-00001497,CUST-000328,STORE-0003,2026-02-27,STORE,CANCELLED,243.27
ORD-00001498,CUST-000922,,2025-05-04,ECOMMERCE,COMPLETED,227.07
ORD-00001499,CUST-000243,STORE-0008,2026-06-05,STORE,COMPLETED,355.77
ORD-00001500,CUST-000063,STORE-0006,2026-04-21,STORE,COMPLETED,72.93
ORD-00001501,CUST-000649,STORE-0004,2025-01-20,STORE,COMPLETED,867.68
ORD-00001502,CUST-000253,,2026-07-23,ECOMMERCE,COMPLETED,126.13
ORD-00001503,CUST-000457,STORE-0002,2026-05-28,STORE,COMPLETED,871.6
ORD-00001504,CUST-000173,STORE-0004,2026-07-05,STORE,RETURNED,865.8
ORD-00001505,CUST-000043,STORE-0001,2026-04-21,STORE,RETURNED,564.35
ORD-00001506,CUST-000172,,2025-01-01,ECOMMERCE,COMPLETED,830.8
ORD-00001507,CUST-000257,STORE-0011,2026-01-25,STORE,PENDING,760.56
ORD-00001508,CUST-000861,STORE-0009,2025-10-16,STORE,COMPLETED,669.18
ORD-00001509,CUST-000308,STORE-0002,2026-02-09,STORE,COMPLETED,749.99
ORD-00001510,CUST-000287,,2026-03-19,ECOMMERCE,COMPLETED,461.77
ORD-00001511,CUST-000906,,2025-12-17,ECOMMERCE,COMPLETED,881.98
ORD-00001512,CUST-000280,,2025-09-09,ECOMMERCE,COMPLETED,299.65
ORD-00001513,CUST-000983,STORE-0010,2025-12-03,STORE,COMPLETED,627.28
ORD-00001514,CUST-000003,STORE-0010,2026-05-03,STORE,COMPLETED,23.48
ORD-00001515,CUST-000570,STORE-0012,2026-05-16,STORE,COMPLETED,491.25
ORD-00001516,CUST-000665,,2025-03-21,ECOMMERCE,COMPLETED,804.93
ORD-00001517,CUST-000456,,2025-05-07,ECOMMERCE,COMPLETED,734.31
ORD-00001518,CUST-000367,,2026-02-01,ECOMMERCE,COMPLETED,694.65
ORD-00001519,CUST-000009,,2025-05-08,ECOMMERCE,COMPLETED,843.58
ORD-00001520,CUST-000227,STORE-0012,2025-01-21,STORE,COMPLETED,617.29
ORD-00001521,CUST-000197,,2025-04-03,ECOMMERCE,COMPLETED,568.33
ORD-00001522,CUST-000227,,2025-08-28,ECOMMERCE,PENDING,871.06
ORD-00001523,CUST-000505,STORE-0012,2025-08-03,STORE,COMPLETED,886.07
ORD-00001524,CUST-000114,STORE-0005,2026-08-06,STORE,COMPLETED,165.87
ORD-00001525,CUST-000757,STORE-0010,2026-08-02,STORE,COMPLETED,535.53
ORD-00001526,CUST-000131,,2025-09-23,ECOMMERCE,RETURNED,772.1
ORD-00001527,CUST-000747,,2025-10-08,ECOMMERCE,COMPLETED,615.01
ORD-00001528,CUST-000710,,2026-06-30,ECOMMERCE,COMPLETED,617.4
ORD-00001529,CUST-000003,,2026-03-14,ECOMMERCE,COMPLETED,849.62
ORD-00001530,CUST-000962,STORE-0006,2026-03-19,STORE,COMPLETED,375.09
ORD-00001531,CUST-000531,STORE-0008,2026-05-23,STORE,COMPLETED,686.73
ORD-00001532,CUST-000230,,2025-02-18,ECOMMERCE,COMPLETED,386.75
ORD-00001533,CUST-000006,STORE-0007,2025-07-19,STORE,COMPLETED,793.89
ORD-00001534,CUST-000756,,2025-08-20,ECOMMERCE,RETURNED,390.08
ORD-00001535,CUST-000256,STORE-0004,2025-06-18,STORE,COMPLETED,70.62
ORD-00001536,CUST-000029,STORE-0008,2026-03-19,STORE,COMPLETED,539.39
ORD-00001537,CUST-000343,STORE-0005,2025-09-11,STORE,COMPLETED,225.95
ORD-00001538,CUST-000056,STORE-0006,2026-06-17,STORE,COMPLETED,850.04
ORD-00001539,CUST-000635,,2026-03-26,ECOMMERCE,COMPLETED,568.43
ORD-00001540,CUST-000088,STORE-0001,2025-02-04,STORE,COMPLETED,802.72
ORD-00001541,CUST-000802,,2025-05-11,ECOMMERCE,COMPLETED,725.11
ORD-00001542,CUST-000626,STORE-0011,2026-03-19,STORE,COMPLETED,614.64
ORD-00001543,CUST-000302,STORE-0007,2026-02-16,STORE,COMPLETED,680.49
ORD-00001544,CUST-000614,STORE-0011,2025-01-11,STORE,COMPLETED,425.83
ORD-00001545,CUST-000636,STORE-0010,2025-04-14,STORE,COMPLETED,844.76
ORD-00001546,CUST-000465,,2026-06-14,ECOMMERCE,COMPLETED,185.35
ORD-00001547,CUST-000610,STORE-0012,2025-03-11,STORE,COMPLETED,759.09
ORD-00001548,CUST-000130,,2026-06-06,ECOMMERCE,COMPLETED,387.59
ORD-00001549,CUST-000456,,2025-07-10,ECOMMERCE,COMPLETED,720.37
ORD-00001550,CUST-000320,STORE-0010,2026-03-23,STORE,COMPLETED,591.76
ORD-00001551,CUST-000598,STORE-0009,2025-05-30,STORE,COMPLETED,288.18
ORD-00001552,CUST-000378,STORE-0001,2026-06-15,STORE,COMPLETED,615.3
ORD-00001553,CUST-000520,STORE-0009,2025-02-25,STORE,COMPLETED,187.94
ORD-00001554,CUST-000931,STORE-0004,2025-03-12,STORE,COMPLETED,606.06
ORD-00001555,CUST-000479,,2025-12-06,ECOMMERCE,COMPLETED,516.0
ORD-00001556,CUST-000307,STORE-0007,2025-12-03,STORE,COMPLETED,417.06
ORD-00001557,CUST-000044,,2026-05-23,ECOMMERCE,COMPLETED,18.27
ORD-00001558,CUST-000236,STORE-0008,2025-08-07,STORE,COMPLETED,665.11
ORD-00001559,CUST-000340,,2026-01-20,ECOMMERCE,COMPLETED,178.06
ORD-00001560,CUST-000372,,2025-01-11,ECOMMERCE,COMPLETED,41.57
ORD-00001561,CUST-000298,STORE-0008,2025-07-19,STORE,COMPLETED,822.75
ORD-00001562,CUST-000999,STORE-0001,2025-07-23,STORE,COMPLETED,169.12
ORD-00001563,CUST-000737,,2025-06-28,ECOMMERCE,COMPLETED,505.74
ORD-00001564,CUST-000023,STORE-0003,2025-09-26,STORE,CANCELLED,33.58
ORD-00001565,CUST-000389,,2025-04-24,ECOMMERCE,COMPLETED,201.06
ORD-00001566,CUST-000379,STORE-0006,2025-06-25,STORE,RETURNED,879.74
ORD-00001567,CUST-000903,,2026-03-21,ECOMMERCE,COMPLETED,72.86
ORD-00001568,CUST-000947,STORE-0003,2025-07-14,STORE,COMPLETED,349.7
ORD-00001569,CUST-000614,STORE-0007,2025-09-08,STORE,RETURNED,690.33
ORD-00001570,CUST-000875,STORE-0009,2025-10-29,STORE,COMPLETED,305.0
ORD-00001571,CUST-000815,STORE-0005,2025-05-10,STORE,COMPLETED,872.02
ORD-00001572,CUST-000215,,2025-03-25,ECOMMERCE,COMPLETED,715.03
ORD-00001573,CUST-000172,STORE-0009,2026-02-02,STORE,COMPLETED,585.89
ORD-00001574,CUST-000511,STORE-0009,2026-04-21,STORE,COMPLETED,645.55
ORD-00001575,CUST-000495,STORE-0012,2026-05-22,STORE,COMPLETED,529.35
ORD-00001576,CUST-000810,STORE-0010,2025-02-07,STORE,COMPLETED,806.97
ORD-00001577,CUST-000241,STORE-0007,2025-08-12,STORE,COMPLETED,801.51
ORD-00001578,CUST-000958,STORE-0006,2025-09-18,STORE,COMPLETED,133.88
ORD-00001579,CUST-000456,STORE-0009,2025-12-27,STORE,COMPLETED,51.41
ORD-00001580,CUST-000345,STORE-0007,2026-04-07,STORE,COMPLETED,376.92
ORD-00001581,CUST-000325,,2025-10-07,ECOMMERCE,COMPLETED,173.92
ORD-00001582,CUST-000661,STORE-0002,2026-01-03,STORE,CANCELLED,275.65
ORD-00001583,CUST-000560,STORE-0011,2025-03-22,STORE,COMPLETED,835.05
ORD-00001584,CUST-000074,STORE-0006,2025-02-09,STORE,COMPLETED,310.38
ORD-00001585,CUST-000257,,2025-11-06,ECOMMERCE,COMPLETED,695.11
ORD-00001586,CUST-000196,,2025-05-22,ECOMMERCE,PENDING,680.86
ORD-00001587,CUST-000935,,2025-09-25,ECOMMERCE,COMPLETED,280.03
ORD-00001588,CUST-000802,,2026-02-18,ECOMMERCE,RETURNED,742.35
ORD-00001589,CUST-000013,,2026-04-29,ECOMMERCE,COMPLETED,890.51
ORD-00001590,CUST-000887,,2026-02-12,ECOMMERCE,COMPLETED,655.15
ORD-00001591,CUST-000240,STORE-0009,2026-08-25,STORE,COMPLETED,685.49
ORD-00001592,CUST-000473,,2025-12-15,ECOMMERCE,COMPLETED,292.07
ORD-00001593,CUST-000789,STORE-0012,2026-03-04,STORE,COMPLETED,413.23
ORD-00001594,CUST-000384,STORE-0003,2026-08-15,STORE,COMPLETED,285.43
ORD-00001595,CUST-000512,,2025-12-30,ECOMMERCE,COMPLETED,385.95
ORD-00001596,CUST-000414,,2026-07-05,ECOMMERCE,COMPLETED,534.46
ORD-00001597,CUST-000033,STORE-0003,2025-06-07,STORE,RETURNED,894.92
ORD-00001598,CUST-000819,STORE-0010,2026-08-11,STORE,COMPLETED,882.45
ORD-00001599,CUST-000401,STORE-0002,2026-07-02,STORE,COMPLETED,435.18
ORD-00001600,CUST-000986,STORE-0008,2025-11-08,STORE,COMPLETED,107.32
ORD-00001601,CUST-000033,STORE-0012,2026-05-16,STORE,COMPLETED,191.11
ORD-00001602,CUST-000396,,2025-10-18,ECOMMERCE,COMPLETED,272.63
ORD-00001603,CUST-000466,STORE-0001,2026-01-13,STORE,COMPLETED,167.07
ORD-00001604,CUST-000421,,2026-02-05,ECOMMERCE,COMPLETED,113.01
ORD-00001605,CUST-000490,STORE-0012,2025-03-12,STORE,COMPLETED,814.67
ORD-00001606,CUST-000892,STORE-0004,2025-11-14,STORE,COMPLETED,643.06
ORD-00001607,CUST-000619,STORE-0010,2025-11-14,STORE,COMPLETED,459.69
ORD-00001608,CUST-000283,,2025-07-26,ECOMMERCE,COMPLETED,141.28
ORD-00001609,CUST-000409,STORE-0010,2025-09-10,STORE,COMPLETED,820.62
ORD-00001610,CUST-000472,,2026-04-19,ECOMMERCE,COMPLETED,667.5
ORD-00001611,CUST-000903,STORE-0008,2025-12-22,STORE,COMPLETED,644.81
ORD-00001612,CUST-000628,STORE-0003,2026-03-02,STORE,COMPLETED,811.47
ORD-00001613,CUST-000469,,2026-01-29,ECOMMERCE,CANCELLED,177.35
ORD-00001614,CUST-000403,STORE-0012,2025-02-14,STORE,COMPLETED,785.43
ORD-00001615,CUST-000644,STORE-0009,2025-10-26,STORE,COMPLETED,74.07
ORD-00001616,CUST-000924,,2025-08-11,ECOMMERCE,CANCELLED,378.98
ORD-00001617,CUST-000125,,2026-01-13,ECOMMERCE,COMPLETED,108.12
ORD-00001618,CUST-000334,,2026-02-24,ECOMMERCE,COMPLETED,238.7
ORD-00001619,CUST-000474,STORE-0001,2025-03-16,STORE,COMPLETED,612.93
ORD-00001620,CUST-000352,STORE-0012,2026-02-13,STORE,COMPLETED,366.06
ORD-00001621,CUST-000118,STORE-0012,2025-05-20,STORE,COMPLETED,677.58
ORD-00001622,CUST-000070,STORE-0002,2026-07-16,STORE,COMPLETED,646.52
ORD-00001623,CUST-000483,STORE-0005,2025-06-15,STORE,COMPLETED,30.99
ORD-00001624,CUST-000302,STORE-0002,2026-07-02,STORE,COMPLETED,164.08
ORD-00001625,CUST-000012,,2025-10-07,ECOMMERCE,COMPLETED,331.91
ORD-00001626,CUST-000036,STORE-0011,2026-06-30,STORE,COMPLETED,631.62
ORD-00001627,CUST-000831,,2026-06-20,ECOMMERCE,COMPLETED,649.02
ORD-00001628,CUST-000400,,2025-11-12,ECOMMERCE,COMPLETED,544.41
ORD-00001629,CUST-000387,STORE-0004,2025-09-13,STORE,COMPLETED,226.11
ORD-00001630,CUST-000432,STORE-0001,2025-01-15,STORE,COMPLETED,185.05
ORD-00001631,CUST-000226,,2025-04-09,ECOMMERCE,COMPLETED,749.95
ORD-00001632,CUST-000172,STORE-0001,2026-03-02,STORE,COMPLETED,736.83
ORD-00001633,CUST-000642,STORE-0004,2025-08-01,STORE,RETURNED,364.63
ORD-00001634,CUST-000238,STORE-0004,2025-04-19,STORE,COMPLETED,168.66
ORD-00001635,CUST-000324,STORE-0001,2026-02-03,STORE,COMPLETED,209.79
ORD-00001636,CUST-000286,,2026-01-13,ECOMMERCE,COMPLETED,798.63
ORD-00001637,CUST-000786,STORE-0010,2026-05-27,STORE,PENDING,105.11
ORD-00001638,CUST-000945,STORE-0010,2025-06-25,STORE,COMPLETED,98.85
ORD-00001639,CUST-000647,STORE-0012,2026-02-02,STORE,COMPLETED,875.54
ORD-00001640,CUST-000341,,2025-06-29,ECOMMERCE,COMPLETED,797.31
ORD-00001641,CUST-000872,STORE-0011,2026-05-09,STORE,COMPLETED,30.62
ORD-00001642,CUST-000460,,2026-01-27,ECOMMERCE,COMPLETED,671.51
ORD-00001643,CUST-000722,STORE-0001,2025-08-27,STORE,COMPLETED,686.66
ORD-00001644,CUST-000243,STORE-0012,2026-03-15,STORE,COMPLETED,563.49
ORD-00001645,CUST-000384,STORE-0008,2025-10-31,STORE,COMPLETED,347.54
ORD-00001646,CUST-000244,STORE-0012,2026-03-31,STORE,COMPLETED,305.89
ORD-00001647,CUST-000660,STORE-0001,2026-06-18,STORE,COMPLETED,382.18
ORD-00001648,CUST-000769,,2025-01-25,ECOMMERCE,COMPLETED,663.59
ORD-00001649,CUST-000211,STORE-0009,2025-02-25,STORE,CANCELLED,603.53
ORD-00001650,CUST-000704,STORE-0012,2025-08-16,STORE,COMPLETED,352.62
ORD-00001651,CUST-000453,STORE-0011,2025-01-07,STORE,COMPLETED,450.1
ORD-00001652,CUST-000054,,2025-05-25,ECOMMERCE,RETURNED,126.12
ORD-00001653,CUST-000563,STORE-0004,2025-08-30,STORE,COMPLETED,392.22
ORD-00001654,CUST-000169,STORE-0012,2025-07-22,STORE,COMPLETED,171.15
ORD-00001655,CUST-000293,STORE-0010,2026-04-05,STORE,RETURNED,193.24
ORD-00001656,CUST-000493,,2025-03-23,ECOMMERCE,RETURNED,333.23
ORD-00001657,CUST-000483,STORE-0008,2026-03-09,STORE,COMPLETED,665.41
ORD-00001658,CUST-000840,,2026-05-09,ECOMMERCE,COMPLETED,352.56
ORD-00001659,CUST-000778,,2025-11-04,ECOMMERCE,COMPLETED,150.23
ORD-00001660,CUST-000264,,2026-01-25,ECOMMERCE,COMPLETED,416.44
ORD-00001661,CUST-000621,STORE-0008,2025-03-15,STORE,COMPLETED,647.65
ORD-00001662,CUST-000939,STORE-0004,2025-01-05,STORE,COMPLETED,458.12
ORD-00001663,CUST-000504,,2026-02-19,ECOMMERCE,RETURNED,847.15
ORD-00001664,CUST-000383,,2026-01-29,ECOMMERCE,COMPLETED,582.33
ORD-00001665,CUST-000419,STORE-0001,2025-05-08,STORE,COMPLETED,515.56
ORD-00001666,CUST-000447,STORE-0005,2025-12-23,STORE,COMPLETED,447.43
ORD-00001667,CUST-000714,,2025-03-01,ECOMMERCE,COMPLETED,834.97
ORD-00001668,CUST-000249,,2026-05-05,ECOMMERCE,COMPLETED,734.62
ORD-00001669,CUST-000693,STORE-0001,2025-06-01,STORE,COMPLETED,418.09
ORD-00001670,CUST-000261,,2025-09-11,ECOMMERCE,COMPLETED,857.32
ORD-00001671,CUST-000013,,2025-04-30,ECOMMERCE,COMPLETED,585.29
ORD-00001672,CUST-000408,,2026-08-24,ECOMMERCE,RETURNED,86.11
ORD-00001673,CUST-000898,,2026-03-10,ECOMMERCE,COMPLETED,392.78
ORD-00001674,CUST-000513,,2026-06-30,ECOMMERCE,COMPLETED,353.77
ORD-00001675,CUST-000422,STORE-0012,2025-04-02,STORE,COMPLETED,521.76
ORD-00001676,CUST-000834,,2025-05-27,ECOMMERCE,COMPLETED,200.43
ORD-00001677,CUST-000716,,2025-11-12,ECOMMERCE,COMPLETED,164.03
ORD-00001678,CUST-000100,STORE-0002,2026-03-04,STORE,COMPLETED,594.25
ORD-00001679,CUST-000175,,2025-06-30,ECOMMERCE,COMPLETED,638.08
ORD-00001680,CUST-000187,STORE-0009,2025-04-23,STORE,COMPLETED,735.72
ORD-00001681,CUST-000061,STORE-0012,2025-07-07,STORE,COMPLETED,184.82
ORD-00001682,CUST-000893,,2026-02-23,ECOMMERCE,COMPLETED,822.98
ORD-00001683,CUST-000652,STORE-0003,2025-03-23,STORE,COMPLETED,349.29
ORD-00001684,CUST-000351,STORE-0001,2026-08-23,STORE,COMPLETED,444.4
ORD-00001685,CUST-000010,,2025-03-04,ECOMMERCE,COMPLETED,860.36
ORD-00001686,CUST-000809,,2025-02-12,ECOMMERCE,COMPLETED,477.27
ORD-00001687,CUST-000618,STORE-0009,2025-09-30,STORE,RETURNED,433.81
ORD-00001688,CUST-000440,STORE-0006,2026-01-15,STORE,COMPLETED,318.62
ORD-00001689,CUST-000246,STORE-0006,2026-02-13,STORE,COMPLETED,65.66
ORD-00001690,CUST-000339,STORE-0002,2025-01-04,STORE,COMPLETED,633.0
ORD-00001691,CUST-000910,,2025-05-23,ECOMMERCE,COMPLETED,123.76
ORD-00001692,CUST-000974,STORE-0012,2025-09-12,STORE,COMPLETED,562.24
ORD-00001693,CUST-000487,,2026-06-12,ECOMMERCE,COMPLETED,181.32
ORD-00001694,CUST-000981,,2025-11-26,ECOMMERCE,COMPLETED,333.78
ORD-00001695,CUST-000827,STORE-0012,2025-11-30,STORE,COMPLETED,221.7
ORD-00001696,CUST-000757,STORE-0010,2025-03-25,STORE,COMPLETED,846.09
ORD-00001697,CUST-000488,,2025-04-13,ECOMMERCE,COMPLETED,275.07
ORD-00001698,CUST-000147,STORE-0009,2026-08-09,STORE,COMPLETED,649.25
ORD-00001699,CUST-000510,STORE-0002,2025-11-05,STORE,COMPLETED,896.73
ORD-00001700,CUST-000479,,2025-06-22,ECOMMERCE,CANCELLED,860.22
ORD-00001701,CUST-000554,STORE-0004,2025-09-07,STORE,COMPLETED,681.63
ORD-00001702,CUST-000092,,2025-04-19,ECOMMERCE,COMPLETED,648.45
ORD-00001703,CUST-000952,STORE-0006,2026-01-28,STORE,COMPLETED,210.03
ORD-00001704,CUST-000488,STORE-0011,2025-05-07,STORE,COMPLETED,831.62
ORD-00001705,CUST-000504,STORE-0002,2025-12-07,STORE,COMPLETED,839.63
ORD-00001706,CUST-000616,,2025-03-08,ECOMMERCE,COMPLETED,348.65
ORD-00001707,CUST-000754,,2026-01-26,ECOMMERCE,COMPLETED,709.8
ORD-00001708,CUST-000448,,2025-08-27,ECOMMERCE,COMPLETED,117.39
ORD-00001709,CUST-000092,STORE-0006,2026-08-30,STORE,RETURNED,673.99
ORD-00001710,CUST-000377,STORE-0003,2025-11-17,STORE,RETURNED,525.57
ORD-00001711,CUST-000064,STORE-0010,2026-07-03,STORE,COMPLETED,358.51
ORD-00001712,CUST-000790,STORE-0006,2025-05-10,STORE,COMPLETED,547.43
ORD-00001713,CUST-000405,STORE-0001,2026-07-06,STORE,COMPLETED,294.59
ORD-00001714,CUST-000304,,2025-08-13,ECOMMERCE,COMPLETED,418.37
ORD-00001715,CUST-000150,STORE-0012,2025-02-05,STORE,COMPLETED,288.37
ORD-00001716,CUST-000127,,2025-10-08,ECOMMERCE,PENDING,640.27
ORD-00001717,CUST-000849,STORE-0004,2026-05-22,STORE,COMPLETED,870.35
ORD-00001718,CUST-000830,STORE-0006,2025-06-06,STORE,COMPLETED,201.39
ORD-00001719,CUST-000830,,2025-08-19,ECOMMERCE,COMPLETED,61.52
ORD-00001720,CUST-000184,,2026-05-15,ECOMMERCE,COMPLETED,279.71
ORD-00001721,CUST-000935,,2025-06-13,ECOMMERCE,PENDING,499.93
ORD-00001722,CUST-000695,STORE-0008,2025-12-23,STORE,COMPLETED,361.09
ORD-00001723,CUST-000290,STORE-0005,2025-07-19,STORE,COMPLETED,499.99
ORD-00001724,CUST-000332,STORE-0010,2025-02-25,STORE,COMPLETED,642.98
ORD-00001725,CUST-000168,STORE-0010,2025-05-21,STORE,COMPLETED,441.96
ORD-00001726,CUST-000215,,2025-08-12,ECOMMERCE,COMPLETED,188.15
ORD-00001727,CUST-000371,,2026-08-13,ECOMMERCE,COMPLETED,710.17
ORD-00001728,CUST-000386,,2026-03-14,ECOMMERCE,COMPLETED,163.88
ORD-00001729,CUST-000365,STORE-0008,2025-07-03,STORE,RETURNED,118.85
ORD-00001730,CUST-000347,STORE-0010,2026-03-21,STORE,RETURNED,569.87
ORD-00001731,CUST-000035,STORE-0002,2025-09-04,STORE,COMPLETED,282.88
ORD-00001732,CUST-000177,STORE-0011,2026-01-20,STORE,COMPLETED,892.18
ORD-00001733,CUST-000092,,2026-04-20,ECOMMERCE,COMPLETED,590.53
ORD-00001734,CUST-000669,STORE-0008,2026-01-12,STORE,COMPLETED,118.22
ORD-00001735,CUST-000657,STORE-0011,2026-06-06,STORE,COMPLETED,534.36
ORD-00001736,CUST-000492,,2025-10-08,ECOMMERCE,COMPLETED,98.68
ORD-00001737,CUST-000394,STORE-0008,2026-03-21,STORE,COMPLETED,125.83
ORD-00001738,CUST-000731,STORE-0009,2025-07-09,STORE,COMPLETED,635.16
ORD-00001739,CUST-000838,STORE-0009,2026-06-27,STORE,COMPLETED,474.23
ORD-00001740,CUST-000731,STORE-0011,2025-05-08,STORE,COMPLETED,198.61
ORD-00001741,CUST-000121,,2025-07-05,ECOMMERCE,COMPLETED,630.27
ORD-00001742,CUST-000458,STORE-0006,2025-05-06,STORE,COMPLETED,523.95
ORD-00001743,CUST-000090,,2026-07-30,ECOMMERCE,COMPLETED,681.47
ORD-00001744,CUST-000128,STORE-0009,2025-11-02,STORE,COMPLETED,496.82
ORD-00001745,CUST-000968,STORE-0011,2025-01-01,STORE,COMPLETED,55.86
ORD-00001746,CUST-000927,,2025-10-28,ECOMMERCE,COMPLETED,408.75
ORD-00001747,CUST-000712,STORE-0006,2026-06-20,STORE,CANCELLED,897.17
ORD-00001748,CUST-000523,STORE-0004,2025-04-12,STORE,COMPLETED,54.59
ORD-00001749,CUST-000146,STORE-0005,2025-08-09,STORE,RETURNED,547.9
ORD-00001750,CUST-000368,STORE-0005,2025-05-12,STORE,COMPLETED,388.48
ORD-00001751,CUST-000267,STORE-0007,2025-06-17,STORE,COMPLETED,88.68
ORD-00001752,CUST-000436,STORE-0012,2025-05-27,STORE,COMPLETED,77.44
ORD-00001753,CUST-000649,,2025-07-17,ECOMMERCE,COMPLETED,513.82
ORD-00001754,CUST-000524,STORE-0010,2025-06-17,STORE,COMPLETED,150.84
ORD-00001755,CUST-000445,,2026-01-24,ECOMMERCE,COMPLETED,549.19
ORD-00001756,CUST-000128,STORE-0009,2025-04-23,STORE,COMPLETED,375.0
ORD-00001757,CUST-000092,STORE-0006,2025-12-08,STORE,COMPLETED,144.5
ORD-00001758,CUST-000281,,2025-01-11,ECOMMERCE,COMPLETED,881.84
ORD-00001759,CUST-000975,STORE-0002,2025-05-07,STORE,COMPLETED,659.57
ORD-00001760,CUST-000842,STORE-0008,2025-04-08,STORE,COMPLETED,634.9
ORD-00001761,CUST-000565,,2025-10-05,ECOMMERCE,COMPLETED,808.46
ORD-00001762,CUST-000970,STORE-0007,2025-07-05,STORE,COMPLETED,671.05
ORD-00001763,CUST-000545,,2026-07-19,ECOMMERCE,COMPLETED,766.92
ORD-00001764,CUST-000131,STORE-0005,2025-01-10,STORE,COMPLETED,646.2
ORD-00001765,CUST-000147,,2026-01-23,ECOMMERCE,COMPLETED,251.62
ORD-00001766,CUST-000655,,2026-01-15,ECOMMERCE,COMPLETED,235.46
ORD-00001767,CUST-000724,STORE-0008,2025-07-07,STORE,COMPLETED,328.29
ORD-00001768,CUST-000294,STORE-0005,2026-03-15,STORE,COMPLETED,650.84
ORD-00001769,CUST-000235,,2025-11-09,ECOMMERCE,COMPLETED,91.94
ORD-00001770,CUST-000790,STORE-0006,2025-04-03,STORE,COMPLETED,82.87
ORD-00001771,CUST-000096,STORE-0003,2026-08-13,STORE,COMPLETED,672.92
ORD-00001772,CUST-000505,STORE-0001,2026-03-11,STORE,COMPLETED,840.21
ORD-00001773,CUST-000510,STORE-0009,2026-06-30,STORE,COMPLETED,373.84
ORD-00001774,CUST-000933,STORE-0012,2025-01-08,STORE,COMPLETED,636.79
ORD-00001775,CUST-000251,,2026-06-25,ECOMMERCE,COMPLETED,52.49
ORD-00001776,CUST-000173,STORE-0011,2026-06-21,STORE,CANCELLED,169.71
ORD-00001777,CUST-000137,STORE-0009,2025-12-28,STORE,RETURNED,389.11
ORD-00001778,CUST-000383,STORE-0002,2025-12-13,STORE,CANCELLED,236.04
ORD-00001779,CUST-000785,STORE-0002,2025-10-25,STORE,COMPLETED,274.79
ORD-00001780,CUST-000756,STORE-0011,2026-08-06,STORE,COMPLETED,831.9
ORD-00001781,CUST-000983,,2026-06-12,ECOMMERCE,COMPLETED,46.35
ORD-00001782,CUST-000633,STORE-0008,2025-02-28,STORE,COMPLETED,559.74
ORD-00001783,CUST-000363,STORE-0002,2025-01-06,STORE,COMPLETED,654.35
ORD-00001784,CUST-000010,STORE-0002,2026-03-18,STORE,COMPLETED,90.0
ORD-00001785,CUST-000158,STORE-0007,2025-05-07,STORE,CANCELLED,21.12
ORD-00001786,CUST-000257,,2025-08-20,ECOMMERCE,COMPLETED,346.26
ORD-00001787,CUST-000914,STORE-0003,2026-07-04,STORE,COMPLETED,111.2
ORD-00001788,CUST-000860,STORE-0008,2025-06-15,STORE,COMPLETED,676.18
ORD-00001789,CUST-000905,STORE-0012,2025-07-23,STORE,COMPLETED,267.14
ORD-00001790,CUST-000432,STORE-0012,2025-12-06,STORE,CANCELLED,156.88
ORD-00001791,CUST-000491,STORE-0011,2025-09-30,STORE,COMPLETED,447.83
ORD-00001792,CUST-000699,STORE-0012,2025-05-11,STORE,COMPLETED,691.49
ORD-00001793,CUST-000514,,2026-02-03,ECOMMERCE,COMPLETED,862.55
ORD-00001794,CUST-000130,,2025-06-09,ECOMMERCE,COMPLETED,27.08
ORD-00001795,CUST-000054,,2025-12-17,ECOMMERCE,COMPLETED,543.42
ORD-00001796,CUST-000492,STORE-0005,2025-10-16,STORE,COMPLETED,688.4
ORD-00001797,CUST-000157,STORE-0012,2026-06-08,STORE,COMPLETED,263.81
ORD-00001798,CUST-000270,STORE-0012,2025-09-11,STORE,COMPLETED,394.81
ORD-00001799,CUST-000802,STORE-0002,2026-05-30,STORE,COMPLETED,181.97
ORD-00001800,CUST-000645,,2025-06-02,ECOMMERCE,COMPLETED,132.08
ORD-00001801,CUST-000197,STORE-0003,2026-03-13,STORE,COMPLETED,191.68
ORD-00001802,CUST-000390,,2026-02-22,ECOMMERCE,COMPLETED,634.64
ORD-00001803,CUST-000228,,2025-12-11,ECOMMERCE,COMPLETED,69.29
ORD-00001804,CUST-000053,STORE-0005,2025-04-23,STORE,COMPLETED,263.29
ORD-00001805,CUST-000429,STORE-0004,2025-11-24,STORE,CANCELLED,175.85
ORD-00001806,CUST-000677,STORE-0012,2025-11-26,STORE,COMPLETED,432.77
ORD-00001807,CUST-000104,,2026-03-18,ECOMMERCE,COMPLETED,854.27
ORD-00001808,CUST-000312,STORE-0002,2025-04-10,STORE,COMPLETED,619.42
ORD-00001809,CUST-000134,,2025-12-06,ECOMMERCE,COMPLETED,731.88
ORD-00001810,CUST-000604,,2026-06-26,ECOMMERCE,COMPLETED,225.85
ORD-00001811,CUST-000599,STORE-0007,2025-03-31,STORE,CANCELLED,130.48
ORD-00001812,CUST-000124,,2025-02-12,ECOMMERCE,COMPLETED,822.28
ORD-00001813,CUST-000196,,2025-07-17,ECOMMERCE,COMPLETED,834.07
ORD-00001814,CUST-000560,STORE-0010,2025-12-18,STORE,COMPLETED,434.67
ORD-00001815,CUST-000547,,2025-06-07,ECOMMERCE,COMPLETED,184.66
ORD-00001816,CUST-000259,STORE-0009,2025-12-22,STORE,CANCELLED,411.91
ORD-00001817,CUST-000933,,2026-03-23,ECOMMERCE,COMPLETED,385.82
ORD-00001818,CUST-000516,,2025-01-23,ECOMMERCE,COMPLETED,257.62
ORD-00001819,CUST-000297,,2025-02-16,ECOMMERCE,RETURNED,68.8
ORD-00001820,CUST-000195,,2026-02-12,ECOMMERCE,COMPLETED,486.24
ORD-00001821,CUST-000077,STORE-0003,2026-03-25,STORE,COMPLETED,354.97
ORD-00001822,CUST-000411,,2025-10-06,ECOMMERCE,COMPLETED,18.19
ORD-00001823,CUST-000607,STORE-0012,2025-01-10,STORE,COMPLETED,714.72
ORD-00001824,CUST-000725,STORE-0012,2026-06-22,STORE,COMPLETED,769.44
ORD-00001825,CUST-000275,STORE-0009,2025-05-02,STORE,COMPLETED,55.37
ORD-00001826,CUST-000041,STORE-0011,2025-06-01,STORE,RETURNED,260.81
ORD-00001827,CUST-000895,STORE-0001,2025-09-12,STORE,PENDING,200.83
ORD-00001828,CUST-000665,STORE-0006,2026-01-13,STORE,COMPLETED,852.59
ORD-00001829,CUST-000271,,2025-05-17,ECOMMERCE,COMPLETED,556.16
ORD-00001830,CUST-000059,STORE-0011,2025-01-11,STORE,COMPLETED,209.06
ORD-00001831,CUST-000181,,2025-09-20,ECOMMERCE,RETURNED,490.59
ORD-00001832,CUST-000797,,2026-08-21,ECOMMERCE,COMPLETED,675.01
ORD-00001833,CUST-000670,STORE-0005,2026-07-19,STORE,COMPLETED,406.33
ORD-00001834,CUST-000209,STORE-0010,2026-02-09,STORE,COMPLETED,220.07
ORD-00001835,CUST-000378,,2025-06-01,ECOMMERCE,CANCELLED,97.92
ORD-00001836,CUST-000190,STORE-0003,2025-07-13,STORE,COMPLETED,849.87
ORD-00001837,CUST-000289,STORE-0001,2025-11-14,STORE,COMPLETED,172.29
ORD-00001838,CUST-000623,STORE-0004,2025-03-13,STORE,COMPLETED,392.36
ORD-00001839,CUST-000661,STORE-0007,2025-04-13,STORE,COMPLETED,136.5
ORD-00001840,CUST-000013,,2025-04-13,ECOMMERCE,COMPLETED,33.33
ORD-00001841,CUST-000782,,2025-02-14,ECOMMERCE,COMPLETED,696.55
ORD-00001842,CUST-000962,STORE-0011,2025-01-14,STORE,COMPLETED,23.32
ORD-00001843,CUST-000556,,2025-12-13,ECOMMERCE,COMPLETED,90.19
ORD-00001844,CUST-000778,STORE-0010,2026-03-31,STORE,COMPLETED,287.04
ORD-00001845,CUST-000250,STORE-0001,2026-07-11,STORE,COMPLETED,570.32
ORD-00001846,CUST-000845,STORE-0001,2025-04-16,STORE,COMPLETED,105.77
ORD-00001847,CUST-000426,,2025-05-26,ECOMMERCE,COMPLETED,213.52
ORD-00001848,CUST-000395,STORE-0003,2025-12-28,STORE,COMPLETED,214.91
ORD-00001849,CUST-000394,,2025-04-26,ECOMMERCE,COMPLETED,891.83
ORD-00001850,CUST-000980,STORE-0005,2026-01-01,STORE,COMPLETED,310.35
ORD-00001851,CUST-000947,STORE-0002,2025-02-14,STORE,COMPLETED,172.59
ORD-00001852,CUST-000615,STORE-0003,2026-03-12,STORE,COMPLETED,605.54
ORD-00001853,CUST-000838,STORE-0005,2025-12-23,STORE,COMPLETED,254.92
ORD-00001854,CUST-000378,STORE-0005,2025-03-20,STORE,COMPLETED,777.62
ORD-00001855,CUST-000797,,2025-05-31,ECOMMERCE,COMPLETED,360.68
ORD-00001856,CUST-000805,,2026-05-05,ECOMMERCE,COMPLETED,115.15
ORD-00001857,CUST-000745,STORE-0005,2025-05-29,STORE,COMPLETED,895.37
ORD-00001858,CUST-000395,STORE-0006,2025-11-23,STORE,COMPLETED,440.94
ORD-00001859,CUST-000617,,2025-12-08,ECOMMERCE,COMPLETED,850.47
ORD-00001860,CUST-000393,,2026-03-05,ECOMMERCE,COMPLETED,491.79
ORD-00001861,CUST-000550,STORE-0004,2026-01-29,STORE,COMPLETED,647.71
ORD-00001862,CUST-000796,STORE-0012,2025-08-13,STORE,COMPLETED,223.15
ORD-00001863,CUST-000872,STORE-0001,2026-01-07,STORE,COMPLETED,862.49
ORD-00001864,CUST-000062,,2025-12-24,ECOMMERCE,COMPLETED,766.66
ORD-00001865,CUST-000143,,2025-10-29,ECOMMERCE,COMPLETED,754.2
ORD-00001866,CUST-000954,STORE-0007,2025-09-06,STORE,COMPLETED,213.76
ORD-00001867,CUST-000121,,2025-05-27,ECOMMERCE,COMPLETED,38.32
ORD-00001868,CUST-000381,,2025-02-25,ECOMMERCE,COMPLETED,601.53
ORD-00001869,CUST-000858,STORE-0010,2025-06-11,STORE,COMPLETED,338.24
ORD-00001870,CUST-000079,STORE-0001,2026-08-06,STORE,COMPLETED,383.6
ORD-00001871,CUST-000482,,2025-05-24,ECOMMERCE,COMPLETED,633.23
ORD-00001872,CUST-000422,STORE-0012,2025-12-12,STORE,COMPLETED,585.69
ORD-00001873,CUST-000114,STORE-0003,2025-03-03,STORE,CANCELLED,43.43
ORD-00001874,CUST-000516,,2025-06-14,ECOMMERCE,COMPLETED,751.92
ORD-00001875,CUST-000897,,2026-04-11,ECOMMERCE,COMPLETED,749.12
ORD-00001876,CUST-000514,,2025-11-10,ECOMMERCE,COMPLETED,389.95
ORD-00001877,CUST-000997,STORE-0002,2026-06-19,STORE,COMPLETED,856.7
ORD-00001878,CUST-000411,,2025-02-27,ECOMMERCE,COMPLETED,177.57
ORD-00001879,CUST-000573,,2025-03-21,ECOMMERCE,COMPLETED,429.57
ORD-00001880,CUST-000658,STORE-0007,2026-01-25,STORE,COMPLETED,725.96
ORD-00001881,CUST-000200,STORE-0005,2025-04-22,STORE,COMPLETED,335.99
ORD-00001882,CUST-000344,,2025-01-29,ECOMMERCE,COMPLETED,159.04
ORD-00001883,CUST-000217,STORE-0010,2025-01-12,STORE,COMPLETED,288.57
ORD-00001884,CUST-000654,STORE-0001,2025-09-04,STORE,COMPLETED,879.35
ORD-00001885,CUST-000578,STORE-0008,2025-02-16,STORE,COMPLETED,97.49
ORD-00001886,CUST-000366,STORE-0005,2026-02-12,STORE,COMPLETED,293.31
ORD-00001887,CUST-000365,STORE-0003,2025-04-10,STORE,COMPLETED,808.41
ORD-00001888,CUST-000515,STORE-0003,2025-01-25,STORE,COMPLETED,353.17
ORD-00001889,CUST-000873,STORE-0001,2025-10-25,STORE,COMPLETED,618.9
ORD-00001890,CUST-000641,STORE-0002,2025-08-26,STORE,CANCELLED,729.62
ORD-00001891,CUST-000788,,2025-06-14,ECOMMERCE,PENDING,458.93
ORD-00001892,CUST-000624,,2026-06-20,ECOMMERCE,RETURNED,317.15
ORD-00001893,CUST-000348,,2025-10-25,ECOMMERCE,COMPLETED,772.52
ORD-00001894,CUST-000913,STORE-0012,2026-02-01,STORE,COMPLETED,897.35
ORD-00001895,CUST-000982,STORE-0003,2026-08-04,STORE,COMPLETED,455.31
ORD-00001896,CUST-000147,,2025-11-13,ECOMMERCE,COMPLETED,872.52
ORD-00001897,CUST-000090,,2026-05-26,ECOMMERCE,COMPLETED,292.64
ORD-00001898,CUST-000166,,2025-03-11,ECOMMERCE,COMPLETED,336.55
ORD-00001899,CUST-000184,STORE-0012,2026-04-17,STORE,COMPLETED,433.84
ORD-00001900,CUST-000898,STORE-0008,2025-05-24,STORE,RETURNED,874.94
ORD-00001901,CUST-000373,STORE-0005,2026-02-15,STORE,COMPLETED,563.42
ORD-00001902,CUST-000452,,2026-01-11,ECOMMERCE,COMPLETED,567.8
ORD-00001903,CUST-000086,STORE-0011,2026-02-28,STORE,COMPLETED,247.6
ORD-00001904,CUST-000699,,2025-02-13,ECOMMERCE,COMPLETED,584.82
ORD-00001905,CUST-000251,,2026-07-29,ECOMMERCE,COMPLETED,769.96
ORD-00001906,CUST-000163,STORE-0010,2026-02-13,STORE,COMPLETED,212.4
ORD-00001907,CUST-000686,,2025-04-06,ECOMMERCE,COMPLETED,429.61
ORD-00001908,CUST-000838,STORE-0008,2025-04-22,STORE,COMPLETED,662.62
ORD-00001909,CUST-000945,,2026-02-11,ECOMMERCE,COMPLETED,191.53
ORD-00001910,CUST-000325,STORE-0006,2026-05-13,STORE,COMPLETED,671.04
ORD-00001911,CUST-000466,STORE-0001,2026-07-13,STORE,COMPLETED,430.92
ORD-00001912,CUST-000328,STORE-0010,2025-02-02,STORE,PENDING,700.17
ORD-00001913,CUST-000828,STORE-0006,2026-03-17,STORE,RETURNED,203.88
ORD-00001914,CUST-000024,STORE-0011,2026-03-10,STORE,COMPLETED,577.58
ORD-00001915,CUST-000071,STORE-0005,2026-02-19,STORE,COMPLETED,788.29
ORD-00001916,CUST-000430,STORE-0009,2025-08-08,STORE,COMPLETED,244.61
ORD-00001917,CUST-000095,,2026-03-15,ECOMMERCE,COMPLETED,681.56
ORD-00001918,CUST-000358,STORE-0007,2026-05-09,STORE,COMPLETED,624.61
ORD-00001919,CUST-000714,STORE-0007,2025-12-30,STORE,CANCELLED,519.73
ORD-00001920,CUST-000575,,2025-07-23,ECOMMERCE,COMPLETED,606.15
ORD-00001921,CUST-000332,STORE-0011,2025-11-21,STORE,COMPLETED,808.4
ORD-00001922,CUST-000512,,2025-11-21,ECOMMERCE,COMPLETED,873.43
ORD-00001923,CUST-000534,STORE-0012,2025-01-04,STORE,PENDING,849.84
ORD-00001924,CUST-000650,,2026-04-06,ECOMMERCE,COMPLETED,526.86
ORD-00001925,CUST-000764,STORE-0004,2026-03-07,STORE,COMPLETED,700.33
ORD-00001926,CUST-000222,STORE-0006,2025-08-03,STORE,RETURNED,874.99
ORD-00001927,CUST-000015,STORE-0006,2026-01-08,STORE,COMPLETED,808.54
ORD-00001928,CUST-000889,STORE-0002,2026-05-27,STORE,COMPLETED,418.56
ORD-00001929,CUST-000361,STORE-0009,2026-03-13,STORE,COMPLETED,692.1
ORD-00001930,CUST-000181,STORE-0008,2026-03-15,STORE,COMPLETED,504.19
ORD-00001931,CUST-000447,STORE-0007,2025-10-19,STORE,COMPLETED,624.37
ORD-00001932,CUST-000291,STORE-0012,2025-04-12,STORE,PENDING,728.26
ORD-00001933,CUST-000666,STORE-0001,2026-02-26,STORE,COMPLETED,678.7
ORD-00001934,CUST-000558,STORE-0002,2026-03-31,STORE,COMPLETED,728.2
ORD-00001935,CUST-000873,,2026-03-07,ECOMMERCE,COMPLETED,702.54
ORD-00001936,CUST-000118,STORE-0004,2026-04-26,STORE,RETURNED,325.29
ORD-00001937,CUST-000476,,2026-02-27,ECOMMERCE,CANCELLED,585.7
ORD-00001938,CUST-000406,,2025-01-08,ECOMMERCE,RETURNED,707.24
ORD-00001939,CUST-000275,STORE-0011,2025-09-28,STORE,COMPLETED,813.87
ORD-00001940,CUST-000690,,2025-09-05,ECOMMERCE,COMPLETED,819.52
ORD-00001941,CUST-000027,STORE-0003,2026-01-19,STORE,COMPLETED,474.28
ORD-00001942,CUST-000326,,2025-12-10,ECOMMERCE,COMPLETED,521.39
ORD-00001943,CUST-000570,STORE-0007,2025-07-17,STORE,COMPLETED,363.09
ORD-00001944,CUST-000955,STORE-0010,2026-03-16,STORE,COMPLETED,578.1
ORD-00001945,CUST-000178,,2026-02-17,ECOMMERCE,CANCELLED,472.79
ORD-00001946,CUST-000102,STORE-0012,2025-05-10,STORE,COMPLETED,573.83
ORD-00001947,CUST-000864,,2025-09-24,ECOMMERCE,COMPLETED,155.76
ORD-00001948,CUST-000096,STORE-0002,2025-01-27,STORE,COMPLETED,571.57
ORD-00001949,CUST-000029,STORE-0010,2026-07-11,STORE,RETURNED,84.71
ORD-00001950,CUST-000761,STORE-0012,2025-05-14,STORE,PENDING,576.5
ORD-00001951,CUST-000192,,2025-09-03,ECOMMERCE,COMPLETED,211.25
ORD-00001952,CUST-000861,STORE-0004,2026-01-23,STORE,COMPLETED,598.44
ORD-00001953,CUST-000958,STORE-0003,2025-01-24,STORE,COMPLETED,527.73
ORD-00001954,CUST-000471,STORE-0010,2025-05-06,STORE,COMPLETED,264.98
ORD-00001955,CUST-000096,,2025-03-21,ECOMMERCE,COMPLETED,334.84
ORD-00001956,CUST-000401,,2025-04-14,ECOMMERCE,COMPLETED,34.43
ORD-00001957,CUST-000983,STORE-0011,2025-03-20,STORE,COMPLETED,386.62
ORD-00001958,CUST-000649,,2026-04-07,ECOMMERCE,COMPLETED,174.13
ORD-00001959,CUST-000183,STORE-0011,2026-08-04,STORE,COMPLETED,771.51
ORD-00001960,CUST-000352,STORE-0006,2026-05-11,STORE,PENDING,545.99
ORD-00001961,CUST-000535,STORE-0012,2025-09-18,STORE,RETURNED,185.67
ORD-00001962,CUST-000024,STORE-0009,2026-06-09,STORE,COMPLETED,206.43
ORD-00001963,CUST-000921,STORE-0004,2025-01-31,STORE,COMPLETED,209.49
ORD-00001964,CUST-000963,,2025-05-10,ECOMMERCE,COMPLETED,441.19
ORD-00001965,CUST-000357,,2026-07-19,ECOMMERCE,COMPLETED,428.33
ORD-00001966,CUST-000447,,2026-06-09,ECOMMERCE,RETURNED,831.28
ORD-00001967,CUST-000203,STORE-0011,2025-10-15,STORE,RETURNED,106.06
ORD-00001968,CUST-000602,,2025-11-16,ECOMMERCE,COMPLETED,197.16
ORD-00001969,CUST-000444,,2026-04-02,ECOMMERCE,COMPLETED,676.17
ORD-00001970,CUST-000638,,2025-04-21,ECOMMERCE,COMPLETED,394.94
ORD-00001971,CUST-000383,STORE-0011,2025-03-07,STORE,COMPLETED,802.16
ORD-00001972,CUST-000260,,2026-08-24,ECOMMERCE,COMPLETED,549.44
ORD-00001973,CUST-000974,,2026-06-28,ECOMMERCE,COMPLETED,41.5
ORD-00001974,CUST-000331,STORE-0007,2025-07-10,STORE,COMPLETED,79.29
ORD-00001975,CUST-000381,,2025-05-29,ECOMMERCE,COMPLETED,123.24
ORD-00001976,CUST-000012,STORE-0012,2025-12-03,STORE,COMPLETED,517.21
ORD-00001977,CUST-000239,STORE-0009,2025-03-09,STORE,COMPLETED,547.59
ORD-00001978,CUST-000106,STORE-0009,2025-10-12,STORE,COMPLETED,852.45
ORD-00001979,CUST-000688,,2025-03-18,ECOMMERCE,COMPLETED,586.95
ORD-00001980,CUST-000446,,2025-11-22,ECOMMERCE,COMPLETED,190.36
ORD-00001981,CUST-000506,STORE-0008,2025-02-17,STORE,PENDING,387.79
ORD-00001982,CUST-000176,STORE-0010,2025-12-01,STORE,COMPLETED,224.23
ORD-00001983,CUST-000019,STORE-0011,2026-08-13,STORE,PENDING,821.8
ORD-00001984,CUST-000862,STORE-0007,2025-02-07,STORE,CANCELLED,827.46
ORD-00001985,CUST-000661,STORE-0001,2025-03-13,STORE,COMPLETED,749.42
ORD-00001986,CUST-000309,STORE-0005,2025-11-21,STORE,COMPLETED,369.3
ORD-00001987,CUST-000321,STORE-0008,2025-02-18,STORE,COMPLETED,631.36
ORD-00001988,CUST-000870,STORE-0011,2025-05-05,STORE,COMPLETED,844.87
ORD-00001989,CUST-000230,STORE-0001,2025-01-11,STORE,COMPLETED,894.28
ORD-00001990,CUST-000742,,2026-03-23,ECOMMERCE,COMPLETED,92.89
ORD-00001991,CUST-000832,,2026-01-13,ECOMMERCE,COMPLETED,490.74
ORD-00001992,CUST-000705,STORE-0001,2025-09-23,STORE,CANCELLED,53.12
ORD-00001993,CUST-000312,STORE-0002,2025-09-28,STORE,COMPLETED,557.28
ORD-00001994,CUST-000277,,2025-06-24,ECOMMERCE,RETURNED,531.36
ORD-00001995,CUST-000327,STORE-0003,2026-08-22,STORE,CANCELLED,869.77
ORD-00001996,CUST-000458,STORE-0011,2025-05-06,STORE,COMPLETED,227.86
ORD-00001997,CUST-000502,STORE-0005,2025-11-26,STORE,COMPLETED,442.2
ORD-00001998,CUST-000785,STORE-0005,2025-03-26,STORE,COMPLETED,754.45
ORD-00001999,CUST-000663,STORE-0012,2025-07-30,STORE,COMPLETED,81.5
ORD-00002000,CUST-000218,STORE-0001,2025-08-10,STORE,COMPLETED,355.78
ORD-00002001,CUST-000349,STORE-0004,2026-08-28,STORE,COMPLETED,469.83
ORD-00002002,CUST-000968,STORE-0005,2026-04-10,STORE,COMPLETED,765.31
ORD-00002003,CUST-000134,STORE-0004,2026-01-08,STORE,COMPLETED,415.4
ORD-00002004,CUST-000208,STORE-0007,2025-07-12,STORE,COMPLETED,389.44
ORD-00002005,CUST-000975,,2026-08-15,ECOMMERCE,COMPLETED,145.35
ORD-00002006,CUST-000763,,2025-04-23,ECOMMERCE,COMPLETED,806.28
ORD-00002007,CUST-000030,STORE-0008,2026-06-28,STORE,COMPLETED,250.04
ORD-00002008,CUST-000087,,2025-12-29,ECOMMERCE,COMPLETED,148.3
ORD-00002009,CUST-000521,STORE-0006,2025-02-24,STORE,COMPLETED,342.26
ORD-00002010,CUST-000392,STORE-0012,2026-03-09,STORE,COMPLETED,182.66
ORD-00002011,CUST-000283,STORE-0009,2026-05-21,STORE,COMPLETED,111.63
ORD-00002012,CUST-000255,STORE-0002,2025-08-13,STORE,COMPLETED,807.13
ORD-00002013,CUST-000245,STORE-0002,2026-06-29,STORE,COMPLETED,215.42
ORD-00002014,CUST-000734,STORE-0007,2026-02-06,STORE,COMPLETED,209.6
ORD-00002015,CUST-000709,,2025-10-02,ECOMMERCE,COMPLETED,166.36
ORD-00002016,CUST-000653,STORE-0005,2025-10-22,STORE,COMPLETED,98.4
ORD-00002017,CUST-000718,STORE-0010,2026-05-04,STORE,COMPLETED,769.52
ORD-00002018,CUST-000175,,2025-11-19,ECOMMERCE,COMPLETED,162.48
ORD-00002019,CUST-000467,STORE-0003,2025-01-14,STORE,COMPLETED,393.71
ORD-00002020,CUST-000998,STORE-0005,2025-03-20,STORE,COMPLETED,687.83
ORD-00002021,CUST-000361,STORE-0008,2026-08-21,STORE,COMPLETED,787.8
ORD-00002022,CUST-000047,STORE-0001,2026-08-04,STORE,COMPLETED,272.23
ORD-00002023,CUST-000516,STORE-0003,2025-05-31,STORE,COMPLETED,103.49
ORD-00002024,CUST-000344,,2026-04-09,ECOMMERCE,COMPLETED,325.44
ORD-00002025,CUST-000680,STORE-0008,2025-09-17,STORE,COMPLETED,27.0
ORD-00002026,CUST-000728,STORE-0006,2026-06-15,STORE,COMPLETED,773.41
ORD-00002027,CUST-000611,,2026-05-11,ECOMMERCE,COMPLETED,621.92
ORD-00002028,CUST-000022,,2025-06-01,ECOMMERCE,RETURNED,772.79
ORD-00002029,CUST-000146,,2026-01-01,ECOMMERCE,COMPLETED,231.27
ORD-00002030,CUST-000997,,2026-03-18,ECOMMERCE,COMPLETED,673.76
ORD-00002031,CUST-000978,STORE-0007,2025-04-21,STORE,RETURNED,791.27
ORD-00002032,CUST-000921,,2026-04-06,ECOMMERCE,PENDING,790.34
ORD-00002033,CUST-000933,STORE-0011,2025-12-24,STORE,CANCELLED,361.06
ORD-00002034,CUST-000283,STORE-0005,2025-07-15,STORE,COMPLETED,475.27
ORD-00002035,CUST-000628,STORE-0002,2026-03-20,STORE,COMPLETED,516.5
ORD-00002036,CUST-000356,,2025-10-23,ECOMMERCE,COMPLETED,22.38
ORD-00002037,CUST-000151,,2026-04-23,ECOMMERCE,COMPLETED,478.02
ORD-00002038,CUST-000572,STORE-0011,2025-06-16,STORE,COMPLETED,270.11
ORD-00002039,CUST-000016,,2026-04-10,ECOMMERCE,COMPLETED,265.47
ORD-00002040,CUST-000055,STORE-0008,2025-11-10,STORE,COMPLETED,326.75
ORD-00002041,CUST-000052,,2025-09-15,ECOMMERCE,COMPLETED,792.67
ORD-00002042,CUST-000515,,2026-07-29,ECOMMERCE,COMPLETED,91.11
ORD-00002043,CUST-000751,STORE-0004,2026-03-19,STORE,COMPLETED,86.44
ORD-00002044,CUST-000485,STORE-0006,2025-09-12,STORE,COMPLETED,578.78
ORD-00002045,CUST-000991,STORE-0002,2025-09-25,STORE,RETURNED,543.38
ORD-00002046,CUST-000447,STORE-0011,2025-11-27,STORE,COMPLETED,138.17
ORD-00002047,CUST-000257,,2025-05-19,ECOMMERCE,COMPLETED,191.58
ORD-00002048,CUST-000305,STORE-0010,2026-04-18,STORE,COMPLETED,347.73
ORD-00002049,CUST-000448,,2025-04-09,ECOMMERCE,COMPLETED,406.08
ORD-00002050,CUST-000958,STORE-0011,2026-01-02,STORE,COMPLETED,393.49
ORD-00002051,CUST-000421,STORE-0008,2025-01-29,STORE,CANCELLED,38.38
ORD-00002052,CUST-000091,,2025-05-24,ECOMMERCE,COMPLETED,282.62
ORD-00002053,CUST-000525,STORE-0006,2025-05-11,STORE,COMPLETED,811.42
ORD-00002054,CUST-000055,,2026-02-07,ECOMMERCE,COMPLETED,608.02
ORD-00002055,CUST-000782,STORE-0009,2026-04-17,STORE,COMPLETED,89.92
ORD-00002056,CUST-000666,STORE-0002,2025-12-08,STORE,COMPLETED,742.42
ORD-00002057,CUST-000708,STORE-0006,2025-03-04,STORE,COMPLETED,532.39
ORD-00002058,CUST-000735,STORE-0001,2025-07-29,STORE,COMPLETED,512.41
ORD-00002059,CUST-000140,,2025-08-17,ECOMMERCE,CANCELLED,581.11
ORD-00002060,CUST-000644,STORE-0005,2025-01-07,STORE,COMPLETED,566.94
ORD-00002061,CUST-000069,STORE-0001,2025-06-06,STORE,COMPLETED,122.12
ORD-00002062,CUST-000210,STORE-0002,2026-05-01,STORE,COMPLETED,462.64
ORD-00002063,CUST-000949,STORE-0002,2025-11-04,STORE,COMPLETED,884.69
ORD-00002064,CUST-000862,,2026-07-14,ECOMMERCE,COMPLETED,557.29
ORD-00002065,CUST-000674,STORE-0010,2025-05-07,STORE,COMPLETED,578.03
ORD-00002066,CUST-000839,STORE-0012,2025-09-04,STORE,COMPLETED,671.37
ORD-00002067,CUST-000488,STORE-0008,2025-10-24,STORE,COMPLETED,103.52
ORD-00002068,CUST-000377,STORE-0011,2025-10-09,STORE,COMPLETED,632.42
ORD-00002069,CUST-000427,STORE-0007,2025-06-01,STORE,COMPLETED,419.52
ORD-00002070,CUST-000012,STORE-0010,2025-11-07,STORE,COMPLETED,590.62
ORD-00002071,CUST-000456,,2025-02-13,ECOMMERCE,CANCELLED,328.93
ORD-00002072,CUST-000904,STORE-0012,2026-04-15,STORE,COMPLETED,883.85
ORD-00002073,CUST-000877,STORE-0009,2025-08-04,STORE,COMPLETED,640.01
ORD-00002074,CUST-000065,STORE-0003,2025-06-05,STORE,COMPLETED,651.5
ORD-00002075,CUST-000733,STORE-0003,2025-10-13,STORE,COMPLETED,597.72
ORD-00002076,CUST-000070,,2026-05-11,ECOMMERCE,COMPLETED,432.5
ORD-00002077,CUST-000590,,2026-06-04,ECOMMERCE,COMPLETED,480.01
ORD-00002078,CUST-000332,STORE-0010,2026-08-18,STORE,COMPLETED,561.47
ORD-00002079,CUST-000047,STORE-0001,2025-06-12,STORE,COMPLETED,603.76
ORD-00002080,CUST-000696,STORE-0008,2025-11-28,STORE,COMPLETED,883.48
ORD-00002081,CUST-000751,,2025-08-31,ECOMMERCE,COMPLETED,794.47
ORD-00002082,CUST-000394,,2026-03-07,ECOMMERCE,RETURNED,69.81
ORD-00002083,CUST-000039,STORE-0012,2025-03-16,STORE,COMPLETED,346.28
ORD-00002084,CUST-000031,STORE-0003,2025-11-25,STORE,COMPLETED,412.82
ORD-00002085,CUST-000653,STORE-0010,2026-07-24,STORE,COMPLETED,238.46
ORD-00002086,CUST-000293,STORE-0004,2025-07-26,STORE,COMPLETED,399.15
ORD-00002087,CUST-000809,STORE-0004,2025-03-30,STORE,COMPLETED,571.77
ORD-00002088,CUST-000209,,2025-02-04,ECOMMERCE,COMPLETED,805.56
ORD-00002089,CUST-000418,STORE-0010,2026-07-14,STORE,COMPLETED,316.53
ORD-00002090,CUST-000981,,2026-06-25,ECOMMERCE,COMPLETED,751.68
ORD-00002091,CUST-000486,STORE-0009,2025-12-27,STORE,COMPLETED,811.28
ORD-00002092,CUST-000821,,2025-03-10,ECOMMERCE,COMPLETED,568.54
ORD-00002093,CUST-000583,,2025-03-22,ECOMMERCE,COMPLETED,472.76
ORD-00002094,CUST-000511,STORE-0004,2025-02-22,STORE,COMPLETED,307.86
ORD-00002095,CUST-000964,STORE-0005,2025-09-15,STORE,COMPLETED,331.75
ORD-00002096,CUST-000162,,2025-10-22,ECOMMERCE,COMPLETED,524.19
ORD-00002097,CUST-000955,,2026-05-28,ECOMMERCE,COMPLETED,562.5
ORD-00002098,CUST-000914,STORE-0002,2026-08-20,STORE,COMPLETED,826.89
ORD-00002099,CUST-000031,STORE-0001,2025-12-13,STORE,COMPLETED,192.45
ORD-00002100,CUST-000061,,2025-05-23,ECOMMERCE,COMPLETED,737.83
ORD-00002101,CUST-000776,STORE-0011,2025-03-05,STORE,COMPLETED,79.53
ORD-00002102,CUST-000927,,2025-02-06,ECOMMERCE,COMPLETED,77.63
ORD-00002103,CUST-000758,STORE-0010,2025-03-24,STORE,CANCELLED,438.71
ORD-00002104,CUST-000741,STORE-0001,2025-04-17,STORE,COMPLETED,464.23
ORD-00002105,CUST-000442,,2026-05-05,ECOMMERCE,COMPLETED,767.1
ORD-00002106,CUST-000022,,2025-02-26,ECOMMERCE,COMPLETED,706.91
ORD-00002107,CUST-000623,STORE-0007,2025-01-19,STORE,COMPLETED,61.14
ORD-00002108,CUST-000713,,2025-05-09,ECOMMERCE,COMPLETED,392.75
ORD-00002109,CUST-000449,STORE-0002,2026-01-12,STORE,COMPLETED,318.67
ORD-00002110,CUST-000244,,2025-08-26,ECOMMERCE,COMPLETED,23.89
ORD-00002111,CUST-000771,STORE-0009,2026-08-05,STORE,COMPLETED,724.56
ORD-00002112,CUST-000256,,2025-02-28,ECOMMERCE,COMPLETED,127.14
ORD-00002113,CUST-000045,STORE-0006,2025-12-25,STORE,COMPLETED,803.03
ORD-00002114,CUST-000133,,2026-02-12,ECOMMERCE,COMPLETED,123.3
ORD-00002115,CUST-000257,STORE-0009,2025-07-30,STORE,COMPLETED,665.67
ORD-00002116,CUST-000938,STORE-0004,2026-03-31,STORE,COMPLETED,848.16
ORD-00002117,CUST-000300,,2025-09-08,ECOMMERCE,COMPLETED,251.77
ORD-00002118,CUST-000516,,2025-04-17,ECOMMERCE,COMPLETED,811.88
ORD-00002119,CUST-000637,,2026-05-13,ECOMMERCE,COMPLETED,195.15
ORD-00002120,CUST-001000,STORE-0009,2025-08-25,STORE,COMPLETED,504.37
ORD-00002121,CUST-000743,STORE-0003,2025-02-06,STORE,RETURNED,633.03
ORD-00002122,CUST-000465,STORE-0002,2025-01-22,STORE,COMPLETED,44.87
ORD-00002123,CUST-000394,STORE-0005,2025-03-28,STORE,COMPLETED,771.3
ORD-00002124,CUST-000020,STORE-0007,2026-01-29,STORE,COMPLETED,213.64
ORD-00002125,CUST-000676,STORE-0007,2026-06-30,STORE,COMPLETED,285.06
ORD-00002126,CUST-000357,STORE-0001,2025-12-11,STORE,RETURNED,818.09
ORD-00002127,CUST-000606,,2025-08-10,ECOMMERCE,COMPLETED,316.74
ORD-00002128,CUST-000445,,2026-03-14,ECOMMERCE,COMPLETED,836.78
ORD-00002129,CUST-000827,,2025-04-22,ECOMMERCE,COMPLETED,857.94
ORD-00002130,CUST-000295,,2026-07-02,ECOMMERCE,COMPLETED,521.75
ORD-00002131,CUST-000532,STORE-0005,2025-06-16,STORE,RETURNED,428.59
ORD-00002132,CUST-000244,,2025-05-16,ECOMMERCE,CANCELLED,263.42
ORD-00002133,CUST-000281,,2025-03-29,ECOMMERCE,PENDING,697.64
ORD-00002134,CUST-000585,STORE-0007,2025-02-09,STORE,COMPLETED,335.1
ORD-00002135,CUST-000802,,2025-01-13,ECOMMERCE,COMPLETED,518.07
ORD-00002136,CUST-000271,STORE-0003,2026-03-31,STORE,COMPLETED,404.32
ORD-00002137,CUST-000990,STORE-0006,2026-05-07,STORE,COMPLETED,507.6
ORD-00002138,CUST-000594,STORE-0002,2025-10-11,STORE,CANCELLED,503.03
ORD-00002139,CUST-000452,,2025-07-04,ECOMMERCE,COMPLETED,711.26
ORD-00002140,CUST-000507,STORE-0003,2025-08-21,STORE,COMPLETED,145.01
ORD-00002141,CUST-000051,STORE-0004,2025-04-28,STORE,COMPLETED,178.07
ORD-00002142,CUST-000451,STORE-0010,2025-11-21,STORE,COMPLETED,649.86
ORD-00002143,CUST-000732,STORE-0005,2025-09-21,STORE,COMPLETED,762.76
ORD-00002144,CUST-000554,,2025-02-15,ECOMMERCE,COMPLETED,324.51
ORD-00002145,CUST-000455,STORE-0002,2026-06-08,STORE,COMPLETED,195.58
ORD-00002146,CUST-000850,STORE-0011,2026-03-02,STORE,COMPLETED,392.43
ORD-00002147,CUST-000026,STORE-0006,2026-01-04,STORE,COMPLETED,376.2
ORD-00002148,CUST-000482,,2025-10-29,ECOMMERCE,COMPLETED,156.88
ORD-00002149,CUST-000953,STORE-0003,2026-08-29,STORE,COMPLETED,554.0
ORD-00002150,CUST-000524,,2026-06-05,ECOMMERCE,COMPLETED,645.86
ORD-00002151,CUST-000388,,2026-08-20,ECOMMERCE,COMPLETED,657.74
ORD-00002152,CUST-000665,STORE-0002,2025-03-21,STORE,RETURNED,893.2
ORD-00002153,CUST-000589,STORE-0011,2026-07-16,STORE,COMPLETED,491.99
ORD-00002154,CUST-000900,STORE-0009,2025-02-22,STORE,COMPLETED,598.39
ORD-00002155,CUST-000325,STORE-0005,2025-07-19,STORE,COMPLETED,274.36
ORD-00002156,CUST-000249,STORE-0006,2025-08-25,STORE,COMPLETED,677.15
ORD-00002157,CUST-000247,STORE-0008,2026-02-24,STORE,COMPLETED,326.51
ORD-00002158,CUST-000937,STORE-0006,2026-05-11,STORE,COMPLETED,412.34
ORD-00002159,CUST-000584,STORE-0003,2026-07-05,STORE,COMPLETED,819.7
ORD-00002160,CUST-000682,,2025-05-22,ECOMMERCE,COMPLETED,719.33
ORD-00002161,CUST-000121,STORE-0002,2026-02-23,STORE,COMPLETED,885.17
ORD-00002162,CUST-000648,STORE-0004,2025-07-04,STORE,COMPLETED,28.73
ORD-00002163,CUST-000270,STORE-0009,2026-04-27,STORE,COMPLETED,126.86
ORD-00002164,CUST-000442,STORE-0001,2025-06-20,STORE,PENDING,132.15
ORD-00002165,CUST-000941,,2026-02-02,ECOMMERCE,CANCELLED,328.62
ORD-00002166,CUST-000571,STORE-0004,2025-10-28,STORE,COMPLETED,809.22
ORD-00002167,CUST-000606,,2025-04-21,ECOMMERCE,PENDING,55.04
ORD-00002168,CUST-000364,,2026-04-05,ECOMMERCE,CANCELLED,573.29
ORD-00002169,CUST-000447,,2025-10-24,ECOMMERCE,COMPLETED,634.6
ORD-00002170,CUST-000742,,2026-08-27,ECOMMERCE,CANCELLED,843.91
ORD-00002171,CUST-000918,STORE-0001,2026-08-31,STORE,COMPLETED,611.41
ORD-00002172,CUST-000329,STORE-0008,2025-06-30,STORE,COMPLETED,535.45
ORD-00002173,CUST-000100,,2025-08-26,ECOMMERCE,COMPLETED,316.89
ORD-00002174,CUST-000919,STORE-0009,2026-08-17,STORE,COMPLETED,836.32
ORD-00002175,CUST-000394,STORE-0006,2025-07-02,STORE,RETURNED,52.11
ORD-00002176,CUST-000904,,2025-08-04,ECOMMERCE,COMPLETED,261.26
ORD-00002177,CUST-000322,,2025-04-12,ECOMMERCE,COMPLETED,161.55
ORD-00002178,CUST-000499,STORE-0008,2025-08-18,STORE,CANCELLED,270.3
ORD-00002179,CUST-000621,,2025-04-19,ECOMMERCE,RETURNED,604.79
ORD-00002180,CUST-000212,STORE-0009,2026-06-05,STORE,COMPLETED,39.2
ORD-00002181,CUST-000983,,2026-07-07,ECOMMERCE,COMPLETED,187.69
ORD-00002182,CUST-000843,STORE-0001,2026-01-14,STORE,COMPLETED,848.5
ORD-00002183,CUST-000750,STORE-0008,2026-06-18,STORE,COMPLETED,416.66
ORD-00002184,CUST-000734,,2025-05-03,ECOMMERCE,COMPLETED,397.56
ORD-00002185,CUST-000886,STORE-0003,2025-10-13,STORE,COMPLETED,118.07
ORD-00002186,CUST-000081,STORE-0012,2025-08-16,STORE,COMPLETED,304.5
ORD-00002187,CUST-000283,STORE-0008,2026-06-10,STORE,COMPLETED,80.57
ORD-00002188,CUST-000914,,2025-02-09,ECOMMERCE,COMPLETED,840.15
ORD-00002189,CUST-000326,,2025-07-14,ECOMMERCE,COMPLETED,600.1
ORD-00002190,CUST-000037,,2025-01-09,ECOMMERCE,COMPLETED,533.91
ORD-00002191,CUST-000226,,2025-07-20,ECOMMERCE,COMPLETED,149.02
ORD-00002192,CUST-000752,,2026-05-24,ECOMMERCE,COMPLETED,190.74
ORD-00002193,CUST-000974,,2026-06-13,ECOMMERCE,COMPLETED,678.26
ORD-00002194,CUST-000069,STORE-0008,2026-07-26,STORE,COMPLETED,643.34
ORD-00002195,CUST-000705,STORE-0005,2026-01-25,STORE,COMPLETED,222.72
ORD-00002196,CUST-000544,STORE-0011,2025-07-04,STORE,COMPLETED,759.01
ORD-00002197,CUST-000685,,2026-05-12,ECOMMERCE,COMPLETED,572.57
ORD-00002198,CUST-000557,STORE-0008,2025-10-30,STORE,COMPLETED,114.45
ORD-00002199,CUST-000774,,2025-10-22,ECOMMERCE,COMPLETED,410.75
ORD-00002200,CUST-000436,STORE-0002,2025-06-30,STORE,COMPLETED,297.23
ORD-00002201,CUST-000714,STORE-0007,2025-05-12,STORE,COMPLETED,443.11
ORD-00002202,CUST-000501,,2026-02-26,ECOMMERCE,COMPLETED,40.63
ORD-00002203,CUST-000221,STORE-0007,2025-03-04,STORE,COMPLETED,301.02
ORD-00002204,CUST-000422,,2026-02-05,ECOMMERCE,COMPLETED,391.3
ORD-00002205,CUST-000056,STORE-0005,2026-05-13,STORE,COMPLETED,315.76
ORD-00002206,CUST-000316,,2026-04-04,ECOMMERCE,COMPLETED,521.67
ORD-00002207,CUST-000212,STORE-0011,2025-04-23,STORE,RETURNED,557.77
ORD-00002208,CUST-000620,STORE-0009,2025-01-21,STORE,RETURNED,33.69
ORD-00002209,CUST-000800,STORE-0012,2025-12-08,STORE,CANCELLED,693.66
ORD-00002210,CUST-000671,STORE-0001,2026-06-16,STORE,COMPLETED,488.89
ORD-00002211,CUST-000859,,2026-07-03,ECOMMERCE,COMPLETED,650.27
ORD-00002212,CUST-000166,STORE-0006,2025-12-06,STORE,COMPLETED,504.36
ORD-00002213,CUST-000014,STORE-0001,2025-01-21,STORE,COMPLETED,481.0
ORD-00002214,CUST-000811,STORE-0008,2025-02-13,STORE,COMPLETED,281.8
ORD-00002215,CUST-000791,STORE-0012,2025-09-11,STORE,COMPLETED,678.68
ORD-00002216,CUST-000387,,2026-02-15,ECOMMERCE,COMPLETED,670.37
ORD-00002217,CUST-000087,STORE-0002,2025-03-17,STORE,COMPLETED,637.59
ORD-00002218,CUST-000021,,2025-01-16,ECOMMERCE,COMPLETED,494.4
ORD-00002219,CUST-000098,,2026-08-26,ECOMMERCE,COMPLETED,186.94
ORD-00002220,CUST-000320,STORE-0006,2026-03-12,STORE,COMPLETED,35.74
ORD-00002221,CUST-000208,STORE-0002,2025-09-28,STORE,RETURNED,524.94
ORD-00002222,CUST-000440,STORE-0002,2025-08-16,STORE,RETURNED,511.48
ORD-00002223,CUST-000930,STORE-0012,2026-07-01,STORE,COMPLETED,353.43
ORD-00002224,CUST-000746,,2026-02-08,ECOMMERCE,RETURNED,689.99
ORD-00002225,CUST-000464,,2025-08-18,ECOMMERCE,COMPLETED,37.03
ORD-00002226,CUST-000458,,2026-01-14,ECOMMERCE,COMPLETED,111.42
ORD-00002227,CUST-000148,STORE-0011,2025-03-27,STORE,COMPLETED,164.79
ORD-00002228,CUST-000502,,2026-08-31,ECOMMERCE,COMPLETED,140.08
ORD-00002229,CUST-000485,STORE-0009,2026-08-04,STORE,COMPLETED,67.16
ORD-00002230,CUST-000422,STORE-0005,2025-12-12,STORE,COMPLETED,47.31
ORD-00002231,CUST-000614,,2026-02-21,ECOMMERCE,COMPLETED,252.31
ORD-00002232,CUST-000576,STORE-0008,2026-07-13,STORE,COMPLETED,864.14
ORD-00002233,CUST-000473,STORE-0012,2026-05-10,STORE,COMPLETED,774.91
ORD-00002234,CUST-000084,,2025-04-18,ECOMMERCE,COMPLETED,83.59
ORD-00002235,CUST-000014,STORE-0003,2026-06-17,STORE,COMPLETED,162.08
ORD-00002236,CUST-000996,STORE-0002,2025-02-09,STORE,CANCELLED,453.24
ORD-00002237,CUST-000538,STORE-0008,2025-05-24,STORE,COMPLETED,499.17
ORD-00002238,CUST-000304,STORE-0002,2026-03-22,STORE,PENDING,652.15
ORD-00002239,CUST-000278,,2026-06-20,ECOMMERCE,COMPLETED,802.25
ORD-00002240,CUST-000170,STORE-0003,2025-10-25,STORE,COMPLETED,195.95
ORD-00002241,CUST-000732,STORE-0006,2026-06-16,STORE,COMPLETED,432.82
ORD-00002242,CUST-000339,STORE-0012,2025-05-19,STORE,COMPLETED,647.85
ORD-00002243,CUST-000326,STORE-0007,2025-07-03,STORE,COMPLETED,74.34
ORD-00002244,CUST-000320,,2025-07-12,ECOMMERCE,COMPLETED,98.06
ORD-00002245,CUST-000097,STORE-0001,2026-04-25,STORE,COMPLETED,74.09
ORD-00002246,CUST-000905,STORE-0004,2025-12-20,STORE,COMPLETED,836.17
ORD-00002247,CUST-000841,STORE-0007,2026-08-22,STORE,COMPLETED,340.04
ORD-00002248,CUST-000957,,2025-09-18,ECOMMERCE,COMPLETED,582.82
ORD-00002249,CUST-000607,STORE-0003,2025-04-16,STORE,COMPLETED,262.79
ORD-00002250,CUST-000105,STORE-0003,2026-06-19,STORE,COMPLETED,692.96
ORD-00002251,CUST-000791,STORE-0010,2025-10-11,STORE,RETURNED,667.48
ORD-00002252,CUST-000932,STORE-0008,2025-08-03,STORE,COMPLETED,708.28
ORD-00002253,CUST-000094,,2025-05-31,ECOMMERCE,COMPLETED,435.79
ORD-00002254,CUST-000080,STORE-0001,2025-05-21,STORE,COMPLETED,404.12
ORD-00002255,CUST-000335,,2025-11-06,ECOMMERCE,COMPLETED,118.81
ORD-00002256,CUST-000387,STORE-0007,2026-05-01,STORE,COMPLETED,757.2
ORD-00002257,CUST-000081,STORE-0010,2025-08-08,STORE,RETURNED,851.76
ORD-00002258,CUST-000729,,2025-05-27,ECOMMERCE,COMPLETED,511.03
ORD-00002259,CUST-000808,STORE-0005,2025-05-04,STORE,COMPLETED,400.34
ORD-00002260,CUST-000026,STORE-0006,2026-04-23,STORE,COMPLETED,321.2
ORD-00002261,CUST-000632,STORE-0009,2025-07-15,STORE,COMPLETED,173.42
ORD-00002262,CUST-000011,,2025-07-20,ECOMMERCE,COMPLETED,480.51
ORD-00002263,CUST-000318,STORE-0006,2025-04-07,STORE,CANCELLED,825.49
ORD-00002264,CUST-000014,STORE-0010,2025-10-07,STORE,COMPLETED,258.33
ORD-00002265,CUST-000045,STORE-0012,2025-09-17,STORE,COMPLETED,65.65
ORD-00002266,CUST-000032,STORE-0012,2026-04-28,STORE,PENDING,574.53
ORD-00002267,CUST-000485,STORE-0012,2026-07-13,STORE,COMPLETED,48.8
ORD-00002268,CUST-000916,STORE-0012,2025-06-06,STORE,COMPLETED,171.56
ORD-00002269,CUST-000085,,2026-03-06,ECOMMERCE,COMPLETED,120.69
ORD-00002270,CUST-000728,STORE-0001,2025-11-18,STORE,COMPLETED,496.51
ORD-00002271,CUST-000199,,2025-01-18,ECOMMERCE,COMPLETED,609.71
ORD-00002272,CUST-000920,,2025-06-23,ECOMMERCE,CANCELLED,534.36
ORD-00002273,CUST-000529,,2025-01-15,ECOMMERCE,RETURNED,371.81
ORD-00002274,CUST-000686,,2025-03-04,ECOMMERCE,COMPLETED,745.17
ORD-00002275,CUST-000747,STORE-0005,2025-03-27,STORE,COMPLETED,54.39
ORD-00002276,CUST-000706,STORE-0009,2026-02-24,STORE,COMPLETED,675.94
ORD-00002277,CUST-000004,,2025-11-15,ECOMMERCE,COMPLETED,325.36
ORD-00002278,CUST-000582,STORE-0012,2025-03-30,STORE,COMPLETED,424.76
ORD-00002279,CUST-000093,STORE-0003,2025-03-30,STORE,COMPLETED,538.17
ORD-00002280,CUST-000786,,2025-06-23,ECOMMERCE,COMPLETED,207.51
ORD-00002281,CUST-000084,STORE-0012,2025-09-10,STORE,COMPLETED,617.59
ORD-00002282,CUST-000886,,2025-07-15,ECOMMERCE,COMPLETED,668.23
ORD-00002283,CUST-000389,STORE-0012,2025-10-21,STORE,COMPLETED,139.28
ORD-00002284,CUST-000232,STORE-0004,2025-10-07,STORE,CANCELLED,171.74
ORD-00002285,CUST-000715,STORE-0008,2025-09-28,STORE,COMPLETED,329.31
ORD-00002286,CUST-000791,STORE-0011,2026-06-20,STORE,COMPLETED,573.46
ORD-00002287,CUST-000038,,2026-08-23,ECOMMERCE,COMPLETED,491.08
ORD-00002288,CUST-000720,STORE-0007,2025-12-22,STORE,COMPLETED,618.59
ORD-00002289,CUST-000351,STORE-0012,2026-05-31,STORE,COMPLETED,672.67
ORD-00002290,CUST-000526,STORE-0004,2025-09-22,STORE,COMPLETED,245.85
ORD-00002291,CUST-000530,,2025-07-10,ECOMMERCE,COMPLETED,428.51
ORD-00002292,CUST-000578,STORE-0007,2026-08-26,STORE,CANCELLED,300.3
ORD-00002293,CUST-000368,STORE-0001,2025-06-12,STORE,COMPLETED,311.22
ORD-00002294,CUST-000103,STORE-0003,2026-01-02,STORE,COMPLETED,428.15
ORD-00002295,CUST-000023,STORE-0008,2026-04-13,STORE,COMPLETED,629.63
ORD-00002296,CUST-000485,,2025-09-07,ECOMMERCE,COMPLETED,345.3
ORD-00002297,CUST-000695,STORE-0007,2025-11-04,STORE,COMPLETED,837.16
ORD-00002298,CUST-000958,STORE-0009,2025-04-21,STORE,COMPLETED,700.05
ORD-00002299,CUST-000411,,2026-08-31,ECOMMERCE,COMPLETED,468.3
ORD-00002300,CUST-000908,,2026-06-21,ECOMMERCE,COMPLETED,875.6
ORD-00002301,CUST-000134,,2025-12-08,ECOMMERCE,COMPLETED,62.61
ORD-00002302,CUST-000812,STORE-0003,2025-12-21,STORE,COMPLETED,161.33
ORD-00002303,CUST-000152,STORE-0004,2025-06-26,STORE,COMPLETED,86.13
ORD-00002304,CUST-000209,STORE-0007,2025-04-03,STORE,COMPLETED,151.41
ORD-00002305,CUST-000795,STORE-0006,2025-01-06,STORE,COMPLETED,320.07
ORD-00002306,CUST-000704,STORE-0007,2025-08-06,STORE,CANCELLED,606.57
ORD-00002307,CUST-000724,,2025-09-06,ECOMMERCE,COMPLETED,99.81
ORD-00002308,CUST-000782,STORE-0003,2026-02-14,STORE,COMPLETED,809.75
ORD-00002309,CUST-000748,,2026-03-11,ECOMMERCE,COMPLETED,487.69
ORD-00002310,CUST-000686,STORE-0012,2026-08-24,STORE,COMPLETED,798.75
ORD-00002311,CUST-000241,STORE-0006,2026-01-06,STORE,COMPLETED,743.57
ORD-00002312,CUST-000770,STORE-0007,2025-03-21,STORE,COMPLETED,137.2
ORD-00002313,CUST-000217,STORE-0005,2026-03-22,STORE,COMPLETED,354.9
ORD-00002314,CUST-000155,STORE-0005,2025-11-15,STORE,COMPLETED,741.83
ORD-00002315,CUST-000982,STORE-0007,2025-07-03,STORE,COMPLETED,618.87
ORD-00002316,CUST-000477,,2025-03-26,ECOMMERCE,COMPLETED,663.41
ORD-00002317,CUST-000415,,2025-01-13,ECOMMERCE,COMPLETED,128.93
ORD-00002318,CUST-000703,STORE-0008,2025-01-12,STORE,COMPLETED,864.53
ORD-00002319,CUST-000790,STORE-0001,2025-11-07,STORE,COMPLETED,671.73
ORD-00002320,CUST-000827,STORE-0008,2026-05-30,STORE,COMPLETED,434.09
ORD-00002321,CUST-000548,STORE-0006,2025-04-25,STORE,COMPLETED,882.95
ORD-00002322,CUST-000393,STORE-0011,2025-03-23,STORE,COMPLETED,313.35
ORD-00002323,CUST-000605,,2025-09-22,ECOMMERCE,COMPLETED,734.36
ORD-00002324,CUST-000466,,2026-03-22,ECOMMERCE,COMPLETED,264.32
ORD-00002325,CUST-000502,STORE-0008,2026-01-11,STORE,COMPLETED,545.41
ORD-00002326,CUST-000436,STORE-0006,2025-10-31,STORE,COMPLETED,35.82
ORD-00002327,CUST-000301,STORE-0006,2026-03-04,STORE,COMPLETED,302.3
ORD-00002328,CUST-000611,STORE-0002,2026-01-01,STORE,COMPLETED,485.17
ORD-00002329,CUST-000180,STORE-0002,2026-07-02,STORE,COMPLETED,658.21
ORD-00002330,CUST-000442,STORE-0005,2025-12-20,STORE,RETURNED,624.76
ORD-00002331,CUST-000846,STORE-0012,2026-06-21,STORE,COMPLETED,50.97
ORD-00002332,CUST-000040,STORE-0003,2025-04-14,STORE,COMPLETED,882.54
ORD-00002333,CUST-000950,STORE-0011,2025-11-06,STORE,COMPLETED,34.81
ORD-00002334,CUST-000264,,2025-03-23,ECOMMERCE,COMPLETED,398.59
ORD-00002335,CUST-000197,STORE-0010,2025-09-25,STORE,PENDING,559.79
ORD-00002336,CUST-000813,STORE-0004,2025-02-20,STORE,COMPLETED,433.53
ORD-00002337,CUST-000448,,2025-10-09,ECOMMERCE,COMPLETED,703.8
ORD-00002338,CUST-000688,STORE-0001,2026-02-13,STORE,CANCELLED,615.21
ORD-00002339,CUST-000417,STORE-0004,2025-01-20,STORE,COMPLETED,596.63
ORD-00002340,CUST-000474,STORE-0010,2025-11-22,STORE,COMPLETED,213.97
ORD-00002341,CUST-000227,,2025-03-07,ECOMMERCE,COMPLETED,659.43
ORD-00002342,CUST-000472,STORE-0010,2026-03-07,STORE,COMPLETED,305.95
ORD-00002343,CUST-000953,STORE-0009,2025-01-13,STORE,COMPLETED,297.88
ORD-00002344,CUST-000156,,2026-04-19,ECOMMERCE,COMPLETED,456.59
ORD-00002345,CUST-000175,STORE-0011,2026-02-04,STORE,COMPLETED,43.56
ORD-00002346,CUST-000991,,2025-03-22,ECOMMERCE,COMPLETED,511.77
ORD-00002347,CUST-000213,STORE-0012,2026-06-27,STORE,COMPLETED,273.26
ORD-00002348,CUST-000691,STORE-0008,2025-01-31,STORE,COMPLETED,532.67
ORD-00002349,CUST-000579,STORE-0007,2026-03-02,STORE,PENDING,35.72
ORD-00002350,CUST-000570,,2026-05-18,ECOMMERCE,PENDING,347.13
ORD-00002351,CUST-000388,STORE-0010,2025-05-07,STORE,COMPLETED,208.2
ORD-00002352,CUST-000585,,2025-10-24,ECOMMERCE,COMPLETED,155.82
ORD-00002353,CUST-000753,,2026-02-15,ECOMMERCE,COMPLETED,326.54
ORD-00002354,CUST-000923,STORE-0010,2025-10-13,STORE,COMPLETED,336.41
ORD-00002355,CUST-000906,STORE-0011,2025-11-22,STORE,COMPLETED,486.27
ORD-00002356,CUST-000414,STORE-0008,2026-04-21,STORE,COMPLETED,833.23
ORD-00002357,CUST-000895,STORE-0003,2026-02-14,STORE,COMPLETED,486.41
ORD-00002358,CUST-000476,STORE-0011,2025-06-26,STORE,COMPLETED,102.02
ORD-00002359,CUST-000429,STORE-0007,2026-02-25,STORE,COMPLETED,40.7
ORD-00002360,CUST-000625,STORE-0010,2026-05-31,STORE,PENDING,545.62
ORD-00002361,CUST-000969,,2025-01-24,ECOMMERCE,COMPLETED,236.2
ORD-00002362,CUST-000484,STORE-0011,2025-04-04,STORE,RETURNED,35.11
ORD-00002363,CUST-000809,STORE-0011,2026-02-03,STORE,COMPLETED,779.14
ORD-00002364,CUST-000166,,2026-04-14,ECOMMERCE,COMPLETED,789.07
ORD-00002365,CUST-000960,STORE-0012,2025-07-24,STORE,COMPLETED,274.29
ORD-00002366,CUST-000212,,2026-08-15,ECOMMERCE,COMPLETED,231.87
ORD-00002367,CUST-000248,STORE-0003,2026-04-18,STORE,COMPLETED,113.37
ORD-00002368,CUST-000340,STORE-0003,2025-09-08,STORE,COMPLETED,866.79
ORD-00002369,CUST-000034,STORE-0011,2026-02-21,STORE,COMPLETED,896.05
ORD-00002370,CUST-000073,,2026-03-04,ECOMMERCE,RETURNED,796.77
ORD-00002371,CUST-000733,STORE-0010,2026-07-01,STORE,COMPLETED,403.09
ORD-00002372,CUST-000062,,2025-10-27,ECOMMERCE,COMPLETED,748.05
ORD-00002373,CUST-000041,,2026-01-08,ECOMMERCE,COMPLETED,835.74
ORD-00002374,CUST-000451,STORE-0007,2025-05-08,STORE,COMPLETED,764.66
ORD-00002375,CUST-000594,,2025-04-25,ECOMMERCE,COMPLETED,339.32
ORD-00002376,CUST-000146,,2025-09-06,ECOMMERCE,COMPLETED,200.93
ORD-00002377,CUST-000658,STORE-0012,2025-03-17,STORE,COMPLETED,642.54
ORD-00002378,CUST-000776,,2025-09-24,ECOMMERCE,COMPLETED,624.94
ORD-00002379,CUST-000462,STORE-0012,2025-09-22,STORE,COMPLETED,541.07
ORD-00002380,CUST-000152,,2026-06-19,ECOMMERCE,COMPLETED,210.6
ORD-00002381,CUST-000372,STORE-0012,2025-10-26,STORE,COMPLETED,648.52
ORD-00002382,CUST-000313,STORE-0008,2026-03-27,STORE,COMPLETED,151.68
ORD-00002383,CUST-000132,,2025-05-31,ECOMMERCE,COMPLETED,775.35
ORD-00002384,CUST-000234,STORE-0001,2025-08-05,STORE,COMPLETED,146.3
ORD-00002385,CUST-000373,STORE-0012,2026-06-05,STORE,COMPLETED,896.56
ORD-00002386,CUST-000634,STORE-0003,2025-12-19,STORE,COMPLETED,534.61
ORD-00002387,CUST-000536,STORE-0006,2026-01-23,STORE,COMPLETED,444.44
ORD-00002388,CUST-000538,STORE-0008,2025-06-29,STORE,COMPLETED,351.19
ORD-00002389,CUST-000067,,2025-12-17,ECOMMERCE,COMPLETED,197.69
ORD-00002390,CUST-000624,STORE-0012,2025-05-03,STORE,COMPLETED,330.5
ORD-00002391,CUST-000935,STORE-0011,2025-01-13,STORE,COMPLETED,763.49
ORD-00002392,CUST-000537,,2025-08-22,ECOMMERCE,COMPLETED,336.75
ORD-00002393,CUST-000642,STORE-0002,2025-12-04,STORE,COMPLETED,255.25
ORD-00002394,CUST-000867,,2026-07-05,ECOMMERCE,COMPLETED,873.84
ORD-00002395,CUST-000581,STORE-0009,2025-09-11,STORE,COMPLETED,720.58
ORD-00002396,CUST-000959,STORE-0011,2025-09-08,STORE,COMPLETED,649.88
ORD-00002397,CUST-000624,STORE-0005,2026-07-20,STORE,COMPLETED,672.65
ORD-00002398,CUST-000940,,2025-03-07,ECOMMERCE,CANCELLED,132.31
ORD-00002399,CUST-000213,STORE-0004,2025-09-07,STORE,COMPLETED,529.42
ORD-00002400,CUST-000550,STORE-0001,2025-11-23,STORE,COMPLETED,79.65
ORD-00002401,CUST-000453,STORE-0002,2026-05-03,STORE,COMPLETED,495.0
ORD-00002402,CUST-000499,STORE-0005,2026-08-06,STORE,COMPLETED,395.33
ORD-00002403,CUST-000738,,2026-03-30,ECOMMERCE,COMPLETED,187.4
ORD-00002404,CUST-000630,,2026-04-13,ECOMMERCE,PENDING,237.8
ORD-00002405,CUST-000278,STORE-0008,2025-06-30,STORE,COMPLETED,442.7
ORD-00002406,CUST-000661,STORE-0005,2025-09-28,STORE,COMPLETED,235.38
ORD-00002407,CUST-000575,STORE-0009,2025-11-13,STORE,COMPLETED,113.65
ORD-00002408,CUST-000187,,2026-05-15,ECOMMERCE,COMPLETED,805.63
ORD-00002409,CUST-000508,STORE-0003,2025-07-03,STORE,COMPLETED,397.33
ORD-00002410,CUST-000948,STORE-0008,2025-12-17,STORE,COMPLETED,491.65
ORD-00002411,CUST-000798,STORE-0002,2025-08-26,STORE,COMPLETED,459.08
ORD-00002412,CUST-000544,STORE-0008,2025-04-16,STORE,COMPLETED,835.88
ORD-00002413,CUST-000689,STORE-0003,2025-11-28,STORE,COMPLETED,693.26
ORD-00002414,CUST-000873,,2025-06-11,ECOMMERCE,COMPLETED,154.06
ORD-00002415,CUST-000486,,2026-03-03,ECOMMERCE,COMPLETED,253.4
ORD-00002416,CUST-000484,,2025-11-07,ECOMMERCE,COMPLETED,286.02
ORD-00002417,CUST-000850,,2025-11-19,ECOMMERCE,COMPLETED,391.39
ORD-00002418,CUST-000428,STORE-0001,2026-02-18,STORE,COMPLETED,376.78
ORD-00002419,CUST-000144,STORE-0008,2025-10-08,STORE,COMPLETED,638.34
ORD-00002420,CUST-000734,STORE-0005,2025-10-29,STORE,COMPLETED,35.96
ORD-00002421,CUST-000392,STORE-0006,2026-07-26,STORE,COMPLETED,191.52
ORD-00002422,CUST-000516,STORE-0008,2025-10-08,STORE,COMPLETED,230.18
ORD-00002423,CUST-000492,STORE-0012,2026-08-31,STORE,COMPLETED,874.45
ORD-00002424,CUST-000676,STORE-0007,2026-05-14,STORE,COMPLETED,888.43
ORD-00002425,CUST-000061,STORE-0002,2025-02-27,STORE,COMPLETED,259.3
ORD-00002426,CUST-000946,STORE-0005,2025-04-24,STORE,COMPLETED,794.55
ORD-00002427,CUST-000794,STORE-0012,2026-02-28,STORE,COMPLETED,788.45
ORD-00002428,CUST-000588,STORE-0004,2026-07-30,STORE,COMPLETED,232.03
ORD-00002429,CUST-000782,STORE-0011,2025-09-24,STORE,COMPLETED,738.32
ORD-00002430,CUST-000144,,2025-03-11,ECOMMERCE,COMPLETED,633.84
ORD-00002431,CUST-000981,,2026-01-05,ECOMMERCE,CANCELLED,409.57
ORD-00002432,CUST-000189,,2025-11-25,ECOMMERCE,COMPLETED,422.81
ORD-00002433,CUST-000694,STORE-0012,2025-09-23,STORE,COMPLETED,676.67
ORD-00002434,CUST-000123,STORE-0011,2026-02-25,STORE,COMPLETED,728.37
ORD-00002435,CUST-000852,,2026-06-26,ECOMMERCE,COMPLETED,890.83
ORD-00002436,CUST-000580,STORE-0007,2025-02-02,STORE,RETURNED,787.68
ORD-00002437,CUST-000552,STORE-0008,2025-10-17,STORE,COMPLETED,576.42
ORD-00002438,CUST-000579,,2025-04-05,ECOMMERCE,RETURNED,705.82
ORD-00002439,CUST-000818,STORE-0009,2025-03-31,STORE,COMPLETED,429.58
ORD-00002440,CUST-000196,,2025-03-16,ECOMMERCE,COMPLETED,396.39
ORD-00002441,CUST-000463,STORE-0012,2025-06-05,STORE,COMPLETED,79.63
ORD-00002442,CUST-000348,STORE-0008,2026-06-25,STORE,COMPLETED,669.42
ORD-00002443,CUST-000911,,2025-01-22,ECOMMERCE,COMPLETED,275.03
ORD-00002444,CUST-000400,STORE-0001,2025-01-09,STORE,COMPLETED,393.03
ORD-00002445,CUST-000229,STORE-0010,2025-12-01,STORE,COMPLETED,593.45
ORD-00002446,CUST-000842,STORE-0010,2025-12-30,STORE,CANCELLED,647.69
ORD-00002447,CUST-000194,STORE-0003,2025-07-31,STORE,COMPLETED,104.29
ORD-00002448,CUST-000968,STORE-0001,2025-05-11,STORE,COMPLETED,859.87
ORD-00002449,CUST-000323,STORE-0004,2025-08-02,STORE,COMPLETED,159.51
ORD-00002450,CUST-000239,,2025-08-11,ECOMMERCE,COMPLETED,39.16
ORD-00002451,CUST-000968,,2026-03-27,ECOMMERCE,COMPLETED,853.99
ORD-00002452,CUST-000889,STORE-0012,2025-08-02,STORE,COMPLETED,410.43
ORD-00002453,CUST-000211,STORE-0007,2026-08-28,STORE,COMPLETED,97.17
ORD-00002454,CUST-000936,STORE-0010,2026-06-13,STORE,COMPLETED,684.6
ORD-00002455,CUST-000501,STORE-0012,2026-01-02,STORE,COMPLETED,295.44
ORD-00002456,CUST-000093,STORE-0009,2026-01-04,STORE,COMPLETED,465.23
ORD-00002457,CUST-000017,,2025-01-08,ECOMMERCE,COMPLETED,386.71
ORD-00002458,CUST-000103,,2025-12-30,ECOMMERCE,COMPLETED,289.33
ORD-00002459,CUST-000969,STORE-0011,2025-11-04,STORE,COMPLETED,635.57
ORD-00002460,CUST-000830,,2026-02-04,ECOMMERCE,COMPLETED,29.03
ORD-00002461,CUST-000748,,2025-11-28,ECOMMERCE,COMPLETED,764.96
ORD-00002462,CUST-000010,STORE-0003,2026-06-16,STORE,COMPLETED,630.14
ORD-00002463,CUST-000063,,2025-08-03,ECOMMERCE,COMPLETED,599.94
ORD-00002464,CUST-000425,STORE-0003,2026-03-06,STORE,COMPLETED,843.62
ORD-00002465,CUST-000760,,2025-07-05,ECOMMERCE,COMPLETED,833.58
ORD-00002466,CUST-000031,,2026-05-25,ECOMMERCE,COMPLETED,372.23
ORD-00002467,CUST-000862,STORE-0005,2025-11-25,STORE,COMPLETED,37.86
ORD-00002468,CUST-000482,STORE-0001,2025-05-28,STORE,CANCELLED,56.15
ORD-00002469,CUST-000613,STORE-0012,2026-06-22,STORE,COMPLETED,103.6
ORD-00002470,CUST-000229,STORE-0002,2026-03-06,STORE,PENDING,114.48
ORD-00002471,CUST-000426,STORE-0009,2026-03-27,STORE,COMPLETED,548.89
ORD-00002472,CUST-000319,STORE-0008,2026-04-26,STORE,CANCELLED,242.32
ORD-00002473,CUST-000553,STORE-0006,2025-04-09,STORE,COMPLETED,677.62
ORD-00002474,CUST-000201,,2025-05-09,ECOMMERCE,COMPLETED,129.88
ORD-00002475,CUST-000231,,2025-03-26,ECOMMERCE,COMPLETED,649.78
ORD-00002476,CUST-000630,STORE-0002,2025-09-13,STORE,COMPLETED,178.39
ORD-00002477,CUST-000337,,2026-04-19,ECOMMERCE,COMPLETED,475.13
ORD-00002478,CUST-000905,STORE-0005,2025-05-15,STORE,COMPLETED,346.67
ORD-00002479,CUST-000755,STORE-0001,2026-01-30,STORE,COMPLETED,717.86
ORD-00002480,CUST-000015,,2025-05-27,ECOMMERCE,COMPLETED,754.31
ORD-00002481,CUST-000407,STORE-0006,2025-01-12,STORE,COMPLETED,443.2
ORD-00002482,CUST-000644,STORE-0010,2026-02-20,STORE,COMPLETED,205.13
ORD-00002483,CUST-000559,STORE-0008,2025-05-01,STORE,COMPLETED,595.08
ORD-00002484,CUST-000346,STORE-0006,2025-07-10,STORE,COMPLETED,729.18
ORD-00002485,CUST-000563,STORE-0008,2025-04-09,STORE,COMPLETED,318.0
ORD-00002486,CUST-000065,STORE-0006,2026-03-13,STORE,COMPLETED,868.81
ORD-00002487,CUST-000233,STORE-0008,2025-04-24,STORE,COMPLETED,645.74
ORD-00002488,CUST-000356,STORE-0005,2026-04-09,STORE,COMPLETED,886.12
ORD-00002489,CUST-000888,STORE-0009,2025-07-06,STORE,COMPLETED,848.01
ORD-00002490,CUST-000200,,2025-05-26,ECOMMERCE,COMPLETED,211.34
ORD-00002491,CUST-000752,STORE-0012,2025-12-29,STORE,COMPLETED,705.24
ORD-00002492,CUST-000544,STORE-0009,2025-02-18,STORE,COMPLETED,335.95
ORD-00002493,CUST-000970,STORE-0009,2025-06-20,STORE,COMPLETED,103.62
ORD-00002494,CUST-000650,STORE-0010,2025-08-20,STORE,COMPLETED,679.73
ORD-00002495,CUST-000965,STORE-0010,2026-03-11,STORE,COMPLETED,261.4
ORD-00002496,CUST-000972,,2026-02-15,ECOMMERCE,COMPLETED,812.35
ORD-00002497,CUST-000916,,2026-05-03,ECOMMERCE,COMPLETED,135.47
ORD-00002498,CUST-000001,,2025-03-18,ECOMMERCE,COMPLETED,506.85
ORD-00002499,CUST-000946,STORE-0012,2025-03-10,STORE,COMPLETED,378.18
ORD-00002500,CUST-000843,STORE-0003,2025-09-06,STORE,COMPLETED,156.11
ORD-00002501,CUST-000606,STORE-0004,2025-09-12,STORE,COMPLETED,77.42
ORD-00002502,CUST-000283,,2025-05-24,ECOMMERCE,CANCELLED,124.27
ORD-00002503,CUST-000968,,2025-06-05,ECOMMERCE,COMPLETED,141.03
ORD-00002504,CUST-000336,STORE-0001,2025-05-01,STORE,COMPLETED,478.95
ORD-00002505,CUST-000613,,2026-04-28,ECOMMERCE,COMPLETED,402.87
ORD-00002506,CUST-000555,,2026-04-11,ECOMMERCE,COMPLETED,794.0
ORD-00002507,CUST-000738,,2025-12-16,ECOMMERCE,COMPLETED,855.3
ORD-00002508,CUST-000859,STORE-0005,2025-04-26,STORE,COMPLETED,391.93
ORD-00002509,CUST-000727,STORE-0012,2026-05-14,STORE,COMPLETED,213.8
ORD-00002510,CUST-000750,STORE-0010,2026-01-07,STORE,COMPLETED,767.22
ORD-00002511,CUST-000719,STORE-0007,2026-03-08,STORE,COMPLETED,108.09
ORD-00002512,CUST-000863,,2025-10-10,ECOMMERCE,CANCELLED,581.63
ORD-00002513,CUST-000683,STORE-0005,2026-01-01,STORE,COMPLETED,104.5
ORD-00002514,CUST-000249,,2026-08-23,ECOMMERCE,COMPLETED,538.11
ORD-00002515,CUST-000107,,2026-05-15,ECOMMERCE,COMPLETED,756.11
ORD-00002516,CUST-000532,STORE-0011,2026-01-27,STORE,COMPLETED,110.4
ORD-00002517,CUST-000659,,2025-04-11,ECOMMERCE,COMPLETED,118.96
ORD-00002518,CUST-000370,,2026-08-18,ECOMMERCE,COMPLETED,814.85
ORD-00002519,CUST-000404,STORE-0012,2025-02-10,STORE,COMPLETED,712.5
ORD-00002520,CUST-000588,,2026-06-20,ECOMMERCE,COMPLETED,367.84
ORD-00002521,CUST-000763,,2026-03-19,ECOMMERCE,COMPLETED,37.69
ORD-00002522,CUST-000025,STORE-0011,2025-12-03,STORE,COMPLETED,829.79
ORD-00002523,CUST-000747,,2026-04-13,ECOMMERCE,COMPLETED,239.36
ORD-00002524,CUST-000353,,2025-12-27,ECOMMERCE,RETURNED,235.1
ORD-00002525,CUST-000049,STORE-0006,2026-04-15,STORE,COMPLETED,576.8
ORD-00002526,CUST-000165,,2025-08-03,ECOMMERCE,COMPLETED,779.18
ORD-00002527,CUST-000759,STORE-0007,2025-12-23,STORE,COMPLETED,167.27
ORD-00002528,CUST-000092,STORE-0006,2025-12-27,STORE,COMPLETED,669.78
ORD-00002529,CUST-000234,,2025-11-21,ECOMMERCE,COMPLETED,104.65
ORD-00002530,CUST-000655,,2026-02-20,ECOMMERCE,COMPLETED,455.02
ORD-00002531,CUST-000392,STORE-0004,2025-09-29,STORE,COMPLETED,444.61
ORD-00002532,CUST-000449,STORE-0006,2025-06-13,STORE,RETURNED,300.64
ORD-00002533,CUST-000596,STORE-0005,2026-06-03,STORE,COMPLETED,511.03
ORD-00002534,CUST-000552,,2025-07-02,ECOMMERCE,COMPLETED,630.64
ORD-00002535,CUST-000093,STORE-0012,2026-02-19,STORE,COMPLETED,144.0
ORD-00002536,CUST-000363,STORE-0007,2025-05-17,STORE,RETURNED,106.71
ORD-00002537,CUST-000835,,2025-10-28,ECOMMERCE,COMPLETED,874.11
ORD-00002538,CUST-000231,STORE-0008,2025-02-11,STORE,COMPLETED,152.19
ORD-00002539,CUST-000027,,2026-05-22,ECOMMERCE,COMPLETED,630.15
ORD-00002540,CUST-000897,STORE-0004,2026-03-27,STORE,COMPLETED,206.13
ORD-00002541,CUST-000250,STORE-0001,2026-05-10,STORE,COMPLETED,381.86
ORD-00002542,CUST-000582,STORE-0004,2026-02-27,STORE,COMPLETED,473.94
ORD-00002543,CUST-000590,STORE-0007,2025-09-25,STORE,COMPLETED,884.0
ORD-00002544,CUST-000270,,2026-03-18,ECOMMERCE,COMPLETED,811.55
ORD-00002545,CUST-000328,,2026-07-08,ECOMMERCE,COMPLETED,862.91
ORD-00002546,CUST-000881,STORE-0012,2025-09-10,STORE,COMPLETED,527.38
ORD-00002547,CUST-000940,STORE-0009,2026-05-03,STORE,COMPLETED,107.75
ORD-00002548,CUST-000234,,2025-12-23,ECOMMERCE,COMPLETED,585.79
ORD-00002549,CUST-000230,STORE-0008,2025-10-03,STORE,COMPLETED,62.08
ORD-00002550,CUST-000510,STORE-0010,2026-03-23,STORE,COMPLETED,896.27
ORD-00002551,CUST-000460,STORE-0009,2025-02-28,STORE,CANCELLED,436.81
ORD-00002552,CUST-000066,,2025-12-29,ECOMMERCE,COMPLETED,651.2
ORD-00002553,CUST-000971,STORE-0012,2025-01-29,STORE,COMPLETED,449.37
ORD-00002554,CUST-000966,,2025-05-17,ECOMMERCE,PENDING,205.46
ORD-00002555,CUST-000552,STORE-0012,2025-11-08,STORE,COMPLETED,519.32
ORD-00002556,CUST-000969,,2026-02-21,ECOMMERCE,COMPLETED,492.56
ORD-00002557,CUST-000323,,2025-01-07,ECOMMERCE,RETURNED,61.88
ORD-00002558,CUST-000602,,2025-05-03,ECOMMERCE,COMPLETED,77.85
ORD-00002559,CUST-000424,STORE-0012,2025-06-15,STORE,COMPLETED,235.19
ORD-00002560,CUST-000778,STORE-0003,2025-07-05,STORE,COMPLETED,837.01
ORD-00002561,CUST-000340,,2025-04-02,ECOMMERCE,COMPLETED,372.15
ORD-00002562,CUST-000702,,2026-02-01,ECOMMERCE,COMPLETED,352.44
ORD-00002563,CUST-000868,STORE-0006,2025-07-07,STORE,COMPLETED,329.31
ORD-00002564,CUST-000901,,2025-09-16,ECOMMERCE,COMPLETED,178.34
ORD-00002565,CUST-000233,STORE-0006,2025-03-25,STORE,COMPLETED,680.36
ORD-00002566,CUST-000021,STORE-0010,2025-03-04,STORE,PENDING,67.34
ORD-00002567,CUST-000173,STORE-0001,2026-06-26,STORE,COMPLETED,304.27
ORD-00002568,CUST-000820,STORE-0010,2026-07-31,STORE,COMPLETED,76.41
ORD-00002569,CUST-000652,STORE-0010,2026-05-26,STORE,COMPLETED,208.26
ORD-00002570,CUST-000894,STORE-0011,2025-06-08,STORE,COMPLETED,522.98
ORD-00002571,CUST-000724,,2025-07-01,ECOMMERCE,COMPLETED,735.71
ORD-00002572,CUST-000638,STORE-0001,2026-07-05,STORE,CANCELLED,717.38
ORD-00002573,CUST-000957,STORE-0005,2025-10-26,STORE,COMPLETED,619.48
ORD-00002574,CUST-000172,STORE-0002,2026-05-25,STORE,COMPLETED,152.4
ORD-00002575,CUST-000346,STORE-0008,2026-07-16,STORE,COMPLETED,708.9
ORD-00002576,CUST-000685,,2026-07-22,ECOMMERCE,COMPLETED,232.91
ORD-00002577,CUST-000984,STORE-0008,2025-07-12,STORE,COMPLETED,51.81
ORD-00002578,CUST-000944,STORE-0008,2026-08-29,STORE,COMPLETED,475.06
ORD-00002579,CUST-000329,,2026-06-24,ECOMMERCE,COMPLETED,636.45
ORD-00002580,CUST-000776,STORE-0009,2025-07-25,STORE,COMPLETED,134.9
ORD-00002581,CUST-000300,,2026-03-13,ECOMMERCE,COMPLETED,348.7
ORD-00002582,CUST-000504,STORE-0002,2025-11-26,STORE,COMPLETED,554.55
ORD-00002583,CUST-000806,STORE-0005,2025-02-26,STORE,COMPLETED,51.84
ORD-00002584,CUST-000315,,2026-08-25,ECOMMERCE,COMPLETED,520.58
ORD-00002585,CUST-000322,STORE-0012,2025-02-19,STORE,COMPLETED,56.78
ORD-00002586,CUST-000193,STORE-0006,2026-07-05,STORE,COMPLETED,745.47
ORD-00002587,CUST-000757,,2026-06-05,ECOMMERCE,COMPLETED,172.79
ORD-00002588,CUST-000716,STORE-0001,2025-08-08,STORE,COMPLETED,855.72
ORD-00002589,CUST-000730,,2025-11-24,ECOMMERCE,COMPLETED,195.19
ORD-00002590,CUST-000656,STORE-0010,2025-01-16,STORE,COMPLETED,352.62
ORD-00002591,CUST-000120,,2025-10-25,ECOMMERCE,COMPLETED,227.74
ORD-00002592,CUST-000852,,2025-12-05,ECOMMERCE,PENDING,888.57
ORD-00002593,CUST-000381,,2026-02-16,ECOMMERCE,COMPLETED,140.38
ORD-00002594,CUST-000685,STORE-0005,2026-03-09,STORE,COMPLETED,643.5
ORD-00002595,CUST-000318,,2025-07-29,ECOMMERCE,RETURNED,593.2
ORD-00002596,CUST-000420,,2025-01-11,ECOMMERCE,COMPLETED,381.07
ORD-00002597,CUST-000923,STORE-0004,2026-05-15,STORE,COMPLETED,24.23
ORD-00002598,CUST-000043,,2026-04-05,ECOMMERCE,COMPLETED,625.21
ORD-00002599,CUST-000118,STORE-0002,2025-06-12,STORE,CANCELLED,447.36
ORD-00002600,CUST-000336,STORE-0003,2025-09-20,STORE,RETURNED,647.8
ORD-00002601,CUST-000292,,2026-07-04,ECOMMERCE,COMPLETED,772.12
ORD-00002602,CUST-000780,STORE-0002,2026-02-09,STORE,COMPLETED,797.36
ORD-00002603,CUST-000569,,2026-05-25,ECOMMERCE,COMPLETED,473.63
ORD-00002604,CUST-000491,STORE-0002,2025-04-25,STORE,COMPLETED,752.29
ORD-00002605,CUST-000781,STORE-0012,2025-03-11,STORE,COMPLETED,559.56
ORD-00002606,CUST-000147,STORE-0008,2025-02-12,STORE,COMPLETED,460.7
ORD-00002607,CUST-000787,,2025-08-04,ECOMMERCE,COMPLETED,53.73
ORD-00002608,CUST-000157,STORE-0006,2025-09-14,STORE,RETURNED,324.85
ORD-00002609,CUST-000660,STORE-0001,2026-02-05,STORE,COMPLETED,852.94
ORD-00002610,CUST-000231,STORE-0003,2025-07-19,STORE,COMPLETED,653.25
ORD-00002611,CUST-000452,STORE-0002,2025-09-09,STORE,COMPLETED,269.71
ORD-00002612,CUST-000561,STORE-0006,2025-02-28,STORE,COMPLETED,72.64
ORD-00002613,CUST-000018,STORE-0010,2025-06-23,STORE,COMPLETED,299.67
ORD-00002614,CUST-000924,STORE-0002,2025-08-28,STORE,COMPLETED,18.03
ORD-00002615,CUST-000397,STORE-0010,2025-05-03,STORE,COMPLETED,689.53
ORD-00002616,CUST-000559,STORE-0002,2025-01-21,STORE,COMPLETED,821.07
ORD-00002617,CUST-000661,,2026-01-31,ECOMMERCE,COMPLETED,560.2
ORD-00002618,CUST-000767,STORE-0004,2026-05-18,STORE,COMPLETED,320.45
ORD-00002619,CUST-000466,,2026-05-06,ECOMMERCE,CANCELLED,150.53
ORD-00002620,CUST-000369,STORE-0004,2025-05-28,STORE,COMPLETED,661.92
ORD-00002621,CUST-000398,,2025-09-21,ECOMMERCE,CANCELLED,340.75
ORD-00002622,CUST-000825,STORE-0005,2025-05-28,STORE,COMPLETED,378.18
ORD-00002623,CUST-000873,,2025-08-21,ECOMMERCE,PENDING,125.65
ORD-00002624,CUST-000214,STORE-0007,2026-03-08,STORE,CANCELLED,422.61
ORD-00002625,CUST-000976,STORE-0007,2026-04-20,STORE,COMPLETED,303.52
ORD-00002626,CUST-000741,STORE-0009,2025-07-30,STORE,COMPLETED,645.64
ORD-00002627,CUST-000971,STORE-0012,2026-01-08,STORE,CANCELLED,500.16
ORD-00002628,CUST-000419,,2026-01-19,ECOMMERCE,COMPLETED,203.96
ORD-00002629,CUST-000112,STORE-0009,2026-04-09,STORE,COMPLETED,752.11
ORD-00002630,CUST-000639,,2026-02-27,ECOMMERCE,COMPLETED,207.2
ORD-00002631,CUST-000161,STORE-0011,2026-01-29,STORE,RETURNED,397.13
ORD-00002632,CUST-000025,,2025-07-31,ECOMMERCE,COMPLETED,605.29
ORD-00002633,CUST-000764,STORE-0011,2026-07-31,STORE,COMPLETED,582.5
ORD-00002634,CUST-000821,STORE-0004,2025-06-04,STORE,COMPLETED,429.69
ORD-00002635,CUST-000134,,2026-05-14,ECOMMERCE,COMPLETED,840.72
ORD-00002636,CUST-000753,STORE-0011,2025-02-06,STORE,COMPLETED,711.46
ORD-00002637,CUST-000009,STORE-0001,2025-12-06,STORE,COMPLETED,292.27
ORD-00002638,CUST-000208,,2025-06-04,ECOMMERCE,RETURNED,287.19
ORD-00002639,CUST-000639,STORE-0006,2026-08-21,STORE,CANCELLED,410.26
ORD-00002640,CUST-000180,STORE-0005,2025-11-07,STORE,COMPLETED,512.27
ORD-00002641,CUST-000156,,2025-06-17,ECOMMERCE,COMPLETED,486.09
ORD-00002642,CUST-000163,STORE-0009,2026-07-20,STORE,COMPLETED,634.38
ORD-00002643,CUST-000869,STORE-0004,2025-04-27,STORE,COMPLETED,144.78
ORD-00002644,CUST-000774,STORE-0001,2025-05-19,STORE,CANCELLED,433.44
ORD-00002645,CUST-000786,STORE-0001,2026-08-24,STORE,COMPLETED,738.89
ORD-00002646,CUST-000599,,2026-08-09,ECOMMERCE,COMPLETED,806.18
ORD-00002647,CUST-000970,,2026-08-04,ECOMMERCE,COMPLETED,315.7
ORD-00002648,CUST-000379,STORE-0002,2025-07-01,STORE,COMPLETED,280.59
ORD-00002649,CUST-000154,STORE-0002,2025-07-21,STORE,RETURNED,298.82
ORD-00002650,CUST-000972,,2025-03-27,ECOMMERCE,COMPLETED,885.46
ORD-00002651,CUST-000637,STORE-0010,2026-03-04,STORE,PENDING,338.22
ORD-00002652,CUST-000526,STORE-0005,2026-06-17,STORE,CANCELLED,35.75
ORD-00002653,CUST-000171,STORE-0001,2025-09-02,STORE,COMPLETED,247.86
ORD-00002654,CUST-000346,,2025-02-11,ECOMMERCE,COMPLETED,895.66
ORD-00002655,CUST-000676,,2025-03-24,ECOMMERCE,COMPLETED,42.77
ORD-00002656,CUST-000949,,2025-01-11,ECOMMERCE,COMPLETED,32.0
ORD-00002657,CUST-000927,STORE-0008,2026-01-25,STORE,COMPLETED,630.33
ORD-00002658,CUST-000385,STORE-0006,2026-01-11,STORE,COMPLETED,770.46
ORD-00002659,CUST-000417,,2025-12-17,ECOMMERCE,COMPLETED,321.42
ORD-00002660,CUST-000198,STORE-0008,2025-10-16,STORE,COMPLETED,823.32
ORD-00002661,CUST-000087,,2025-11-23,ECOMMERCE,COMPLETED,807.8
ORD-00002662,CUST-000132,STORE-0002,2025-09-06,STORE,COMPLETED,345.45
ORD-00002663,CUST-000821,STORE-0004,2025-03-31,STORE,COMPLETED,23.54
ORD-00002664,CUST-000827,STORE-0006,2025-03-14,STORE,COMPLETED,569.12
ORD-00002665,CUST-000472,,2025-12-05,ECOMMERCE,COMPLETED,108.66
ORD-00002666,CUST-000722,STORE-0003,2025-07-24,STORE,CANCELLED,835.01
ORD-00002667,CUST-000736,STORE-0002,2025-01-04,STORE,COMPLETED,621.76
ORD-00002668,CUST-000735,STORE-0002,2026-02-01,STORE,COMPLETED,483.46
ORD-00002669,CUST-000203,STORE-0012,2026-05-23,STORE,COMPLETED,179.67
ORD-00002670,CUST-000693,STORE-0010,2025-03-04,STORE,COMPLETED,464.21
ORD-00002671,CUST-000998,STORE-0004,2025-09-27,STORE,COMPLETED,494.67
ORD-00002672,CUST-000717,,2025-05-07,ECOMMERCE,COMPLETED,82.07
ORD-00002673,CUST-000330,STORE-0004,2025-06-16,STORE,COMPLETED,754.9
ORD-00002674,CUST-000423,STORE-0009,2025-10-20,STORE,COMPLETED,237.09
ORD-00002675,CUST-000247,STORE-0009,2025-01-08,STORE,COMPLETED,871.8
ORD-00002676,CUST-000773,STORE-0003,2025-03-08,STORE,COMPLETED,452.12
ORD-00002677,CUST-000062,,2026-03-17,ECOMMERCE,COMPLETED,691.52
ORD-00002678,CUST-000013,,2025-04-01,ECOMMERCE,COMPLETED,697.68
ORD-00002679,CUST-000715,,2025-03-09,ECOMMERCE,COMPLETED,658.53
ORD-00002680,CUST-000367,STORE-0012,2026-05-07,STORE,COMPLETED,280.72
ORD-00002681,CUST-000560,STORE-0012,2025-07-14,STORE,COMPLETED,165.94
ORD-00002682,CUST-000420,,2026-04-22,ECOMMERCE,COMPLETED,302.07
ORD-00002683,CUST-000968,,2026-02-17,ECOMMERCE,COMPLETED,810.69
ORD-00002684,CUST-000146,STORE-0012,2026-01-30,STORE,COMPLETED,36.66
ORD-00002685,CUST-000325,STORE-0007,2025-06-02,STORE,COMPLETED,27.35
ORD-00002686,CUST-000678,,2025-06-26,ECOMMERCE,COMPLETED,852.25
ORD-00002687,CUST-000017,STORE-0007,2026-04-29,STORE,COMPLETED,313.52
ORD-00002688,CUST-000402,STORE-0003,2025-11-07,STORE,COMPLETED,770.63
ORD-00002689,CUST-000195,STORE-0008,2026-05-27,STORE,COMPLETED,853.39
ORD-00002690,CUST-000993,STORE-0011,2025-03-03,STORE,COMPLETED,108.82
ORD-00002691,CUST-000723,,2026-05-04,ECOMMERCE,COMPLETED,140.21
ORD-00002692,CUST-000507,STORE-0004,2026-03-03,STORE,COMPLETED,861.82
ORD-00002693,CUST-000347,STORE-0011,2025-11-15,STORE,COMPLETED,394.66
ORD-00002694,CUST-000133,STORE-0009,2025-10-16,STORE,COMPLETED,345.42
ORD-00002695,CUST-000132,,2026-01-14,ECOMMERCE,COMPLETED,434.07
ORD-00002696,CUST-000379,STORE-0007,2025-09-10,STORE,COMPLETED,303.69
ORD-00002697,CUST-000893,STORE-0006,2026-05-03,STORE,COMPLETED,506.17
ORD-00002698,CUST-000340,STORE-0012,2025-07-19,STORE,CANCELLED,869.44
ORD-00002699,CUST-000587,,2025-08-23,ECOMMERCE,COMPLETED,554.31
ORD-00002700,CUST-000256,,2026-05-16,ECOMMERCE,COMPLETED,803.14
ORD-00002701,CUST-000902,STORE-0002,2026-01-29,STORE,COMPLETED,566.89
ORD-00002702,CUST-000503,STORE-0008,2025-09-30,STORE,COMPLETED,359.78
ORD-00002703,CUST-000789,STORE-0005,2025-05-27,STORE,COMPLETED,703.32
ORD-00002704,CUST-000229,STORE-0011,2025-01-04,STORE,COMPLETED,744.98
ORD-00002705,CUST-000150,STORE-0005,2025-11-24,STORE,COMPLETED,293.04
ORD-00002706,CUST-000205,,2025-07-12,ECOMMERCE,RETURNED,543.86
ORD-00002707,CUST-000752,STORE-0001,2025-07-19,STORE,COMPLETED,461.15
ORD-00002708,CUST-000386,STORE-0007,2025-01-12,STORE,COMPLETED,195.75
ORD-00002709,CUST-000030,STORE-0011,2026-03-08,STORE,COMPLETED,426.47
ORD-00002710,CUST-000152,,2026-04-03,ECOMMERCE,COMPLETED,506.41
ORD-00002711,CUST-000777,STORE-0006,2025-04-21,STORE,RETURNED,418.51
ORD-00002712,CUST-000622,STORE-0008,2025-10-19,STORE,COMPLETED,128.75
ORD-00002713,CUST-000127,,2025-02-23,ECOMMERCE,COMPLETED,504.03
ORD-00002714,CUST-000323,STORE-0012,2026-01-20,STORE,COMPLETED,571.57
ORD-00002715,CUST-000406,STORE-0003,2025-12-01,STORE,COMPLETED,688.07
ORD-00002716,CUST-000332,STORE-0010,2026-08-06,STORE,COMPLETED,467.86
ORD-00002717,CUST-000731,,2025-05-16,ECOMMERCE,COMPLETED,835.35
ORD-00002718,CUST-000105,STORE-0009,2025-06-17,STORE,RETURNED,222.99
ORD-00002719,CUST-000996,,2026-01-01,ECOMMERCE,COMPLETED,380.19
ORD-00002720,CUST-000505,,2026-02-15,ECOMMERCE,COMPLETED,479.34
ORD-00002721,CUST-000406,STORE-0012,2025-06-08,STORE,COMPLETED,94.18
ORD-00002722,CUST-000163,STORE-0002,2025-09-25,STORE,COMPLETED,65.02
ORD-00002723,CUST-000025,,2025-02-23,ECOMMERCE,COMPLETED,632.1
ORD-00002724,CUST-000044,STORE-0004,2025-08-27,STORE,RETURNED,859.66
ORD-00002725,CUST-000328,STORE-0006,2026-02-01,STORE,COMPLETED,608.18
ORD-00002726,CUST-000784,STORE-0005,2026-05-20,STORE,COMPLETED,647.55
ORD-00002727,CUST-000070,STORE-0001,2025-07-24,STORE,COMPLETED,199.82
ORD-00002728,CUST-000008,STORE-0006,2025-03-24,STORE,COMPLETED,340.78
ORD-00002729,CUST-000169,,2026-02-11,ECOMMERCE,COMPLETED,489.56
ORD-00002730,CUST-000763,,2025-10-16,ECOMMERCE,COMPLETED,346.26
ORD-00002731,CUST-000855,STORE-0004,2025-09-20,STORE,COMPLETED,304.45
ORD-00002732,CUST-000123,STORE-0011,2025-10-20,STORE,COMPLETED,409.31
ORD-00002733,CUST-000688,,2026-06-09,ECOMMERCE,COMPLETED,196.06
ORD-00002734,CUST-000397,STORE-0002,2025-07-30,STORE,COMPLETED,519.63
ORD-00002735,CUST-000853,,2025-08-08,ECOMMERCE,CANCELLED,738.81
ORD-00002736,CUST-000056,STORE-0011,2025-08-24,STORE,COMPLETED,797.68
ORD-00002737,CUST-000524,STORE-0001,2025-11-14,STORE,COMPLETED,749.18
ORD-00002738,CUST-000212,,2026-05-27,ECOMMERCE,RETURNED,358.89
ORD-00002739,CUST-000401,STORE-0010,2025-06-19,STORE,RETURNED,439.96
ORD-00002740,CUST-000815,STORE-0011,2025-09-12,STORE,COMPLETED,109.93
ORD-00002741,CUST-000032,STORE-0010,2025-02-21,STORE,COMPLETED,852.91
ORD-00002742,CUST-000311,,2026-04-01,ECOMMERCE,COMPLETED,517.78
ORD-00002743,CUST-000055,STORE-0006,2025-08-09,STORE,COMPLETED,874.28
ORD-00002744,CUST-000382,,2025-03-19,ECOMMERCE,COMPLETED,593.46
ORD-00002745,CUST-000036,STORE-0002,2025-11-06,STORE,COMPLETED,419.38
ORD-00002746,CUST-000820,,2025-07-29,ECOMMERCE,COMPLETED,578.49
ORD-00002747,CUST-000812,,2025-02-01,ECOMMERCE,CANCELLED,839.86
ORD-00002748,CUST-000116,STORE-0002,2025-08-29,STORE,COMPLETED,799.5
ORD-00002749,CUST-000280,,2025-10-04,ECOMMERCE,COMPLETED,513.46
ORD-00002750,CUST-000709,STORE-0003,2025-08-09,STORE,COMPLETED,615.05
ORD-00002751,CUST-000510,STORE-0007,2026-04-22,STORE,COMPLETED,876.02
ORD-00002752,CUST-000046,STORE-0011,2025-03-06,STORE,RETURNED,790.59
ORD-00002753,CUST-000737,,2026-05-06,ECOMMERCE,COMPLETED,251.55
ORD-00002754,CUST-000987,,2025-07-12,ECOMMERCE,COMPLETED,411.47
ORD-00002755,CUST-000666,STORE-0001,2026-07-31,STORE,COMPLETED,400.28
ORD-00002756,CUST-000501,,2025-08-26,ECOMMERCE,COMPLETED,672.14
ORD-00002757,CUST-000091,STORE-0010,2026-01-12,STORE,COMPLETED,433.14
ORD-00002758,CUST-000675,STORE-0006,2026-07-19,STORE,COMPLETED,298.83
ORD-00002759,CUST-000417,STORE-0003,2026-08-18,STORE,COMPLETED,428.72
ORD-00002760,CUST-000300,STORE-0003,2026-05-22,STORE,COMPLETED,375.93
ORD-00002761,CUST-000089,,2025-09-17,ECOMMERCE,CANCELLED,309.53
ORD-00002762,CUST-000478,STORE-0008,2026-07-07,STORE,COMPLETED,160.38
ORD-00002763,CUST-000519,STORE-0011,2025-05-29,STORE,COMPLETED,493.09
ORD-00002764,CUST-000164,,2026-08-11,ECOMMERCE,COMPLETED,737.39
ORD-00002765,CUST-000710,STORE-0007,2025-03-25,STORE,COMPLETED,794.44
ORD-00002766,CUST-000558,,2025-02-12,ECOMMERCE,COMPLETED,524.29
ORD-00002767,CUST-000564,STORE-0011,2025-06-18,STORE,COMPLETED,620.35
ORD-00002768,CUST-000501,,2025-04-30,ECOMMERCE,COMPLETED,755.27
ORD-00002769,CUST-000960,STORE-0007,2026-06-20,STORE,COMPLETED,362.63
ORD-00002770,CUST-000768,STORE-0007,2025-04-19,STORE,COMPLETED,584.85
ORD-00002771,CUST-000711,STORE-0004,2025-01-01,STORE,CANCELLED,872.81
ORD-00002772,CUST-000508,,2025-05-28,ECOMMERCE,CANCELLED,630.02
ORD-00002773,CUST-000774,STORE-0007,2025-11-07,STORE,COMPLETED,494.64
ORD-00002774,CUST-000835,STORE-0004,2025-01-25,STORE,COMPLETED,276.77
ORD-00002775,CUST-000848,STORE-0011,2025-03-15,STORE,COMPLETED,415.55
ORD-00002776,CUST-000968,STORE-0006,2026-02-17,STORE,COMPLETED,543.84
ORD-00002777,CUST-000384,STORE-0004,2025-11-08,STORE,COMPLETED,536.88
ORD-00002778,CUST-000630,STORE-0010,2025-02-12,STORE,COMPLETED,879.66
ORD-00002779,CUST-000360,STORE-0001,2025-09-19,STORE,COMPLETED,777.14
ORD-00002780,CUST-000552,STORE-0002,2026-03-09,STORE,COMPLETED,563.91
ORD-00002781,CUST-000995,STORE-0011,2026-05-18,STORE,PENDING,351.27
ORD-00002782,CUST-000778,,2025-03-30,ECOMMERCE,COMPLETED,496.21
ORD-00002783,CUST-000742,STORE-0012,2025-04-07,STORE,COMPLETED,677.91
ORD-00002784,CUST-000481,STORE-0001,2025-11-27,STORE,COMPLETED,702.79
ORD-00002785,CUST-000222,,2026-02-25,ECOMMERCE,COMPLETED,620.18
ORD-00002786,CUST-000692,STORE-0001,2026-06-03,STORE,COMPLETED,459.33
ORD-00002787,CUST-000714,STORE-0010,2026-02-02,STORE,COMPLETED,489.06
ORD-00002788,CUST-000260,,2026-08-23,ECOMMERCE,COMPLETED,472.31
ORD-00002789,CUST-000463,STORE-0005,2025-06-16,STORE,COMPLETED,546.99
ORD-00002790,CUST-000704,STORE-0003,2025-03-20,STORE,COMPLETED,445.33
ORD-00002791,CUST-000795,STORE-0012,2025-06-30,STORE,COMPLETED,53.83
ORD-00002792,CUST-000349,STORE-0011,2026-08-21,STORE,COMPLETED,217.43
ORD-00002793,CUST-000718,STORE-0002,2025-04-14,STORE,COMPLETED,131.82
ORD-00002794,CUST-000620,,2026-07-31,ECOMMERCE,COMPLETED,454.09
ORD-00002795,CUST-000441,,2025-01-22,ECOMMERCE,COMPLETED,809.46
ORD-00002796,CUST-000557,STORE-0002,2026-03-05,STORE,COMPLETED,261.83
ORD-00002797,CUST-000433,STORE-0002,2025-03-08,STORE,COMPLETED,791.84
ORD-00002798,CUST-000487,,2026-02-15,ECOMMERCE,COMPLETED,230.26
ORD-00002799,CUST-000141,,2025-05-04,ECOMMERCE,COMPLETED,91.44
ORD-00002800,CUST-000202,STORE-0008,2026-07-14,STORE,COMPLETED,247.76
ORD-00002801,CUST-000809,STORE-0011,2025-07-09,STORE,COMPLETED,117.53
ORD-00002802,CUST-000208,STORE-0003,2025-11-04,STORE,COMPLETED,635.8
ORD-00002803,CUST-000062,STORE-0009,2025-01-13,STORE,COMPLETED,604.33
ORD-00002804,CUST-000010,STORE-0005,2025-05-21,STORE,COMPLETED,230.65
ORD-00002805,CUST-000219,STORE-0004,2026-05-02,STORE,COMPLETED,204.5
ORD-00002806,CUST-000567,STORE-0011,2026-07-09,STORE,COMPLETED,77.76
ORD-00002807,CUST-000879,,2026-06-07,ECOMMERCE,COMPLETED,688.06
ORD-00002808,CUST-000075,STORE-0010,2025-06-18,STORE,COMPLETED,681.77
ORD-00002809,CUST-000371,,2025-08-19,ECOMMERCE,COMPLETED,374.66
ORD-00002810,CUST-000044,,2025-11-25,ECOMMERCE,COMPLETED,39.48
ORD-00002811,CUST-000954,,2026-01-18,ECOMMERCE,COMPLETED,551.7
ORD-00002812,CUST-000767,,2025-05-11,ECOMMERCE,COMPLETED,855.21
ORD-00002813,CUST-000417,STORE-0011,2025-06-11,STORE,COMPLETED,476.31
ORD-00002814,CUST-000077,STORE-0007,2025-02-01,STORE,COMPLETED,512.09
ORD-00002815,CUST-000796,,2025-05-30,ECOMMERCE,COMPLETED,50.35
ORD-00002816,CUST-000288,STORE-0008,2025-12-16,STORE,COMPLETED,488.73
ORD-00002817,CUST-000316,STORE-0008,2026-06-08,STORE,COMPLETED,685.31
ORD-00002818,CUST-000604,,2026-07-28,ECOMMERCE,RETURNED,550.61
ORD-00002819,CUST-000588,,2025-05-21,ECOMMERCE,COMPLETED,95.52
ORD-00002820,CUST-000351,STORE-0009,2026-06-14,STORE,COMPLETED,70.7
ORD-00002821,CUST-000957,STORE-0005,2025-10-23,STORE,COMPLETED,216.64
ORD-00002822,CUST-000332,,2025-09-03,ECOMMERCE,COMPLETED,323.43
ORD-00002823,CUST-000846,STORE-0006,2026-06-15,STORE,COMPLETED,261.49
ORD-00002824,CUST-000686,STORE-0011,2025-07-12,STORE,COMPLETED,803.14
ORD-00002825,CUST-000789,STORE-0012,2025-10-30,STORE,COMPLETED,622.09
ORD-00002826,CUST-000567,,2025-11-25,ECOMMERCE,COMPLETED,424.48
ORD-00002827,CUST-000121,STORE-0012,2025-10-26,STORE,COMPLETED,197.07
ORD-00002828,CUST-000851,,2025-12-12,ECOMMERCE,COMPLETED,588.02
ORD-00002829,CUST-000252,STORE-0007,2026-05-11,STORE,COMPLETED,840.25
ORD-00002830,CUST-000350,STORE-0003,2025-09-18,STORE,COMPLETED,238.49
ORD-00002831,CUST-000833,,2026-07-18,ECOMMERCE,PENDING,17.89
ORD-00002832,CUST-000957,STORE-0005,2026-05-22,STORE,COMPLETED,891.91
ORD-00002833,CUST-000284,STORE-0009,2026-08-05,STORE,COMPLETED,250.15
ORD-00002834,CUST-000644,,2026-05-17,ECOMMERCE,COMPLETED,436.59
ORD-00002835,CUST-000123,STORE-0003,2025-07-05,STORE,COMPLETED,687.71
ORD-00002836,CUST-000043,,2025-03-13,ECOMMERCE,COMPLETED,500.41
ORD-00002837,CUST-000803,STORE-0002,2026-03-10,STORE,COMPLETED,803.81
ORD-00002838,CUST-000011,STORE-0002,2025-12-12,STORE,RETURNED,651.82
ORD-00002839,CUST-000247,STORE-0004,2025-08-14,STORE,COMPLETED,520.0
ORD-00002840,CUST-000566,STORE-0006,2025-08-31,STORE,COMPLETED,505.03
ORD-00002841,CUST-000226,STORE-0003,2026-01-28,STORE,COMPLETED,560.42
ORD-00002842,CUST-000094,,2026-08-08,ECOMMERCE,COMPLETED,881.13
ORD-00002843,CUST-000498,STORE-0002,2025-04-08,STORE,COMPLETED,374.67
ORD-00002844,CUST-000625,STORE-0003,2025-06-27,STORE,CANCELLED,262.33
ORD-00002845,CUST-000688,STORE-0005,2026-03-22,STORE,COMPLETED,545.75
ORD-00002846,CUST-000219,STORE-0004,2025-04-13,STORE,COMPLETED,376.55
ORD-00002847,CUST-000154,STORE-0012,2026-01-29,STORE,COMPLETED,679.36
ORD-00002848,CUST-000784,STORE-0005,2025-07-30,STORE,CANCELLED,450.0
ORD-00002849,CUST-000537,,2025-12-17,ECOMMERCE,COMPLETED,456.64
ORD-00002850,CUST-000859,STORE-0008,2025-07-30,STORE,COMPLETED,637.56
ORD-00002851,CUST-000716,STORE-0011,2026-01-22,STORE,COMPLETED,372.55
ORD-00002852,CUST-000362,STORE-0007,2025-10-08,STORE,COMPLETED,272.25
ORD-00002853,CUST-000615,STORE-0008,2025-01-25,STORE,COMPLETED,513.53
ORD-00002854,CUST-000067,STORE-0008,2025-01-23,STORE,COMPLETED,320.49
ORD-00002855,CUST-000503,STORE-0007,2026-04-02,STORE,CANCELLED,94.17
ORD-00002856,CUST-000235,STORE-0005,2026-01-11,STORE,CANCELLED,244.98
ORD-00002857,CUST-000225,STORE-0010,2026-06-14,STORE,COMPLETED,731.98
ORD-00002858,CUST-000391,,2026-01-09,ECOMMERCE,COMPLETED,217.29
ORD-00002859,CUST-000163,,2025-04-05,ECOMMERCE,COMPLETED,504.25
ORD-00002860,CUST-000538,STORE-0005,2026-04-09,STORE,COMPLETED,140.35
ORD-00002861,CUST-000892,STORE-0003,2025-08-23,STORE,COMPLETED,162.47
ORD-00002862,CUST-000893,STORE-0002,2025-02-23,STORE,COMPLETED,708.04
ORD-00002863,CUST-000888,,2025-06-30,ECOMMERCE,COMPLETED,431.17
ORD-00002864,CUST-000172,STORE-0004,2025-01-18,STORE,COMPLETED,187.92
ORD-00002865,CUST-000069,,2025-04-14,ECOMMERCE,COMPLETED,708.08
ORD-00002866,CUST-000798,STORE-0008,2026-07-21,STORE,COMPLETED,655.04
ORD-00002867,CUST-000955,STORE-0003,2025-09-09,STORE,COMPLETED,303.05
ORD-00002868,CUST-000279,STORE-0009,2025-01-22,STORE,COMPLETED,806.93
ORD-00002869,CUST-000172,STORE-0001,2026-04-26,STORE,COMPLETED,132.08
ORD-00002870,CUST-000855,,2026-01-12,ECOMMERCE,COMPLETED,262.16
ORD-00002871,CUST-000180,STORE-0012,2025-04-23,STORE,COMPLETED,158.45
ORD-00002872,CUST-000044,STORE-0002,2026-01-22,STORE,COMPLETED,269.17
ORD-00002873,CUST-000502,STORE-0011,2026-02-09,STORE,COMPLETED,657.72
ORD-00002874,CUST-000478,,2026-06-17,ECOMMERCE,COMPLETED,550.88
ORD-00002875,CUST-000768,,2026-02-19,ECOMMERCE,COMPLETED,478.27
ORD-00002876,CUST-000516,STORE-0008,2025-05-10,STORE,COMPLETED,198.1
ORD-00002877,CUST-000377,STORE-0005,2025-04-29,STORE,COMPLETED,379.99
ORD-00002878,CUST-000383,STORE-0001,2025-11-19,STORE,COMPLETED,679.03
ORD-00002879,CUST-000794,STORE-0011,2025-05-31,STORE,COMPLETED,537.53
ORD-00002880,CUST-000144,,2025-11-06,ECOMMERCE,COMPLETED,140.95
ORD-00002881,CUST-000926,,2026-03-26,ECOMMERCE,COMPLETED,368.33
ORD-00002882,CUST-000381,,2025-07-29,ECOMMERCE,COMPLETED,382.98
ORD-00002883,CUST-000971,STORE-0003,2025-04-14,STORE,COMPLETED,62.01
ORD-00002884,CUST-000396,STORE-0011,2026-03-20,STORE,COMPLETED,275.15
ORD-00002885,CUST-000565,,2026-05-04,ECOMMERCE,COMPLETED,883.5
ORD-00002886,CUST-000070,,2025-12-27,ECOMMERCE,COMPLETED,289.65
ORD-00002887,CUST-000012,STORE-0002,2025-05-30,STORE,COMPLETED,512.01
ORD-00002888,CUST-000522,STORE-0004,2026-06-18,STORE,COMPLETED,411.8
ORD-00002889,CUST-000628,STORE-0008,2025-12-22,STORE,COMPLETED,267.16
ORD-00002890,CUST-000530,STORE-0010,2025-05-07,STORE,CANCELLED,686.27
ORD-00002891,CUST-000527,STORE-0001,2026-07-16,STORE,COMPLETED,516.22
ORD-00002892,CUST-000992,STORE-0003,2026-01-22,STORE,COMPLETED,647.13
ORD-00002893,CUST-000651,,2025-10-01,ECOMMERCE,COMPLETED,689.47
ORD-00002894,CUST-000632,STORE-0007,2025-10-10,STORE,COMPLETED,52.07
ORD-00002895,CUST-000977,STORE-0003,2025-07-19,STORE,COMPLETED,186.39
ORD-00002896,CUST-000905,,2025-06-05,ECOMMERCE,COMPLETED,517.85
ORD-00002897,CUST-000216,,2025-01-01,ECOMMERCE,PENDING,159.6
ORD-00002898,CUST-000745,STORE-0008,2025-03-09,STORE,COMPLETED,824.89
ORD-00002899,CUST-000689,STORE-0008,2025-04-27,STORE,COMPLETED,421.75
ORD-00002900,CUST-000632,,2026-01-17,ECOMMERCE,COMPLETED,860.77
ORD-00002901,CUST-000572,STORE-0009,2025-12-05,STORE,COMPLETED,303.98
ORD-00002902,CUST-000699,STORE-0012,2026-08-27,STORE,COMPLETED,261.88
ORD-00002903,CUST-000919,STORE-0004,2025-08-20,STORE,COMPLETED,398.98
ORD-00002904,CUST-000963,STORE-0009,2025-11-04,STORE,COMPLETED,655.98
ORD-00002905,CUST-000975,STORE-0010,2025-11-04,STORE,COMPLETED,243.01
ORD-00002906,CUST-000569,,2025-08-17,ECOMMERCE,COMPLETED,208.77
ORD-00002907,CUST-000476,,2025-06-06,ECOMMERCE,RETURNED,632.18
ORD-00002908,CUST-000423,STORE-0012,2026-02-14,STORE,COMPLETED,308.12
ORD-00002909,CUST-000167,STORE-0010,2026-05-08,STORE,RETURNED,601.65
ORD-00002910,CUST-000949,,2025-02-28,ECOMMERCE,COMPLETED,736.33
ORD-00002911,CUST-000485,STORE-0001,2025-12-08,STORE,RETURNED,119.63
ORD-00002912,CUST-000901,STORE-0008,2026-02-10,STORE,COMPLETED,373.71
ORD-00002913,CUST-000294,,2025-09-07,ECOMMERCE,COMPLETED,160.93
ORD-00002914,CUST-000335,STORE-0010,2026-01-21,STORE,COMPLETED,104.08
ORD-00002915,CUST-000756,STORE-0001,2025-06-03,STORE,COMPLETED,450.99
ORD-00002916,CUST-000994,STORE-0012,2025-06-05,STORE,PENDING,16.85
ORD-00002917,CUST-000137,STORE-0005,2026-01-11,STORE,COMPLETED,827.5
ORD-00002918,CUST-000683,,2026-08-09,ECOMMERCE,COMPLETED,161.22
ORD-00002919,CUST-000103,STORE-0001,2026-08-20,STORE,COMPLETED,49.97
ORD-00002920,CUST-000945,STORE-0004,2025-06-24,STORE,CANCELLED,744.41
ORD-00002921,CUST-000274,STORE-0010,2025-10-26,STORE,COMPLETED,480.59
ORD-00002922,CUST-000292,,2025-05-22,ECOMMERCE,COMPLETED,551.46
ORD-00002923,CUST-000659,STORE-0012,2026-06-12,STORE,COMPLETED,551.74
ORD-00002924,CUST-000033,,2026-02-07,ECOMMERCE,COMPLETED,603.53
ORD-00002925,CUST-000830,,2026-04-09,ECOMMERCE,COMPLETED,465.36
ORD-00002926,CUST-000723,STORE-0007,2026-03-05,STORE,COMPLETED,223.09
ORD-00002927,CUST-000317,,2025-12-01,ECOMMERCE,COMPLETED,423.24
ORD-00002928,CUST-000038,,2025-03-23,ECOMMERCE,COMPLETED,789.5
ORD-00002929,CUST-000460,STORE-0003,2025-06-02,STORE,COMPLETED,264.99
ORD-00002930,CUST-000328,STORE-0010,2025-09-02,STORE,COMPLETED,400.27
ORD-00002931,CUST-000660,STORE-0011,2026-07-20,STORE,COMPLETED,282.75
ORD-00002932,CUST-000918,,2026-04-30,ECOMMERCE,COMPLETED,337.33
ORD-00002933,CUST-000354,STORE-0002,2025-02-20,STORE,COMPLETED,769.96
ORD-00002934,CUST-000192,STORE-0008,2026-04-20,STORE,COMPLETED,366.78
ORD-00002935,CUST-000332,,2026-04-06,ECOMMERCE,COMPLETED,304.31
ORD-00002936,CUST-000433,,2025-11-19,ECOMMERCE,RETURNED,680.09
ORD-00002937,CUST-000189,,2025-01-08,ECOMMERCE,COMPLETED,160.3
ORD-00002938,CUST-000096,STORE-0008,2025-12-09,STORE,COMPLETED,797.53
ORD-00002939,CUST-000619,STORE-0008,2025-10-12,STORE,CANCELLED,652.89
ORD-00002940,CUST-000790,STORE-0001,2026-01-05,STORE,COMPLETED,723.18
ORD-00002941,CUST-000003,STORE-0002,2026-05-10,STORE,COMPLETED,872.81
ORD-00002942,CUST-000152,STORE-0006,2026-06-02,STORE,COMPLETED,360.76
ORD-00002943,CUST-000605,STORE-0010,2025-07-21,STORE,COMPLETED,855.59
ORD-00002944,CUST-000466,,2026-08-29,ECOMMERCE,COMPLETED,491.83
ORD-00002945,CUST-000046,,2025-10-19,ECOMMERCE,COMPLETED,375.49
ORD-00002946,CUST-000811,STORE-0002,2026-05-01,STORE,COMPLETED,384.26
ORD-00002947,CUST-000906,STORE-0010,2026-08-09,STORE,COMPLETED,293.93
ORD-00002948,CUST-000461,STORE-0005,2025-11-04,STORE,CANCELLED,769.17
ORD-00002949,CUST-000685,,2026-08-17,ECOMMERCE,COMPLETED,249.85
ORD-00002950,CUST-000042,STORE-0004,2026-04-06,STORE,COMPLETED,16.99
ORD-00002951,CUST-000078,STORE-0005,2026-07-03,STORE,COMPLETED,498.69
ORD-00002952,CUST-000514,STORE-0012,2025-11-10,STORE,COMPLETED,602.03
ORD-00002953,CUST-000595,STORE-0004,2026-07-01,STORE,COMPLETED,269.49
ORD-00002954,CUST-000241,STORE-0007,2026-07-29,STORE,COMPLETED,171.85
ORD-00002955,CUST-000015,,2026-03-16,ECOMMERCE,COMPLETED,587.46
ORD-00002956,CUST-000022,,2025-04-12,ECOMMERCE,COMPLETED,678.23
ORD-00002957,CUST-000674,STORE-0005,2025-09-21,STORE,COMPLETED,816.77
ORD-00002958,CUST-000168,STORE-0006,2025-04-10,STORE,COMPLETED,270.57
ORD-00002959,CUST-000709,,2026-07-16,ECOMMERCE,COMPLETED,82.46
ORD-00002960,CUST-000125,STORE-0001,2025-09-03,STORE,COMPLETED,696.75
ORD-00002961,CUST-000277,,2025-07-03,ECOMMERCE,COMPLETED,414.39
ORD-00002962,CUST-000785,STORE-0009,2026-04-22,STORE,COMPLETED,440.9
ORD-00002963,CUST-000805,STORE-0002,2025-12-31,STORE,COMPLETED,327.62
ORD-00002964,CUST-000194,STORE-0009,2025-09-14,STORE,COMPLETED,821.16
ORD-00002965,CUST-000993,STORE-0002,2025-03-06,STORE,COMPLETED,317.76
ORD-00002966,CUST-000707,STORE-0009,2025-07-18,STORE,COMPLETED,833.37
ORD-00002967,CUST-000031,STORE-0006,2026-02-03,STORE,COMPLETED,397.68
ORD-00002968,CUST-000795,,2026-02-17,ECOMMERCE,COMPLETED,183.28
ORD-00002969,CUST-000793,STORE-0010,2025-03-10,STORE,RETURNED,674.02
ORD-00002970,CUST-000957,,2026-05-22,ECOMMERCE,COMPLETED,420.2
ORD-00002971,CUST-000378,STORE-0004,2025-02-12,STORE,COMPLETED,181.45
ORD-00002972,CUST-000018,STORE-0011,2026-01-17,STORE,COMPLETED,382.75
ORD-00002973,CUST-000993,,2025-11-19,ECOMMERCE,COMPLETED,90.42
ORD-00002974,CUST-000609,,2026-06-18,ECOMMERCE,COMPLETED,118.1
ORD-00002975,CUST-000507,STORE-0009,2026-07-19,STORE,COMPLETED,316.52
ORD-00002976,CUST-000034,STORE-0011,2025-11-21,STORE,COMPLETED,490.32
ORD-00002977,CUST-000040,STORE-0002,2025-02-26,STORE,RETURNED,603.37
ORD-00002978,CUST-000713,,2025-09-22,ECOMMERCE,COMPLETED,899.36
ORD-00002979,CUST-000871,STORE-0007,2025-03-18,STORE,RETURNED,336.95
ORD-00002980,CUST-000757,STORE-0005,2026-02-21,STORE,COMPLETED,883.41
ORD-00002981,CUST-000729,STORE-0002,2025-05-21,STORE,RETURNED,548.57
ORD-00002982,CUST-000372,,2025-04-27,ECOMMERCE,COMPLETED,248.82
ORD-00002983,CUST-000910,STORE-0002,2025-07-07,STORE,COMPLETED,530.27
ORD-00002984,CUST-000051,STORE-0005,2025-11-15,STORE,COMPLETED,501.93
ORD-00002985,CUST-000880,STORE-0002,2026-07-17,STORE,RETURNED,785.22
ORD-00002986,CUST-000929,STORE-0009,2025-11-01,STORE,COMPLETED,372.23
ORD-00002987,CUST-000320,,2026-03-07,ECOMMERCE,COMPLETED,309.94
ORD-00002988,CUST-000141,,2025-03-12,ECOMMERCE,COMPLETED,851.06
ORD-00002989,CUST-000913,STORE-0008,2025-02-13,STORE,COMPLETED,334.6
ORD-00002990,CUST-000271,STORE-0003,2026-08-29,STORE,RETURNED,807.1
ORD-00002991,CUST-000343,STORE-0003,2025-07-09,STORE,COMPLETED,518.58
ORD-00002992,CUST-000646,,2025-01-18,ECOMMERCE,COMPLETED,659.94
ORD-00002993,CUST-000756,STORE-0011,2026-06-06,STORE,COMPLETED,376.0
ORD-00002994,CUST-000897,,2025-10-07,ECOMMERCE,COMPLETED,660.92
ORD-00002995,CUST-000505,,2026-07-15,ECOMMERCE,COMPLETED,395.3
ORD-00002996,CUST-000398,STORE-0004,2026-06-25,STORE,COMPLETED,135.55
ORD-00002997,CUST-000422,,2026-08-16,ECOMMERCE,COMPLETED,235.39
ORD-00002998,CUST-000128,,2026-03-07,ECOMMERCE,COMPLETED,550.65
ORD-00002999,CUST-000118,STORE-0007,2026-08-28,STORE,COMPLETED,238.85
ORD-00003000,CUST-000189,STORE-0011,2026-08-18,STORE,COMPLETED,608.86
ORD-00003001,CUST-000042,STORE-0004,2025-09-13,STORE,COMPLETED,662.16
ORD-00003002,CUST-000137,,2025-08-12,ECOMMERCE,COMPLETED,114.66
ORD-00003003,CUST-000216,STORE-0012,2025-04-24,STORE,COMPLETED,27.18
ORD-00003004,CUST-000212,STORE-0008,2025-05-28,STORE,COMPLETED,588.45
ORD-00003005,CUST-000378,STORE-0006,2026-02-25,STORE,COMPLETED,474.2
ORD-00003006,CUST-000680,STORE-0004,2025-05-30,STORE,COMPLETED,327.56
ORD-00003007,CUST-000879,,2025-09-06,ECOMMERCE,COMPLETED,854.99
ORD-00003008,CUST-000259,STORE-0001,2026-03-20,STORE,COMPLETED,69.34
ORD-00003009,CUST-000062,,2026-04-15,ECOMMERCE,COMPLETED,195.4
ORD-00003010,CUST-000295,STORE-0003,2025-10-18,STORE,COMPLETED,392.14
ORD-00003011,CUST-000805,STORE-0009,2025-03-08,STORE,COMPLETED,322.84
ORD-00003012,CUST-000461,STORE-0004,2025-10-10,STORE,COMPLETED,867.7
ORD-00003013,CUST-000492,STORE-0004,2026-03-25,STORE,CANCELLED,30.17
ORD-00003014,CUST-000498,STORE-0007,2025-08-13,STORE,PENDING,503.3
ORD-00003015,CUST-000149,STORE-0002,2025-10-02,STORE,COMPLETED,476.99
ORD-00003016,CUST-000279,,2026-06-13,ECOMMERCE,COMPLETED,675.57
ORD-00003017,CUST-000581,STORE-0002,2025-09-05,STORE,CANCELLED,238.11
ORD-00003018,CUST-000981,STORE-0011,2026-07-24,STORE,COMPLETED,523.36
ORD-00003019,CUST-000944,,2025-07-07,ECOMMERCE,COMPLETED,880.04
ORD-00003020,CUST-000982,STORE-0001,2025-12-02,STORE,COMPLETED,696.17
ORD-00003021,CUST-000350,STORE-0001,2026-05-08,STORE,COMPLETED,110.99
ORD-00003022,CUST-000783,STORE-0007,2025-09-15,STORE,COMPLETED,255.67
ORD-00003023,CUST-000412,STORE-0011,2026-08-02,STORE,COMPLETED,100.04
ORD-00003024,CUST-000201,STORE-0004,2025-11-29,STORE,COMPLETED,312.49
ORD-00003025,CUST-000247,STORE-0009,2025-12-08,STORE,COMPLETED,396.28
ORD-00003026,CUST-000707,STORE-0002,2025-04-16,STORE,COMPLETED,136.24
ORD-00003027,CUST-000045,STORE-0004,2026-04-24,STORE,COMPLETED,896.42
ORD-00003028,CUST-000698,STORE-0009,2026-03-28,STORE,COMPLETED,210.35
ORD-00003029,CUST-000380,STORE-0002,2025-02-07,STORE,COMPLETED,827.61
ORD-00003030,CUST-000288,STORE-0011,2026-08-26,STORE,CANCELLED,805.4
ORD-00003031,CUST-000946,STORE-0004,2025-05-02,STORE,COMPLETED,236.53
ORD-00003032,CUST-000765,STORE-0011,2025-09-04,STORE,COMPLETED,624.76
ORD-00003033,CUST-000674,STORE-0012,2025-01-07,STORE,RETURNED,448.25
ORD-00003034,CUST-000815,,2026-02-26,ECOMMERCE,CANCELLED,103.58
ORD-00003035,CUST-000235,STORE-0010,2025-10-12,STORE,COMPLETED,631.3
ORD-00003036,CUST-000772,,2026-04-09,ECOMMERCE,COMPLETED,160.4
ORD-00003037,CUST-000643,,2026-08-09,ECOMMERCE,COMPLETED,258.6
ORD-00003038,CUST-000161,STORE-0004,2025-02-16,STORE,COMPLETED,188.33
ORD-00003039,CUST-000136,STORE-0005,2026-04-17,STORE,COMPLETED,412.78
ORD-00003040,CUST-000033,STORE-0002,2025-07-29,STORE,COMPLETED,684.58
ORD-00003041,CUST-000855,,2026-03-19,ECOMMERCE,COMPLETED,70.99
ORD-00003042,CUST-000486,,2026-01-23,ECOMMERCE,COMPLETED,346.46
ORD-00003043,CUST-000701,STORE-0007,2025-04-22,STORE,COMPLETED,154.42
ORD-00003044,CUST-000426,STORE-0002,2026-03-22,STORE,COMPLETED,734.15
ORD-00003045,CUST-000533,STORE-0012,2026-07-23,STORE,CANCELLED,484.82
ORD-00003046,CUST-000606,,2026-08-23,ECOMMERCE,PENDING,799.45
ORD-00003047,CUST-000609,STORE-0009,2026-08-04,STORE,COMPLETED,412.42
ORD-00003048,CUST-000857,STORE-0008,2025-10-13,STORE,COMPLETED,551.56
ORD-00003049,CUST-000818,,2025-01-21,ECOMMERCE,COMPLETED,276.55
ORD-00003050,CUST-000477,,2025-04-04,ECOMMERCE,COMPLETED,117.08
ORD-00003051,CUST-000923,,2025-02-25,ECOMMERCE,COMPLETED,634.74
ORD-00003052,CUST-000116,,2026-07-28,ECOMMERCE,COMPLETED,819.76
ORD-00003053,CUST-000756,STORE-0003,2025-02-24,STORE,COMPLETED,492.04
ORD-00003054,CUST-000130,STORE-0004,2025-02-21,STORE,COMPLETED,552.11
ORD-00003055,CUST-000248,,2026-07-06,ECOMMERCE,COMPLETED,315.11
ORD-00003056,CUST-000266,STORE-0005,2025-12-07,STORE,COMPLETED,747.88
ORD-00003057,CUST-000503,STORE-0004,2025-05-24,STORE,COMPLETED,210.15
ORD-00003058,CUST-000531,STORE-0003,2026-03-29,STORE,COMPLETED,653.01
ORD-00003059,CUST-000756,STORE-0006,2026-04-17,STORE,COMPLETED,259.54
ORD-00003060,CUST-000031,,2025-02-03,ECOMMERCE,COMPLETED,705.34
ORD-00003061,CUST-000708,,2025-01-25,ECOMMERCE,COMPLETED,654.93
ORD-00003062,CUST-000169,STORE-0012,2026-08-23,STORE,COMPLETED,623.84
ORD-00003063,CUST-000825,STORE-0002,2026-03-26,STORE,COMPLETED,492.04
ORD-00003064,CUST-000807,STORE-0011,2025-01-27,STORE,COMPLETED,889.74
ORD-00003065,CUST-000689,STORE-0002,2026-06-01,STORE,COMPLETED,680.99
ORD-00003066,CUST-000088,STORE-0009,2025-06-01,STORE,COMPLETED,525.1
ORD-00003067,CUST-000503,STORE-0009,2025-03-20,STORE,COMPLETED,744.56
ORD-00003068,CUST-000637,STORE-0001,2025-11-18,STORE,COMPLETED,50.74
ORD-00003069,CUST-000027,STORE-0001,2025-02-20,STORE,COMPLETED,246.24
ORD-00003070,CUST-000354,STORE-0011,2025-12-16,STORE,COMPLETED,655.65
ORD-00003071,CUST-000154,STORE-0007,2026-01-22,STORE,COMPLETED,223.68
ORD-00003072,CUST-000276,STORE-0009,2025-08-22,STORE,PENDING,342.07
ORD-00003073,CUST-000318,STORE-0003,2026-08-14,STORE,COMPLETED,52.06
ORD-00003074,CUST-000641,,2026-04-27,ECOMMERCE,COMPLETED,199.01
ORD-00003075,CUST-000877,STORE-0010,2026-07-26,STORE,COMPLETED,329.24
ORD-00003076,CUST-000791,,2026-06-23,ECOMMERCE,COMPLETED,72.1
ORD-00003077,CUST-000049,STORE-0002,2026-02-06,STORE,COMPLETED,482.79
ORD-00003078,CUST-000938,,2026-06-26,ECOMMERCE,COMPLETED,246.52
ORD-00003079,CUST-000986,,2025-07-01,ECOMMERCE,COMPLETED,434.17
ORD-00003080,CUST-000255,,2026-06-13,ECOMMERCE,COMPLETED,650.59
ORD-00003081,CUST-000664,STORE-0002,2026-02-14,STORE,COMPLETED,152.05
ORD-00003082,CUST-000714,STORE-0007,2025-10-30,STORE,COMPLETED,476.73
ORD-00003083,CUST-000683,STORE-0012,2025-11-11,STORE,COMPLETED,155.35
ORD-00003084,CUST-000430,STORE-0012,2025-05-14,STORE,COMPLETED,656.83
ORD-00003085,CUST-000220,STORE-0002,2025-11-14,STORE,RETURNED,237.89
ORD-00003086,CUST-000042,STORE-0007,2025-10-26,STORE,RETURNED,573.99
ORD-00003087,CUST-000969,STORE-0006,2025-10-25,STORE,COMPLETED,52.45
ORD-00003088,CUST-000235,STORE-0012,2026-01-13,STORE,COMPLETED,619.62
ORD-00003089,CUST-000983,STORE-0012,2025-01-24,STORE,COMPLETED,430.8
ORD-00003090,CUST-000812,STORE-0005,2025-10-25,STORE,COMPLETED,864.57
ORD-00003091,CUST-000939,STORE-0001,2025-08-20,STORE,COMPLETED,341.01
ORD-00003092,CUST-000513,STORE-0009,2025-07-02,STORE,COMPLETED,258.76
ORD-00003093,CUST-000138,,2026-04-22,ECOMMERCE,COMPLETED,632.01
ORD-00003094,CUST-000349,,2025-02-08,ECOMMERCE,COMPLETED,580.59
ORD-00003095,CUST-000299,,2025-09-02,ECOMMERCE,COMPLETED,206.28
ORD-00003096,CUST-000844,,2025-12-30,ECOMMERCE,COMPLETED,480.7
ORD-00003097,CUST-000905,STORE-0012,2025-05-06,STORE,COMPLETED,211.36
ORD-00003098,CUST-000105,STORE-0002,2025-04-07,STORE,COMPLETED,417.45
ORD-00003099,CUST-000900,STORE-0002,2026-07-12,STORE,COMPLETED,878.4
ORD-00003100,CUST-000094,STORE-0011,2025-07-22,STORE,COMPLETED,134.22
ORD-00003101,CUST-000232,STORE-0001,2026-02-21,STORE,COMPLETED,655.17
ORD-00003102,CUST-000941,,2026-06-02,ECOMMERCE,COMPLETED,866.11
ORD-00003103,CUST-000098,,2026-04-18,ECOMMERCE,RETURNED,774.66
ORD-00003104,CUST-000738,,2026-06-22,ECOMMERCE,CANCELLED,24.44
ORD-00003105,CUST-000841,STORE-0001,2025-01-31,STORE,COMPLETED,311.11
ORD-00003106,CUST-000563,STORE-0003,2026-06-21,STORE,RETURNED,231.28
ORD-00003107,CUST-000484,STORE-0011,2026-05-25,STORE,COMPLETED,266.03
ORD-00003108,CUST-000123,,2026-03-02,ECOMMERCE,CANCELLED,795.82
ORD-00003109,CUST-000402,,2026-01-12,ECOMMERCE,COMPLETED,321.03
ORD-00003110,CUST-000079,,2025-11-15,ECOMMERCE,COMPLETED,730.53
ORD-00003111,CUST-000655,,2026-08-12,ECOMMERCE,COMPLETED,492.22
ORD-00003112,CUST-000407,STORE-0009,2026-05-04,STORE,COMPLETED,38.34
ORD-00003113,CUST-000418,STORE-0004,2025-06-24,STORE,COMPLETED,154.55
ORD-00003114,CUST-000617,STORE-0009,2025-06-01,STORE,COMPLETED,414.39
ORD-00003115,CUST-000429,STORE-0002,2025-04-05,STORE,COMPLETED,47.29
ORD-00003116,CUST-000749,,2025-10-29,ECOMMERCE,COMPLETED,489.45
ORD-00003117,CUST-000044,,2026-01-11,ECOMMERCE,COMPLETED,703.55
ORD-00003118,CUST-000505,STORE-0007,2026-03-15,STORE,COMPLETED,714.8
ORD-00003119,CUST-000711,STORE-0002,2025-04-30,STORE,COMPLETED,392.47
ORD-00003120,CUST-000962,,2025-02-13,ECOMMERCE,RETURNED,789.22
ORD-00003121,CUST-000907,STORE-0004,2026-01-05,STORE,COMPLETED,797.82
ORD-00003122,CUST-000893,STORE-0001,2026-01-31,STORE,COMPLETED,418.23
ORD-00003123,CUST-000764,STORE-0004,2025-04-13,STORE,RETURNED,694.32
ORD-00003124,CUST-000349,STORE-0006,2025-02-23,STORE,COMPLETED,465.53
ORD-00003125,CUST-000586,STORE-0002,2026-05-13,STORE,COMPLETED,444.46
ORD-00003126,CUST-000660,,2025-05-27,ECOMMERCE,COMPLETED,885.77
ORD-00003127,CUST-000298,,2025-02-11,ECOMMERCE,COMPLETED,284.05
ORD-00003128,CUST-000813,STORE-0009,2026-04-04,STORE,COMPLETED,318.21
ORD-00003129,CUST-000884,STORE-0011,2026-07-18,STORE,COMPLETED,482.82
ORD-00003130,CUST-000218,STORE-0004,2026-01-19,STORE,COMPLETED,124.86
ORD-00003131,CUST-000380,STORE-0008,2025-01-19,STORE,COMPLETED,57.03
ORD-00003132,CUST-000579,STORE-0010,2025-03-08,STORE,COMPLETED,267.9
ORD-00003133,CUST-000017,STORE-0012,2026-04-09,STORE,PENDING,530.87
ORD-00003134,CUST-000775,STORE-0010,2026-08-10,STORE,COMPLETED,568.98
ORD-00003135,CUST-000587,,2026-01-20,ECOMMERCE,COMPLETED,596.24
ORD-00003136,CUST-000658,,2026-04-13,ECOMMERCE,COMPLETED,477.16
ORD-00003137,CUST-000803,STORE-0006,2026-08-17,STORE,COMPLETED,857.46
ORD-00003138,CUST-000339,STORE-0010,2025-04-16,STORE,COMPLETED,698.49
ORD-00003139,CUST-000584,,2025-07-19,ECOMMERCE,RETURNED,803.13
ORD-00003140,CUST-000860,STORE-0004,2025-10-29,STORE,COMPLETED,702.0
ORD-00003141,CUST-000578,STORE-0009,2025-02-26,STORE,COMPLETED,634.21
ORD-00003142,CUST-000485,,2025-06-08,ECOMMERCE,COMPLETED,119.18
ORD-00003143,CUST-000996,,2025-02-01,ECOMMERCE,COMPLETED,168.91
ORD-00003144,CUST-000576,STORE-0012,2025-08-22,STORE,COMPLETED,210.05
ORD-00003145,CUST-000617,,2026-01-06,ECOMMERCE,COMPLETED,810.19
ORD-00003146,CUST-000674,STORE-0009,2025-01-18,STORE,COMPLETED,883.13
ORD-00003147,CUST-000919,,2025-12-19,ECOMMERCE,RETURNED,800.25
ORD-00003148,CUST-000146,STORE-0012,2026-08-03,STORE,COMPLETED,317.09
ORD-00003149,CUST-000870,STORE-0003,2026-02-20,STORE,COMPLETED,332.47
ORD-00003150,CUST-000445,,2025-09-30,ECOMMERCE,COMPLETED,502.29
ORD-00003151,CUST-000353,STORE-0007,2025-03-16,STORE,RETURNED,206.72
ORD-00003152,CUST-000829,STORE-0007,2025-04-11,STORE,COMPLETED,621.82
ORD-00003153,CUST-000195,STORE-0009,2025-11-18,STORE,COMPLETED,882.72
ORD-00003154,CUST-000258,,2025-07-16,ECOMMERCE,COMPLETED,367.82
ORD-00003155,CUST-000602,STORE-0005,2026-06-06,STORE,COMPLETED,810.61
ORD-00003156,CUST-000853,,2025-06-18,ECOMMERCE,COMPLETED,213.01
ORD-00003157,CUST-000873,STORE-0009,2026-03-21,STORE,COMPLETED,818.0
ORD-00003158,CUST-000057,STORE-0002,2026-02-01,STORE,COMPLETED,81.43
ORD-00003159,CUST-000834,,2025-12-09,ECOMMERCE,COMPLETED,743.64
ORD-00003160,CUST-000969,STORE-0002,2026-01-20,STORE,COMPLETED,556.68
ORD-00003161,CUST-000301,STORE-0011,2025-03-16,STORE,COMPLETED,299.43
ORD-00003162,CUST-000793,STORE-0003,2026-06-19,STORE,COMPLETED,530.48
ORD-00003163,CUST-000422,STORE-0011,2025-05-28,STORE,COMPLETED,341.0
ORD-00003164,CUST-000277,STORE-0001,2026-05-23,STORE,COMPLETED,544.97
ORD-00003165,CUST-000060,STORE-0012,2026-04-05,STORE,CANCELLED,657.53
ORD-00003166,CUST-000422,,2025-05-14,ECOMMERCE,COMPLETED,319.93
ORD-00003167,CUST-000095,STORE-0012,2026-05-19,STORE,COMPLETED,746.02
ORD-00003168,CUST-000946,,2025-02-18,ECOMMERCE,PENDING,515.4
ORD-00003169,CUST-000069,,2025-09-27,ECOMMERCE,COMPLETED,843.87
ORD-00003170,CUST-000270,,2025-03-10,ECOMMERCE,RETURNED,190.62
ORD-00003171,CUST-000092,STORE-0003,2025-11-18,STORE,COMPLETED,838.59
ORD-00003172,CUST-000938,STORE-0007,2025-04-22,STORE,COMPLETED,835.54
ORD-00003173,CUST-000210,STORE-0003,2025-04-15,STORE,COMPLETED,159.59
ORD-00003174,CUST-000225,STORE-0007,2025-09-01,STORE,COMPLETED,881.9
ORD-00003175,CUST-000479,STORE-0008,2026-07-14,STORE,COMPLETED,320.29
ORD-00003176,CUST-000224,STORE-0008,2025-03-18,STORE,CANCELLED,497.49
ORD-00003177,CUST-000607,STORE-0001,2025-06-22,STORE,COMPLETED,300.88
ORD-00003178,CUST-000406,STORE-0005,2026-06-07,STORE,COMPLETED,738.45
ORD-00003179,CUST-000292,STORE-0001,2025-08-31,STORE,COMPLETED,618.61
ORD-00003180,CUST-000408,,2026-04-27,ECOMMERCE,COMPLETED,836.0
ORD-00003181,CUST-000759,,2026-05-27,ECOMMERCE,COMPLETED,165.73
ORD-00003182,CUST-000015,STORE-0003,2025-04-05,STORE,COMPLETED,806.43
ORD-00003183,CUST-000848,STORE-0003,2025-04-15,STORE,COMPLETED,246.07
ORD-00003184,CUST-000430,,2025-06-25,ECOMMERCE,COMPLETED,316.02
ORD-00003185,CUST-000804,,2026-03-25,ECOMMERCE,COMPLETED,392.03
ORD-00003186,CUST-000896,,2026-07-07,ECOMMERCE,COMPLETED,116.76
ORD-00003187,CUST-000557,STORE-0011,2025-11-23,STORE,COMPLETED,314.55
ORD-00003188,CUST-000461,STORE-0012,2025-01-24,STORE,COMPLETED,637.0
ORD-00003189,CUST-000652,STORE-0007,2026-02-17,STORE,COMPLETED,895.1
ORD-00003190,CUST-000717,STORE-0001,2026-02-17,STORE,COMPLETED,454.37
ORD-00003191,CUST-000531,,2025-05-31,ECOMMERCE,COMPLETED,28.68
ORD-00003192,CUST-000386,,2026-07-08,ECOMMERCE,COMPLETED,598.14
ORD-00003193,CUST-000230,STORE-0011,2025-12-24,STORE,COMPLETED,155.91
ORD-00003194,CUST-000696,,2026-01-10,ECOMMERCE,COMPLETED,311.52
ORD-00003195,CUST-000960,,2025-04-18,ECOMMERCE,COMPLETED,373.37
ORD-00003196,CUST-000075,STORE-0009,2025-06-28,STORE,COMPLETED,520.0
ORD-00003197,CUST-000408,STORE-0008,2025-02-10,STORE,COMPLETED,487.82
ORD-00003198,CUST-000241,,2026-03-17,ECOMMERCE,COMPLETED,494.54
ORD-00003199,CUST-000889,,2025-01-17,ECOMMERCE,RETURNED,127.28
ORD-00003200,CUST-000872,,2025-12-05,ECOMMERCE,COMPLETED,856.99
ORD-00003201,CUST-000236,,2026-07-10,ECOMMERCE,COMPLETED,651.48
ORD-00003202,CUST-000257,,2026-06-04,ECOMMERCE,RETURNED,588.81
ORD-00003203,CUST-000621,STORE-0006,2026-06-09,STORE,COMPLETED,73.43
ORD-00003204,CUST-000356,STORE-0008,2026-07-13,STORE,COMPLETED,866.75
ORD-00003205,CUST-000037,,2026-03-28,ECOMMERCE,COMPLETED,832.43
ORD-00003206,CUST-000558,STORE-0007,2026-04-04,STORE,COMPLETED,188.45
ORD-00003207,CUST-000673,,2025-07-11,ECOMMERCE,COMPLETED,559.79
ORD-00003208,CUST-000799,STORE-0002,2025-03-07,STORE,COMPLETED,602.37
ORD-00003209,CUST-000626,STORE-0009,2026-05-20,STORE,COMPLETED,147.68
ORD-00003210,CUST-000938,STORE-0007,2026-06-02,STORE,COMPLETED,763.28
ORD-00003211,CUST-000133,,2025-11-24,ECOMMERCE,COMPLETED,188.6
ORD-00003212,CUST-000040,,2026-06-29,ECOMMERCE,COMPLETED,479.08
ORD-00003213,CUST-000191,STORE-0011,2025-09-01,STORE,COMPLETED,630.52
ORD-00003214,CUST-000680,,2026-01-05,ECOMMERCE,COMPLETED,360.29
ORD-00003215,CUST-000340,,2026-04-13,ECOMMERCE,COMPLETED,42.11
ORD-00003216,CUST-000287,STORE-0009,2025-06-30,STORE,COMPLETED,318.23
ORD-00003217,CUST-000258,STORE-0003,2026-06-21,STORE,COMPLETED,540.33
ORD-00003218,CUST-000362,STORE-0010,2025-10-29,STORE,COMPLETED,233.26
ORD-00003219,CUST-000700,,2026-06-30,ECOMMERCE,COMPLETED,764.37
ORD-00003220,CUST-000851,,2025-08-16,ECOMMERCE,COMPLETED,187.19
ORD-00003221,CUST-000946,,2026-08-10,ECOMMERCE,RETURNED,316.06
ORD-00003222,CUST-000082,STORE-0011,2025-12-02,STORE,COMPLETED,688.93
ORD-00003223,CUST-000955,,2026-05-10,ECOMMERCE,COMPLETED,851.35
ORD-00003224,CUST-000992,STORE-0010,2025-06-25,STORE,COMPLETED,536.37
ORD-00003225,CUST-000228,,2025-12-18,ECOMMERCE,COMPLETED,706.79
ORD-00003226,CUST-000229,STORE-0009,2025-04-19,STORE,COMPLETED,361.23
ORD-00003227,CUST-000975,STORE-0011,2026-05-17,STORE,COMPLETED,861.29
ORD-00003228,CUST-000573,,2025-11-29,ECOMMERCE,COMPLETED,298.59
ORD-00003229,CUST-000697,STORE-0005,2025-09-25,STORE,COMPLETED,186.83
ORD-00003230,CUST-000123,STORE-0011,2026-06-09,STORE,COMPLETED,80.94
ORD-00003231,CUST-000936,,2026-05-08,ECOMMERCE,COMPLETED,160.86
ORD-00003232,CUST-000854,STORE-0012,2025-12-08,STORE,COMPLETED,253.18
ORD-00003233,CUST-000859,STORE-0006,2025-08-04,STORE,COMPLETED,93.06
ORD-00003234,CUST-000111,STORE-0006,2025-12-02,STORE,COMPLETED,206.69
ORD-00003235,CUST-000635,STORE-0004,2026-03-06,STORE,COMPLETED,763.6
ORD-00003236,CUST-000244,STORE-0007,2026-04-04,STORE,COMPLETED,55.53
ORD-00003237,CUST-000273,,2025-06-03,ECOMMERCE,COMPLETED,584.33
ORD-00003238,CUST-000974,STORE-0002,2025-02-06,STORE,COMPLETED,171.93
ORD-00003239,CUST-000542,STORE-0002,2026-08-29,STORE,COMPLETED,511.91
ORD-00003240,CUST-000855,STORE-0003,2026-05-05,STORE,COMPLETED,334.47
ORD-00003241,CUST-000527,STORE-0009,2026-07-26,STORE,COMPLETED,323.26
ORD-00003242,CUST-000141,STORE-0006,2026-07-25,STORE,COMPLETED,731.31
ORD-00003243,CUST-000060,STORE-0006,2026-08-21,STORE,COMPLETED,716.18
ORD-00003244,CUST-000453,STORE-0005,2025-11-02,STORE,COMPLETED,137.32
ORD-00003245,CUST-000523,,2025-12-12,ECOMMERCE,PENDING,805.46
ORD-00003246,CUST-000648,STORE-0006,2026-08-26,STORE,COMPLETED,336.88
ORD-00003247,CUST-000807,,2025-10-22,ECOMMERCE,COMPLETED,129.07
ORD-00003248,CUST-000933,,2025-05-02,ECOMMERCE,RETURNED,733.99
ORD-00003249,CUST-000341,STORE-0001,2025-05-20,STORE,RETURNED,20.54
ORD-00003250,CUST-000160,STORE-0005,2026-01-17,STORE,COMPLETED,533.9
ORD-00003251,CUST-000075,,2025-08-31,ECOMMERCE,COMPLETED,791.47
ORD-00003252,CUST-000847,,2025-04-29,ECOMMERCE,COMPLETED,783.61
ORD-00003253,CUST-000006,STORE-0006,2025-12-15,STORE,COMPLETED,476.78
ORD-00003254,CUST-000436,STORE-0009,2025-07-06,STORE,COMPLETED,266.26
ORD-00003255,CUST-000533,STORE-0009,2026-01-28,STORE,COMPLETED,563.67
ORD-00003256,CUST-000148,,2026-05-27,ECOMMERCE,RETURNED,625.97
ORD-00003257,CUST-000434,,2026-04-05,ECOMMERCE,CANCELLED,713.11
ORD-00003258,CUST-000300,,2026-02-28,ECOMMERCE,COMPLETED,20.63
ORD-00003259,CUST-000528,STORE-0012,2025-06-21,STORE,CANCELLED,269.8
ORD-00003260,CUST-000072,,2026-06-23,ECOMMERCE,COMPLETED,735.01
ORD-00003261,CUST-000828,,2025-04-19,ECOMMERCE,COMPLETED,183.52
ORD-00003262,CUST-000205,STORE-0010,2025-05-27,STORE,COMPLETED,585.96
ORD-00003263,CUST-000640,STORE-0002,2025-03-02,STORE,COMPLETED,22.18
ORD-00003264,CUST-000251,STORE-0007,2025-09-26,STORE,COMPLETED,195.5
ORD-00003265,CUST-000354,STORE-0001,2026-06-30,STORE,COMPLETED,432.42
ORD-00003266,CUST-000090,STORE-0011,2026-04-12,STORE,COMPLETED,174.89
ORD-00003267,CUST-000476,STORE-0006,2025-09-24,STORE,COMPLETED,336.42
ORD-00003268,CUST-000496,STORE-0003,2026-01-24,STORE,COMPLETED,520.53
ORD-00003269,CUST-000146,STORE-0010,2025-04-03,STORE,COMPLETED,701.33
ORD-00003270,CUST-000465,,2026-01-27,ECOMMERCE,CANCELLED,505.11
ORD-00003271,CUST-000402,,2025-02-24,ECOMMERCE,COMPLETED,175.76
ORD-00003272,CUST-000124,STORE-0011,2026-04-26,STORE,COMPLETED,419.59
ORD-00003273,CUST-000454,STORE-0012,2025-08-11,STORE,RETURNED,595.03
ORD-00003274,CUST-000980,,2025-01-30,ECOMMERCE,COMPLETED,167.7
ORD-00003275,CUST-000581,STORE-0010,2025-08-08,STORE,COMPLETED,795.18
ORD-00003276,CUST-000751,,2026-03-14,ECOMMERCE,COMPLETED,596.66
ORD-00003277,CUST-000656,STORE-0005,2025-08-30,STORE,COMPLETED,142.33
ORD-00003278,CUST-000333,,2026-01-08,ECOMMERCE,COMPLETED,231.4
ORD-00003279,CUST-000916,STORE-0009,2025-07-28,STORE,COMPLETED,846.63
ORD-00003280,CUST-000126,STORE-0008,2026-04-20,STORE,COMPLETED,796.02
ORD-00003281,CUST-000828,STORE-0007,2025-10-24,STORE,COMPLETED,32.31
ORD-00003282,CUST-000887,STORE-0005,2026-08-15,STORE,COMPLETED,700.81
ORD-00003283,CUST-000743,STORE-0002,2025-07-04,STORE,CANCELLED,549.19
ORD-00003284,CUST-000597,,2026-03-26,ECOMMERCE,COMPLETED,520.37
ORD-00003285,CUST-000166,STORE-0001,2025-12-06,STORE,COMPLETED,812.45
ORD-00003286,CUST-000540,STORE-0008,2025-04-26,STORE,COMPLETED,641.51
ORD-00003287,CUST-000142,,2026-08-17,ECOMMERCE,RETURNED,852.04
ORD-00003288,CUST-000134,STORE-0003,2025-01-29,STORE,COMPLETED,681.18
ORD-00003289,CUST-000813,STORE-0006,2026-02-11,STORE,COMPLETED,657.61
ORD-00003290,CUST-000193,STORE-0003,2025-02-08,STORE,CANCELLED,249.8
ORD-00003291,CUST-000622,STORE-0011,2026-04-22,STORE,COMPLETED,462.74
ORD-00003292,CUST-000358,STORE-0011,2025-08-04,STORE,COMPLETED,654.01
ORD-00003293,CUST-000684,,2026-06-11,ECOMMERCE,COMPLETED,224.56
ORD-00003294,CUST-000947,STORE-0001,2025-02-11,STORE,COMPLETED,261.15
ORD-00003295,CUST-000945,STORE-0007,2025-03-25,STORE,COMPLETED,771.84
ORD-00003296,CUST-000113,STORE-0008,2025-03-10,STORE,COMPLETED,786.57
ORD-00003297,CUST-000893,,2026-08-08,ECOMMERCE,CANCELLED,782.82
ORD-00003298,CUST-000153,STORE-0011,2026-08-15,STORE,COMPLETED,835.27
ORD-00003299,CUST-000768,,2025-12-23,ECOMMERCE,COMPLETED,96.84
ORD-00003300,CUST-000284,STORE-0011,2026-06-08,STORE,COMPLETED,556.69
ORD-00003301,CUST-000006,STORE-0010,2026-03-02,STORE,PENDING,88.14
ORD-00003302,CUST-000512,,2025-04-06,ECOMMERCE,COMPLETED,116.93
ORD-00003303,CUST-000649,STORE-0003,2025-06-05,STORE,COMPLETED,154.3
ORD-00003304,CUST-000947,,2026-04-17,ECOMMERCE,COMPLETED,681.1
ORD-00003305,CUST-000118,STORE-0010,2025-04-02,STORE,COMPLETED,353.59
ORD-00003306,CUST-000936,STORE-0003,2025-02-12,STORE,COMPLETED,653.68
ORD-00003307,CUST-000741,STORE-0006,2026-06-26,STORE,COMPLETED,840.18
ORD-00003308,CUST-000638,STORE-0012,2025-08-08,STORE,COMPLETED,521.12
ORD-00003309,CUST-000346,STORE-0004,2026-07-04,STORE,COMPLETED,173.27
ORD-00003310,CUST-000682,,2025-11-05,ECOMMERCE,COMPLETED,106.71
ORD-00003311,CUST-000289,,2025-06-30,ECOMMERCE,COMPLETED,266.74
ORD-00003312,CUST-000700,,2026-02-09,ECOMMERCE,COMPLETED,139.44
ORD-00003313,CUST-000009,STORE-0010,2025-12-01,STORE,PENDING,147.86
ORD-00003314,CUST-000132,STORE-0001,2026-08-29,STORE,COMPLETED,764.48
ORD-00003315,CUST-000359,,2026-01-25,ECOMMERCE,COMPLETED,73.43
ORD-00003316,CUST-000671,,2025-01-02,ECOMMERCE,COMPLETED,204.94
ORD-00003317,CUST-000611,,2025-12-20,ECOMMERCE,COMPLETED,629.69
ORD-00003318,CUST-000018,STORE-0002,2025-08-23,STORE,RETURNED,120.01
ORD-00003319,CUST-000435,STORE-0006,2026-07-17,STORE,COMPLETED,339.52
ORD-00003320,CUST-000947,STORE-0003,2025-08-06,STORE,COMPLETED,244.53
ORD-00003321,CUST-000761,STORE-0003,2025-01-27,STORE,COMPLETED,441.44
ORD-00003322,CUST-000127,STORE-0006,2025-06-15,STORE,COMPLETED,508.41
ORD-00003323,CUST-000171,STORE-0010,2025-03-04,STORE,COMPLETED,653.57
ORD-00003324,CUST-000437,STORE-0010,2025-01-23,STORE,COMPLETED,130.04
ORD-00003325,CUST-000544,,2025-04-20,ECOMMERCE,COMPLETED,246.04
ORD-00003326,CUST-000848,,2025-01-08,ECOMMERCE,COMPLETED,643.64
ORD-00003327,CUST-000256,STORE-0001,2025-05-08,STORE,COMPLETED,336.42
ORD-00003328,CUST-000980,,2026-05-24,ECOMMERCE,COMPLETED,695.05
ORD-00003329,CUST-000434,STORE-0005,2025-03-08,STORE,COMPLETED,537.26
ORD-00003330,CUST-000357,,2026-01-16,ECOMMERCE,COMPLETED,761.5
ORD-00003331,CUST-000258,,2026-05-07,ECOMMERCE,COMPLETED,136.12
ORD-00003332,CUST-000473,,2026-03-21,ECOMMERCE,COMPLETED,54.05
ORD-00003333,CUST-000122,STORE-0009,2025-05-06,STORE,COMPLETED,38.58
ORD-00003334,CUST-000812,,2026-02-27,ECOMMERCE,COMPLETED,103.83
ORD-00003335,CUST-000782,STORE-0002,2026-05-16,STORE,COMPLETED,471.91
ORD-00003336,CUST-000530,STORE-0002,2026-01-11,STORE,COMPLETED,146.1
ORD-00003337,CUST-000738,STORE-0002,2025-12-17,STORE,COMPLETED,425.16
ORD-00003338,CUST-000044,STORE-0007,2026-04-09,STORE,COMPLETED,62.69
ORD-00003339,CUST-000341,,2025-03-23,ECOMMERCE,RETURNED,734.5
ORD-00003340,CUST-000994,STORE-0009,2025-10-10,STORE,COMPLETED,191.55
ORD-00003341,CUST-000117,STORE-0012,2025-07-21,STORE,COMPLETED,515.14
ORD-00003342,CUST-000545,STORE-0009,2025-12-30,STORE,COMPLETED,637.52
ORD-00003343,CUST-000509,STORE-0001,2025-07-29,STORE,COMPLETED,19.84
ORD-00003344,CUST-000688,STORE-0004,2026-02-17,STORE,COMPLETED,731.73
ORD-00003345,CUST-000945,,2025-09-18,ECOMMERCE,COMPLETED,802.33
ORD-00003346,CUST-000153,STORE-0002,2025-12-28,STORE,COMPLETED,479.29
ORD-00003347,CUST-000717,,2026-05-02,ECOMMERCE,COMPLETED,65.96
ORD-00003348,CUST-000425,STORE-0007,2025-04-13,STORE,COMPLETED,307.34
ORD-00003349,CUST-000774,STORE-0002,2025-04-30,STORE,COMPLETED,535.84
ORD-00003350,CUST-000128,,2025-09-16,ECOMMERCE,COMPLETED,677.89
ORD-00003351,CUST-000242,STORE-0009,2026-07-20,STORE,COMPLETED,647.69
ORD-00003352,CUST-000879,,2025-10-04,ECOMMERCE,COMPLETED,293.82
ORD-00003353,CUST-000725,,2025-03-09,ECOMMERCE,COMPLETED,167.33
ORD-00003354,CUST-000624,STORE-0009,2025-02-08,STORE,COMPLETED,278.4
ORD-00003355,CUST-000842,,2026-05-24,ECOMMERCE,RETURNED,364.58
ORD-00003356,CUST-000505,STORE-0011,2025-08-18,STORE,COMPLETED,190.82
ORD-00003357,CUST-000702,STORE-0002,2026-03-01,STORE,COMPLETED,507.54
ORD-00003358,CUST-000421,STORE-0007,2025-04-12,STORE,COMPLETED,444.19
ORD-00003359,CUST-000497,,2026-05-07,ECOMMERCE,COMPLETED,234.69
ORD-00003360,CUST-000781,,2025-11-27,ECOMMERCE,COMPLETED,201.68
ORD-00003361,CUST-000528,,2026-08-29,ECOMMERCE,COMPLETED,530.83
ORD-00003362,CUST-000626,,2026-04-02,ECOMMERCE,COMPLETED,74.29
ORD-00003363,CUST-000271,,2025-06-19,ECOMMERCE,CANCELLED,765.59
ORD-00003364,CUST-000143,,2025-01-27,ECOMMERCE,COMPLETED,60.12
ORD-00003365,CUST-000926,STORE-0009,2025-06-25,STORE,COMPLETED,378.51
ORD-00003366,CUST-000677,,2025-01-29,ECOMMERCE,COMPLETED,599.49
ORD-00003367,CUST-000871,STORE-0009,2025-03-27,STORE,COMPLETED,620.65
ORD-00003368,CUST-000586,,2026-06-10,ECOMMERCE,COMPLETED,798.18
ORD-00003369,CUST-000460,,2025-05-31,ECOMMERCE,CANCELLED,88.9
ORD-00003370,CUST-000023,STORE-0012,2026-07-05,STORE,COMPLETED,535.07
ORD-00003371,CUST-000678,STORE-0009,2025-02-01,STORE,COMPLETED,768.49
ORD-00003372,CUST-000951,,2026-02-13,ECOMMERCE,CANCELLED,284.14
ORD-00003373,CUST-000777,STORE-0002,2026-04-08,STORE,RETURNED,796.85
ORD-00003374,CUST-000756,STORE-0004,2026-08-08,STORE,PENDING,875.68
ORD-00003375,CUST-000955,STORE-0001,2026-07-07,STORE,COMPLETED,733.51
ORD-00003376,CUST-000048,STORE-0007,2026-05-01,STORE,COMPLETED,604.93
ORD-00003377,CUST-000185,,2025-07-13,ECOMMERCE,COMPLETED,90.34
ORD-00003378,CUST-000094,STORE-0011,2025-03-28,STORE,RETURNED,467.14
ORD-00003379,CUST-000837,STORE-0010,2025-10-04,STORE,COMPLETED,545.91
ORD-00003380,CUST-000926,STORE-0009,2025-06-04,STORE,COMPLETED,680.66
ORD-00003381,CUST-000687,STORE-0008,2025-02-21,STORE,COMPLETED,536.12
ORD-00003382,CUST-000121,STORE-0005,2025-04-01,STORE,COMPLETED,389.82
ORD-00003383,CUST-000046,STORE-0008,2026-07-20,STORE,COMPLETED,171.67
ORD-00003384,CUST-000916,STORE-0012,2026-07-21,STORE,COMPLETED,309.98
ORD-00003385,CUST-000110,STORE-0008,2026-08-18,STORE,COMPLETED,727.26
ORD-00003386,CUST-000408,,2025-07-06,ECOMMERCE,COMPLETED,54.97
ORD-00003387,CUST-000432,STORE-0012,2025-10-17,STORE,COMPLETED,348.04
ORD-00003388,CUST-000738,STORE-0005,2026-03-16,STORE,COMPLETED,415.96
ORD-00003389,CUST-000067,STORE-0008,2025-01-12,STORE,COMPLETED,314.15
ORD-00003390,CUST-000164,STORE-0006,2026-08-17,STORE,COMPLETED,745.59
ORD-00003391,CUST-000556,STORE-0009,2025-05-09,STORE,COMPLETED,871.38
ORD-00003392,CUST-000798,,2025-08-16,ECOMMERCE,COMPLETED,369.12
ORD-00003393,CUST-000234,,2025-02-12,ECOMMERCE,CANCELLED,136.65
ORD-00003394,CUST-000492,STORE-0003,2026-06-24,STORE,COMPLETED,524.54
ORD-00003395,CUST-000639,STORE-0002,2025-04-02,STORE,COMPLETED,204.79
ORD-00003396,CUST-000601,,2025-09-12,ECOMMERCE,COMPLETED,683.61
ORD-00003397,CUST-000835,STORE-0003,2025-07-29,STORE,COMPLETED,110.55
ORD-00003398,CUST-000737,STORE-0007,2025-01-01,STORE,COMPLETED,883.2
ORD-00003399,CUST-000261,STORE-0006,2026-07-24,STORE,COMPLETED,369.54
ORD-00003400,CUST-000718,,2025-01-23,ECOMMERCE,CANCELLED,333.88
ORD-00003401,CUST-000769,,2025-11-06,ECOMMERCE,COMPLETED,247.03
ORD-00003402,CUST-000440,STORE-0006,2025-02-02,STORE,COMPLETED,631.86
ORD-00003403,CUST-000807,STORE-0010,2026-03-03,STORE,COMPLETED,70.91
ORD-00003404,CUST-000496,,2025-03-08,ECOMMERCE,COMPLETED,127.2
ORD-00003405,CUST-000552,STORE-0010,2026-07-14,STORE,COMPLETED,498.83
ORD-00003406,CUST-000747,,2025-01-03,ECOMMERCE,COMPLETED,423.63
ORD-00003407,CUST-000100,STORE-0005,2025-03-23,STORE,COMPLETED,381.12
ORD-00003408,CUST-000108,,2025-08-20,ECOMMERCE,COMPLETED,565.95
ORD-00003409,CUST-000642,,2026-01-21,ECOMMERCE,RETURNED,498.13
ORD-00003410,CUST-000552,STORE-0010,2025-09-12,STORE,COMPLETED,529.87
ORD-00003411,CUST-000563,,2026-03-27,ECOMMERCE,COMPLETED,463.45
ORD-00003412,CUST-000706,STORE-0002,2025-12-02,STORE,COMPLETED,246.18
ORD-00003413,CUST-000676,STORE-0001,2025-04-24,STORE,COMPLETED,134.27
ORD-00003414,CUST-000185,STORE-0001,2026-05-05,STORE,PENDING,233.06
ORD-00003415,CUST-000911,,2025-02-15,ECOMMERCE,COMPLETED,77.29
ORD-00003416,CUST-000700,STORE-0012,2025-03-05,STORE,COMPLETED,542.47
ORD-00003417,CUST-000569,,2026-02-09,ECOMMERCE,COMPLETED,293.23
ORD-00003418,CUST-000727,STORE-0011,2025-05-09,STORE,COMPLETED,527.65
ORD-00003419,CUST-000614,STORE-0001,2026-01-24,STORE,COMPLETED,58.5
ORD-00003420,CUST-000667,STORE-0010,2025-11-05,STORE,COMPLETED,279.36
ORD-00003421,CUST-000257,,2025-07-03,ECOMMERCE,COMPLETED,829.65
ORD-00003422,CUST-000699,,2025-10-08,ECOMMERCE,COMPLETED,670.4
ORD-00003423,CUST-000446,STORE-0007,2026-05-25,STORE,COMPLETED,304.28
ORD-00003424,CUST-000166,STORE-0001,2025-11-15,STORE,COMPLETED,780.68
ORD-00003425,CUST-000454,STORE-0006,2026-07-05,STORE,CANCELLED,520.52
ORD-00003426,CUST-000316,,2025-11-23,ECOMMERCE,RETURNED,185.17
ORD-00003427,CUST-000624,STORE-0001,2026-03-12,STORE,COMPLETED,773.48
ORD-00003428,CUST-000819,STORE-0007,2026-01-26,STORE,COMPLETED,771.05
ORD-00003429,CUST-000429,STORE-0006,2025-10-24,STORE,COMPLETED,365.89
ORD-00003430,CUST-000623,STORE-0006,2025-08-23,STORE,RETURNED,23.1
ORD-00003431,CUST-000436,,2025-06-14,ECOMMERCE,COMPLETED,119.8
ORD-00003432,CUST-000186,STORE-0008,2026-03-15,STORE,RETURNED,438.35
ORD-00003433,CUST-000319,,2026-02-15,ECOMMERCE,COMPLETED,294.66
ORD-00003434,CUST-000029,STORE-0002,2025-03-22,STORE,COMPLETED,642.59
ORD-00003435,CUST-000382,STORE-0009,2025-09-15,STORE,COMPLETED,472.61
ORD-00003436,CUST-000062,STORE-0001,2026-07-04,STORE,COMPLETED,435.01
ORD-00003437,CUST-000406,STORE-0008,2026-05-22,STORE,PENDING,128.15
ORD-00003438,CUST-000178,,2026-08-15,ECOMMERCE,COMPLETED,848.47
ORD-00003439,CUST-000805,STORE-0001,2025-10-07,STORE,COMPLETED,894.88
ORD-00003440,CUST-000270,STORE-0003,2026-03-12,STORE,COMPLETED,661.45
ORD-00003441,CUST-000055,,2025-07-28,ECOMMERCE,COMPLETED,217.49
ORD-00003442,CUST-000491,,2025-12-17,ECOMMERCE,COMPLETED,320.96
ORD-00003443,CUST-000396,STORE-0009,2025-02-19,STORE,COMPLETED,325.06
ORD-00003444,CUST-000173,,2026-01-13,ECOMMERCE,PENDING,853.97
ORD-00003445,CUST-000131,STORE-0002,2026-07-25,STORE,COMPLETED,220.82
ORD-00003446,CUST-000260,STORE-0006,2025-10-02,STORE,COMPLETED,613.1
ORD-00003447,CUST-000313,STORE-0011,2026-01-12,STORE,COMPLETED,428.49
ORD-00003448,CUST-000891,,2025-07-21,ECOMMERCE,COMPLETED,82.88
ORD-00003449,CUST-000199,STORE-0003,2026-04-04,STORE,COMPLETED,490.48
ORD-00003450,CUST-000749,,2026-05-19,ECOMMERCE,COMPLETED,564.4
ORD-00003451,CUST-000087,,2026-04-07,ECOMMERCE,COMPLETED,699.59
ORD-00003452,CUST-000249,,2025-10-28,ECOMMERCE,COMPLETED,615.49
ORD-00003453,CUST-000174,STORE-0001,2025-07-16,STORE,COMPLETED,506.25
ORD-00003454,CUST-000174,STORE-0002,2026-05-02,STORE,COMPLETED,26.16
ORD-00003455,CUST-000821,STORE-0002,2026-02-01,STORE,RETURNED,746.63
ORD-00003456,CUST-000732,STORE-0011,2025-07-19,STORE,COMPLETED,553.86
ORD-00003457,CUST-000236,,2025-11-29,ECOMMERCE,COMPLETED,460.19
ORD-00003458,CUST-000640,STORE-0004,2025-12-05,STORE,COMPLETED,794.77
ORD-00003459,CUST-000879,STORE-0012,2025-04-17,STORE,COMPLETED,647.91
ORD-00003460,CUST-000486,STORE-0009,2025-10-21,STORE,COMPLETED,74.26
ORD-00003461,CUST-000177,STORE-0005,2025-09-18,STORE,COMPLETED,607.97
ORD-00003462,CUST-000269,STORE-0007,2025-02-24,STORE,COMPLETED,201.09
ORD-00003463,CUST-000371,STORE-0012,2025-03-09,STORE,COMPLETED,563.29
ORD-00003464,CUST-000804,STORE-0009,2025-04-20,STORE,COMPLETED,622.32
ORD-00003465,CUST-000820,,2025-11-25,ECOMMERCE,COMPLETED,542.24
ORD-00003466,CUST-000468,STORE-0009,2026-06-09,STORE,COMPLETED,788.61
ORD-00003467,CUST-000824,,2026-08-05,ECOMMERCE,COMPLETED,889.53
ORD-00003468,CUST-000796,STORE-0003,2025-03-04,STORE,COMPLETED,886.98
ORD-00003469,CUST-000720,STORE-0003,2026-05-06,STORE,COMPLETED,758.17
ORD-00003470,CUST-000260,,2026-01-21,ECOMMERCE,COMPLETED,732.05
ORD-00003471,CUST-000613,,2026-07-08,ECOMMERCE,COMPLETED,352.48
ORD-00003472,CUST-000275,STORE-0003,2025-07-28,STORE,COMPLETED,589.1
ORD-00003473,CUST-000167,STORE-0009,2025-08-30,STORE,COMPLETED,716.23
ORD-00003474,CUST-000116,STORE-0011,2026-07-17,STORE,COMPLETED,361.83
ORD-00003475,CUST-000967,,2026-08-04,ECOMMERCE,COMPLETED,167.58
ORD-00003476,CUST-000947,,2025-02-20,ECOMMERCE,COMPLETED,507.99
ORD-00003477,CUST-000150,STORE-0002,2025-02-15,STORE,COMPLETED,28.19
ORD-00003478,CUST-000911,STORE-0001,2025-01-17,STORE,COMPLETED,476.99
ORD-00003479,CUST-000389,STORE-0002,2025-02-16,STORE,CANCELLED,464.51
ORD-00003480,CUST-000688,STORE-0009,2026-05-08,STORE,COMPLETED,122.71
ORD-00003481,CUST-000838,STORE-0005,2025-07-13,STORE,COMPLETED,720.22
ORD-00003482,CUST-000940,STORE-0012,2025-08-29,STORE,CANCELLED,271.09
ORD-00003483,CUST-000250,STORE-0011,2025-03-29,STORE,COMPLETED,683.28
ORD-00003484,CUST-000283,,2026-03-08,ECOMMERCE,COMPLETED,693.29
ORD-00003485,CUST-000142,STORE-0004,2025-11-19,STORE,COMPLETED,781.72
ORD-00003486,CUST-000853,STORE-0011,2025-04-11,STORE,COMPLETED,190.72
ORD-00003487,CUST-000018,,2026-04-14,ECOMMERCE,COMPLETED,372.79
ORD-00003488,CUST-000379,STORE-0005,2025-12-04,STORE,RETURNED,535.67
ORD-00003489,CUST-000077,STORE-0006,2025-01-21,STORE,CANCELLED,55.78
ORD-00003490,CUST-000919,STORE-0011,2026-02-04,STORE,COMPLETED,96.44
ORD-00003491,CUST-000663,STORE-0007,2026-01-15,STORE,COMPLETED,91.59
ORD-00003492,CUST-000861,STORE-0004,2025-10-16,STORE,COMPLETED,410.61
ORD-00003493,CUST-000409,STORE-0010,2026-08-29,STORE,COMPLETED,562.47
ORD-00003494,CUST-000630,STORE-0001,2026-01-12,STORE,COMPLETED,687.78
ORD-00003495,CUST-000562,STORE-0004,2025-10-29,STORE,COMPLETED,349.46
ORD-00003496,CUST-000579,,2026-02-19,ECOMMERCE,COMPLETED,552.14
ORD-00003497,CUST-000541,,2025-08-28,ECOMMERCE,COMPLETED,508.86
ORD-00003498,CUST-000651,STORE-0010,2025-05-02,STORE,COMPLETED,895.58
ORD-00003499,CUST-000497,,2025-03-16,ECOMMERCE,COMPLETED,343.33
ORD-00003500,CUST-000185,STORE-0006,2026-04-10,STORE,COMPLETED,518.87
ORD-00003501,CUST-000024,,2025-08-31,ECOMMERCE,COMPLETED,849.79
ORD-00003502,CUST-000903,STORE-0012,2026-01-03,STORE,COMPLETED,867.6
ORD-00003503,CUST-000573,STORE-0003,2026-01-25,STORE,COMPLETED,880.33
ORD-00003504,CUST-000006,STORE-0010,2026-01-13,STORE,RETURNED,847.56
ORD-00003505,CUST-000370,,2025-12-10,ECOMMERCE,COMPLETED,874.79
ORD-00003506,CUST-000499,STORE-0008,2025-10-25,STORE,COMPLETED,608.8
ORD-00003507,CUST-000304,STORE-0007,2025-07-09,STORE,COMPLETED,100.47
ORD-00003508,CUST-000855,,2026-07-19,ECOMMERCE,COMPLETED,96.33
ORD-00003509,CUST-000413,,2025-05-22,ECOMMERCE,COMPLETED,171.67
ORD-00003510,CUST-000966,STORE-0008,2025-12-09,STORE,COMPLETED,80.89
ORD-00003511,CUST-000725,STORE-0005,2026-01-11,STORE,COMPLETED,131.72
ORD-00003512,CUST-000355,,2025-10-28,ECOMMERCE,COMPLETED,752.59
ORD-00003513,CUST-000446,STORE-0009,2025-05-10,STORE,COMPLETED,526.51
ORD-00003514,CUST-000891,STORE-0006,2026-05-24,STORE,COMPLETED,643.62
ORD-00003515,CUST-000752,STORE-0001,2025-03-06,STORE,COMPLETED,209.31
ORD-00003516,CUST-000351,,2026-02-24,ECOMMERCE,COMPLETED,61.76
ORD-00003517,CUST-000848,STORE-0003,2025-10-13,STORE,COMPLETED,430.95
ORD-00003518,CUST-000167,STORE-0009,2025-12-02,STORE,CANCELLED,798.65
ORD-00003519,CUST-000060,STORE-0002,2026-05-13,STORE,COMPLETED,851.61
ORD-00003520,CUST-000188,,2025-06-14,ECOMMERCE,COMPLETED,649.61
ORD-00003521,CUST-000140,STORE-0007,2025-03-16,STORE,COMPLETED,841.55
ORD-00003522,CUST-000814,,2026-01-18,ECOMMERCE,COMPLETED,73.33
ORD-00003523,CUST-000966,,2026-07-30,ECOMMERCE,COMPLETED,681.46
ORD-00003524,CUST-000119,STORE-0010,2026-01-16,STORE,RETURNED,555.22
ORD-00003525,CUST-000908,,2025-04-22,ECOMMERCE,PENDING,596.39
ORD-00003526,CUST-000438,STORE-0002,2025-02-14,STORE,COMPLETED,216.26
ORD-00003527,CUST-000813,,2026-03-28,ECOMMERCE,COMPLETED,519.02
ORD-00003528,CUST-000034,STORE-0008,2025-03-14,STORE,COMPLETED,540.38
ORD-00003529,CUST-000005,,2026-05-11,ECOMMERCE,COMPLETED,635.09
ORD-00003530,CUST-000089,,2026-06-01,ECOMMERCE,COMPLETED,291.35
ORD-00003531,CUST-000716,,2025-10-28,ECOMMERCE,COMPLETED,586.59
ORD-00003532,CUST-000535,,2026-04-25,ECOMMERCE,COMPLETED,506.47
ORD-00003533,CUST-000879,STORE-0007,2025-12-19,STORE,COMPLETED,242.53
ORD-00003534,CUST-000785,,2025-04-29,ECOMMERCE,COMPLETED,663.44
ORD-00003535,CUST-000813,,2026-06-12,ECOMMERCE,RETURNED,880.0
ORD-00003536,CUST-000319,STORE-0009,2025-03-26,STORE,COMPLETED,696.9
ORD-00003537,CUST-000037,,2025-09-22,ECOMMERCE,COMPLETED,151.05
ORD-00003538,CUST-000680,,2026-02-17,ECOMMERCE,COMPLETED,177.11
ORD-00003539,CUST-000304,STORE-0004,2026-01-04,STORE,COMPLETED,478.76
ORD-00003540,CUST-000248,,2025-12-12,ECOMMERCE,COMPLETED,148.97
ORD-00003541,CUST-000416,STORE-0005,2026-07-13,STORE,COMPLETED,674.62
ORD-00003542,CUST-000603,STORE-0009,2025-08-13,STORE,PENDING,896.86
ORD-00003543,CUST-000954,,2026-07-09,ECOMMERCE,COMPLETED,499.24
ORD-00003544,CUST-000326,,2025-08-22,ECOMMERCE,COMPLETED,883.54
ORD-00003545,CUST-000993,,2025-11-02,ECOMMERCE,COMPLETED,137.04
ORD-00003546,CUST-000343,STORE-0001,2026-04-02,STORE,COMPLETED,835.41
ORD-00003547,CUST-000403,,2026-01-04,ECOMMERCE,COMPLETED,311.97
ORD-00003548,CUST-000984,STORE-0007,2025-06-13,STORE,COMPLETED,176.75
ORD-00003549,CUST-000609,,2025-02-04,ECOMMERCE,COMPLETED,309.98
ORD-00003550,CUST-000110,,2025-02-13,ECOMMERCE,COMPLETED,634.36
ORD-00003551,CUST-000683,,2025-04-15,ECOMMERCE,CANCELLED,103.26
ORD-00003552,CUST-000103,STORE-0008,2026-06-04,STORE,RETURNED,98.86
ORD-00003553,CUST-000020,,2025-05-26,ECOMMERCE,COMPLETED,276.01
ORD-00003554,CUST-000699,,2026-02-03,ECOMMERCE,COMPLETED,636.89
ORD-00003555,CUST-000025,STORE-0007,2026-01-15,STORE,CANCELLED,293.89
ORD-00003556,CUST-000275,,2025-03-27,ECOMMERCE,COMPLETED,898.42
ORD-00003557,CUST-000683,,2025-05-19,ECOMMERCE,COMPLETED,812.49
ORD-00003558,CUST-000922,,2026-08-03,ECOMMERCE,COMPLETED,866.35
ORD-00003559,CUST-000881,STORE-0007,2025-02-21,STORE,COMPLETED,113.23
ORD-00003560,CUST-000737,STORE-0003,2025-12-22,STORE,RETURNED,594.39
ORD-00003561,CUST-000266,,2026-03-27,ECOMMERCE,COMPLETED,561.61
ORD-00003562,CUST-000290,STORE-0001,2026-05-20,STORE,COMPLETED,407.0
ORD-00003563,CUST-000133,STORE-0008,2026-07-18,STORE,COMPLETED,328.17
ORD-00003564,CUST-000691,,2026-01-10,ECOMMERCE,COMPLETED,823.41
ORD-00003565,CUST-000850,,2025-03-09,ECOMMERCE,COMPLETED,884.57
ORD-00003566,CUST-000694,STORE-0010,2025-08-10,STORE,RETURNED,698.98
ORD-00003567,CUST-000707,STORE-0010,2025-05-02,STORE,COMPLETED,323.17
ORD-00003568,CUST-000900,,2025-08-08,ECOMMERCE,COMPLETED,463.24
ORD-00003569,CUST-000779,,2025-10-19,ECOMMERCE,COMPLETED,495.34
ORD-00003570,CUST-000932,STORE-0002,2025-08-15,STORE,PENDING,313.08
ORD-00003571,CUST-000914,STORE-0003,2026-07-13,STORE,COMPLETED,687.57
ORD-00003572,CUST-000383,STORE-0011,2026-08-04,STORE,COMPLETED,55.45
ORD-00003573,CUST-000035,STORE-0001,2026-02-22,STORE,RETURNED,518.91
ORD-00003574,CUST-000660,STORE-0001,2026-02-12,STORE,COMPLETED,849.47
ORD-00003575,CUST-000561,,2025-03-02,ECOMMERCE,COMPLETED,357.37
ORD-00003576,CUST-000270,STORE-0001,2025-09-05,STORE,PENDING,458.34
ORD-00003577,CUST-000129,,2025-08-12,ECOMMERCE,COMPLETED,519.69
ORD-00003578,CUST-000595,STORE-0012,2026-01-19,STORE,COMPLETED,33.15
ORD-00003579,CUST-000470,STORE-0007,2025-06-10,STORE,COMPLETED,22.12
ORD-00003580,CUST-000357,STORE-0001,2025-03-16,STORE,COMPLETED,887.05
ORD-00003581,CUST-000134,STORE-0007,2025-07-08,STORE,COMPLETED,421.55
ORD-00003582,CUST-000597,STORE-0001,2025-07-11,STORE,COMPLETED,521.82
ORD-00003583,CUST-000225,,2025-08-15,ECOMMERCE,COMPLETED,772.57
ORD-00003584,CUST-000755,STORE-0001,2026-08-09,STORE,COMPLETED,807.1
ORD-00003585,CUST-000694,STORE-0001,2025-12-31,STORE,COMPLETED,578.93
ORD-00003586,CUST-000570,,2026-02-28,ECOMMERCE,COMPLETED,230.03
ORD-00003587,CUST-000925,STORE-0002,2025-04-01,STORE,COMPLETED,408.0
ORD-00003588,CUST-000632,,2025-01-07,ECOMMERCE,COMPLETED,615.33
ORD-00003589,CUST-000946,,2026-04-13,ECOMMERCE,COMPLETED,790.66
ORD-00003590,CUST-000809,STORE-0009,2026-04-07,STORE,COMPLETED,515.55
ORD-00003591,CUST-000176,STORE-0010,2026-08-31,STORE,COMPLETED,290.84
ORD-00003592,CUST-000237,STORE-0004,2026-03-06,STORE,COMPLETED,795.84
ORD-00003593,CUST-000906,,2025-05-25,ECOMMERCE,COMPLETED,328.04
ORD-00003594,CUST-000262,STORE-0008,2026-04-20,STORE,CANCELLED,629.99
ORD-00003595,CUST-000930,STORE-0008,2025-04-28,STORE,COMPLETED,319.66
ORD-00003596,CUST-000731,STORE-0009,2025-01-07,STORE,COMPLETED,396.83
ORD-00003597,CUST-000102,,2025-06-25,ECOMMERCE,COMPLETED,817.61
ORD-00003598,CUST-000128,STORE-0009,2026-08-10,STORE,CANCELLED,654.67
ORD-00003599,CUST-000580,,2025-04-07,ECOMMERCE,COMPLETED,698.93
ORD-00003600,CUST-000217,STORE-0009,2026-01-16,STORE,COMPLETED,502.28
ORD-00003601,CUST-000902,,2025-11-17,ECOMMERCE,COMPLETED,425.42
ORD-00003602,CUST-000172,,2025-04-07,ECOMMERCE,COMPLETED,472.34
ORD-00003603,CUST-000769,,2025-12-14,ECOMMERCE,CANCELLED,438.69
ORD-00003604,CUST-000717,,2025-08-10,ECOMMERCE,COMPLETED,881.49
ORD-00003605,CUST-000159,STORE-0009,2026-08-19,STORE,COMPLETED,167.55
ORD-00003606,CUST-000340,STORE-0005,2025-02-24,STORE,COMPLETED,895.95
ORD-00003607,CUST-000740,STORE-0008,2025-06-16,STORE,COMPLETED,172.2
ORD-00003608,CUST-000302,STORE-0009,2025-05-11,STORE,COMPLETED,757.23
ORD-00003609,CUST-000679,STORE-0003,2025-03-02,STORE,COMPLETED,260.52
ORD-00003610,CUST-000286,STORE-0011,2025-08-05,STORE,COMPLETED,833.23
ORD-00003611,CUST-000766,,2025-04-23,ECOMMERCE,COMPLETED,876.94
ORD-00003612,CUST-000592,,2025-07-20,ECOMMERCE,COMPLETED,610.72
ORD-00003613,CUST-000753,,2025-01-14,ECOMMERCE,COMPLETED,576.13
ORD-00003614,CUST-000284,,2025-06-02,ECOMMERCE,COMPLETED,131.11
ORD-00003615,CUST-000510,,2026-01-03,ECOMMERCE,COMPLETED,127.57
ORD-00003616,CUST-000250,,2026-01-17,ECOMMERCE,COMPLETED,51.66
ORD-00003617,CUST-000134,,2026-05-31,ECOMMERCE,COMPLETED,311.89
ORD-00003618,CUST-000260,STORE-0007,2025-07-21,STORE,COMPLETED,886.16
ORD-00003619,CUST-000733,STORE-0010,2025-08-25,STORE,RETURNED,404.37
ORD-00003620,CUST-000408,STORE-0010,2025-04-09,STORE,COMPLETED,213.46
ORD-00003621,CUST-000701,,2025-01-24,ECOMMERCE,COMPLETED,891.74
ORD-00003622,CUST-000700,STORE-0011,2025-03-17,STORE,COMPLETED,349.64
ORD-00003623,CUST-000882,STORE-0003,2026-08-20,STORE,COMPLETED,484.83
ORD-00003624,CUST-000805,STORE-0001,2025-09-27,STORE,COMPLETED,869.34
ORD-00003625,CUST-000283,STORE-0002,2026-02-01,STORE,COMPLETED,148.49
ORD-00003626,CUST-000890,STORE-0004,2025-05-02,STORE,COMPLETED,27.38
ORD-00003627,CUST-000416,STORE-0009,2026-01-13,STORE,RETURNED,384.65
ORD-00003628,CUST-000403,,2026-04-17,ECOMMERCE,RETURNED,791.16
ORD-00003629,CUST-000240,STORE-0012,2026-02-08,STORE,RETURNED,89.44
ORD-00003630,CUST-000404,STORE-0006,2026-01-06,STORE,COMPLETED,529.37
ORD-00003631,CUST-000803,,2025-09-18,ECOMMERCE,COMPLETED,47.02
ORD-00003632,CUST-000401,,2025-07-21,ECOMMERCE,COMPLETED,550.12
ORD-00003633,CUST-000231,STORE-0010,2026-03-03,STORE,COMPLETED,282.54
ORD-00003634,CUST-000172,STORE-0008,2025-07-14,STORE,COMPLETED,164.51
ORD-00003635,CUST-000904,STORE-0002,2025-04-01,STORE,COMPLETED,144.97
ORD-00003636,CUST-000421,STORE-0011,2025-05-21,STORE,CANCELLED,668.88
ORD-00003637,CUST-000569,,2025-11-25,ECOMMERCE,COMPLETED,148.91
ORD-00003638,CUST-000871,,2026-06-10,ECOMMERCE,COMPLETED,860.14
ORD-00003639,CUST-000505,STORE-0010,2025-04-11,STORE,COMPLETED,838.32
ORD-00003640,CUST-000246,STORE-0012,2025-11-15,STORE,CANCELLED,644.43
ORD-00003641,CUST-000585,,2026-01-25,ECOMMERCE,COMPLETED,192.9
ORD-00003642,CUST-000246,STORE-0003,2025-10-16,STORE,RETURNED,877.09
ORD-00003643,CUST-000375,STORE-0011,2025-02-28,STORE,COMPLETED,223.73
ORD-00003644,CUST-000973,STORE-0004,2025-02-05,STORE,COMPLETED,228.18
ORD-00003645,CUST-000855,STORE-0006,2026-06-26,STORE,COMPLETED,39.77
ORD-00003646,CUST-000274,,2026-01-14,ECOMMERCE,COMPLETED,703.85
ORD-00003647,CUST-000707,STORE-0010,2025-10-03,STORE,COMPLETED,719.52
ORD-00003648,CUST-000730,STORE-0012,2025-10-02,STORE,COMPLETED,849.33
ORD-00003649,CUST-000344,,2025-07-24,ECOMMERCE,COMPLETED,227.34
ORD-00003650,CUST-000484,STORE-0005,2026-02-07,STORE,COMPLETED,659.4
ORD-00003651,CUST-000392,,2025-03-07,ECOMMERCE,COMPLETED,816.76
ORD-00003652,CUST-000182,STORE-0006,2025-10-20,STORE,COMPLETED,488.91
ORD-00003653,CUST-000587,,2025-12-07,ECOMMERCE,RETURNED,844.11
ORD-00003654,CUST-000314,,2026-06-05,ECOMMERCE,COMPLETED,317.4
ORD-00003655,CUST-000611,,2025-05-27,ECOMMERCE,COMPLETED,846.86
ORD-00003656,CUST-000407,STORE-0005,2026-04-03,STORE,COMPLETED,770.3
ORD-00003657,CUST-000465,STORE-0005,2025-05-20,STORE,COMPLETED,702.57
ORD-00003658,CUST-000122,STORE-0005,2025-07-05,STORE,COMPLETED,840.82
ORD-00003659,CUST-000684,STORE-0005,2026-07-12,STORE,COMPLETED,234.31
ORD-00003660,CUST-000964,,2026-03-02,ECOMMERCE,COMPLETED,281.38
ORD-00003661,CUST-000317,STORE-0004,2025-02-27,STORE,COMPLETED,380.19
ORD-00003662,CUST-000469,,2025-08-20,ECOMMERCE,COMPLETED,818.1
ORD-00003663,CUST-000031,,2026-07-01,ECOMMERCE,COMPLETED,661.82
ORD-00003664,CUST-000544,STORE-0006,2025-06-21,STORE,COMPLETED,121.42
ORD-00003665,CUST-000563,STORE-0008,2025-04-05,STORE,CANCELLED,507.93
ORD-00003666,CUST-000215,STORE-0006,2025-10-14,STORE,COMPLETED,170.95
ORD-00003667,CUST-000518,,2026-04-17,ECOMMERCE,COMPLETED,762.07
ORD-00003668,CUST-000696,,2026-05-26,ECOMMERCE,COMPLETED,455.04
ORD-00003669,CUST-000168,STORE-0011,2025-01-26,STORE,COMPLETED,378.67
ORD-00003670,CUST-000760,STORE-0003,2025-08-16,STORE,CANCELLED,424.58
ORD-00003671,CUST-000441,STORE-0007,2025-11-28,STORE,COMPLETED,187.56
ORD-00003672,CUST-000286,STORE-0001,2025-02-17,STORE,RETURNED,571.93
ORD-00003673,CUST-000157,STORE-0008,2026-07-04,STORE,COMPLETED,835.9
ORD-00003674,CUST-000665,STORE-0009,2025-02-16,STORE,COMPLETED,829.89
ORD-00003675,CUST-000699,STORE-0003,2025-05-12,STORE,COMPLETED,179.88
ORD-00003676,CUST-000868,STORE-0004,2025-05-03,STORE,COMPLETED,549.73
ORD-00003677,CUST-000588,STORE-0012,2025-05-07,STORE,COMPLETED,207.59
ORD-00003678,CUST-000826,STORE-0011,2025-03-30,STORE,COMPLETED,160.56
ORD-00003679,CUST-000125,STORE-0004,2026-01-23,STORE,COMPLETED,325.69
ORD-00003680,CUST-000795,STORE-0007,2025-06-30,STORE,CANCELLED,38.71
ORD-00003681,CUST-000590,STORE-0012,2026-05-12,STORE,COMPLETED,319.41
ORD-00003682,CUST-000990,,2025-12-27,ECOMMERCE,COMPLETED,775.93
ORD-00003683,CUST-000932,,2025-08-29,ECOMMERCE,COMPLETED,148.44
ORD-00003684,CUST-000835,,2026-03-30,ECOMMERCE,COMPLETED,560.11
ORD-00003685,CUST-000618,,2025-06-28,ECOMMERCE,COMPLETED,336.78
ORD-00003686,CUST-000711,STORE-0004,2025-12-29,STORE,COMPLETED,215.57
ORD-00003687,CUST-000520,STORE-0006,2025-02-05,STORE,COMPLETED,96.1
ORD-00003688,CUST-001000,STORE-0008,2025-02-16,STORE,COMPLETED,359.34
ORD-00003689,CUST-000983,STORE-0002,2026-06-02,STORE,COMPLETED,749.34
ORD-00003690,CUST-000040,STORE-0002,2025-01-15,STORE,COMPLETED,153.03
ORD-00003691,CUST-000661,STORE-0009,2025-08-16,STORE,CANCELLED,509.07
ORD-00003692,CUST-000985,STORE-0003,2025-04-02,STORE,RETURNED,451.3
ORD-00003693,CUST-000646,,2026-03-22,ECOMMERCE,RETURNED,689.41
ORD-00003694,CUST-000265,STORE-0007,2026-05-05,STORE,COMPLETED,406.72
ORD-00003695,CUST-000149,STORE-0004,2025-08-10,STORE,PENDING,884.49
ORD-00003696,CUST-000166,STORE-0012,2026-06-05,STORE,COMPLETED,108.93
ORD-00003697,CUST-000260,STORE-0003,2025-12-21,STORE,COMPLETED,608.26
ORD-00003698,CUST-000158,,2025-07-08,ECOMMERCE,COMPLETED,863.14
ORD-00003699,CUST-000387,STORE-0003,2025-12-12,STORE,COMPLETED,595.64
ORD-00003700,CUST-000249,,2026-05-06,ECOMMERCE,COMPLETED,231.51
ORD-00003701,CUST-000118,,2026-06-29,ECOMMERCE,COMPLETED,366.19
ORD-00003702,CUST-000283,,2025-04-18,ECOMMERCE,COMPLETED,20.59
ORD-00003703,CUST-000235,,2026-07-27,ECOMMERCE,RETURNED,698.37
ORD-00003704,CUST-000332,,2025-06-02,ECOMMERCE,COMPLETED,599.09
ORD-00003705,CUST-000395,STORE-0003,2026-02-15,STORE,COMPLETED,465.22
ORD-00003706,CUST-000409,STORE-0004,2026-08-08,STORE,COMPLETED,434.07
ORD-00003707,CUST-000065,STORE-0006,2025-10-11,STORE,COMPLETED,54.85
ORD-00003708,CUST-000583,STORE-0002,2025-06-28,STORE,RETURNED,598.82
ORD-00003709,CUST-000439,STORE-0012,2025-10-02,STORE,COMPLETED,516.11
ORD-00003710,CUST-000351,,2025-12-04,ECOMMERCE,COMPLETED,29.96
ORD-00003711,CUST-000094,,2026-08-14,ECOMMERCE,COMPLETED,539.3
ORD-00003712,CUST-000329,STORE-0008,2026-07-15,STORE,COMPLETED,727.3
ORD-00003713,CUST-000823,STORE-0001,2025-05-21,STORE,COMPLETED,164.32
ORD-00003714,CUST-000683,,2025-01-16,ECOMMERCE,COMPLETED,782.19
ORD-00003715,CUST-000140,STORE-0012,2025-04-02,STORE,COMPLETED,79.86
ORD-00003716,CUST-000250,STORE-0012,2026-03-17,STORE,CANCELLED,563.97
ORD-00003717,CUST-000581,STORE-0011,2026-04-10,STORE,COMPLETED,516.26
ORD-00003718,CUST-000221,STORE-0002,2025-06-18,STORE,COMPLETED,805.48
ORD-00003719,CUST-000818,STORE-0010,2025-07-09,STORE,COMPLETED,592.05
ORD-00003720,CUST-000029,,2026-04-17,ECOMMERCE,RETURNED,630.48
ORD-00003721,CUST-000548,,2026-05-02,ECOMMERCE,COMPLETED,387.02
ORD-00003722,CUST-000653,STORE-0004,2026-08-09,STORE,CANCELLED,632.98
ORD-00003723,CUST-000119,STORE-0010,2025-04-04,STORE,COMPLETED,353.27
ORD-00003724,CUST-000032,STORE-0009,2026-08-16,STORE,COMPLETED,175.79
ORD-00003725,CUST-000047,STORE-0003,2025-05-04,STORE,COMPLETED,326.5
ORD-00003726,CUST-000358,STORE-0008,2026-01-23,STORE,COMPLETED,265.27
ORD-00003727,CUST-000819,STORE-0005,2026-05-07,STORE,COMPLETED,59.2
ORD-00003728,CUST-000992,STORE-0009,2026-04-21,STORE,COMPLETED,288.63
ORD-00003729,CUST-000446,,2026-05-24,ECOMMERCE,COMPLETED,521.57
ORD-00003730,CUST-000946,STORE-0005,2025-04-02,STORE,COMPLETED,193.16
ORD-00003731,CUST-000437,,2025-02-04,ECOMMERCE,COMPLETED,307.6
ORD-00003732,CUST-000251,STORE-0006,2025-11-19,STORE,COMPLETED,431.18
ORD-00003733,CUST-000757,STORE-0007,2025-10-06,STORE,COMPLETED,560.57
ORD-00003734,CUST-000452,,2025-03-22,ECOMMERCE,COMPLETED,576.97
ORD-00003735,CUST-000141,,2026-08-06,ECOMMERCE,COMPLETED,212.13
ORD-00003736,CUST-000712,STORE-0006,2026-08-31,STORE,COMPLETED,22.04
ORD-00003737,CUST-000113,STORE-0003,2026-06-26,STORE,COMPLETED,380.97
ORD-00003738,CUST-000307,STORE-0004,2025-03-22,STORE,COMPLETED,558.46
ORD-00003739,CUST-000636,,2026-07-28,ECOMMERCE,COMPLETED,690.65
ORD-00003740,CUST-000358,STORE-0005,2026-02-28,STORE,COMPLETED,234.49
ORD-00003741,CUST-000772,,2025-09-26,ECOMMERCE,COMPLETED,848.75
ORD-00003742,CUST-000227,STORE-0005,2025-09-21,STORE,COMPLETED,715.66
ORD-00003743,CUST-000125,STORE-0007,2026-08-07,STORE,RETURNED,536.34
ORD-00003744,CUST-000249,,2025-09-22,ECOMMERCE,COMPLETED,414.04
ORD-00003745,CUST-000903,STORE-0005,2026-02-24,STORE,COMPLETED,480.35
ORD-00003746,CUST-000674,,2026-07-29,ECOMMERCE,COMPLETED,213.71
ORD-00003747,CUST-000513,STORE-0007,2025-05-12,STORE,COMPLETED,437.17
ORD-00003748,CUST-000590,,2026-06-30,ECOMMERCE,COMPLETED,795.87
ORD-00003749,CUST-000957,STORE-0005,2025-04-13,STORE,COMPLETED,106.7
ORD-00003750,CUST-000916,STORE-0010,2026-04-02,STORE,COMPLETED,626.78
ORD-00003751,CUST-000491,STORE-0001,2026-05-06,STORE,COMPLETED,810.83
ORD-00003752,CUST-000198,STORE-0005,2026-02-27,STORE,COMPLETED,433.27
ORD-00003753,CUST-000880,STORE-0003,2025-02-08,STORE,COMPLETED,52.98
ORD-00003754,CUST-000444,STORE-0005,2026-01-26,STORE,RETURNED,146.32
ORD-00003755,CUST-000581,STORE-0001,2025-01-29,STORE,COMPLETED,667.51
ORD-00003756,CUST-000140,STORE-0002,2025-07-28,STORE,COMPLETED,423.4
ORD-00003757,CUST-000886,,2025-12-31,ECOMMERCE,COMPLETED,541.49
ORD-00003758,CUST-000597,STORE-0006,2026-04-28,STORE,RETURNED,506.51
ORD-00003759,CUST-000826,STORE-0002,2026-08-11,STORE,COMPLETED,850.78
ORD-00003760,CUST-000370,STORE-0009,2025-11-02,STORE,COMPLETED,630.75
ORD-00003761,CUST-000227,STORE-0002,2025-03-16,STORE,COMPLETED,494.71
ORD-00003762,CUST-000907,STORE-0004,2025-10-31,STORE,CANCELLED,183.59
ORD-00003763,CUST-000956,STORE-0011,2025-05-19,STORE,COMPLETED,235.07
ORD-00003764,CUST-000300,STORE-0003,2025-09-29,STORE,COMPLETED,595.58
ORD-00003765,CUST-000238,STORE-0011,2026-04-07,STORE,COMPLETED,382.88
ORD-00003766,CUST-000691,,2026-02-10,ECOMMERCE,COMPLETED,493.14
ORD-00003767,CUST-000566,STORE-0011,2025-11-18,STORE,COMPLETED,809.01
ORD-00003768,CUST-000288,STORE-0007,2026-08-20,STORE,RETURNED,150.4
ORD-00003769,CUST-000092,,2026-05-14,ECOMMERCE,COMPLETED,268.15
ORD-00003770,CUST-000193,STORE-0001,2025-11-06,STORE,COMPLETED,296.91
ORD-00003771,CUST-000550,STORE-0006,2025-02-18,STORE,COMPLETED,736.33
ORD-00003772,CUST-000288,STORE-0007,2026-02-05,STORE,COMPLETED,411.88
ORD-00003773,CUST-000894,STORE-0003,2025-07-23,STORE,COMPLETED,475.48
ORD-00003774,CUST-000813,STORE-0004,2025-01-10,STORE,COMPLETED,133.98
ORD-00003775,CUST-000111,STORE-0004,2025-07-29,STORE,COMPLETED,218.3
ORD-00003776,CUST-000260,STORE-0007,2026-04-25,STORE,COMPLETED,664.65
ORD-00003777,CUST-000923,STORE-0007,2026-04-13,STORE,COMPLETED,736.97
ORD-00003778,CUST-000438,STORE-0003,2026-05-05,STORE,COMPLETED,322.43
ORD-00003779,CUST-000256,,2025-02-28,ECOMMERCE,COMPLETED,582.95
ORD-00003780,CUST-000081,STORE-0003,2025-08-25,STORE,COMPLETED,507.17
ORD-00003781,CUST-000500,STORE-0003,2025-08-29,STORE,COMPLETED,254.71
ORD-00003782,CUST-000812,,2025-05-15,ECOMMERCE,COMPLETED,493.06
ORD-00003783,CUST-000970,STORE-0010,2025-01-17,STORE,COMPLETED,650.16
ORD-00003784,CUST-000678,,2025-05-16,ECOMMERCE,COMPLETED,794.76
ORD-00003785,CUST-000834,STORE-0012,2026-02-28,STORE,CANCELLED,244.17
ORD-00003786,CUST-000474,,2025-04-15,ECOMMERCE,COMPLETED,436.51
ORD-00003787,CUST-000508,STORE-0006,2025-09-24,STORE,COMPLETED,565.73
ORD-00003788,CUST-000959,,2025-07-07,ECOMMERCE,RETURNED,59.29
ORD-00003789,CUST-000555,STORE-0004,2026-07-04,STORE,COMPLETED,405.03
ORD-00003790,CUST-000481,,2025-06-01,ECOMMERCE,COMPLETED,786.91
ORD-00003791,CUST-000160,STORE-0006,2025-02-11,STORE,COMPLETED,532.67
ORD-00003792,CUST-000395,,2026-02-08,ECOMMERCE,COMPLETED,264.35
ORD-00003793,CUST-000520,STORE-0012,2025-05-31,STORE,RETURNED,444.64
ORD-00003794,CUST-000463,STORE-0010,2025-03-20,STORE,COMPLETED,103.26
ORD-00003795,CUST-000049,STORE-0002,2026-06-28,STORE,COMPLETED,469.46
ORD-00003796,CUST-000355,STORE-0012,2026-07-21,STORE,COMPLETED,827.62
ORD-00003797,CUST-000686,STORE-0002,2026-04-11,STORE,COMPLETED,778.71
ORD-00003798,CUST-000711,STORE-0001,2025-08-19,STORE,COMPLETED,326.98
ORD-00003799,CUST-000635,STORE-0010,2025-09-15,STORE,COMPLETED,172.71
ORD-00003800,CUST-000908,STORE-0002,2026-05-21,STORE,COMPLETED,170.32
ORD-00003801,CUST-000969,,2026-02-02,ECOMMERCE,COMPLETED,236.05
ORD-00003802,CUST-000187,STORE-0003,2025-01-22,STORE,COMPLETED,271.0
ORD-00003803,CUST-000385,STORE-0003,2026-01-21,STORE,COMPLETED,621.31
ORD-00003804,CUST-000901,STORE-0011,2026-01-27,STORE,COMPLETED,185.24
ORD-00003805,CUST-000754,STORE-0001,2026-07-07,STORE,COMPLETED,194.09
ORD-00003806,CUST-000310,STORE-0008,2025-01-19,STORE,COMPLETED,758.95
ORD-00003807,CUST-000614,STORE-0010,2025-12-05,STORE,COMPLETED,426.19
ORD-00003808,CUST-000011,,2026-01-19,ECOMMERCE,COMPLETED,349.11
ORD-00003809,CUST-000358,STORE-0002,2025-11-17,STORE,COMPLETED,618.46
ORD-00003810,CUST-000639,STORE-0012,2025-07-06,STORE,COMPLETED,576.67
ORD-00003811,CUST-000971,STORE-0010,2025-11-21,STORE,COMPLETED,252.19
ORD-00003812,CUST-000510,STORE-0008,2025-11-23,STORE,COMPLETED,156.62
ORD-00003813,CUST-000158,STORE-0001,2026-03-05,STORE,COMPLETED,368.44
ORD-00003814,CUST-000146,STORE-0010,2025-05-18,STORE,COMPLETED,341.46
ORD-00003815,CUST-000162,,2025-06-04,ECOMMERCE,COMPLETED,118.57
ORD-00003816,CUST-000886,STORE-0007,2025-08-12,STORE,COMPLETED,538.4
ORD-00003817,CUST-000681,STORE-0012,2026-08-19,STORE,COMPLETED,400.76
ORD-00003818,CUST-000738,STORE-0003,2026-02-23,STORE,COMPLETED,565.84
ORD-00003819,CUST-000783,STORE-0003,2025-02-13,STORE,COMPLETED,82.26
ORD-00003820,CUST-000639,,2026-06-11,ECOMMERCE,COMPLETED,606.91
ORD-00003821,CUST-000200,STORE-0004,2025-04-20,STORE,COMPLETED,491.4
ORD-00003822,CUST-000045,,2025-10-07,ECOMMERCE,COMPLETED,768.73
ORD-00003823,CUST-000877,STORE-0003,2025-03-07,STORE,COMPLETED,89.08
ORD-00003824,CUST-000097,,2025-06-27,ECOMMERCE,COMPLETED,344.32
ORD-00003825,CUST-000679,STORE-0002,2026-01-17,STORE,COMPLETED,784.71
ORD-00003826,CUST-000549,STORE-0008,2026-02-16,STORE,COMPLETED,22.47
ORD-00003827,CUST-000113,,2026-06-28,ECOMMERCE,COMPLETED,507.3
ORD-00003828,CUST-000317,STORE-0005,2025-05-17,STORE,COMPLETED,611.24
ORD-00003829,CUST-000398,STORE-0003,2026-08-07,STORE,RETURNED,825.28
ORD-00003830,CUST-000654,STORE-0009,2026-05-07,STORE,COMPLETED,292.61
ORD-00003831,CUST-000755,STORE-0007,2026-02-16,STORE,COMPLETED,785.14
ORD-00003832,CUST-000794,,2025-05-02,ECOMMERCE,COMPLETED,655.94
ORD-00003833,CUST-000675,STORE-0003,2025-04-25,STORE,COMPLETED,647.65
ORD-00003834,CUST-000149,STORE-0003,2025-03-18,STORE,COMPLETED,30.14
ORD-00003835,CUST-000047,,2025-10-19,ECOMMERCE,COMPLETED,238.85
ORD-00003836,CUST-000996,STORE-0002,2025-10-16,STORE,COMPLETED,844.83
ORD-00003837,CUST-000582,,2025-04-25,ECOMMERCE,COMPLETED,778.49
ORD-00003838,CUST-000846,STORE-0007,2026-08-26,STORE,COMPLETED,879.44
ORD-00003839,CUST-000708,STORE-0009,2025-04-09,STORE,COMPLETED,469.61
ORD-00003840,CUST-000754,STORE-0009,2025-01-21,STORE,COMPLETED,789.54
ORD-00003841,CUST-000022,STORE-0012,2025-06-22,STORE,COMPLETED,70.21
ORD-00003842,CUST-000202,STORE-0012,2025-06-15,STORE,COMPLETED,186.15
ORD-00003843,CUST-000894,STORE-0002,2025-01-04,STORE,COMPLETED,56.08
ORD-00003844,CUST-000277,,2025-09-08,ECOMMERCE,CANCELLED,810.74
ORD-00003845,CUST-000002,STORE-0006,2026-07-21,STORE,COMPLETED,833.54
ORD-00003846,CUST-000631,,2025-06-25,ECOMMERCE,COMPLETED,514.63
ORD-00003847,CUST-000062,STORE-0008,2026-02-12,STORE,COMPLETED,397.49
ORD-00003848,CUST-000775,,2026-03-23,ECOMMERCE,RETURNED,774.15
ORD-00003849,CUST-000570,STORE-0004,2026-05-29,STORE,COMPLETED,356.05
ORD-00003850,CUST-000983,,2025-07-28,ECOMMERCE,COMPLETED,443.03
ORD-00003851,CUST-000086,,2026-06-02,ECOMMERCE,COMPLETED,115.93
ORD-00003852,CUST-000556,STORE-0007,2025-07-01,STORE,COMPLETED,107.71
ORD-00003853,CUST-000313,STORE-0002,2025-01-01,STORE,RETURNED,183.04
ORD-00003854,CUST-000811,,2025-06-10,ECOMMERCE,COMPLETED,214.66
ORD-00003855,CUST-000102,STORE-0011,2026-07-08,STORE,COMPLETED,662.01
ORD-00003856,CUST-000920,STORE-0003,2026-04-18,STORE,COMPLETED,659.57
ORD-00003857,CUST-000489,STORE-0006,2025-01-21,STORE,COMPLETED,807.65
ORD-00003858,CUST-000098,STORE-0011,2025-02-14,STORE,COMPLETED,571.8
ORD-00003859,CUST-000596,STORE-0003,2025-01-07,STORE,COMPLETED,841.88
ORD-00003860,CUST-000877,STORE-0011,2025-09-30,STORE,COMPLETED,81.43
ORD-00003861,CUST-000622,STORE-0008,2026-02-24,STORE,COMPLETED,827.63
ORD-00003862,CUST-000361,,2026-08-31,ECOMMERCE,COMPLETED,770.11
ORD-00003863,CUST-000555,STORE-0012,2025-11-03,STORE,COMPLETED,455.27
ORD-00003864,CUST-000018,,2025-06-04,ECOMMERCE,COMPLETED,348.53
ORD-00003865,CUST-000842,,2026-02-13,ECOMMERCE,COMPLETED,690.89
ORD-00003866,CUST-000363,STORE-0010,2025-04-07,STORE,COMPLETED,411.67
ORD-00003867,CUST-000520,STORE-0010,2026-08-03,STORE,CANCELLED,158.82
ORD-00003868,CUST-000617,STORE-0005,2026-03-22,STORE,COMPLETED,22.99
ORD-00003869,CUST-000306,STORE-0003,2026-08-17,STORE,COMPLETED,34.89
ORD-00003870,CUST-000487,STORE-0003,2026-02-26,STORE,COMPLETED,889.79
ORD-00003871,CUST-000783,STORE-0008,2026-08-11,STORE,COMPLETED,443.72
ORD-00003872,CUST-000567,STORE-0010,2026-04-14,STORE,COMPLETED,616.55
ORD-00003873,CUST-000361,STORE-0011,2026-08-08,STORE,COMPLETED,259.08
ORD-00003874,CUST-000199,,2026-06-01,ECOMMERCE,COMPLETED,114.6
ORD-00003875,CUST-000296,STORE-0008,2026-06-16,STORE,RETURNED,318.88
ORD-00003876,CUST-000596,STORE-0009,2026-07-01,STORE,COMPLETED,352.03
ORD-00003877,CUST-000547,,2025-01-29,ECOMMERCE,COMPLETED,294.69
ORD-00003878,CUST-000171,,2026-06-12,ECOMMERCE,COMPLETED,790.12
ORD-00003879,CUST-000176,STORE-0002,2025-02-02,STORE,COMPLETED,138.49
ORD-00003880,CUST-000407,STORE-0007,2025-10-24,STORE,COMPLETED,813.03
ORD-00003881,CUST-000558,STORE-0003,2025-10-05,STORE,COMPLETED,238.61
ORD-00003882,CUST-000789,STORE-0004,2025-01-01,STORE,COMPLETED,492.57
ORD-00003883,CUST-000896,STORE-0011,2025-02-12,STORE,COMPLETED,285.03
ORD-00003884,CUST-000565,,2025-08-31,ECOMMERCE,COMPLETED,667.15
ORD-00003885,CUST-000876,STORE-0012,2025-04-19,STORE,COMPLETED,383.15
ORD-00003886,CUST-000015,,2025-06-02,ECOMMERCE,RETURNED,410.66
ORD-00003887,CUST-000014,STORE-0001,2025-01-01,STORE,COMPLETED,616.5
ORD-00003888,CUST-000779,,2026-02-17,ECOMMERCE,COMPLETED,801.42
ORD-00003889,CUST-000365,,2025-07-28,ECOMMERCE,COMPLETED,871.89
ORD-00003890,CUST-000300,STORE-0002,2026-07-26,STORE,COMPLETED,515.32
ORD-00003891,CUST-000555,,2025-10-29,ECOMMERCE,COMPLETED,518.99
ORD-00003892,CUST-000492,STORE-0012,2025-01-20,STORE,COMPLETED,484.78
ORD-00003893,CUST-000900,STORE-0011,2025-02-05,STORE,COMPLETED,573.46
ORD-00003894,CUST-000382,STORE-0012,2025-05-06,STORE,COMPLETED,255.17
ORD-00003895,CUST-000973,STORE-0005,2025-05-15,STORE,COMPLETED,845.26
ORD-00003896,CUST-000281,STORE-0011,2025-12-18,STORE,RETURNED,509.38
ORD-00003897,CUST-000839,,2026-01-19,ECOMMERCE,COMPLETED,846.9
ORD-00003898,CUST-000807,STORE-0003,2025-04-30,STORE,COMPLETED,319.61
ORD-00003899,CUST-000894,STORE-0008,2025-05-21,STORE,COMPLETED,391.54
ORD-00003900,CUST-000962,STORE-0003,2025-05-08,STORE,COMPLETED,308.63
ORD-00003901,CUST-000651,STORE-0011,2025-10-29,STORE,COMPLETED,41.02
ORD-00003902,CUST-000492,STORE-0007,2025-11-07,STORE,COMPLETED,620.99
ORD-00003903,CUST-000612,STORE-0004,2026-03-24,STORE,COMPLETED,100.3
ORD-00003904,CUST-000238,,2026-07-02,ECOMMERCE,COMPLETED,20.4
ORD-00003905,CUST-000993,,2025-05-21,ECOMMERCE,COMPLETED,659.86
ORD-00003906,CUST-000171,STORE-0012,2025-02-27,STORE,COMPLETED,235.49
ORD-00003907,CUST-000190,STORE-0002,2025-03-11,STORE,RETURNED,704.53
ORD-00003908,CUST-000798,STORE-0011,2025-05-27,STORE,COMPLETED,425.03
ORD-00003909,CUST-000791,STORE-0005,2026-07-03,STORE,COMPLETED,662.38
ORD-00003910,CUST-000570,STORE-0006,2025-11-25,STORE,COMPLETED,166.31
ORD-00003911,CUST-000313,STORE-0003,2025-12-21,STORE,COMPLETED,775.41
ORD-00003912,CUST-000119,STORE-0009,2025-12-02,STORE,COMPLETED,559.23
ORD-00003913,CUST-000057,STORE-0006,2025-02-23,STORE,COMPLETED,578.51
ORD-00003914,CUST-000614,STORE-0002,2025-09-22,STORE,COMPLETED,286.92
ORD-00003915,CUST-000784,STORE-0006,2025-08-08,STORE,COMPLETED,139.91
ORD-00003916,CUST-000542,STORE-0012,2025-10-30,STORE,COMPLETED,713.68
ORD-00003917,CUST-000365,STORE-0010,2025-11-04,STORE,COMPLETED,882.28
ORD-00003918,CUST-000267,STORE-0005,2025-07-28,STORE,COMPLETED,219.76
ORD-00003919,CUST-000032,STORE-0004,2025-07-19,STORE,COMPLETED,207.73
ORD-00003920,CUST-000807,STORE-0002,2025-07-25,STORE,COMPLETED,585.21
ORD-00003921,CUST-000187,,2026-03-14,ECOMMERCE,RETURNED,468.99
ORD-00003922,CUST-000911,STORE-0003,2026-07-25,STORE,COMPLETED,718.05
ORD-00003923,CUST-000487,STORE-0004,2025-01-10,STORE,COMPLETED,506.04
ORD-00003924,CUST-000701,STORE-0002,2025-11-17,STORE,COMPLETED,408.98
ORD-00003925,CUST-000335,STORE-0011,2025-08-06,STORE,RETURNED,660.11
ORD-00003926,CUST-000826,STORE-0009,2025-02-21,STORE,COMPLETED,514.6
ORD-00003927,CUST-000436,STORE-0011,2026-05-05,STORE,COMPLETED,262.11
ORD-00003928,CUST-000090,STORE-0012,2026-05-06,STORE,COMPLETED,350.33
ORD-00003929,CUST-000829,STORE-0007,2026-08-26,STORE,RETURNED,888.44
ORD-00003930,CUST-000834,STORE-0007,2025-05-20,STORE,COMPLETED,524.4
ORD-00003931,CUST-000645,,2026-03-17,ECOMMERCE,COMPLETED,816.84
ORD-00003932,CUST-000602,STORE-0010,2026-08-23,STORE,COMPLETED,625.2
ORD-00003933,CUST-000546,STORE-0010,2026-07-22,STORE,COMPLETED,216.67
ORD-00003934,CUST-000928,STORE-0004,2025-12-15,STORE,COMPLETED,638.28
ORD-00003935,CUST-000420,STORE-0011,2026-06-19,STORE,COMPLETED,269.43
ORD-00003936,CUST-000400,,2025-10-11,ECOMMERCE,COMPLETED,470.42
ORD-00003937,CUST-000635,STORE-0011,2026-04-14,STORE,COMPLETED,402.67
ORD-00003938,CUST-000898,STORE-0006,2026-05-18,STORE,COMPLETED,643.33
ORD-00003939,CUST-000533,STORE-0003,2026-06-15,STORE,COMPLETED,760.69
ORD-00003940,CUST-000147,STORE-0002,2026-03-28,STORE,COMPLETED,424.54
ORD-00003941,CUST-000677,STORE-0011,2025-03-17,STORE,COMPLETED,279.83
ORD-00003942,CUST-000655,STORE-0010,2026-04-08,STORE,CANCELLED,423.98
ORD-00003943,CUST-000769,,2026-08-18,ECOMMERCE,COMPLETED,825.58
ORD-00003944,CUST-000337,STORE-0002,2025-09-30,STORE,COMPLETED,197.41
ORD-00003945,CUST-000895,STORE-0003,2026-06-20,STORE,PENDING,884.11
ORD-00003946,CUST-000187,STORE-0012,2025-08-11,STORE,COMPLETED,200.78
ORD-00003947,CUST-000771,STORE-0007,2026-07-04,STORE,COMPLETED,87.5
ORD-00003948,CUST-000504,STORE-0009,2025-03-23,STORE,COMPLETED,826.05
ORD-00003949,CUST-000909,STORE-0001,2026-08-10,STORE,COMPLETED,162.73
ORD-00003950,CUST-000480,STORE-0010,2025-02-18,STORE,COMPLETED,145.81
ORD-00003951,CUST-000947,,2026-03-10,ECOMMERCE,COMPLETED,210.59
ORD-00003952,CUST-000092,,2025-11-17,ECOMMERCE,COMPLETED,491.54
ORD-00003953,CUST-000740,STORE-0008,2025-01-13,STORE,COMPLETED,607.01
ORD-00003954,CUST-000690,STORE-0007,2025-01-21,STORE,COMPLETED,122.56
ORD-00003955,CUST-000807,STORE-0010,2025-03-23,STORE,COMPLETED,863.3
ORD-00003956,CUST-000874,STORE-0010,2026-05-01,STORE,COMPLETED,586.99
ORD-00003957,CUST-000125,STORE-0004,2026-03-13,STORE,COMPLETED,67.28
ORD-00003958,CUST-000847,STORE-0009,2025-04-14,STORE,COMPLETED,649.7
ORD-00003959,CUST-000336,STORE-0001,2025-05-19,STORE,COMPLETED,647.45
ORD-00003960,CUST-000072,STORE-0006,2026-06-28,STORE,COMPLETED,350.52
ORD-00003961,CUST-000937,STORE-0008,2025-03-22,STORE,COMPLETED,323.58
ORD-00003962,CUST-000411,,2026-08-05,ECOMMERCE,COMPLETED,327.61
ORD-00003963,CUST-000062,,2025-01-08,ECOMMERCE,COMPLETED,496.93
ORD-00003964,CUST-000770,,2026-03-17,ECOMMERCE,COMPLETED,575.09
ORD-00003965,CUST-000682,STORE-0004,2025-03-30,STORE,COMPLETED,776.79
ORD-00003966,CUST-000246,,2026-08-22,ECOMMERCE,COMPLETED,179.55
ORD-00003967,CUST-000899,STORE-0002,2025-04-14,STORE,COMPLETED,232.8
ORD-00003968,CUST-000629,,2025-02-13,ECOMMERCE,COMPLETED,756.91
ORD-00003969,CUST-000483,,2026-05-13,ECOMMERCE,COMPLETED,39.93
ORD-00003970,CUST-000609,STORE-0007,2026-01-23,STORE,COMPLETED,318.66
ORD-00003971,CUST-000182,STORE-0009,2025-03-26,STORE,COMPLETED,240.58
ORD-00003972,CUST-000722,STORE-0011,2026-02-27,STORE,COMPLETED,805.57
ORD-00003973,CUST-000714,STORE-0008,2025-11-28,STORE,COMPLETED,196.19
ORD-00003974,CUST-000838,STORE-0011,2025-11-03,STORE,COMPLETED,250.06
ORD-00003975,CUST-000987,,2025-05-08,ECOMMERCE,COMPLETED,607.31
ORD-00003976,CUST-000139,STORE-0008,2025-08-08,STORE,COMPLETED,141.3
ORD-00003977,CUST-000433,STORE-0003,2026-06-06,STORE,COMPLETED,248.02
ORD-00003978,CUST-000278,STORE-0008,2025-04-29,STORE,COMPLETED,527.43
ORD-00003979,CUST-000814,STORE-0004,2025-01-23,STORE,COMPLETED,523.99
ORD-00003980,CUST-000508,STORE-0007,2025-09-24,STORE,COMPLETED,776.6
ORD-00003981,CUST-000622,,2025-01-04,ECOMMERCE,COMPLETED,168.22
ORD-00003982,CUST-000879,STORE-0005,2026-06-06,STORE,COMPLETED,253.62
ORD-00003983,CUST-000984,STORE-0006,2025-04-25,STORE,COMPLETED,224.86
ORD-00003984,CUST-000337,,2026-07-05,ECOMMERCE,COMPLETED,416.5
ORD-00003985,CUST-000127,,2026-04-10,ECOMMERCE,COMPLETED,188.94
ORD-00003986,CUST-000436,STORE-0009,2026-07-28,STORE,PENDING,713.12
ORD-00003987,CUST-000860,,2025-10-05,ECOMMERCE,COMPLETED,692.61
ORD-00003988,CUST-000313,STORE-0004,2026-08-28,STORE,COMPLETED,477.6
ORD-00003989,CUST-000506,STORE-0004,2026-07-16,STORE,COMPLETED,591.93
ORD-00003990,CUST-000525,STORE-0004,2025-08-28,STORE,COMPLETED,266.31
ORD-00003991,CUST-000015,STORE-0005,2025-04-07,STORE,COMPLETED,22.46
ORD-00003992,CUST-000936,STORE-0002,2025-12-24,STORE,COMPLETED,745.93
ORD-00003993,CUST-000993,,2025-01-24,ECOMMERCE,COMPLETED,128.03
ORD-00003994,CUST-000271,STORE-0003,2025-02-10,STORE,RETURNED,75.02
ORD-00003995,CUST-000884,,2025-08-27,ECOMMERCE,CANCELLED,555.92
ORD-00003996,CUST-000365,,2026-04-07,ECOMMERCE,COMPLETED,21.48
ORD-00003997,CUST-000068,,2025-01-21,ECOMMERCE,COMPLETED,625.78
ORD-00003998,CUST-000859,,2025-10-06,ECOMMERCE,COMPLETED,205.36
ORD-00003999,CUST-000800,STORE-0004,2026-07-19,STORE,COMPLETED,67.66
ORD-00004000,CUST-000631,STORE-0005,2025-04-12,STORE,RETURNED,832.38
ORD-00004001,CUST-000284,STORE-0009,2026-04-22,STORE,COMPLETED,661.22
ORD-00004002,CUST-000155,STORE-0012,2026-02-04,STORE,PENDING,781.01
ORD-00004003,CUST-000210,STORE-0003,2025-07-01,STORE,COMPLETED,892.79
ORD-00004004,CUST-000813,,2025-05-28,ECOMMERCE,COMPLETED,27.38
ORD-00004005,CUST-000711,,2025-08-08,ECOMMERCE,COMPLETED,103.22
ORD-00004006,CUST-000637,STORE-0001,2025-02-06,STORE,COMPLETED,353.58
ORD-00004007,CUST-000705,STORE-0007,2025-08-09,STORE,COMPLETED,25.62
ORD-00004008,CUST-000460,STORE-0012,2025-06-23,STORE,COMPLETED,838.02
ORD-00004009,CUST-000033,,2025-12-10,ECOMMERCE,COMPLETED,224.25
ORD-00004010,CUST-000425,,2025-05-19,ECOMMERCE,COMPLETED,333.95
ORD-00004011,CUST-000557,STORE-0010,2025-02-01,STORE,COMPLETED,426.39
ORD-00004012,CUST-000031,STORE-0001,2025-04-09,STORE,COMPLETED,135.86
ORD-00004013,CUST-000577,,2025-01-13,ECOMMERCE,COMPLETED,423.33
ORD-00004014,CUST-000092,STORE-0004,2025-02-05,STORE,COMPLETED,166.92
ORD-00004015,CUST-000210,STORE-0009,2026-01-25,STORE,COMPLETED,672.77
ORD-00004016,CUST-000078,STORE-0011,2026-02-04,STORE,COMPLETED,179.29
ORD-00004017,CUST-000844,STORE-0005,2025-11-20,STORE,COMPLETED,643.3
ORD-00004018,CUST-000418,STORE-0002,2026-05-23,STORE,COMPLETED,162.96
ORD-00004019,CUST-000988,,2025-03-12,ECOMMERCE,COMPLETED,20.57
ORD-00004020,CUST-000251,STORE-0007,2025-02-25,STORE,PENDING,143.06
ORD-00004021,CUST-000309,STORE-0005,2025-05-15,STORE,COMPLETED,142.64
ORD-00004022,CUST-000016,STORE-0003,2025-12-17,STORE,COMPLETED,821.56
ORD-00004023,CUST-000085,STORE-0003,2025-01-18,STORE,COMPLETED,285.01
ORD-00004024,CUST-000817,,2026-05-01,ECOMMERCE,CANCELLED,347.61
ORD-00004025,CUST-000691,STORE-0003,2026-03-07,STORE,COMPLETED,327.51
ORD-00004026,CUST-000946,STORE-0003,2026-04-27,STORE,COMPLETED,591.62
ORD-00004027,CUST-000308,STORE-0012,2026-07-25,STORE,COMPLETED,874.05
ORD-00004028,CUST-000971,STORE-0006,2026-01-03,STORE,COMPLETED,325.42
ORD-00004029,CUST-000135,STORE-0002,2025-04-19,STORE,COMPLETED,112.74
ORD-00004030,CUST-000550,,2026-08-19,ECOMMERCE,RETURNED,95.46
ORD-00004031,CUST-000554,,2026-02-19,ECOMMERCE,PENDING,637.26
ORD-00004032,CUST-000822,,2026-07-03,ECOMMERCE,CANCELLED,240.94
ORD-00004033,CUST-000811,STORE-0009,2026-03-08,STORE,COMPLETED,425.29
ORD-00004034,CUST-000930,,2025-01-10,ECOMMERCE,COMPLETED,253.27
ORD-00004035,CUST-000025,STORE-0009,2025-08-25,STORE,COMPLETED,596.75
ORD-00004036,CUST-000579,,2025-04-23,ECOMMERCE,COMPLETED,449.27
ORD-00004037,CUST-000581,STORE-0003,2025-03-29,STORE,COMPLETED,53.6
ORD-00004038,CUST-000755,STORE-0012,2026-06-26,STORE,RETURNED,695.15
ORD-00004039,CUST-000207,,2026-02-07,ECOMMERCE,COMPLETED,661.37
ORD-00004040,CUST-000203,STORE-0006,2025-08-24,STORE,COMPLETED,253.08
ORD-00004041,CUST-000460,STORE-0001,2026-06-01,STORE,COMPLETED,213.24
ORD-00004042,CUST-000421,,2025-11-23,ECOMMERCE,COMPLETED,180.93
ORD-00004043,CUST-000010,,2025-06-22,ECOMMERCE,COMPLETED,162.35
ORD-00004044,CUST-000504,,2025-06-01,ECOMMERCE,COMPLETED,332.96
ORD-00004045,CUST-000900,STORE-0004,2025-08-12,STORE,COMPLETED,33.25
ORD-00004046,CUST-000386,STORE-0004,2025-10-26,STORE,COMPLETED,894.75
ORD-00004047,CUST-000608,STORE-0002,2025-01-05,STORE,COMPLETED,476.17
ORD-00004048,CUST-000582,,2025-04-03,ECOMMERCE,COMPLETED,120.41
ORD-00004049,CUST-000024,,2026-08-17,ECOMMERCE,RETURNED,767.6
ORD-00004050,CUST-000772,STORE-0012,2025-06-05,STORE,COMPLETED,137.89
ORD-00004051,CUST-000957,STORE-0008,2026-08-19,STORE,COMPLETED,851.39
ORD-00004052,CUST-000471,STORE-0012,2025-02-15,STORE,COMPLETED,494.47
ORD-00004053,CUST-000308,,2026-07-11,ECOMMERCE,PENDING,856.6
ORD-00004054,CUST-000888,,2026-07-15,ECOMMERCE,COMPLETED,899.98
ORD-00004055,CUST-000042,STORE-0001,2025-01-24,STORE,RETURNED,737.1
ORD-00004056,CUST-000528,,2025-10-11,ECOMMERCE,COMPLETED,235.4
ORD-00004057,CUST-000100,STORE-0012,2025-09-08,STORE,RETURNED,88.0
ORD-00004058,CUST-000904,STORE-0002,2025-11-22,STORE,COMPLETED,549.65
ORD-00004059,CUST-000711,STORE-0005,2025-12-04,STORE,COMPLETED,686.92
ORD-00004060,CUST-000317,,2025-06-03,ECOMMERCE,RETURNED,182.36
ORD-00004061,CUST-000869,STORE-0011,2025-01-13,STORE,COMPLETED,195.06
ORD-00004062,CUST-000285,,2026-02-27,ECOMMERCE,COMPLETED,410.13
ORD-00004063,CUST-000589,STORE-0010,2025-09-14,STORE,COMPLETED,803.16
ORD-00004064,CUST-000415,STORE-0007,2026-03-29,STORE,COMPLETED,62.5
ORD-00004065,CUST-000142,STORE-0005,2025-01-17,STORE,COMPLETED,640.11
ORD-00004066,CUST-000094,STORE-0012,2026-06-04,STORE,COMPLETED,136.93
ORD-00004067,CUST-000458,STORE-0010,2025-10-23,STORE,RETURNED,147.12
ORD-00004068,CUST-000145,,2025-02-04,ECOMMERCE,COMPLETED,458.21
ORD-00004069,CUST-000269,STORE-0012,2025-11-29,STORE,CANCELLED,428.8
ORD-00004070,CUST-000368,,2025-07-17,ECOMMERCE,COMPLETED,156.4
ORD-00004071,CUST-000353,,2026-04-11,ECOMMERCE,COMPLETED,275.77
ORD-00004072,CUST-000097,STORE-0009,2025-05-23,STORE,COMPLETED,308.83
ORD-00004073,CUST-000704,STORE-0007,2025-03-13,STORE,COMPLETED,710.88
ORD-00004074,CUST-000355,,2026-08-02,ECOMMERCE,COMPLETED,604.02
ORD-00004075,CUST-000118,,2025-02-02,ECOMMERCE,COMPLETED,547.43
ORD-00004076,CUST-000271,STORE-0007,2026-02-23,STORE,COMPLETED,90.45
ORD-00004077,CUST-000535,STORE-0003,2026-04-15,STORE,COMPLETED,94.41
ORD-00004078,CUST-000930,,2025-06-29,ECOMMERCE,COMPLETED,815.11
ORD-00004079,CUST-000948,STORE-0011,2026-03-14,STORE,COMPLETED,94.27
ORD-00004080,CUST-000927,STORE-0005,2026-06-30,STORE,COMPLETED,25.2
ORD-00004081,CUST-000446,,2025-11-29,ECOMMERCE,COMPLETED,736.18
ORD-00004082,CUST-000936,,2025-09-22,ECOMMERCE,COMPLETED,656.98
ORD-00004083,CUST-000313,,2025-07-01,ECOMMERCE,CANCELLED,880.95
ORD-00004084,CUST-000225,STORE-0011,2025-11-04,STORE,COMPLETED,870.26
ORD-00004085,CUST-000091,STORE-0006,2025-08-31,STORE,COMPLETED,456.81
ORD-00004086,CUST-000641,,2025-07-29,ECOMMERCE,RETURNED,288.58
ORD-00004087,CUST-000266,,2025-08-29,ECOMMERCE,COMPLETED,865.58
ORD-00004088,CUST-000420,STORE-0009,2025-06-23,STORE,COMPLETED,296.3
ORD-00004089,CUST-000696,STORE-0003,2026-04-15,STORE,COMPLETED,177.2
ORD-00004090,CUST-000004,STORE-0009,2026-02-06,STORE,COMPLETED,637.68
ORD-00004091,CUST-000360,STORE-0012,2026-02-14,STORE,RETURNED,772.49
ORD-00004092,CUST-000079,STORE-0010,2026-03-29,STORE,CANCELLED,376.76
ORD-00004093,CUST-000523,STORE-0005,2025-10-28,STORE,COMPLETED,749.43
ORD-00004094,CUST-000593,,2025-03-03,ECOMMERCE,COMPLETED,335.02
ORD-00004095,CUST-000999,STORE-0002,2026-06-07,STORE,COMPLETED,515.58
ORD-00004096,CUST-000997,,2025-05-30,ECOMMERCE,COMPLETED,292.19
ORD-00004097,CUST-000215,STORE-0005,2025-02-24,STORE,COMPLETED,386.06
ORD-00004098,CUST-000388,,2026-07-15,ECOMMERCE,COMPLETED,112.76
ORD-00004099,CUST-000810,STORE-0011,2026-03-20,STORE,COMPLETED,550.07
ORD-00004100,CUST-000168,,2026-01-01,ECOMMERCE,COMPLETED,710.3
ORD-00004101,CUST-000410,STORE-0011,2025-10-11,STORE,COMPLETED,583.89
ORD-00004102,CUST-000127,STORE-0002,2026-05-20,STORE,COMPLETED,498.83
ORD-00004103,CUST-000151,STORE-0008,2025-09-13,STORE,COMPLETED,606.79
ORD-00004104,CUST-000231,STORE-0006,2026-08-24,STORE,COMPLETED,457.89
ORD-00004105,CUST-000826,,2025-07-03,ECOMMERCE,COMPLETED,482.49
ORD-00004106,CUST-000821,STORE-0007,2026-07-04,STORE,COMPLETED,373.56
ORD-00004107,CUST-000793,STORE-0001,2025-12-22,STORE,COMPLETED,737.65
ORD-00004108,CUST-000187,,2025-04-04,ECOMMERCE,COMPLETED,792.17
ORD-00004109,CUST-000673,STORE-0012,2025-10-13,STORE,COMPLETED,657.69
ORD-00004110,CUST-000031,STORE-0002,2026-02-16,STORE,COMPLETED,556.0
ORD-00004111,CUST-000435,,2025-01-05,ECOMMERCE,COMPLETED,227.15
ORD-00004112,CUST-000731,STORE-0012,2026-06-02,STORE,COMPLETED,888.9
ORD-00004113,CUST-000064,STORE-0012,2025-07-26,STORE,COMPLETED,410.35
ORD-00004114,CUST-000638,,2025-02-20,ECOMMERCE,COMPLETED,729.72
ORD-00004115,CUST-000014,STORE-0004,2025-11-01,STORE,CANCELLED,435.24
ORD-00004116,CUST-000110,STORE-0012,2026-05-24,STORE,COMPLETED,536.88
ORD-00004117,CUST-000668,STORE-0009,2026-03-01,STORE,COMPLETED,678.06
ORD-00004118,CUST-000776,,2026-02-02,ECOMMERCE,CANCELLED,152.7
ORD-00004119,CUST-000364,,2025-02-22,ECOMMERCE,COMPLETED,243.66
ORD-00004120,CUST-000292,STORE-0011,2026-04-23,STORE,COMPLETED,305.86
ORD-00004121,CUST-000010,STORE-0011,2025-05-04,STORE,COMPLETED,863.01
ORD-00004122,CUST-000346,STORE-0009,2025-06-19,STORE,COMPLETED,35.03
ORD-00004123,CUST-000572,,2026-06-26,ECOMMERCE,COMPLETED,755.85
ORD-00004124,CUST-000004,STORE-0008,2025-05-21,STORE,COMPLETED,544.89
ORD-00004125,CUST-000233,STORE-0008,2025-04-25,STORE,RETURNED,108.62
ORD-00004126,CUST-000707,STORE-0009,2025-04-24,STORE,COMPLETED,430.93
ORD-00004127,CUST-000133,,2025-07-27,ECOMMERCE,COMPLETED,793.02
ORD-00004128,CUST-000394,STORE-0005,2026-05-08,STORE,COMPLETED,121.74
ORD-00004129,CUST-000347,STORE-0004,2025-02-11,STORE,COMPLETED,386.01
ORD-00004130,CUST-000922,,2025-01-08,ECOMMERCE,COMPLETED,268.81
ORD-00004131,CUST-000741,STORE-0012,2026-07-17,STORE,COMPLETED,326.43
ORD-00004132,CUST-000513,,2025-02-02,ECOMMERCE,COMPLETED,591.43
ORD-00004133,CUST-000301,,2025-07-18,ECOMMERCE,COMPLETED,134.43
ORD-00004134,CUST-000988,,2025-07-10,ECOMMERCE,COMPLETED,744.45
ORD-00004135,CUST-000039,STORE-0007,2026-01-27,STORE,COMPLETED,764.52
ORD-00004136,CUST-000683,STORE-0008,2025-01-21,STORE,COMPLETED,406.6
ORD-00004137,CUST-000068,,2026-03-24,ECOMMERCE,COMPLETED,119.78
ORD-00004138,CUST-000937,STORE-0006,2025-05-26,STORE,COMPLETED,63.6
ORD-00004139,CUST-000417,STORE-0005,2025-05-29,STORE,COMPLETED,18.9
ORD-00004140,CUST-000223,,2025-07-22,ECOMMERCE,COMPLETED,881.61
ORD-00004141,CUST-000665,,2026-06-20,ECOMMERCE,COMPLETED,805.12
ORD-00004142,CUST-000869,STORE-0004,2025-04-26,STORE,COMPLETED,781.15
ORD-00004143,CUST-000296,STORE-0009,2025-10-27,STORE,COMPLETED,210.05
ORD-00004144,CUST-000935,STORE-0002,2026-03-12,STORE,COMPLETED,731.4
ORD-00004145,CUST-000324,,2025-08-23,ECOMMERCE,COMPLETED,104.33
ORD-00004146,CUST-000387,,2026-05-03,ECOMMERCE,COMPLETED,690.83
ORD-00004147,CUST-000398,,2025-10-25,ECOMMERCE,COMPLETED,717.86
ORD-00004148,CUST-000889,STORE-0010,2025-12-04,STORE,COMPLETED,501.71
ORD-00004149,CUST-000334,STORE-0001,2025-05-02,STORE,CANCELLED,259.38
ORD-00004150,CUST-000266,STORE-0003,2026-05-18,STORE,COMPLETED,730.42
ORD-00004151,CUST-000877,,2025-05-06,ECOMMERCE,COMPLETED,233.4
ORD-00004152,CUST-000763,STORE-0002,2025-05-21,STORE,COMPLETED,82.58
ORD-00004153,CUST-000505,STORE-0006,2025-04-11,STORE,COMPLETED,539.16
ORD-00004154,CUST-000510,,2026-06-03,ECOMMERCE,COMPLETED,335.62
ORD-00004155,CUST-000875,STORE-0011,2025-02-16,STORE,COMPLETED,733.71
ORD-00004156,CUST-000233,STORE-0012,2026-01-28,STORE,COMPLETED,276.64
ORD-00004157,CUST-000777,STORE-0012,2026-01-14,STORE,COMPLETED,389.22
ORD-00004158,CUST-000145,STORE-0001,2026-01-02,STORE,COMPLETED,105.04
ORD-00004159,CUST-000063,STORE-0009,2026-04-20,STORE,COMPLETED,355.08
ORD-00004160,CUST-000668,STORE-0008,2026-06-29,STORE,PENDING,681.09
ORD-00004161,CUST-000741,STORE-0001,2025-08-10,STORE,COMPLETED,296.47
ORD-00004162,CUST-000543,,2025-01-17,ECOMMERCE,COMPLETED,801.47
ORD-00004163,CUST-000075,STORE-0005,2026-05-31,STORE,COMPLETED,639.52
ORD-00004164,CUST-000393,,2025-02-21,ECOMMERCE,COMPLETED,167.89
ORD-00004165,CUST-000770,STORE-0007,2026-06-25,STORE,COMPLETED,145.54
ORD-00004166,CUST-000569,STORE-0009,2025-11-04,STORE,PENDING,412.09
ORD-00004167,CUST-000140,STORE-0001,2026-04-02,STORE,COMPLETED,348.86
ORD-00004168,CUST-000490,STORE-0002,2025-07-31,STORE,RETURNED,199.3
ORD-00004169,CUST-000943,STORE-0007,2026-05-03,STORE,COMPLETED,137.45
ORD-00004170,CUST-000224,STORE-0009,2026-03-18,STORE,COMPLETED,754.77
ORD-00004171,CUST-000417,STORE-0011,2025-01-31,STORE,COMPLETED,472.56
ORD-00004172,CUST-000403,,2026-08-29,ECOMMERCE,COMPLETED,171.08
ORD-00004173,CUST-000799,,2026-01-15,ECOMMERCE,COMPLETED,244.84
ORD-00004174,CUST-000027,STORE-0011,2026-06-22,STORE,RETURNED,549.53
ORD-00004175,CUST-000205,STORE-0010,2026-03-05,STORE,COMPLETED,861.94
ORD-00004176,CUST-000875,STORE-0008,2026-03-16,STORE,RETURNED,702.21
ORD-00004177,CUST-000699,STORE-0011,2025-11-26,STORE,COMPLETED,66.13
ORD-00004178,CUST-000610,STORE-0008,2026-05-27,STORE,COMPLETED,319.67
ORD-00004179,CUST-000871,STORE-0002,2026-08-24,STORE,COMPLETED,39.44
ORD-00004180,CUST-000540,,2025-09-23,ECOMMERCE,COMPLETED,175.12
ORD-00004181,CUST-000413,STORE-0012,2025-05-14,STORE,COMPLETED,197.52
ORD-00004182,CUST-000181,STORE-0003,2025-05-31,STORE,COMPLETED,109.18
ORD-00004183,CUST-000476,STORE-0006,2026-05-17,STORE,COMPLETED,121.81
ORD-00004184,CUST-000434,STORE-0003,2025-02-28,STORE,COMPLETED,154.49
ORD-00004185,CUST-000381,,2025-04-27,ECOMMERCE,COMPLETED,755.88
ORD-00004186,CUST-000567,STORE-0004,2025-02-03,STORE,COMPLETED,846.9
ORD-00004187,CUST-000979,,2026-08-16,ECOMMERCE,COMPLETED,532.3
ORD-00004188,CUST-000192,,2025-01-31,ECOMMERCE,CANCELLED,675.99
ORD-00004189,CUST-000583,,2026-07-17,ECOMMERCE,COMPLETED,897.24
ORD-00004190,CUST-000189,,2026-02-12,ECOMMERCE,COMPLETED,748.51
ORD-00004191,CUST-000560,STORE-0001,2025-03-15,STORE,COMPLETED,796.93
ORD-00004192,CUST-000944,,2025-08-10,ECOMMERCE,COMPLETED,86.14
ORD-00004193,CUST-000457,,2025-02-10,ECOMMERCE,CANCELLED,621.45
ORD-00004194,CUST-000299,,2026-08-21,ECOMMERCE,COMPLETED,178.5
ORD-00004195,CUST-000188,,2025-09-17,ECOMMERCE,CANCELLED,348.41
ORD-00004196,CUST-000116,STORE-0008,2025-06-13,STORE,COMPLETED,707.53
ORD-00004197,CUST-000248,STORE-0009,2025-01-06,STORE,COMPLETED,862.74
ORD-00004198,CUST-000408,STORE-0006,2025-09-24,STORE,COMPLETED,794.66
ORD-00004199,CUST-000628,STORE-0009,2025-11-29,STORE,COMPLETED,549.21
ORD-00004200,CUST-000231,,2025-05-11,ECOMMERCE,COMPLETED,154.83
ORD-00004201,CUST-000185,,2026-07-08,ECOMMERCE,COMPLETED,156.66
ORD-00004202,CUST-000842,STORE-0007,2025-08-16,STORE,COMPLETED,57.27
ORD-00004203,CUST-000577,,2026-03-16,ECOMMERCE,COMPLETED,749.94
ORD-00004204,CUST-000464,,2026-02-09,ECOMMERCE,COMPLETED,744.3
ORD-00004205,CUST-000171,STORE-0009,2025-11-08,STORE,COMPLETED,196.79
ORD-00004206,CUST-000639,STORE-0012,2026-08-24,STORE,COMPLETED,415.59
ORD-00004207,CUST-000880,STORE-0009,2026-03-22,STORE,COMPLETED,17.47
ORD-00004208,CUST-000373,,2026-02-27,ECOMMERCE,COMPLETED,34.2
ORD-00004209,CUST-000011,STORE-0011,2025-04-16,STORE,COMPLETED,760.53
ORD-00004210,CUST-000048,STORE-0003,2025-07-10,STORE,COMPLETED,815.14
ORD-00004211,CUST-000968,,2025-11-03,ECOMMERCE,CANCELLED,225.8
ORD-00004212,CUST-000266,STORE-0009,2026-08-10,STORE,CANCELLED,532.53
ORD-00004213,CUST-000161,STORE-0006,2025-07-17,STORE,COMPLETED,168.38
ORD-00004214,CUST-000251,,2026-01-02,ECOMMERCE,COMPLETED,151.26
ORD-00004215,CUST-000668,STORE-0006,2025-12-19,STORE,COMPLETED,67.55
ORD-00004216,CUST-000747,STORE-0004,2025-12-12,STORE,COMPLETED,719.65
ORD-00004217,CUST-000035,,2025-08-20,ECOMMERCE,COMPLETED,529.09
ORD-00004218,CUST-000828,,2026-07-28,ECOMMERCE,COMPLETED,708.28
ORD-00004219,CUST-000774,STORE-0004,2025-07-17,STORE,COMPLETED,275.67
ORD-00004220,CUST-000942,STORE-0003,2026-08-30,STORE,COMPLETED,21.41
ORD-00004221,CUST-000356,STORE-0010,2026-07-06,STORE,PENDING,218.98
ORD-00004222,CUST-000990,STORE-0005,2025-10-04,STORE,COMPLETED,793.54
ORD-00004223,CUST-000799,STORE-0006,2026-02-07,STORE,COMPLETED,788.99
ORD-00004224,CUST-000138,STORE-0001,2025-05-01,STORE,COMPLETED,870.78
ORD-00004225,CUST-000078,STORE-0008,2026-04-16,STORE,COMPLETED,343.95
ORD-00004226,CUST-000929,STORE-0001,2026-01-29,STORE,COMPLETED,700.76
ORD-00004227,CUST-000096,STORE-0010,2025-07-28,STORE,CANCELLED,317.58
ORD-00004228,CUST-000101,,2026-08-24,ECOMMERCE,COMPLETED,365.04
ORD-00004229,CUST-000235,STORE-0002,2026-05-09,STORE,COMPLETED,654.45
ORD-00004230,CUST-000434,STORE-0005,2026-04-30,STORE,COMPLETED,605.99
ORD-00004231,CUST-000940,STORE-0007,2025-09-15,STORE,COMPLETED,809.11
ORD-00004232,CUST-000027,STORE-0010,2026-03-12,STORE,COMPLETED,730.66
ORD-00004233,CUST-000005,STORE-0010,2026-08-31,STORE,COMPLETED,671.52
ORD-00004234,CUST-000276,STORE-0006,2025-05-21,STORE,COMPLETED,184.08
ORD-00004235,CUST-000065,,2025-12-29,ECOMMERCE,COMPLETED,776.15
ORD-00004236,CUST-000326,STORE-0002,2025-10-05,STORE,COMPLETED,698.13
ORD-00004237,CUST-000656,STORE-0002,2025-11-03,STORE,COMPLETED,759.56
ORD-00004238,CUST-000453,STORE-0008,2026-08-29,STORE,COMPLETED,138.6
ORD-00004239,CUST-000998,STORE-0003,2026-01-19,STORE,COMPLETED,237.42
ORD-00004240,CUST-000995,STORE-0002,2026-05-29,STORE,COMPLETED,641.75
ORD-00004241,CUST-000818,STORE-0011,2025-11-26,STORE,COMPLETED,492.64
ORD-00004242,CUST-000185,STORE-0012,2025-01-08,STORE,COMPLETED,495.32
ORD-00004243,CUST-000442,STORE-0008,2026-01-27,STORE,COMPLETED,190.47
ORD-00004244,CUST-000241,STORE-0003,2026-08-27,STORE,COMPLETED,509.0
ORD-00004245,CUST-000367,STORE-0010,2025-02-28,STORE,COMPLETED,428.53
ORD-00004246,CUST-000297,STORE-0007,2025-10-09,STORE,COMPLETED,474.99
ORD-00004247,CUST-000805,STORE-0006,2026-06-24,STORE,COMPLETED,749.14
ORD-00004248,CUST-000997,STORE-0006,2026-03-24,STORE,COMPLETED,437.88
ORD-00004249,CUST-000177,STORE-0001,2026-06-05,STORE,COMPLETED,441.8
ORD-00004250,CUST-000798,,2025-06-22,ECOMMERCE,COMPLETED,832.72
ORD-00004251,CUST-000653,,2025-11-23,ECOMMERCE,COMPLETED,85.94
ORD-00004252,CUST-000173,STORE-0009,2025-06-12,STORE,COMPLETED,784.58
ORD-00004253,CUST-000109,STORE-0009,2025-07-07,STORE,COMPLETED,719.3
ORD-00004254,CUST-000416,,2025-06-22,ECOMMERCE,COMPLETED,890.14
ORD-00004255,CUST-000566,STORE-0007,2025-07-13,STORE,COMPLETED,237.98
ORD-00004256,CUST-000014,STORE-0002,2025-06-23,STORE,COMPLETED,232.43
ORD-00004257,CUST-000295,STORE-0010,2026-08-11,STORE,COMPLETED,25.13
ORD-00004258,CUST-000720,STORE-0011,2026-03-04,STORE,COMPLETED,750.86
ORD-00004259,CUST-000138,STORE-0007,2026-02-13,STORE,COMPLETED,827.93
ORD-00004260,CUST-000848,,2025-02-23,ECOMMERCE,RETURNED,334.76
ORD-00004261,CUST-000069,STORE-0008,2025-10-19,STORE,COMPLETED,31.61
ORD-00004262,CUST-000077,STORE-0001,2025-03-28,STORE,COMPLETED,232.37
ORD-00004263,CUST-000552,,2025-07-01,ECOMMERCE,COMPLETED,278.62
ORD-00004264,CUST-000089,STORE-0010,2025-08-16,STORE,COMPLETED,20.12
ORD-00004265,CUST-000989,STORE-0001,2026-06-26,STORE,COMPLETED,444.98
ORD-00004266,CUST-000410,STORE-0005,2026-02-14,STORE,COMPLETED,621.3
ORD-00004267,CUST-000861,STORE-0001,2026-05-01,STORE,RETURNED,785.22
ORD-00004268,CUST-000224,STORE-0012,2026-06-23,STORE,COMPLETED,328.28
ORD-00004269,CUST-000334,STORE-0004,2026-04-20,STORE,COMPLETED,255.17
ORD-00004270,CUST-000846,STORE-0007,2025-05-31,STORE,COMPLETED,610.87
ORD-00004271,CUST-000889,STORE-0004,2026-02-25,STORE,COMPLETED,583.98
ORD-00004272,CUST-000266,,2025-10-17,ECOMMERCE,COMPLETED,869.02
ORD-00004273,CUST-000962,STORE-0004,2025-04-12,STORE,COMPLETED,259.28
ORD-00004274,CUST-000120,,2025-07-21,ECOMMERCE,COMPLETED,425.57
ORD-00004275,CUST-000398,,2026-06-20,ECOMMERCE,COMPLETED,856.65
ORD-00004276,CUST-000771,,2025-02-02,ECOMMERCE,COMPLETED,627.9
ORD-00004277,CUST-000619,,2025-10-27,ECOMMERCE,COMPLETED,877.59
ORD-00004278,CUST-000902,,2026-03-15,ECOMMERCE,COMPLETED,433.94
ORD-00004279,CUST-000103,,2026-06-08,ECOMMERCE,COMPLETED,32.5
ORD-00004280,CUST-000867,STORE-0008,2026-08-02,STORE,COMPLETED,280.31
ORD-00004281,CUST-000904,STORE-0003,2025-10-21,STORE,COMPLETED,409.09
ORD-00004282,CUST-000274,STORE-0002,2026-05-24,STORE,COMPLETED,252.77
ORD-00004283,CUST-000344,STORE-0004,2026-05-29,STORE,COMPLETED,521.75
ORD-00004284,CUST-000780,STORE-0001,2025-06-19,STORE,COMPLETED,274.68
ORD-00004285,CUST-000764,STORE-0004,2026-01-23,STORE,COMPLETED,136.08
ORD-00004286,CUST-000043,STORE-0005,2026-04-24,STORE,COMPLETED,471.41
ORD-00004287,CUST-000273,,2025-03-06,ECOMMERCE,COMPLETED,881.64
ORD-00004288,CUST-000348,STORE-0004,2026-05-28,STORE,COMPLETED,568.85
ORD-00004289,CUST-000760,STORE-0005,2025-06-28,STORE,COMPLETED,657.61
ORD-00004290,CUST-000799,STORE-0010,2025-01-17,STORE,COMPLETED,43.76
ORD-00004291,CUST-000489,,2026-07-01,ECOMMERCE,COMPLETED,609.69
ORD-00004292,CUST-000501,STORE-0011,2026-02-25,STORE,COMPLETED,274.84
ORD-00004293,CUST-000980,STORE-0009,2025-09-26,STORE,COMPLETED,419.48
ORD-00004294,CUST-000385,STORE-0002,2026-07-10,STORE,COMPLETED,761.27
ORD-00004295,CUST-000360,,2026-03-02,ECOMMERCE,COMPLETED,381.47
ORD-00004296,CUST-000696,STORE-0007,2025-08-28,STORE,COMPLETED,833.29
ORD-00004297,CUST-000801,,2025-03-10,ECOMMERCE,COMPLETED,277.79
ORD-00004298,CUST-000532,,2026-01-17,ECOMMERCE,COMPLETED,675.69
ORD-00004299,CUST-000961,STORE-0001,2025-06-02,STORE,COMPLETED,833.18
ORD-00004300,CUST-000864,STORE-0002,2025-01-12,STORE,COMPLETED,287.64
ORD-00004301,CUST-000466,STORE-0011,2026-07-30,STORE,COMPLETED,271.7
ORD-00004302,CUST-000422,STORE-0007,2025-02-04,STORE,COMPLETED,47.31
ORD-00004303,CUST-000455,,2025-10-01,ECOMMERCE,CANCELLED,539.04
ORD-00004304,CUST-000028,STORE-0007,2026-05-10,STORE,COMPLETED,604.3
ORD-00004305,CUST-000415,STORE-0008,2025-05-04,STORE,COMPLETED,135.04
ORD-00004306,CUST-000431,,2026-02-25,ECOMMERCE,CANCELLED,435.71
ORD-00004307,CUST-000288,STORE-0002,2025-01-17,STORE,COMPLETED,415.13
ORD-00004308,CUST-000442,STORE-0006,2025-08-12,STORE,COMPLETED,306.6
ORD-00004309,CUST-000847,STORE-0001,2026-02-01,STORE,COMPLETED,196.64
ORD-00004310,CUST-000312,STORE-0011,2025-06-23,STORE,COMPLETED,628.84
ORD-00004311,CUST-000516,,2026-05-09,ECOMMERCE,PENDING,36.3
ORD-00004312,CUST-000818,,2025-11-27,ECOMMERCE,COMPLETED,761.8
ORD-00004313,CUST-000585,STORE-0003,2025-05-23,STORE,COMPLETED,629.61
ORD-00004314,CUST-000664,STORE-0009,2026-03-09,STORE,COMPLETED,691.89
ORD-00004315,CUST-000412,STORE-0011,2026-03-30,STORE,COMPLETED,360.82
ORD-00004316,CUST-000063,STORE-0002,2026-02-16,STORE,COMPLETED,526.42
ORD-00004317,CUST-000918,,2025-01-16,ECOMMERCE,COMPLETED,850.0
ORD-00004318,CUST-000182,STORE-0009,2025-03-24,STORE,COMPLETED,516.49
ORD-00004319,CUST-000164,STORE-0008,2025-05-03,STORE,COMPLETED,385.53
ORD-00004320,CUST-000905,STORE-0004,2025-08-27,STORE,COMPLETED,419.92
ORD-00004321,CUST-000007,,2026-07-01,ECOMMERCE,COMPLETED,749.96
ORD-00004322,CUST-000176,STORE-0007,2026-08-25,STORE,COMPLETED,41.73
ORD-00004323,CUST-000606,,2026-07-03,ECOMMERCE,COMPLETED,603.41
ORD-00004324,CUST-000090,,2025-09-01,ECOMMERCE,RETURNED,282.7
ORD-00004325,CUST-000616,,2025-01-20,ECOMMERCE,COMPLETED,332.53
ORD-00004326,CUST-000429,STORE-0008,2025-01-28,STORE,PENDING,544.95
ORD-00004327,CUST-000349,STORE-0009,2026-03-26,STORE,COMPLETED,340.56
ORD-00004328,CUST-000544,,2025-06-16,ECOMMERCE,RETURNED,255.33
ORD-00004329,CUST-000525,STORE-0012,2025-10-12,STORE,COMPLETED,232.14
ORD-00004330,CUST-000151,STORE-0012,2025-03-19,STORE,COMPLETED,491.82
ORD-00004331,CUST-000515,STORE-0001,2026-01-31,STORE,COMPLETED,859.16
ORD-00004332,CUST-000228,STORE-0011,2025-04-27,STORE,COMPLETED,586.0
ORD-00004333,CUST-000774,STORE-0001,2025-04-16,STORE,COMPLETED,768.06
ORD-00004334,CUST-000595,,2025-05-26,ECOMMERCE,CANCELLED,593.83
ORD-00004335,CUST-000002,STORE-0004,2026-04-05,STORE,COMPLETED,116.28
ORD-00004336,CUST-000614,STORE-0003,2026-02-27,STORE,COMPLETED,52.64
ORD-00004337,CUST-000209,,2025-02-01,ECOMMERCE,COMPLETED,492.39
ORD-00004338,CUST-000920,STORE-0002,2026-04-11,STORE,COMPLETED,147.95
ORD-00004339,CUST-000969,STORE-0007,2026-07-18,STORE,COMPLETED,785.06
ORD-00004340,CUST-000307,STORE-0009,2025-12-01,STORE,COMPLETED,41.72
ORD-00004341,CUST-000469,,2025-05-31,ECOMMERCE,COMPLETED,598.9
ORD-00004342,CUST-000975,,2026-08-02,ECOMMERCE,COMPLETED,587.46
ORD-00004343,CUST-000091,STORE-0002,2026-03-06,STORE,COMPLETED,389.34
ORD-00004344,CUST-000116,STORE-0012,2026-01-30,STORE,COMPLETED,166.77
ORD-00004345,CUST-000402,STORE-0003,2025-01-16,STORE,COMPLETED,484.39
ORD-00004346,CUST-000246,,2025-05-03,ECOMMERCE,COMPLETED,577.51
ORD-00004347,CUST-000945,,2026-03-08,ECOMMERCE,COMPLETED,812.7
ORD-00004348,CUST-000276,STORE-0004,2025-11-30,STORE,COMPLETED,352.61
ORD-00004349,CUST-000658,,2025-09-17,ECOMMERCE,COMPLETED,476.9
ORD-00004350,CUST-000497,,2025-01-07,ECOMMERCE,COMPLETED,24.69
ORD-00004351,CUST-000830,,2025-05-27,ECOMMERCE,COMPLETED,597.0
ORD-00004352,CUST-000418,STORE-0010,2025-01-20,STORE,COMPLETED,845.83
ORD-00004353,CUST-000229,STORE-0008,2026-01-08,STORE,COMPLETED,176.64
ORD-00004354,CUST-000584,,2026-04-08,ECOMMERCE,COMPLETED,737.48
ORD-00004355,CUST-000256,,2026-01-21,ECOMMERCE,COMPLETED,412.24
ORD-00004356,CUST-000773,STORE-0005,2025-09-06,STORE,COMPLETED,132.67
ORD-00004357,CUST-000707,,2025-11-12,ECOMMERCE,COMPLETED,329.05
ORD-00004358,CUST-000436,,2025-09-19,ECOMMERCE,COMPLETED,85.06
ORD-00004359,CUST-000451,STORE-0006,2025-10-13,STORE,COMPLETED,874.24
ORD-00004360,CUST-000847,,2025-10-06,ECOMMERCE,COMPLETED,810.49
ORD-00004361,CUST-000122,STORE-0006,2026-08-07,STORE,COMPLETED,456.1
ORD-00004362,CUST-000284,STORE-0012,2026-02-14,STORE,COMPLETED,899.17
ORD-00004363,CUST-000237,,2026-03-15,ECOMMERCE,COMPLETED,371.86
ORD-00004364,CUST-000795,STORE-0010,2026-06-26,STORE,COMPLETED,533.0
ORD-00004365,CUST-000596,STORE-0005,2026-08-04,STORE,COMPLETED,871.49
ORD-00004366,CUST-000683,,2025-06-28,ECOMMERCE,COMPLETED,59.69
ORD-00004367,CUST-000620,STORE-0009,2026-02-01,STORE,COMPLETED,865.7
ORD-00004368,CUST-000132,STORE-0001,2026-01-29,STORE,COMPLETED,79.31
ORD-00004369,CUST-000954,STORE-0010,2026-08-21,STORE,COMPLETED,182.39
ORD-00004370,CUST-000625,STORE-0010,2025-06-08,STORE,COMPLETED,667.45
ORD-00004371,CUST-000752,,2026-07-16,ECOMMERCE,COMPLETED,298.75
ORD-00004372,CUST-000489,STORE-0007,2026-07-24,STORE,COMPLETED,643.45
ORD-00004373,CUST-000192,STORE-0006,2026-03-21,STORE,COMPLETED,122.45
ORD-00004374,CUST-000177,STORE-0001,2026-06-20,STORE,RETURNED,729.62
ORD-00004375,CUST-000833,,2025-09-10,ECOMMERCE,COMPLETED,192.13
ORD-00004376,CUST-000195,STORE-0010,2025-03-28,STORE,COMPLETED,126.56
ORD-00004377,CUST-000005,STORE-0002,2025-10-24,STORE,COMPLETED,592.35
ORD-00004378,CUST-000478,,2026-02-13,ECOMMERCE,COMPLETED,560.99
ORD-00004379,CUST-000069,,2025-11-09,ECOMMERCE,COMPLETED,600.28
ORD-00004380,CUST-000892,,2025-10-19,ECOMMERCE,COMPLETED,514.16
ORD-00004381,CUST-000122,STORE-0001,2025-07-29,STORE,COMPLETED,523.8
ORD-00004382,CUST-000923,STORE-0011,2026-07-11,STORE,COMPLETED,44.36
ORD-00004383,CUST-000446,STORE-0011,2025-12-02,STORE,COMPLETED,354.61
ORD-00004384,CUST-000805,STORE-0011,2025-05-19,STORE,COMPLETED,25.05
ORD-00004385,CUST-000727,STORE-0011,2025-06-04,STORE,COMPLETED,176.65
ORD-00004386,CUST-000238,STORE-0001,2026-08-07,STORE,RETURNED,894.09
ORD-00004387,CUST-000966,STORE-0002,2025-09-25,STORE,COMPLETED,564.09
ORD-00004388,CUST-000961,STORE-0010,2026-07-13,STORE,RETURNED,881.41
ORD-00004389,CUST-000878,STORE-0006,2026-02-16,STORE,COMPLETED,793.22
ORD-00004390,CUST-000675,STORE-0006,2025-09-09,STORE,COMPLETED,17.46
ORD-00004391,CUST-000419,STORE-0002,2026-06-23,STORE,COMPLETED,309.89
ORD-00004392,CUST-000776,STORE-0011,2025-10-25,STORE,COMPLETED,20.95
ORD-00004393,CUST-000962,STORE-0005,2026-05-18,STORE,COMPLETED,644.08
ORD-00004394,CUST-000988,STORE-0002,2025-07-18,STORE,COMPLETED,562.53
ORD-00004395,CUST-000100,,2025-01-14,ECOMMERCE,COMPLETED,448.82
ORD-00004396,CUST-000174,STORE-0002,2026-05-24,STORE,PENDING,324.41
ORD-00004397,CUST-000089,STORE-0010,2025-07-03,STORE,RETURNED,144.75
ORD-00004398,CUST-000637,STORE-0012,2026-08-21,STORE,COMPLETED,77.82
ORD-00004399,CUST-000496,STORE-0004,2025-08-04,STORE,COMPLETED,183.04
ORD-00004400,CUST-000830,,2025-10-28,ECOMMERCE,COMPLETED,289.8
ORD-00004401,CUST-000294,,2026-07-18,ECOMMERCE,COMPLETED,705.06
ORD-00004402,CUST-000027,STORE-0008,2026-07-02,STORE,COMPLETED,128.87
ORD-00004403,CUST-000068,STORE-0001,2026-04-27,STORE,COMPLETED,82.45
ORD-00004404,CUST-000074,,2026-04-28,ECOMMERCE,COMPLETED,880.05
ORD-00004405,CUST-000874,,2026-01-01,ECOMMERCE,COMPLETED,630.14
ORD-00004406,CUST-000171,,2026-07-06,ECOMMERCE,COMPLETED,84.43
ORD-00004407,CUST-000198,STORE-0005,2025-02-07,STORE,COMPLETED,79.94
ORD-00004408,CUST-000522,,2025-01-02,ECOMMERCE,COMPLETED,496.98
ORD-00004409,CUST-000755,STORE-0002,2025-11-25,STORE,CANCELLED,414.92
ORD-00004410,CUST-000820,STORE-0010,2026-02-06,STORE,COMPLETED,235.26
ORD-00004411,CUST-000944,,2026-02-12,ECOMMERCE,COMPLETED,450.33
ORD-00004412,CUST-000052,STORE-0005,2025-01-12,STORE,COMPLETED,804.65
ORD-00004413,CUST-000735,,2025-11-15,ECOMMERCE,COMPLETED,290.91
ORD-00004414,CUST-000019,STORE-0004,2026-07-14,STORE,COMPLETED,87.07
ORD-00004415,CUST-000698,STORE-0004,2026-08-26,STORE,COMPLETED,695.52
ORD-00004416,CUST-000757,,2025-02-10,ECOMMERCE,COMPLETED,344.0
ORD-00004417,CUST-000568,,2026-02-13,ECOMMERCE,COMPLETED,261.65
ORD-00004418,CUST-000762,,2025-01-22,ECOMMERCE,COMPLETED,487.75
ORD-00004419,CUST-000402,STORE-0006,2025-06-11,STORE,COMPLETED,314.08
ORD-00004420,CUST-000392,,2025-10-17,ECOMMERCE,COMPLETED,642.73
ORD-00004421,CUST-000209,STORE-0012,2025-08-31,STORE,COMPLETED,384.51
ORD-00004422,CUST-000955,STORE-0004,2026-04-25,STORE,COMPLETED,767.25
ORD-00004423,CUST-000520,STORE-0001,2026-03-19,STORE,COMPLETED,462.45
ORD-00004424,CUST-000572,,2026-05-10,ECOMMERCE,PENDING,52.67
ORD-00004425,CUST-000696,STORE-0012,2025-05-01,STORE,COMPLETED,559.39
ORD-00004426,CUST-000741,STORE-0012,2025-10-16,STORE,COMPLETED,84.79
ORD-00004427,CUST-000877,STORE-0003,2026-02-04,STORE,COMPLETED,100.18
ORD-00004428,CUST-000567,STORE-0006,2026-07-29,STORE,COMPLETED,159.26
ORD-00004429,CUST-000191,STORE-0011,2025-05-03,STORE,COMPLETED,595.74
ORD-00004430,CUST-000466,STORE-0011,2025-06-12,STORE,COMPLETED,292.48
ORD-00004431,CUST-000482,STORE-0011,2025-01-08,STORE,COMPLETED,857.5
ORD-00004432,CUST-000286,STORE-0005,2026-05-07,STORE,COMPLETED,863.34
ORD-00004433,CUST-000545,STORE-0011,2025-05-21,STORE,CANCELLED,807.43
ORD-00004434,CUST-000769,STORE-0002,2025-10-24,STORE,COMPLETED,79.98
ORD-00004435,CUST-000348,STORE-0012,2025-09-07,STORE,COMPLETED,387.78
ORD-00004436,CUST-000824,,2026-02-01,ECOMMERCE,PENDING,132.06
ORD-00004437,CUST-000255,STORE-0006,2026-08-14,STORE,COMPLETED,17.46
ORD-00004438,CUST-000014,STORE-0003,2026-01-29,STORE,COMPLETED,488.14
ORD-00004439,CUST-000383,STORE-0008,2026-07-23,STORE,CANCELLED,20.25
ORD-00004440,CUST-000530,,2026-02-15,ECOMMERCE,COMPLETED,836.39
ORD-00004441,CUST-000243,STORE-0001,2026-02-10,STORE,COMPLETED,399.07
ORD-00004442,CUST-000046,STORE-0003,2026-06-28,STORE,CANCELLED,92.64
ORD-00004443,CUST-000273,STORE-0001,2026-07-13,STORE,COMPLETED,24.69
ORD-00004444,CUST-000045,STORE-0010,2025-05-02,STORE,PENDING,66.95
ORD-00004445,CUST-000655,,2025-01-30,ECOMMERCE,COMPLETED,134.7
ORD-00004446,CUST-000348,STORE-0003,2025-07-24,STORE,COMPLETED,422.16
ORD-00004447,CUST-000479,STORE-0012,2026-01-11,STORE,COMPLETED,114.22
ORD-00004448,CUST-000192,STORE-0007,2025-02-12,STORE,COMPLETED,649.2
ORD-00004449,CUST-000137,STORE-0008,2025-12-24,STORE,CANCELLED,853.56
ORD-00004450,CUST-000678,,2025-11-26,ECOMMERCE,COMPLETED,256.92
ORD-00004451,CUST-000975,STORE-0003,2025-02-14,STORE,COMPLETED,676.24
ORD-00004452,CUST-000289,,2025-10-20,ECOMMERCE,RETURNED,214.24
ORD-00004453,CUST-000571,STORE-0001,2026-07-29,STORE,COMPLETED,500.0
ORD-00004454,CUST-000645,STORE-0006,2026-06-27,STORE,COMPLETED,799.39
ORD-00004455,CUST-000781,,2025-12-05,ECOMMERCE,COMPLETED,374.44
ORD-00004456,CUST-000612,,2026-01-15,ECOMMERCE,COMPLETED,451.59
ORD-00004457,CUST-000323,STORE-0012,2026-02-22,STORE,COMPLETED,222.74
ORD-00004458,CUST-000106,,2026-03-07,ECOMMERCE,COMPLETED,288.99
ORD-00004459,CUST-000459,STORE-0001,2025-10-31,STORE,COMPLETED,581.71
ORD-00004460,CUST-000924,,2026-02-20,ECOMMERCE,COMPLETED,189.12
ORD-00004461,CUST-000065,,2026-01-10,ECOMMERCE,COMPLETED,39.05
ORD-00004462,CUST-000204,STORE-0011,2025-01-05,STORE,COMPLETED,218.9
ORD-00004463,CUST-000974,,2025-04-03,ECOMMERCE,COMPLETED,730.93
ORD-00004464,CUST-000056,STORE-0006,2026-06-24,STORE,COMPLETED,69.73
ORD-00004465,CUST-000262,STORE-0005,2025-03-18,STORE,COMPLETED,537.8
ORD-00004466,CUST-000581,STORE-0005,2025-02-27,STORE,COMPLETED,872.24
ORD-00004467,CUST-000375,,2025-08-07,ECOMMERCE,COMPLETED,733.31
ORD-00004468,CUST-000940,,2026-04-24,ECOMMERCE,COMPLETED,297.6
ORD-00004469,CUST-000587,STORE-0012,2025-03-23,STORE,COMPLETED,840.18
ORD-00004470,CUST-000545,STORE-0007,2026-03-22,STORE,RETURNED,844.01
ORD-00004471,CUST-000415,,2026-08-18,ECOMMERCE,COMPLETED,307.14
ORD-00004472,CUST-000568,,2025-08-29,ECOMMERCE,COMPLETED,300.21
ORD-00004473,CUST-000271,STORE-0011,2026-07-27,STORE,COMPLETED,499.04
ORD-00004474,CUST-000704,STORE-0008,2025-02-20,STORE,COMPLETED,873.95
ORD-00004475,CUST-000711,,2026-05-05,ECOMMERCE,COMPLETED,724.14
ORD-00004476,CUST-000272,STORE-0004,2025-01-07,STORE,COMPLETED,103.73
ORD-00004477,CUST-000027,STORE-0010,2026-01-04,STORE,COMPLETED,229.08
ORD-00004478,CUST-000837,STORE-0003,2026-05-06,STORE,COMPLETED,619.11
ORD-00004479,CUST-000882,STORE-0007,2025-10-24,STORE,COMPLETED,179.65
ORD-00004480,CUST-000137,STORE-0006,2025-09-03,STORE,COMPLETED,736.7
ORD-00004481,CUST-000918,,2026-04-17,ECOMMERCE,COMPLETED,775.63
ORD-00004482,CUST-000265,,2025-06-19,ECOMMERCE,COMPLETED,827.82
ORD-00004483,CUST-000727,STORE-0003,2025-08-18,STORE,COMPLETED,782.71
ORD-00004484,CUST-000048,,2025-05-20,ECOMMERCE,COMPLETED,176.39
ORD-00004485,CUST-000258,STORE-0012,2025-01-01,STORE,COMPLETED,560.91
ORD-00004486,CUST-000818,STORE-0003,2026-06-13,STORE,COMPLETED,137.4
ORD-00004487,CUST-000507,,2025-03-14,ECOMMERCE,COMPLETED,479.87
ORD-00004488,CUST-000010,,2026-05-10,ECOMMERCE,COMPLETED,299.16
ORD-00004489,CUST-000863,STORE-0005,2025-12-17,STORE,COMPLETED,359.27
ORD-00004490,CUST-000454,,2025-11-28,ECOMMERCE,COMPLETED,625.41
ORD-00004491,CUST-000207,STORE-0009,2025-08-15,STORE,COMPLETED,18.35
ORD-00004492,CUST-000808,,2025-10-19,ECOMMERCE,PENDING,203.9
ORD-00004493,CUST-000793,STORE-0007,2025-06-04,STORE,CANCELLED,451.1
ORD-00004494,CUST-000224,STORE-0004,2025-03-19,STORE,COMPLETED,657.49
ORD-00004495,CUST-000035,,2026-02-12,ECOMMERCE,COMPLETED,279.38
ORD-00004496,CUST-000948,STORE-0008,2025-01-04,STORE,COMPLETED,334.93
ORD-00004497,CUST-000817,STORE-0001,2025-12-10,STORE,COMPLETED,164.98
ORD-00004498,CUST-000312,STORE-0003,2025-10-22,STORE,COMPLETED,744.32
ORD-00004499,CUST-000811,STORE-0012,2025-11-01,STORE,COMPLETED,132.06
ORD-00004500,CUST-000019,STORE-0011,2026-03-21,STORE,COMPLETED,686.37
ORD-00004501,CUST-000439,STORE-0008,2026-03-07,STORE,COMPLETED,518.72
ORD-00004502,CUST-000949,STORE-0007,2025-06-13,STORE,COMPLETED,50.41
ORD-00004503,CUST-000196,,2026-06-05,ECOMMERCE,COMPLETED,330.79
ORD-00004504,CUST-000830,,2026-02-18,ECOMMERCE,CANCELLED,718.99
ORD-00004505,CUST-000747,,2025-03-14,ECOMMERCE,COMPLETED,411.32
ORD-00004506,CUST-000498,STORE-0011,2026-08-24,STORE,COMPLETED,477.61
ORD-00004507,CUST-000602,STORE-0012,2026-08-08,STORE,COMPLETED,677.48
ORD-00004508,CUST-000726,,2025-10-12,ECOMMERCE,COMPLETED,544.37
ORD-00004509,CUST-000614,STORE-0012,2026-06-03,STORE,COMPLETED,536.51
ORD-00004510,CUST-000323,STORE-0006,2025-01-15,STORE,COMPLETED,543.54
ORD-00004511,CUST-000213,,2025-05-27,ECOMMERCE,COMPLETED,700.94
ORD-00004512,CUST-000222,STORE-0003,2025-05-15,STORE,COMPLETED,878.19
ORD-00004513,CUST-000391,STORE-0002,2025-05-14,STORE,COMPLETED,650.96
ORD-00004514,CUST-000957,STORE-0009,2025-03-18,STORE,COMPLETED,820.55
ORD-00004515,CUST-000296,STORE-0009,2025-12-14,STORE,COMPLETED,29.41
ORD-00004516,CUST-000187,,2026-04-07,ECOMMERCE,COMPLETED,633.63
ORD-00004517,CUST-000168,,2025-05-21,ECOMMERCE,CANCELLED,737.71
ORD-00004518,CUST-000721,,2025-11-08,ECOMMERCE,RETURNED,280.65
ORD-00004519,CUST-000952,,2025-06-15,ECOMMERCE,COMPLETED,647.89
ORD-00004520,CUST-000713,,2026-05-19,ECOMMERCE,COMPLETED,469.35
ORD-00004521,CUST-000145,STORE-0003,2025-07-29,STORE,COMPLETED,584.02
ORD-00004522,CUST-000060,STORE-0006,2026-07-14,STORE,RETURNED,271.76
ORD-00004523,CUST-000051,STORE-0007,2025-03-20,STORE,PENDING,191.94
ORD-00004524,CUST-000590,,2026-01-14,ECOMMERCE,COMPLETED,428.77
ORD-00004525,CUST-000614,,2026-07-04,ECOMMERCE,RETURNED,872.16
ORD-00004526,CUST-000772,STORE-0011,2025-11-29,STORE,COMPLETED,622.73
ORD-00004527,CUST-000581,STORE-0007,2025-07-17,STORE,CANCELLED,494.3
ORD-00004528,CUST-000877,,2026-04-01,ECOMMERCE,COMPLETED,364.55
ORD-00004529,CUST-000860,STORE-0009,2025-03-02,STORE,COMPLETED,139.53
ORD-00004530,CUST-000411,STORE-0003,2025-01-08,STORE,COMPLETED,300.55
ORD-00004531,CUST-000751,,2026-04-06,ECOMMERCE,COMPLETED,374.62
ORD-00004532,CUST-000512,STORE-0011,2026-06-20,STORE,RETURNED,300.39
ORD-00004533,CUST-000368,,2026-05-21,ECOMMERCE,COMPLETED,892.21
ORD-00004534,CUST-000482,STORE-0007,2025-10-09,STORE,COMPLETED,61.29
ORD-00004535,CUST-000346,STORE-0009,2026-03-01,STORE,COMPLETED,772.41
ORD-00004536,CUST-000059,STORE-0006,2025-03-15,STORE,COMPLETED,327.32
ORD-00004537,CUST-000158,STORE-0003,2025-09-20,STORE,COMPLETED,245.11
ORD-00004538,CUST-000603,,2026-04-29,ECOMMERCE,RETURNED,19.37
ORD-00004539,CUST-000854,,2025-07-26,ECOMMERCE,COMPLETED,374.78
ORD-00004540,CUST-000437,STORE-0001,2026-06-09,STORE,COMPLETED,755.3
ORD-00004541,CUST-000889,,2025-02-12,ECOMMERCE,COMPLETED,415.58
ORD-00004542,CUST-000419,,2025-07-18,ECOMMERCE,COMPLETED,565.66
ORD-00004543,CUST-000275,,2025-06-07,ECOMMERCE,CANCELLED,468.73
ORD-00004544,CUST-000178,STORE-0001,2025-12-07,STORE,COMPLETED,493.39
ORD-00004545,CUST-000229,,2025-02-01,ECOMMERCE,PENDING,702.52
ORD-00004546,CUST-000071,STORE-0004,2025-10-03,STORE,COMPLETED,25.72
ORD-00004547,CUST-000654,,2025-03-09,ECOMMERCE,COMPLETED,435.93
ORD-00004548,CUST-000865,STORE-0010,2026-05-14,STORE,COMPLETED,256.37
ORD-00004549,CUST-000569,,2025-10-03,ECOMMERCE,COMPLETED,335.88
ORD-00004550,CUST-000540,STORE-0001,2025-11-02,STORE,COMPLETED,52.38
ORD-00004551,CUST-000772,STORE-0007,2026-05-19,STORE,COMPLETED,465.85
ORD-00004552,CUST-000587,,2025-11-26,ECOMMERCE,COMPLETED,580.66
ORD-00004553,CUST-000258,STORE-0011,2025-01-20,STORE,CANCELLED,532.26
ORD-00004554,CUST-000562,STORE-0001,2025-05-24,STORE,COMPLETED,397.49
ORD-00004555,CUST-000632,STORE-0005,2025-10-04,STORE,COMPLETED,786.64
ORD-00004556,CUST-000821,,2025-08-27,ECOMMERCE,RETURNED,328.09
ORD-00004557,CUST-000999,STORE-0003,2025-12-07,STORE,COMPLETED,555.31
ORD-00004558,CUST-000480,,2025-07-15,ECOMMERCE,COMPLETED,150.9
ORD-00004559,CUST-000578,STORE-0012,2026-03-27,STORE,COMPLETED,431.98
ORD-00004560,CUST-000472,STORE-0006,2026-01-10,STORE,RETURNED,115.61
ORD-00004561,CUST-000526,STORE-0007,2025-10-01,STORE,PENDING,622.76
ORD-00004562,CUST-000207,,2025-01-04,ECOMMERCE,COMPLETED,682.83
ORD-00004563,CUST-000621,STORE-0006,2026-06-17,STORE,COMPLETED,631.25
ORD-00004564,CUST-000284,,2025-04-19,ECOMMERCE,COMPLETED,155.87
ORD-00004565,CUST-000226,STORE-0003,2026-03-16,STORE,COMPLETED,583.9
ORD-00004566,CUST-000386,,2025-10-14,ECOMMERCE,COMPLETED,386.69
ORD-00004567,CUST-000951,STORE-0009,2025-08-03,STORE,COMPLETED,884.24
ORD-00004568,CUST-000003,STORE-0007,2026-02-17,STORE,COMPLETED,537.46
ORD-00004569,CUST-000658,,2025-03-30,ECOMMERCE,COMPLETED,883.83
ORD-00004570,CUST-000915,STORE-0002,2026-04-25,STORE,COMPLETED,147.38
ORD-00004571,CUST-000908,,2026-01-26,ECOMMERCE,COMPLETED,742.21
ORD-00004572,CUST-000425,STORE-0010,2026-07-16,STORE,COMPLETED,35.71
ORD-00004573,CUST-000157,STORE-0004,2025-05-17,STORE,COMPLETED,142.8
ORD-00004574,CUST-000122,,2026-04-07,ECOMMERCE,COMPLETED,852.07
ORD-00004575,CUST-000156,STORE-0003,2025-08-22,STORE,COMPLETED,747.36
ORD-00004576,CUST-000726,STORE-0007,2025-11-20,STORE,COMPLETED,787.54
ORD-00004577,CUST-000643,,2026-04-04,ECOMMERCE,COMPLETED,801.39
ORD-00004578,CUST-000478,STORE-0008,2026-08-18,STORE,COMPLETED,244.65
ORD-00004579,CUST-000456,STORE-0007,2026-05-24,STORE,COMPLETED,194.23
ORD-00004580,CUST-000839,STORE-0009,2026-07-08,STORE,COMPLETED,50.22
ORD-00004581,CUST-000216,STORE-0008,2026-06-11,STORE,COMPLETED,531.12
ORD-00004582,CUST-000617,STORE-0001,2026-07-26,STORE,COMPLETED,342.09
ORD-00004583,CUST-000781,,2026-02-04,ECOMMERCE,COMPLETED,746.7
ORD-00004584,CUST-000270,STORE-0009,2026-06-09,STORE,COMPLETED,196.75
ORD-00004585,CUST-000160,STORE-0001,2026-05-06,STORE,COMPLETED,148.58
ORD-00004586,CUST-000698,STORE-0002,2025-07-04,STORE,COMPLETED,573.96
ORD-00004587,CUST-000029,,2025-12-08,ECOMMERCE,COMPLETED,499.26
ORD-00004588,CUST-000103,,2025-06-08,ECOMMERCE,RETURNED,587.63
ORD-00004589,CUST-000660,STORE-0007,2025-04-11,STORE,COMPLETED,133.43
ORD-00004590,CUST-000665,,2026-05-16,ECOMMERCE,COMPLETED,370.58
ORD-00004591,CUST-000871,,2025-02-07,ECOMMERCE,COMPLETED,56.66
ORD-00004592,CUST-000225,STORE-0008,2025-05-31,STORE,COMPLETED,142.42
ORD-00004593,CUST-000915,STORE-0004,2025-08-18,STORE,COMPLETED,640.2
ORD-00004594,CUST-000870,,2026-03-24,ECOMMERCE,COMPLETED,552.61
ORD-00004595,CUST-000048,STORE-0004,2025-11-20,STORE,COMPLETED,449.38
ORD-00004596,CUST-000629,STORE-0007,2026-06-16,STORE,COMPLETED,780.55
ORD-00004597,CUST-000196,,2025-12-13,ECOMMERCE,COMPLETED,409.79
ORD-00004598,CUST-000453,,2025-08-30,ECOMMERCE,COMPLETED,692.86
ORD-00004599,CUST-000674,,2025-08-12,ECOMMERCE,COMPLETED,306.4
ORD-00004600,CUST-000698,STORE-0006,2026-03-27,STORE,COMPLETED,43.97
ORD-00004601,CUST-000096,STORE-0009,2026-05-05,STORE,COMPLETED,612.82
ORD-00004602,CUST-000529,,2025-10-08,ECOMMERCE,COMPLETED,262.94
ORD-00004603,CUST-000377,STORE-0009,2026-07-05,STORE,COMPLETED,875.09
ORD-00004604,CUST-000316,STORE-0008,2025-02-22,STORE,COMPLETED,635.88
ORD-00004605,CUST-000959,,2025-08-21,ECOMMERCE,RETURNED,717.05
ORD-00004606,CUST-000204,,2026-02-15,ECOMMERCE,COMPLETED,407.91
ORD-00004607,CUST-000769,STORE-0007,2026-07-01,STORE,COMPLETED,673.13
ORD-00004608,CUST-000449,STORE-0008,2026-04-03,STORE,COMPLETED,788.23
ORD-00004609,CUST-000655,STORE-0005,2025-10-01,STORE,COMPLETED,468.45
ORD-00004610,CUST-001000,STORE-0008,2026-08-12,STORE,COMPLETED,36.89
ORD-00004611,CUST-000238,,2026-03-10,ECOMMERCE,COMPLETED,393.14
ORD-00004612,CUST-000023,STORE-0002,2026-03-19,STORE,COMPLETED,134.22
ORD-00004613,CUST-000224,STORE-0008,2026-06-03,STORE,COMPLETED,783.71
ORD-00004614,CUST-000968,STORE-0008,2026-01-10,STORE,COMPLETED,826.54
ORD-00004615,CUST-000721,STORE-0011,2025-05-31,STORE,COMPLETED,221.67
ORD-00004616,CUST-000985,STORE-0009,2025-08-02,STORE,COMPLETED,135.98
ORD-00004617,CUST-000340,,2026-07-27,ECOMMERCE,COMPLETED,639.12
ORD-00004618,CUST-000168,STORE-0004,2025-08-21,STORE,COMPLETED,95.07
ORD-00004619,CUST-000755,,2026-01-17,ECOMMERCE,COMPLETED,322.06
ORD-00004620,CUST-000551,,2025-09-11,ECOMMERCE,COMPLETED,720.43
ORD-00004621,CUST-000478,STORE-0004,2025-11-04,STORE,COMPLETED,355.11
ORD-00004622,CUST-000261,STORE-0007,2025-06-30,STORE,COMPLETED,320.66
ORD-00004623,CUST-000366,STORE-0009,2025-10-18,STORE,COMPLETED,830.6
ORD-00004624,CUST-000759,STORE-0010,2025-04-28,STORE,COMPLETED,406.13
ORD-00004625,CUST-000972,STORE-0003,2025-06-19,STORE,COMPLETED,603.0
ORD-00004626,CUST-000566,STORE-0002,2025-10-21,STORE,CANCELLED,102.51
ORD-00004627,CUST-000308,,2025-10-08,ECOMMERCE,COMPLETED,357.14
ORD-00004628,CUST-000723,,2026-08-28,ECOMMERCE,COMPLETED,512.77
ORD-00004629,CUST-000831,,2026-04-06,ECOMMERCE,COMPLETED,666.31
ORD-00004630,CUST-000830,STORE-0012,2025-05-09,STORE,COMPLETED,270.42
ORD-00004631,CUST-000248,STORE-0004,2025-01-30,STORE,COMPLETED,390.91
ORD-00004632,CUST-000357,,2025-01-31,ECOMMERCE,COMPLETED,586.54
ORD-00004633,CUST-000839,STORE-0003,2025-04-30,STORE,COMPLETED,181.92
ORD-00004634,CUST-000471,STORE-0002,2026-01-22,STORE,PENDING,381.27
ORD-00004635,CUST-000002,,2025-05-23,ECOMMERCE,PENDING,675.75
ORD-00004636,CUST-000285,,2025-06-28,ECOMMERCE,COMPLETED,830.72
ORD-00004637,CUST-000870,STORE-0003,2025-05-17,STORE,COMPLETED,881.28
ORD-00004638,CUST-000603,STORE-0009,2025-02-10,STORE,COMPLETED,889.88
ORD-00004639,CUST-000996,,2026-03-10,ECOMMERCE,COMPLETED,803.63
ORD-00004640,CUST-000633,STORE-0012,2025-01-17,STORE,COMPLETED,779.86
ORD-00004641,CUST-000336,STORE-0003,2025-11-08,STORE,COMPLETED,372.19
ORD-00004642,CUST-000028,STORE-0010,2025-06-18,STORE,COMPLETED,702.52
ORD-00004643,CUST-000469,STORE-0005,2026-02-09,STORE,CANCELLED,399.34
ORD-00004644,CUST-000890,STORE-0007,2025-02-23,STORE,COMPLETED,354.6
ORD-00004645,CUST-000132,STORE-0007,2025-08-12,STORE,COMPLETED,532.33
ORD-00004646,CUST-000753,,2026-01-26,ECOMMERCE,CANCELLED,575.83
ORD-00004647,CUST-000777,STORE-0003,2025-07-07,STORE,COMPLETED,403.22
ORD-00004648,CUST-000270,,2025-04-05,ECOMMERCE,COMPLETED,54.81
ORD-00004649,CUST-000879,STORE-0009,2025-11-28,STORE,COMPLETED,173.33
ORD-00004650,CUST-000352,,2025-03-07,ECOMMERCE,COMPLETED,881.21
ORD-00004651,CUST-000801,,2025-10-05,ECOMMERCE,COMPLETED,833.94
ORD-00004652,CUST-000563,STORE-0007,2026-05-08,STORE,COMPLETED,487.1
ORD-00004653,CUST-000587,STORE-0001,2025-11-04,STORE,COMPLETED,228.46
ORD-00004654,CUST-000259,STORE-0006,2025-10-10,STORE,COMPLETED,668.96
ORD-00004655,CUST-000704,STORE-0008,2025-10-27,STORE,COMPLETED,190.21
ORD-00004656,CUST-000118,STORE-0005,2026-08-26,STORE,COMPLETED,472.6
ORD-00004657,CUST-000325,STORE-0004,2025-03-07,STORE,COMPLETED,624.06
ORD-00004658,CUST-000598,STORE-0006,2025-10-20,STORE,COMPLETED,453.56
ORD-00004659,CUST-000098,STORE-0009,2025-07-18,STORE,COMPLETED,482.58
ORD-00004660,CUST-000053,STORE-0001,2025-04-13,STORE,COMPLETED,489.28
ORD-00004661,CUST-000088,,2025-11-16,ECOMMERCE,COMPLETED,89.61
ORD-00004662,CUST-000067,STORE-0005,2025-08-23,STORE,COMPLETED,488.35
ORD-00004663,CUST-000107,STORE-0001,2026-05-13,STORE,COMPLETED,83.69
ORD-00004664,CUST-000047,STORE-0010,2026-02-20,STORE,COMPLETED,298.27
ORD-00004665,CUST-000339,STORE-0008,2025-02-24,STORE,COMPLETED,499.91
ORD-00004666,CUST-000147,,2026-03-15,ECOMMERCE,COMPLETED,596.04
ORD-00004667,CUST-000829,STORE-0012,2025-03-15,STORE,COMPLETED,248.0
ORD-00004668,CUST-000201,,2025-01-13,ECOMMERCE,COMPLETED,61.72
ORD-00004669,CUST-000190,STORE-0009,2026-03-19,STORE,COMPLETED,879.47
ORD-00004670,CUST-000344,,2025-01-20,ECOMMERCE,COMPLETED,825.23
ORD-00004671,CUST-000296,STORE-0012,2025-04-08,STORE,COMPLETED,712.61
ORD-00004672,CUST-000419,STORE-0008,2025-02-07,STORE,COMPLETED,81.72
ORD-00004673,CUST-000603,STORE-0010,2025-05-26,STORE,COMPLETED,885.05
ORD-00004674,CUST-000915,STORE-0004,2025-07-30,STORE,COMPLETED,474.59
ORD-00004675,CUST-000874,STORE-0003,2025-10-12,STORE,COMPLETED,892.22
ORD-00004676,CUST-000602,STORE-0003,2025-07-08,STORE,COMPLETED,56.76
ORD-00004677,CUST-000671,STORE-0001,2025-04-08,STORE,RETURNED,669.16
ORD-00004678,CUST-000871,,2025-03-19,ECOMMERCE,COMPLETED,198.85
ORD-00004679,CUST-000215,STORE-0004,2026-08-13,STORE,COMPLETED,216.63
ORD-00004680,CUST-000186,STORE-0009,2026-01-23,STORE,RETURNED,118.32
ORD-00004681,CUST-000250,STORE-0012,2025-09-18,STORE,COMPLETED,776.03
ORD-00004682,CUST-000342,,2025-05-10,ECOMMERCE,COMPLETED,179.32
ORD-00004683,CUST-000792,STORE-0005,2026-03-30,STORE,COMPLETED,19.4
ORD-00004684,CUST-000525,STORE-0007,2026-03-16,STORE,COMPLETED,168.87
ORD-00004685,CUST-000830,STORE-0010,2026-01-01,STORE,COMPLETED,679.06
ORD-00004686,CUST-000485,STORE-0011,2025-09-06,STORE,COMPLETED,521.97
ORD-00004687,CUST-000370,STORE-0003,2026-04-29,STORE,COMPLETED,330.25
ORD-00004688,CUST-000095,,2025-12-09,ECOMMERCE,COMPLETED,897.59
ORD-00004689,CUST-000414,,2026-01-15,ECOMMERCE,COMPLETED,513.01
ORD-00004690,CUST-000500,STORE-0007,2025-06-11,STORE,COMPLETED,232.97
ORD-00004691,CUST-000063,STORE-0010,2026-03-03,STORE,COMPLETED,108.13
ORD-00004692,CUST-000379,STORE-0004,2025-09-13,STORE,COMPLETED,529.72
ORD-00004693,CUST-000296,STORE-0008,2025-10-05,STORE,RETURNED,363.52
ORD-00004694,CUST-000683,,2025-08-27,ECOMMERCE,COMPLETED,511.66
ORD-00004695,CUST-000717,,2026-02-22,ECOMMERCE,COMPLETED,575.9
ORD-00004696,CUST-000565,,2025-12-14,ECOMMERCE,COMPLETED,151.37
ORD-00004697,CUST-000933,STORE-0012,2026-02-02,STORE,COMPLETED,539.27
ORD-00004698,CUST-000347,STORE-0008,2025-03-25,STORE,COMPLETED,420.03
ORD-00004699,CUST-000957,STORE-0007,2025-07-21,STORE,COMPLETED,499.14
ORD-00004700,CUST-000278,STORE-0004,2025-10-21,STORE,COMPLETED,305.74
ORD-00004701,CUST-000253,,2026-08-15,ECOMMERCE,COMPLETED,709.54
ORD-00004702,CUST-000552,STORE-0003,2025-10-31,STORE,COMPLETED,537.36
ORD-00004703,CUST-000624,STORE-0009,2025-03-21,STORE,COMPLETED,328.72
ORD-00004704,CUST-000970,STORE-0009,2025-03-27,STORE,COMPLETED,808.79
ORD-00004705,CUST-000202,STORE-0012,2026-04-18,STORE,COMPLETED,231.69
ORD-00004706,CUST-000214,STORE-0008,2025-05-14,STORE,COMPLETED,432.3
ORD-00004707,CUST-000851,STORE-0001,2025-04-08,STORE,COMPLETED,557.99
ORD-00004708,CUST-000982,,2026-07-22,ECOMMERCE,CANCELLED,31.9
ORD-00004709,CUST-000396,,2025-10-09,ECOMMERCE,COMPLETED,119.27
ORD-00004710,CUST-000293,,2026-02-12,ECOMMERCE,COMPLETED,539.06
ORD-00004711,CUST-000792,STORE-0008,2026-02-11,STORE,COMPLETED,583.56
ORD-00004712,CUST-000767,,2026-08-16,ECOMMERCE,PENDING,575.06
ORD-00004713,CUST-000720,STORE-0005,2025-12-19,STORE,COMPLETED,196.53
ORD-00004714,CUST-000613,,2025-04-22,ECOMMERCE,COMPLETED,677.03
ORD-00004715,CUST-000826,STORE-0010,2025-11-04,STORE,COMPLETED,364.94
ORD-00004716,CUST-000518,STORE-0011,2025-03-23,STORE,PENDING,112.21
ORD-00004717,CUST-000720,STORE-0007,2025-10-27,STORE,COMPLETED,93.26
ORD-00004718,CUST-000689,STORE-0001,2026-02-26,STORE,COMPLETED,502.37
ORD-00004719,CUST-000226,STORE-0010,2025-04-24,STORE,COMPLETED,861.0
ORD-00004720,CUST-000359,STORE-0010,2025-01-29,STORE,COMPLETED,701.82
ORD-00004721,CUST-000617,STORE-0005,2026-08-23,STORE,COMPLETED,682.6
ORD-00004722,CUST-000238,STORE-0005,2025-10-06,STORE,COMPLETED,827.11
ORD-00004723,CUST-000494,STORE-0011,2025-07-30,STORE,RETURNED,257.16
ORD-00004724,CUST-000289,,2025-02-16,ECOMMERCE,COMPLETED,497.76
ORD-00004725,CUST-000091,,2025-03-05,ECOMMERCE,RETURNED,780.5
ORD-00004726,CUST-000222,STORE-0001,2025-03-17,STORE,PENDING,819.21
ORD-00004727,CUST-000411,STORE-0001,2025-10-17,STORE,COMPLETED,643.68
ORD-00004728,CUST-000086,,2025-01-26,ECOMMERCE,COMPLETED,290.72
ORD-00004729,CUST-000166,,2025-02-09,ECOMMERCE,COMPLETED,512.21
ORD-00004730,CUST-000874,,2026-03-04,ECOMMERCE,RETURNED,372.72
ORD-00004731,CUST-000034,STORE-0012,2025-03-16,STORE,COMPLETED,547.97
ORD-00004732,CUST-000148,STORE-0002,2025-07-25,STORE,COMPLETED,807.36
ORD-00004733,CUST-000310,,2026-07-21,ECOMMERCE,COMPLETED,153.0
ORD-00004734,CUST-000327,STORE-0004,2025-03-18,STORE,COMPLETED,630.39
ORD-00004735,CUST-000688,STORE-0002,2026-05-13,STORE,COMPLETED,836.41
ORD-00004736,CUST-000943,STORE-0009,2026-01-27,STORE,COMPLETED,301.67
ORD-00004737,CUST-000876,STORE-0012,2025-03-30,STORE,COMPLETED,117.67
ORD-00004738,CUST-000802,,2025-04-11,ECOMMERCE,COMPLETED,288.85
ORD-00004739,CUST-000017,,2025-05-19,ECOMMERCE,COMPLETED,425.58
ORD-00004740,CUST-000166,,2026-06-18,ECOMMERCE,COMPLETED,594.86
ORD-00004741,CUST-000123,STORE-0003,2026-07-01,STORE,COMPLETED,574.32
ORD-00004742,CUST-000931,STORE-0008,2025-03-18,STORE,COMPLETED,552.7
ORD-00004743,CUST-000488,,2026-06-07,ECOMMERCE,COMPLETED,351.8
ORD-00004744,CUST-000193,,2025-03-15,ECOMMERCE,COMPLETED,712.93
ORD-00004745,CUST-000941,STORE-0011,2026-05-27,STORE,COMPLETED,874.0
ORD-00004746,CUST-000389,,2025-05-06,ECOMMERCE,COMPLETED,898.9
ORD-00004747,CUST-000657,STORE-0003,2025-05-02,STORE,COMPLETED,791.13
ORD-00004748,CUST-000244,STORE-0002,2025-12-10,STORE,COMPLETED,60.49
ORD-00004749,CUST-000444,STORE-0011,2025-07-09,STORE,COMPLETED,374.77
ORD-00004750,CUST-000353,STORE-0006,2025-06-21,STORE,PENDING,170.32
ORD-00004751,CUST-000758,,2025-11-16,ECOMMERCE,CANCELLED,16.78
ORD-00004752,CUST-000290,STORE-0008,2025-03-08,STORE,RETURNED,427.89
ORD-00004753,CUST-000722,STORE-0010,2025-10-10,STORE,COMPLETED,824.69
ORD-00004754,CUST-000400,STORE-0010,2025-10-17,STORE,COMPLETED,884.05
ORD-00004755,CUST-000060,STORE-0001,2026-01-14,STORE,COMPLETED,891.51
ORD-00004756,CUST-000349,,2026-03-20,ECOMMERCE,COMPLETED,846.09
ORD-00004757,CUST-000214,,2026-01-10,ECOMMERCE,COMPLETED,461.81
ORD-00004758,CUST-000873,,2025-07-08,ECOMMERCE,COMPLETED,656.1
ORD-00004759,CUST-000400,STORE-0007,2025-05-17,STORE,COMPLETED,335.04
ORD-00004760,CUST-000266,STORE-0007,2025-01-09,STORE,COMPLETED,602.05
ORD-00004761,CUST-000880,STORE-0011,2025-10-09,STORE,COMPLETED,211.9
ORD-00004762,CUST-000388,,2026-06-06,ECOMMERCE,COMPLETED,865.5
ORD-00004763,CUST-000267,,2025-02-11,ECOMMERCE,COMPLETED,468.08
ORD-00004764,CUST-000106,,2025-01-06,ECOMMERCE,COMPLETED,579.78
ORD-00004765,CUST-000419,,2026-07-09,ECOMMERCE,COMPLETED,610.0
ORD-00004766,CUST-000824,,2025-04-13,ECOMMERCE,COMPLETED,489.62
ORD-00004767,CUST-000418,STORE-0003,2025-07-16,STORE,COMPLETED,113.52
ORD-00004768,CUST-000812,STORE-0011,2025-06-15,STORE,COMPLETED,141.4
ORD-00004769,CUST-000180,STORE-0009,2025-06-08,STORE,COMPLETED,489.4
ORD-00004770,CUST-000888,STORE-0003,2026-06-23,STORE,COMPLETED,899.93
ORD-00004771,CUST-000305,STORE-0001,2025-01-02,STORE,COMPLETED,49.53
ORD-00004772,CUST-000275,,2026-04-09,ECOMMERCE,COMPLETED,117.5
ORD-00004773,CUST-000801,STORE-0002,2025-04-29,STORE,RETURNED,322.12
ORD-00004774,CUST-000874,STORE-0006,2025-07-18,STORE,COMPLETED,705.1
ORD-00004775,CUST-000150,STORE-0003,2026-06-28,STORE,COMPLETED,832.33
ORD-00004776,CUST-000952,STORE-0007,2025-10-24,STORE,COMPLETED,634.68
ORD-00004777,CUST-000980,,2026-05-17,ECOMMERCE,COMPLETED,51.23
ORD-00004778,CUST-000537,,2025-09-04,ECOMMERCE,COMPLETED,835.07
ORD-00004779,CUST-000075,STORE-0001,2025-11-04,STORE,COMPLETED,269.61
ORD-00004780,CUST-000966,,2025-12-04,ECOMMERCE,COMPLETED,83.32
ORD-00004781,CUST-000778,STORE-0003,2026-06-07,STORE,COMPLETED,99.61
ORD-00004782,CUST-000295,,2026-04-26,ECOMMERCE,COMPLETED,722.88
ORD-00004783,CUST-000905,STORE-0011,2025-05-12,STORE,COMPLETED,170.13
ORD-00004784,CUST-000691,STORE-0009,2025-08-17,STORE,COMPLETED,211.48
ORD-00004785,CUST-000935,STORE-0009,2025-01-26,STORE,COMPLETED,216.2
ORD-00004786,CUST-000792,STORE-0002,2025-05-30,STORE,COMPLETED,744.16
ORD-00004787,CUST-000927,STORE-0012,2026-04-01,STORE,COMPLETED,827.18
ORD-00004788,CUST-000738,STORE-0007,2026-08-13,STORE,COMPLETED,735.67
ORD-00004789,CUST-000981,STORE-0006,2026-05-20,STORE,COMPLETED,539.24
ORD-00004790,CUST-000787,STORE-0001,2026-07-12,STORE,COMPLETED,180.12
ORD-00004791,CUST-000001,,2026-03-06,ECOMMERCE,COMPLETED,395.48
ORD-00004792,CUST-000707,STORE-0005,2026-01-03,STORE,CANCELLED,475.04
ORD-00004793,CUST-000440,,2025-01-16,ECOMMERCE,COMPLETED,659.18
ORD-00004794,CUST-000431,STORE-0008,2025-09-04,STORE,COMPLETED,684.19
ORD-00004795,CUST-000916,STORE-0001,2025-03-26,STORE,COMPLETED,142.35
ORD-00004796,CUST-000949,STORE-0004,2026-03-05,STORE,COMPLETED,76.16
ORD-00004797,CUST-000566,STORE-0001,2025-05-24,STORE,COMPLETED,576.99
ORD-00004798,CUST-000200,STORE-0008,2026-02-13,STORE,COMPLETED,157.25
ORD-00004799,CUST-000408,STORE-0005,2025-10-03,STORE,COMPLETED,699.88
ORD-00004800,CUST-000932,STORE-0003,2025-11-27,STORE,COMPLETED,733.26
ORD-00004801,CUST-000692,STORE-0003,2025-09-04,STORE,COMPLETED,812.34
ORD-00004802,CUST-000309,STORE-0009,2025-01-05,STORE,COMPLETED,257.41
ORD-00004803,CUST-000130,STORE-0005,2025-04-24,STORE,COMPLETED,317.68
ORD-00004804,CUST-000408,,2025-04-21,ECOMMERCE,COMPLETED,314.16
ORD-00004805,CUST-000867,STORE-0010,2025-01-30,STORE,COMPLETED,753.18
ORD-00004806,CUST-000388,STORE-0001,2025-06-16,STORE,COMPLETED,341.5
ORD-00004807,CUST-000782,STORE-0004,2025-08-15,STORE,COMPLETED,564.22
ORD-00004808,CUST-000615,STORE-0005,2026-01-03,STORE,COMPLETED,211.68
ORD-00004809,CUST-000656,STORE-0009,2025-05-23,STORE,COMPLETED,215.33
ORD-00004810,CUST-000934,STORE-0003,2026-03-22,STORE,COMPLETED,815.77
ORD-00004811,CUST-000615,,2025-04-03,ECOMMERCE,COMPLETED,102.8
ORD-00004812,CUST-000161,STORE-0010,2025-05-23,STORE,COMPLETED,38.4
ORD-00004813,CUST-000476,STORE-0009,2025-07-01,STORE,CANCELLED,332.88
ORD-00004814,CUST-000181,STORE-0007,2026-01-27,STORE,COMPLETED,435.23
ORD-00004815,CUST-000006,,2026-02-10,ECOMMERCE,COMPLETED,126.69
ORD-00004816,CUST-000034,STORE-0004,2025-05-05,STORE,COMPLETED,533.94
ORD-00004817,CUST-000310,STORE-0009,2026-01-02,STORE,COMPLETED,148.83
ORD-00004818,CUST-000688,STORE-0010,2025-02-19,STORE,COMPLETED,226.83
ORD-00004819,CUST-000383,STORE-0010,2025-08-20,STORE,COMPLETED,446.18
ORD-00004820,CUST-000003,STORE-0001,2025-01-23,STORE,COMPLETED,529.86
ORD-00004821,CUST-000102,STORE-0007,2025-05-30,STORE,COMPLETED,316.35
ORD-00004822,CUST-000694,,2025-10-15,ECOMMERCE,COMPLETED,71.63
ORD-00004823,CUST-000363,,2025-11-13,ECOMMERCE,COMPLETED,412.8
ORD-00004824,CUST-000832,,2025-05-27,ECOMMERCE,COMPLETED,267.8
ORD-00004825,CUST-000745,,2025-08-11,ECOMMERCE,COMPLETED,222.38
ORD-00004826,CUST-000667,,2026-04-25,ECOMMERCE,COMPLETED,706.93
ORD-00004827,CUST-000292,,2025-12-06,ECOMMERCE,COMPLETED,405.37
ORD-00004828,CUST-000251,STORE-0008,2025-01-14,STORE,COMPLETED,119.67
ORD-00004829,CUST-000776,STORE-0006,2025-07-20,STORE,COMPLETED,633.88
ORD-00004830,CUST-000083,STORE-0011,2026-04-08,STORE,RETURNED,393.7
ORD-00004831,CUST-000439,STORE-0006,2025-03-01,STORE,COMPLETED,598.07
ORD-00004832,CUST-000778,STORE-0007,2025-03-10,STORE,COMPLETED,708.62
ORD-00004833,CUST-000089,STORE-0012,2025-11-25,STORE,COMPLETED,63.63
ORD-00004834,CUST-000817,,2025-03-03,ECOMMERCE,COMPLETED,232.63
ORD-00004835,CUST-000401,,2026-05-05,ECOMMERCE,COMPLETED,616.58
ORD-00004836,CUST-000396,STORE-0011,2026-05-05,STORE,COMPLETED,195.98
ORD-00004837,CUST-000155,STORE-0004,2026-05-13,STORE,COMPLETED,329.83
ORD-00004838,CUST-000890,STORE-0003,2026-01-23,STORE,COMPLETED,472.38
ORD-00004839,CUST-000525,STORE-0006,2026-03-01,STORE,COMPLETED,455.71
ORD-00004840,CUST-000867,STORE-0003,2025-11-16,STORE,COMPLETED,50.44
ORD-00004841,CUST-000251,,2026-04-10,ECOMMERCE,COMPLETED,699.02
ORD-00004842,CUST-000771,STORE-0009,2026-08-02,STORE,CANCELLED,146.42
ORD-00004843,CUST-000715,STORE-0002,2025-08-01,STORE,COMPLETED,402.06
ORD-00004844,CUST-000642,STORE-0009,2026-01-25,STORE,COMPLETED,199.69
ORD-00004845,CUST-000774,,2026-07-03,ECOMMERCE,COMPLETED,106.4
ORD-00004846,CUST-000207,,2026-05-24,ECOMMERCE,COMPLETED,519.56
ORD-00004847,CUST-000350,,2025-08-04,ECOMMERCE,CANCELLED,138.42
ORD-00004848,CUST-000798,STORE-0005,2025-02-01,STORE,COMPLETED,726.39
ORD-00004849,CUST-000439,STORE-0007,2025-10-27,STORE,COMPLETED,408.93
ORD-00004850,CUST-000226,,2026-01-13,ECOMMERCE,COMPLETED,142.88
ORD-00004851,CUST-000287,STORE-0006,2025-12-20,STORE,COMPLETED,729.9
ORD-00004852,CUST-000973,STORE-0006,2026-02-06,STORE,COMPLETED,679.96
ORD-00004853,CUST-000421,STORE-0005,2026-06-26,STORE,COMPLETED,274.75
ORD-00004854,CUST-000169,STORE-0005,2026-08-15,STORE,COMPLETED,340.33
ORD-00004855,CUST-000315,STORE-0007,2025-05-22,STORE,COMPLETED,863.34
ORD-00004856,CUST-000994,STORE-0010,2026-03-05,STORE,COMPLETED,487.44
ORD-00004857,CUST-000113,STORE-0003,2025-02-25,STORE,COMPLETED,692.84
ORD-00004858,CUST-000897,,2026-03-04,ECOMMERCE,COMPLETED,173.7
ORD-00004859,CUST-000758,,2025-11-24,ECOMMERCE,COMPLETED,558.29
ORD-00004860,CUST-000221,STORE-0005,2025-10-03,STORE,COMPLETED,79.56
ORD-00004861,CUST-000309,STORE-0007,2026-01-16,STORE,CANCELLED,179.65
ORD-00004862,CUST-000300,,2026-05-21,ECOMMERCE,COMPLETED,885.81
ORD-00004863,CUST-000876,,2025-01-07,ECOMMERCE,COMPLETED,320.23
ORD-00004864,CUST-000581,STORE-0008,2025-05-21,STORE,COMPLETED,779.66
ORD-00004865,CUST-000672,STORE-0001,2026-04-15,STORE,COMPLETED,218.71
ORD-00004866,CUST-000138,STORE-0002,2025-10-27,STORE,COMPLETED,617.36
ORD-00004867,CUST-000971,,2025-05-28,ECOMMERCE,COMPLETED,185.87
ORD-00004868,CUST-000902,STORE-0003,2025-02-27,STORE,RETURNED,633.36
ORD-00004869,CUST-000066,STORE-0012,2026-02-09,STORE,COMPLETED,692.85
ORD-00004870,CUST-000405,STORE-0004,2026-02-21,STORE,COMPLETED,608.75
ORD-00004871,CUST-000803,,2026-06-17,ECOMMERCE,COMPLETED,18.84
ORD-00004872,CUST-000142,STORE-0003,2025-01-28,STORE,COMPLETED,759.3
ORD-00004873,CUST-000738,,2026-06-15,ECOMMERCE,COMPLETED,827.52
ORD-00004874,CUST-000837,STORE-0005,2026-07-11,STORE,COMPLETED,893.67
ORD-00004875,CUST-000870,STORE-0008,2026-08-14,STORE,COMPLETED,853.09
ORD-00004876,CUST-000962,STORE-0012,2026-07-08,STORE,COMPLETED,456.41
ORD-00004877,CUST-000088,,2025-07-31,ECOMMERCE,COMPLETED,768.86
ORD-00004878,CUST-000260,STORE-0010,2025-10-20,STORE,CANCELLED,790.89
ORD-00004879,CUST-000025,STORE-0009,2026-01-15,STORE,CANCELLED,262.74
ORD-00004880,CUST-000054,,2025-04-27,ECOMMERCE,COMPLETED,143.83
ORD-00004881,CUST-000782,STORE-0002,2026-08-01,STORE,RETURNED,346.17
ORD-00004882,CUST-000993,,2025-01-01,ECOMMERCE,COMPLETED,810.55
ORD-00004883,CUST-000113,STORE-0008,2025-12-20,STORE,COMPLETED,484.58
ORD-00004884,CUST-000726,,2025-03-03,ECOMMERCE,COMPLETED,58.18
ORD-00004885,CUST-000752,,2026-06-06,ECOMMERCE,COMPLETED,685.24
ORD-00004886,CUST-000293,,2025-09-19,ECOMMERCE,COMPLETED,69.21
ORD-00004887,CUST-000248,STORE-0002,2025-12-23,STORE,COMPLETED,805.86
ORD-00004888,CUST-000704,STORE-0004,2025-12-05,STORE,COMPLETED,576.36
ORD-00004889,CUST-000528,STORE-0011,2025-08-11,STORE,COMPLETED,420.4
ORD-00004890,CUST-000052,STORE-0004,2025-02-13,STORE,COMPLETED,25.64
ORD-00004891,CUST-000529,,2025-11-22,ECOMMERCE,COMPLETED,410.93
ORD-00004892,CUST-000836,STORE-0008,2026-07-17,STORE,COMPLETED,95.72
ORD-00004893,CUST-000039,,2025-06-08,ECOMMERCE,CANCELLED,714.42
ORD-00004894,CUST-000415,,2026-06-24,ECOMMERCE,COMPLETED,586.57
ORD-00004895,CUST-000719,STORE-0002,2026-03-23,STORE,COMPLETED,338.75
ORD-00004896,CUST-000435,,2026-06-14,ECOMMERCE,RETURNED,114.85
ORD-00004897,CUST-000482,STORE-0007,2026-03-26,STORE,COMPLETED,666.22
ORD-00004898,CUST-000680,STORE-0004,2025-06-13,STORE,COMPLETED,436.69
ORD-00004899,CUST-000329,STORE-0001,2025-12-07,STORE,RETURNED,489.63
ORD-00004900,CUST-000262,STORE-0006,2026-07-07,STORE,COMPLETED,322.78
ORD-00004901,CUST-000723,STORE-0003,2026-07-13,STORE,COMPLETED,337.8
ORD-00004902,CUST-000254,STORE-0010,2026-08-31,STORE,COMPLETED,465.62
ORD-00004903,CUST-000398,STORE-0007,2025-05-26,STORE,COMPLETED,816.3
ORD-00004904,CUST-000344,,2026-07-27,ECOMMERCE,COMPLETED,617.97
ORD-00004905,CUST-000275,STORE-0007,2026-03-15,STORE,COMPLETED,550.21
ORD-00004906,CUST-000835,STORE-0004,2025-01-07,STORE,COMPLETED,471.16
ORD-00004907,CUST-000923,STORE-0008,2025-07-03,STORE,COMPLETED,355.06
ORD-00004908,CUST-000831,STORE-0011,2025-08-16,STORE,COMPLETED,76.62
ORD-00004909,CUST-000757,STORE-0012,2025-03-04,STORE,COMPLETED,126.32
ORD-00004910,CUST-000967,STORE-0005,2026-03-13,STORE,COMPLETED,226.12
ORD-00004911,CUST-000479,,2025-07-15,ECOMMERCE,RETURNED,21.77
ORD-00004912,CUST-000947,,2026-04-29,ECOMMERCE,COMPLETED,654.02
ORD-00004913,CUST-000468,STORE-0004,2026-07-23,STORE,COMPLETED,762.48
ORD-00004914,CUST-000813,,2026-05-02,ECOMMERCE,COMPLETED,829.07
ORD-00004915,CUST-000119,,2025-05-04,ECOMMERCE,COMPLETED,458.62
ORD-00004916,CUST-000132,STORE-0012,2026-05-08,STORE,COMPLETED,830.56
ORD-00004917,CUST-000799,STORE-0010,2025-03-04,STORE,COMPLETED,818.05
ORD-00004918,CUST-000050,STORE-0003,2025-10-13,STORE,COMPLETED,276.25
ORD-00004919,CUST-000222,STORE-0011,2025-02-23,STORE,COMPLETED,597.9
ORD-00004920,CUST-000709,,2026-04-03,ECOMMERCE,PENDING,98.13
ORD-00004921,CUST-000951,STORE-0012,2026-03-14,STORE,RETURNED,614.9
ORD-00004922,CUST-000487,STORE-0002,2026-01-21,STORE,COMPLETED,554.77
ORD-00004923,CUST-000409,STORE-0007,2026-04-12,STORE,COMPLETED,51.01
ORD-00004924,CUST-000698,STORE-0007,2026-06-21,STORE,COMPLETED,187.37
ORD-00004925,CUST-000017,,2025-01-18,ECOMMERCE,COMPLETED,339.48
ORD-00004926,CUST-000844,STORE-0005,2025-05-22,STORE,PENDING,351.18
ORD-00004927,CUST-000201,,2026-04-15,ECOMMERCE,COMPLETED,862.11
ORD-00004928,CUST-000858,STORE-0002,2026-08-17,STORE,COMPLETED,243.66
ORD-00004929,CUST-000721,,2025-01-14,ECOMMERCE,COMPLETED,335.23
ORD-00004930,CUST-000688,STORE-0004,2026-03-08,STORE,COMPLETED,115.91
ORD-00004931,CUST-000656,STORE-0010,2025-04-28,STORE,COMPLETED,851.05
ORD-00004932,CUST-000719,STORE-0002,2025-02-14,STORE,COMPLETED,642.32
ORD-00004933,CUST-000430,,2025-01-10,ECOMMERCE,COMPLETED,43.94
ORD-00004934,CUST-000574,STORE-0010,2025-08-02,STORE,COMPLETED,762.56
ORD-00004935,CUST-000613,,2026-04-12,ECOMMERCE,COMPLETED,827.88
ORD-00004936,CUST-000327,STORE-0005,2026-06-04,STORE,COMPLETED,198.21
ORD-00004937,CUST-000092,STORE-0010,2025-07-11,STORE,COMPLETED,519.85
ORD-00004938,CUST-000094,STORE-0005,2026-01-29,STORE,COMPLETED,808.18
ORD-00004939,CUST-000424,STORE-0011,2026-02-01,STORE,COMPLETED,615.72
ORD-00004940,CUST-000160,STORE-0001,2025-08-01,STORE,COMPLETED,895.5
ORD-00004941,CUST-000143,STORE-0011,2026-02-22,STORE,COMPLETED,144.43
ORD-00004942,CUST-000318,STORE-0007,2026-07-06,STORE,COMPLETED,774.61
ORD-00004943,CUST-000171,STORE-0012,2026-05-26,STORE,COMPLETED,271.74
ORD-00004944,CUST-000036,STORE-0012,2025-05-25,STORE,COMPLETED,361.14
ORD-00004945,CUST-000312,STORE-0011,2026-01-22,STORE,COMPLETED,297.87
ORD-00004946,CUST-000573,STORE-0006,2025-10-14,STORE,COMPLETED,141.77
ORD-00004947,CUST-000411,,2025-07-27,ECOMMERCE,COMPLETED,793.01
ORD-00004948,CUST-000203,,2025-08-29,ECOMMERCE,COMPLETED,387.42
ORD-00004949,CUST-000223,,2026-01-26,ECOMMERCE,COMPLETED,689.93
ORD-00004950,CUST-000832,,2025-01-14,ECOMMERCE,COMPLETED,66.52
ORD-00004951,CUST-000604,,2025-02-23,ECOMMERCE,COMPLETED,541.74
ORD-00004952,CUST-000567,STORE-0008,2026-06-18,STORE,COMPLETED,18.14
ORD-00004953,CUST-000875,,2026-06-29,ECOMMERCE,RETURNED,168.54
ORD-00004954,CUST-000972,STORE-0004,2025-12-10,STORE,COMPLETED,261.63
ORD-00004955,CUST-000902,STORE-0010,2025-07-04,STORE,COMPLETED,59.76
ORD-00004956,CUST-000051,,2025-09-26,ECOMMERCE,COMPLETED,575.52
ORD-00004957,CUST-000091,STORE-0004,2026-03-04,STORE,COMPLETED,487.4
ORD-00004958,CUST-000525,STORE-0002,2025-05-24,STORE,PENDING,611.83
ORD-00004959,CUST-000069,STORE-0006,2026-08-09,STORE,COMPLETED,421.09
ORD-00004960,CUST-000263,,2026-04-14,ECOMMERCE,COMPLETED,786.56
ORD-00004961,CUST-000226,,2025-03-17,ECOMMERCE,PENDING,778.9
ORD-00004962,CUST-000358,STORE-0011,2026-07-16,STORE,RETURNED,611.79
ORD-00004963,CUST-000009,,2026-03-20,ECOMMERCE,COMPLETED,194.48
ORD-00004964,CUST-000516,STORE-0005,2025-05-23,STORE,COMPLETED,532.31
ORD-00004965,CUST-000316,STORE-0003,2026-03-09,STORE,COMPLETED,434.82
ORD-00004966,CUST-000885,STORE-0006,2025-01-30,STORE,COMPLETED,106.9
ORD-00004967,CUST-000438,,2026-05-06,ECOMMERCE,COMPLETED,101.99
ORD-00004968,CUST-000408,STORE-0003,2026-06-28,STORE,COMPLETED,863.0
ORD-00004969,CUST-000242,STORE-0007,2026-07-12,STORE,COMPLETED,603.35
ORD-00004970,CUST-000090,STORE-0012,2026-02-11,STORE,COMPLETED,707.35
ORD-00004971,CUST-000947,STORE-0007,2025-06-26,STORE,COMPLETED,177.91
ORD-00004972,CUST-000455,STORE-0009,2026-06-12,STORE,COMPLETED,633.82
ORD-00004973,CUST-000660,STORE-0007,2025-03-29,STORE,RETURNED,890.72
ORD-00004974,CUST-000192,STORE-0009,2026-07-05,STORE,RETURNED,15.6
ORD-00004975,CUST-000598,STORE-0004,2025-11-22,STORE,COMPLETED,108.96
ORD-00004976,CUST-000638,STORE-0008,2026-05-07,STORE,COMPLETED,398.94
ORD-00004977,CUST-000857,,2026-05-23,ECOMMERCE,COMPLETED,37.07
ORD-00004978,CUST-000935,,2026-07-25,ECOMMERCE,COMPLETED,671.72
ORD-00004979,CUST-000031,STORE-0002,2025-10-25,STORE,COMPLETED,405.12
ORD-00004980,CUST-000800,,2026-02-01,ECOMMERCE,COMPLETED,503.02
ORD-00004981,CUST-000072,STORE-0003,2026-08-28,STORE,RETURNED,778.73
ORD-00004982,CUST-000360,,2025-04-06,ECOMMERCE,COMPLETED,405.64
ORD-00004983,CUST-000862,STORE-0005,2026-06-23,STORE,COMPLETED,64.63
ORD-00004984,CUST-000793,,2025-02-14,ECOMMERCE,COMPLETED,549.07
ORD-00004985,CUST-000609,STORE-0012,2025-07-05,STORE,COMPLETED,410.78
ORD-00004986,CUST-000504,,2025-12-24,ECOMMERCE,COMPLETED,893.29
ORD-00004987,CUST-000658,STORE-0001,2025-05-25,STORE,COMPLETED,30.95
ORD-00004988,CUST-000899,STORE-0003,2025-12-15,STORE,COMPLETED,71.47
ORD-00004989,CUST-000856,STORE-0011,2025-02-06,STORE,COMPLETED,166.26
ORD-00004990,CUST-000024,,2026-02-16,ECOMMERCE,COMPLETED,546.64
ORD-00004991,CUST-000186,STORE-0003,2025-08-21,STORE,COMPLETED,376.15
ORD-00004992,CUST-000122,STORE-0011,2026-07-29,STORE,COMPLETED,163.81
ORD-00004993,CUST-000802,STORE-0008,2025-07-20,STORE,COMPLETED,135.45
ORD-00004994,CUST-000177,STORE-0007,2026-03-10,STORE,COMPLETED,636.05
ORD-00004995,CUST-000373,STORE-0004,2026-04-26,STORE,RETURNED,665.28
ORD-00004996,CUST-000026,STORE-0012,2025-12-01,STORE,COMPLETED,706.98
ORD-00004997,CUST-000658,STORE-0005,2025-11-09,STORE,COMPLETED,602.06
ORD-00004998,CUST-000923,STORE-0007,2026-05-23,STORE,COMPLETED,652.52
ORD-00004999,CUST-000505,STORE-0004,2026-01-06,STORE,COMPLETED,239.04
ORD-00005000,CUST-000261,STORE-0006,2025-03-09,STORE,COMPLETED,594.96
