order_item_id,order_id,product_id,quantity,unit_price,discount_amount
ITEM-000000001,ORD-00000001,PROD-000013,3,89.16,4.37
ITEM-000000002,ORD-00000002,PROD-000053,5,113.39,1.97
ITEM-000000003,ORD-00000002,PROD-000217,1,39.78,0.24
ITEM-000000004,ORD-00000003,PROD-000120,5,150.5,18.12
ITEM-000000005,ORD-00000003,PROD-000288,2,13.25,1.9
ITEM-000000006,ORD-00000004,PROD-000113,4,38.45,4.53
ITEM-000000007,ORD-00000004,PROD-000004,2,61.96,8.65
ITEM-000000008,ORD-00000004,PROD-000175,3,285.03,8.86
ITEM-000000009,ORD-00000004,PROD-000173,1,253.18,4.7
ITEM-000000010,ORD-00000005,PROD-000184,3,133.98,16.18
ITEM-000000011,ORD-00000006,PROD-000236,5,24.26,0.61
ITEM-000000012,ORD-00000007,PROD-000041,5,146.19,8.57
ITEM-000000013,ORD-00000007,PROD-000186,5,39.92,1.54
ITEM-000000014,ORD-00000007,PROD-000036,1,46.08,6.09
ITEM-000000015,ORD-00000007,PROD-000149,1,175.39,30.0
ITEM-000000016,ORD-00000008,PROD-000195,3,272.68,24.73
ITEM-000000017,ORD-00000009,PROD-000084,3,138.49,9.84
ITEM-000000018,ORD-00000009,PROD-000137,1,34.68,4.22
ITEM-000000019,ORD-00000009,PROD-000088,5,144.7,21.1
ITEM-000000020,ORD-00000010,PROD-000237,4,214.52,11.58
ITEM-000000021,ORD-00000010,PROD-000286,2,239.45,32.79
ITEM-000000022,ORD-00000011,PROD-000118,1,182.0,29.3
ITEM-000000023,ORD-00000012,PROD-000138,1,256.34,10.82
ITEM-000000024,ORD-00000012,PROD-000291,3,181.27,7.71
ITEM-000000025,ORD-00000012,PROD-000256,4,26.12,4.62
ITEM-000000026,ORD-00000012,PROD-000235,2,121.53,6.44
ITEM-000000027,ORD-00000013,PROD-000288,5,13.25,0.7
ITEM-000000028,ORD-00000013,PROD-000300,4,90.24,16.2
ITEM-000000029,ORD-00000014,PROD-000186,2,39.92,7.96
ITEM-000000030,ORD-00000014,PROD-000071,5,48.6,4.8
ITEM-000000031,ORD-00000014,PROD-000025,1,124.64,3.81
ITEM-000000032,ORD-00000014,PROD-000082,4,153.69,18.33
ITEM-000000033,ORD-00000015,PROD-000196,5,266.04,53.0
ITEM-000000034,ORD-00000015,PROD-000271,3,142.48,27.67
ITEM-000000035,ORD-00000015,PROD-000006,1,20.4,2.78
ITEM-000000036,ORD-00000015,PROD-000275,3,143.99,22.13
ITEM-000000037,ORD-00000016,PROD-000058,3,86.29,7.5
ITEM-000000038,ORD-00000016,PROD-000233,1,153.78,29.34
ITEM-000000039,ORD-00000016,PROD-000135,5,164.35,25.05
ITEM-000000040,ORD-00000017,PROD-000153,5,111.79,13.62
ITEM-000000041,ORD-00000018,PROD-000192,2,222.13,23.96
ITEM-000000042,ORD-00000018,PROD-000272,1,241.9,28.98
ITEM-000000043,ORD-00000019,PROD-000010,1,265.73,49.38
ITEM-000000044,ORD-00000019,PROD-000158,2,51.52,0.6
ITEM-000000045,ORD-00000019,PROD-000291,1,181.27,3.11
ITEM-000000046,ORD-00000019,PROD-000249,1,45.99,9.0
ITEM-000000047,ORD-00000020,PROD-000066,4,12.81,2.43
ITEM-000000048,ORD-00000020,PROD-000085,3,65.75,6.94
ITEM-000000049,ORD-00000021,PROD-000109,5,82.03,12.39
ITEM-000000050,ORD-00000021,PROD-000103,3,155.54,12.41
ITEM-000000051,ORD-00000021,PROD-000192,4,222.13,39.97
ITEM-000000052,ORD-00000021,PROD-000232,1,124.85,6.19
ITEM-000000053,ORD-00000022,PROD-000174,1,92.99,10.94
ITEM-000000054,ORD-00000023,PROD-000113,1,38.45,0.55
ITEM-000000055,ORD-00000023,PROD-000031,2,215.03,2.9
ITEM-000000056,ORD-00000024,PROD-000170,1,124.7,12.82
ITEM-000000057,ORD-00000025,PROD-000249,2,45.99,4.96
ITEM-000000058,ORD-00000025,PROD-000293,5,32.6,3.08
ITEM-000000059,ORD-00000025,PROD-000243,4,179.01,6.82
ITEM-000000060,ORD-00000026,PROD-000221,3,68.23,5.78
ITEM-000000061,ORD-00000027,PROD-000028,1,283.29,3.43
ITEM-000000062,ORD-00000027,PROD-000174,1,92.99,4.62
ITEM-000000063,ORD-00000027,PROD-000098,5,54.47,4.89
ITEM-000000064,ORD-00000027,PROD-000217,2,39.78,2.22
ITEM-000000065,ORD-00000028,PROD-000039,4,21.15,3.42
ITEM-000000066,ORD-00000028,PROD-000282,1,158.46,1.6
ITEM-000000067,ORD-00000029,PROD-000048,2,239.02,7.95
ITEM-000000068,ORD-00000030,PROD-000247,2,95.38,16.49
ITEM-000000069,ORD-00000030,PROD-000031,2,215.03,16.3
ITEM-000000070,ORD-00000030,PROD-000200,3,169.62,31.43
ITEM-000000071,ORD-00000030,PROD-000233,3,153.78,13.01
ITEM-000000072,ORD-00000031,PROD-000080,2,141.46,8.39
ITEM-000000073,ORD-00000031,PROD-000030,5,45.68,6.72
ITEM-000000074,ORD-00000031,PROD-000032,3,114.8,1.31
ITEM-000000075,ORD-00000031,PROD-000300,4,90.24,9.08
ITEM-000000076,ORD-00000032,PROD-000030,5,45.68,0.73
ITEM-000000077,ORD-00000032,PROD-000096,1,261.99,31.18
ITEM-000000078,ORD-00000033,PROD-000207,1,264.8,49.87
ITEM-000000079,ORD-00000033,PROD-000292,2,123.71,14.32
ITEM-000000080,ORD-00000034,PROD-000042,4,20.87,2.74
ITEM-000000081,ORD-00000035,PROD-000134,2,240.79,32.25
ITEM-000000082,ORD-00000035,PROD-000161,2,9.57,0.51
ITEM-000000083,ORD-00000035,PROD-000068,3,284.88,26.05
ITEM-000000084,ORD-00000036,PROD-000005,4,162.22,20.15
ITEM-000000085,ORD-00000037,PROD-000038,5,87.71,3.74
ITEM-000000086,ORD-00000038,PROD-000068,3,284.88,50.19
ITEM-000000087,ORD-00000038,PROD-000126,3,87.75,5.0
ITEM-000000088,ORD-00000038,PROD-000225,5,155.38,21.86
ITEM-000000089,ORD-00000039,PROD-000284,3,47.52,8.86
ITEM-000000090,ORD-00000040,PROD-000069,3,294.54,6.8
ITEM-000000091,ORD-00000041,PROD-000284,2,47.52,2.59
ITEM-000000092,ORD-00000042,PROD-000176,2,207.29,28.5
ITEM-000000093,ORD-00000042,PROD-000136,5,57.07,5.58
ITEM-000000094,ORD-00000043,PROD-000048,4,239.02,39.65
ITEM-000000095,ORD-00000044,PROD-000002,3,24.12,3.72
ITEM-000000096,ORD-00000045,PROD-000083,4,56.68,6.25
ITEM-000000097,ORD-00000045,PROD-000219,5,170.99,0.33
ITEM-000000098,ORD-00000045,PROD-000039,2,21.15,2.31
ITEM-000000099,ORD-00000046,PROD-000299,5,233.47,6.92
ITEM-000000100,ORD-00000046,PROD-000066,1,12.81,0.79
ITEM-000000101,ORD-00000046,PROD-000021,3,258.38,10.86
ITEM-000000102,ORD-00000047,PROD-000053,3,113.39,17.69
ITEM-000000103,ORD-00000047,PROD-000209,5,179.59,26.92
ITEM-000000104,ORD-00000048,PROD-000084,2,138.49,24.41
ITEM-000000105,ORD-00000048,PROD-000013,2,89.16,13.13
ITEM-000000106,ORD-00000049,PROD-000211,2,34.19,1.82
ITEM-000000107,ORD-00000049,PROD-000056,4,207.38,36.17
ITEM-000000108,ORD-00000049,PROD-000241,2,199.27,7.95
ITEM-000000109,ORD-00000050,PROD-000180,3,175.36,28.78
ITEM-000000110,ORD-00000050,PROD-000117,2,220.67,1.04
ITEM-000000111,ORD-00000050,PROD-000099,4,85.82,5.63
ITEM-000000112,ORD-00000050,PROD-000036,3,46.08,3.24
ITEM-000000113,ORD-00000051,PROD-000275,3,143.99,27.05
ITEM-000000114,ORD-00000051,PROD-000060,3,175.48,6.27
ITEM-000000115,ORD-00000051,PROD-000136,1,57.07,1.24
ITEM-000000116,ORD-00000051,PROD-000223,3,37.75,5.5
ITEM-000000117,ORD-00000052,PROD-000224,5,108.39,21.34
ITEM-000000118,ORD-00000052,PROD-000060,4,175.48,31.57
ITEM-000000119,ORD-00000052,PROD-000098,3,54.47,0.48
ITEM-000000120,ORD-00000053,PROD-000001,5,161.47,29.89
ITEM-000000121,ORD-00000053,PROD-000276,2,96.15,7.0
ITEM-000000122,ORD-00000053,PROD-000036,3,46.08,5.74
ITEM-000000123,ORD-00000053,PROD-000064,3,39.81,4.04
ITEM-000000124,ORD-00000054,PROD-000168,4,145.2,20.25
ITEM-000000125,ORD-00000054,PROD-000284,2,47.52,1.82
ITEM-000000126,ORD-00000054,PROD-000195,2,272.68,33.57
ITEM-000000127,ORD-00000054,PROD-000155,4,199.69,21.88
ITEM-000000128,ORD-00000055,PROD-000156,3,108.51,4.56
ITEM-000000129,ORD-00000056,PROD-000239,4,261.64,23.14
ITEM-000000130,ORD-00000056,PROD-000110,5,230.22,21.79
ITEM-000000131,ORD-00000056,PROD-000087,1,82.01,4.65
ITEM-000000132,ORD-00000057,PROD-000048,2,239.02,32.16
ITEM-000000133,ORD-00000057,PROD-000116,2,189.39,5.58
ITEM-000000134,ORD-00000057,PROD-000024,2,195.99,38.57
ITEM-000000135,ORD-00000058,PROD-000234,4,86.25,15.29
ITEM-000000136,ORD-00000059,PROD-000197,4,142.58,11.4
ITEM-000000137,ORD-00000059,PROD-000076,1,192.0,34.28
ITEM-000000138,ORD-00000060,PROD-000218,2,184.34,6.48
ITEM-000000139,ORD-00000061,PROD-000026,5,248.15,12.37
ITEM-000000140,ORD-00000061,PROD-000063,4,42.54,1.13
ITEM-000000141,ORD-00000061,PROD-000238,5,67.16,13.27
ITEM-000000142,ORD-00000061,PROD-000163,4,87.64,10.74
ITEM-000000143,ORD-00000062,PROD-000281,4,205.29,36.84
ITEM-000000144,ORD-00000062,PROD-000244,4,54.61,2.83
ITEM-000000145,ORD-00000062,PROD-000127,3,79.49,12.17
ITEM-000000146,ORD-00000062,PROD-000267,4,237.37,29.75
ITEM-000000147,ORD-00000063,PROD-000226,1,148.45,21.19
ITEM-000000148,ORD-00000063,PROD-000121,3,258.33,17.35
ITEM-000000149,ORD-00000063,PROD-000277,1,89.29,2.47
ITEM-000000150,ORD-00000064,PROD-000197,2,142.58,20.14
ITEM-000000151,ORD-00000064,PROD-000033,4,93.06,7.59
ITEM-000000152,ORD-00000065,PROD-000213,1,151.52,6.27
ITEM-000000153,ORD-00000065,PROD-000216,4,179.85,32.55
ITEM-000000154,ORD-00000065,PROD-000300,1,90.24,15.46
ITEM-000000155,ORD-00000065,PROD-000295,4,19.6,1.87
ITEM-000000156,ORD-00000066,PROD-000153,4,111.79,19.08
ITEM-000000157,ORD-00000066,PROD-000215,5,145.42,21.74
ITEM-000000158,ORD-00000066,PROD-000280,5,137.35,24.66
ITEM-000000159,ORD-00000067,PROD-000113,3,38.45,3.35
ITEM-000000160,ORD-00000067,PROD-000015,4,77.71,5.22
ITEM-000000161,ORD-00000067,PROD-000208,2,11.88,2.0
ITEM-000000162,ORD-00000067,PROD-000066,5,12.81,1.37
ITEM-000000163,ORD-00000068,PROD-000289,1,86.07,1.45
ITEM-000000164,ORD-00000068,PROD-000220,2,23.88,4.14
ITEM-000000165,ORD-00000068,PROD-000094,1,220.54,11.47
ITEM-000000166,ORD-00000068,PROD-000168,2,145.2,13.2
ITEM-000000167,ORD-00000069,PROD-000195,3,272.68,41.01
ITEM-000000168,ORD-00000069,PROD-000216,3,179.85,30.03
ITEM-000000169,ORD-00000069,PROD-000241,1,199.27,29.85
ITEM-000000170,ORD-00000070,PROD-000180,2,175.36,22.8
ITEM-000000171,ORD-00000071,PROD-000016,2,56.87,2.27
ITEM-000000172,ORD-00000072,PROD-000079,2,158.41,4.0
ITEM-000000173,ORD-00000073,PROD-000289,2,86.07,8.01
ITEM-000000174,ORD-00000074,PROD-000189,2,238.16,28.86
ITEM-000000175,ORD-00000074,PROD-000059,2,24.94,4.81
ITEM-000000176,ORD-00000074,PROD-000056,5,207.38,1.07
ITEM-000000177,ORD-00000075,PROD-000295,4,19.6,1.55
ITEM-000000178,ORD-00000075,PROD-000102,1,242.49,28.72
ITEM-000000179,ORD-00000075,PROD-000125,1,191.28,26.67
ITEM-000000180,ORD-00000076,PROD-000062,5,155.19,24.29
ITEM-000000181,ORD-00000076,PROD-000178,5,192.03,16.45
ITEM-000000182,ORD-00000076,PROD-000190,1,66.83,6.76
ITEM-000000183,ORD-00000077,PROD-000007,4,234.37,38.55
ITEM-000000184,ORD-00000077,PROD-000055,4,139.15,26.74
ITEM-000000185,ORD-00000077,PROD-000236,2,24.26,2.11
ITEM-000000186,ORD-00000078,PROD-000276,4,96.15,8.94
ITEM-000000187,ORD-00000078,PROD-000138,3,256.34,43.67
ITEM-000000188,ORD-00000078,PROD-000045,3,139.38,24.58
ITEM-000000189,ORD-00000079,PROD-000238,5,67.16,8.2
ITEM-000000190,ORD-00000079,PROD-000195,3,272.68,1.57
ITEM-000000191,ORD-00000080,PROD-000094,4,220.54,9.36
ITEM-000000192,ORD-00000080,PROD-000133,3,67.78,3.79
ITEM-000000193,ORD-00000080,PROD-000142,5,42.45,0.09
ITEM-000000194,ORD-00000081,PROD-000044,2,31.7,4.57
ITEM-000000195,ORD-00000081,PROD-000251,5,149.42,22.66
ITEM-000000196,ORD-00000082,PROD-000252,4,138.21,21.92
ITEM-000000197,ORD-00000082,PROD-000048,3,239.02,10.59
ITEM-000000198,ORD-00000082,PROD-000125,3,191.28,25.4
ITEM-000000199,ORD-00000082,PROD-000189,4,238.16,26.36
ITEM-000000200,ORD-00000083,PROD-000218,5,184.34,12.2
ITEM-000000201,ORD-00000083,PROD-000233,3,153.78,9.43
ITEM-000000202,ORD-00000083,PROD-000119,1,241.98,34.91
ITEM-000000203,ORD-00000084,PROD-000062,5,155.19,29.51
ITEM-000000204,ORD-00000084,PROD-000095,2,256.52,11.1
ITEM-000000205,ORD-00000084,PROD-000248,3,206.76,29.96
ITEM-000000206,ORD-00000085,PROD-000052,2,197.07,11.68
ITEM-000000207,ORD-00000085,PROD-000185,2,183.85,11.11
ITEM-000000208,ORD-00000085,PROD-000274,2,105.23,5.77
ITEM-000000209,ORD-00000086,PROD-000284,3,47.52,6.63
ITEM-000000210,ORD-00000087,PROD-000252,1,138.21,24.12
ITEM-000000211,ORD-00000087,PROD-000294,3,268.13,25.17
ITEM-000000212,ORD-00000088,PROD-000175,2,285.03,55.04
ITEM-000000213,ORD-00000088,PROD-000130,4,154.33,3.52
ITEM-000000214,ORD-00000088,PROD-000034,4,22.91,2.25
ITEM-000000215,ORD-00000088,PROD-000296,1,161.45,4.9
ITEM-000000216,ORD-00000089,PROD-000044,2,31.7,0.75
ITEM-000000217,ORD-00000089,PROD-000214,5,199.19,23.75
ITEM-000000218,ORD-00000089,PROD-000116,5,189.39,14.41
ITEM-000000219,ORD-00000090,PROD-000153,5,111.79,22.14
ITEM-000000220,ORD-00000090,PROD-000157,5,15.55,1.93
ITEM-000000221,ORD-00000090,PROD-000051,2,151.67,18.97
ITEM-000000222,ORD-00000090,PROD-000136,1,57.07,1.79
ITEM-000000223,ORD-00000091,PROD-000283,1,40.56,1.27
ITEM-000000224,ORD-00000091,PROD-000210,4,24.0,3.31
ITEM-000000225,ORD-00000092,PROD-000150,1,213.07,9.86
ITEM-000000226,ORD-00000092,PROD-000145,4,223.58,3.18
ITEM-000000227,ORD-00000092,PROD-000120,3,150.5,23.71
ITEM-000000228,ORD-00000092,PROD-000102,4,242.49,5.57
ITEM-000000229,ORD-00000093,PROD-000077,3,105.6,17.46
ITEM-000000230,ORD-00000093,PROD-000037,1,237.13,7.87
ITEM-000000231,ORD-00000094,PROD-000292,3,123.71,10.87
ITEM-000000232,ORD-00000094,PROD-000240,3,62.18,8.7
ITEM-000000233,ORD-00000094,PROD-000140,5,113.52,12.26
ITEM-000000234,ORD-00000095,PROD-000042,5,20.87,0.17
ITEM-000000235,ORD-00000095,PROD-000222,3,173.52,20.95
ITEM-000000236,ORD-00000095,PROD-000014,1,250.44,11.47
ITEM-000000237,ORD-00000095,PROD-000295,5,19.6,3.73
ITEM-000000238,ORD-00000096,PROD-000296,1,161.45,24.64
ITEM-000000239,ORD-00000096,PROD-000090,4,115.9,12.03
ITEM-000000240,ORD-00000096,PROD-000227,3,231.18,8.39
ITEM-000000241,ORD-00000097,PROD-000252,1,138.21,12.99
ITEM-000000242,ORD-00000097,PROD-000210,3,24.0,1.54
ITEM-000000243,ORD-00000097,PROD-000054,2,6.16,0.41
ITEM-000000244,ORD-00000097,PROD-000254,3,59.19,7.84
ITEM-000000245,ORD-00000098,PROD-000282,1,158.46,14.41
ITEM-000000246,ORD-00000098,PROD-000162,3,263.26,17.02
ITEM-000000247,ORD-00000098,PROD-000207,5,264.8,43.69
ITEM-000000248,ORD-00000098,PROD-000001,5,161.47,14.92
ITEM-000000249,ORD-00000099,PROD-000097,5,186.58,13.5
ITEM-000000250,ORD-00000100,PROD-000227,1,231.18,9.41
ITEM-000000251,ORD-00000100,PROD-000282,2,158.46,29.4
ITEM-000000252,ORD-00000100,PROD-000225,4,155.38,3.77
ITEM-000000253,ORD-00000100,PROD-000123,2,211.38,13.14
ITEM-000000254,ORD-00000101,PROD-000283,4,40.56,0.76
ITEM-000000255,ORD-00000102,PROD-000237,1,214.52,27.79
ITEM-000000256,ORD-00000103,PROD-000256,3,26.12,2.66
ITEM-000000257,ORD-00000103,PROD-000140,4,113.52,18.95
ITEM-000000258,ORD-00000104,PROD-000125,4,191.28,21.09
ITEM-000000259,ORD-00000104,PROD-000197,2,142.58,26.29
ITEM-000000260,ORD-00000104,PROD-000261,2,28.24,4.88
ITEM-000000261,ORD-00000104,PROD-000142,4,42.45,2.89
ITEM-000000262,ORD-00000105,PROD-000002,3,24.12,3.5
ITEM-000000263,ORD-00000105,PROD-000297,4,225.62,39.04
ITEM-000000264,ORD-00000105,PROD-000229,5,175.01,16.95
ITEM-000000265,ORD-00000106,PROD-000283,5,40.56,3.06
ITEM-000000266,ORD-00000106,PROD-000165,2,223.01,43.74
ITEM-000000267,ORD-00000106,PROD-000123,5,211.38,16.19
ITEM-000000268,ORD-00000107,PROD-000023,3,61.71,9.19
ITEM-000000269,ORD-00000107,PROD-000196,4,266.04,52.59
ITEM-000000270,ORD-00000107,PROD-000078,4,104.84,20.23
ITEM-000000271,ORD-00000107,PROD-000065,5,11.5,2.22
ITEM-000000272,ORD-00000108,PROD-000052,4,197.07,3.93
ITEM-000000273,ORD-00000108,PROD-000234,1,86.25,12.46
ITEM-000000274,ORD-00000108,PROD-000210,2,24.0,0.36
ITEM-000000275,ORD-00000109,PROD-000174,5,92.99,12.88
ITEM-000000276,ORD-00000109,PROD-000042,3,20.87,3.56
ITEM-000000277,ORD-00000109,PROD-000274,4,105.23,20.08
ITEM-000000278,ORD-00000110,PROD-000278,1,201.25,24.85
ITEM-000000279,ORD-00000110,PROD-000121,3,258.33,51.53
ITEM-000000280,ORD-00000110,PROD-000047,4,16.68,3.26
ITEM-000000281,ORD-00000110,PROD-000052,4,197.07,6.56
ITEM-000000282,ORD-00000111,PROD-000015,1,77.71,5.04
ITEM-000000283,ORD-00000111,PROD-000029,3,254.26,18.23
ITEM-000000284,ORD-00000111,PROD-000221,2,68.23,3.33
ITEM-000000285,ORD-00000112,PROD-000290,2,96.01,3.26
ITEM-000000286,ORD-00000112,PROD-000041,5,146.19,25.46
ITEM-000000287,ORD-00000112,PROD-000124,4,85.6,15.63
ITEM-000000288,ORD-00000112,PROD-000074,2,214.62,19.79
ITEM-000000289,ORD-00000113,PROD-000236,3,24.26,3.24
ITEM-000000290,ORD-00000113,PROD-000239,3,261.64,35.46
ITEM-000000291,ORD-00000113,PROD-000081,1,132.7,11.72
ITEM-000000292,ORD-00000114,PROD-000154,4,128.85,17.79
ITEM-000000293,ORD-00000114,PROD-000234,3,86.25,3.44
ITEM-000000294,ORD-00000114,PROD-000197,4,142.58,3.04
ITEM-000000295,ORD-00000115,PROD-000293,3,32.6,3.75
ITEM-000000296,ORD-00000115,PROD-000152,1,40.04,7.83
ITEM-000000297,ORD-00000115,PROD-000203,3,217.05,0.35
ITEM-000000298,ORD-00000115,PROD-000026,5,248.15,36.98
ITEM-000000299,ORD-00000116,PROD-000118,5,182.0,29.19
ITEM-000000300,ORD-00000116,PROD-000113,2,38.45,4.77
ITEM-000000301,ORD-00000116,PROD-000071,1,48.6,8.78
ITEM-000000302,ORD-00000117,PROD-000159,4,115.09,0.77
ITEM-000000303,ORD-00000118,PROD-000068,1,284.88,51.83
ITEM-000000304,ORD-00000118,PROD-000168,4,145.2,5.1
ITEM-000000305,ORD-00000118,PROD-000068,5,284.88,49.94
ITEM-000000306,ORD-00000119,PROD-000272,5,241.9,44.19
ITEM-000000307,ORD-00000119,PROD-000085,3,65.75,12.02
ITEM-000000308,ORD-00000119,PROD-000247,3,95.38,14.24
ITEM-000000309,ORD-00000120,PROD-000059,4,24.94,4.8
ITEM-000000310,ORD-00000120,PROD-000073,2,65.08,11.2
ITEM-000000311,ORD-00000120,PROD-000204,5,193.75,14.17
ITEM-000000312,ORD-00000121,PROD-000008,3,169.86,18.23
ITEM-000000313,ORD-00000121,PROD-000233,3,153.78,20.69
ITEM-000000314,ORD-00000121,PROD-000135,5,164.35,12.52
ITEM-000000315,ORD-00000121,PROD-000191,1,254.19,34.31
ITEM-000000316,ORD-00000122,PROD-000013,5,89.16,15.77
ITEM-000000317,ORD-00000122,PROD-000288,3,13.25,2.43
ITEM-000000318,ORD-00000122,PROD-000114,1,178.3,22.66
ITEM-000000319,ORD-00000122,PROD-000238,3,67.16,8.72
ITEM-000000320,ORD-00000123,PROD-000072,1,70.42,13.33
ITEM-000000321,ORD-00000124,PROD-000253,1,14.2,0.28
ITEM-000000322,ORD-00000124,PROD-000276,2,96.15,7.47
ITEM-000000323,ORD-00000124,PROD-000190,5,66.83,5.6
ITEM-000000324,ORD-00000125,PROD-000213,1,151.52,25.26
ITEM-000000325,ORD-00000125,PROD-000209,3,179.59,1.18
ITEM-000000326,ORD-00000126,PROD-000112,4,194.6,17.31
ITEM-000000327,ORD-00000126,PROD-000121,3,258.33,5.13
ITEM-000000328,ORD-00000126,PROD-000189,5,238.16,42.95
ITEM-000000329,ORD-00000127,PROD-000032,4,114.8,6.33
ITEM-000000330,ORD-00000127,PROD-000063,4,42.54,0.78
ITEM-000000331,ORD-00000127,PROD-000109,5,82.03,15.93
ITEM-000000332,ORD-00000128,PROD-000171,2,85.33,16.88
ITEM-000000333,ORD-00000129,PROD-000036,5,46.08,1.91
ITEM-000000334,ORD-00000129,PROD-000111,2,8.47,0.56
ITEM-000000335,ORD-00000130,PROD-000002,3,24.12,4.14
ITEM-000000336,ORD-00000130,PROD-000075,2,62.62,6.77
ITEM-000000337,ORD-00000131,PROD-000057,1,202.38,5.33
ITEM-000000338,ORD-00000131,PROD-000184,2,133.98,15.78
ITEM-000000339,ORD-00000132,PROD-000090,3,115.9,1.21
ITEM-000000340,ORD-00000133,PROD-000270,1,159.71,23.82
ITEM-000000341,ORD-00000133,PROD-000244,4,54.61,8.5
ITEM-000000342,ORD-00000133,PROD-000263,5,60.67,1.32
ITEM-000000343,ORD-00000133,PROD-000258,2,173.11,32.73
ITEM-000000344,ORD-00000134,PROD-000267,3,237.37,21.75
ITEM-000000345,ORD-00000135,PROD-000032,4,114.8,19.45
ITEM-000000346,ORD-00000136,PROD-000056,4,207.38,29.55
ITEM-000000347,ORD-00000136,PROD-000228,1,119.68,21.52
ITEM-000000348,ORD-00000136,PROD-000165,5,223.01,6.62
ITEM-000000349,ORD-00000136,PROD-000065,3,11.5,1.44
ITEM-000000350,ORD-00000137,PROD-000196,5,266.04,28.23
ITEM-000000351,ORD-00000137,PROD-000233,5,153.78,18.62
ITEM-000000352,ORD-00000137,PROD-000051,1,151.67,25.87
ITEM-000000353,ORD-00000138,PROD-000221,4,68.23,12.12
ITEM-000000354,ORD-00000138,PROD-000212,3,196.7,32.55
ITEM-000000355,ORD-00000139,PROD-000213,1,151.52,9.47
ITEM-000000356,ORD-00000139,PROD-000161,3,9.57,0.72
ITEM-000000357,ORD-00000139,PROD-000079,4,158.41,2.13
ITEM-000000358,ORD-00000139,PROD-000044,1,31.7,2.74
ITEM-000000359,ORD-00000140,PROD-000067,5,47.96,0.58
ITEM-000000360,ORD-00000140,PROD-000288,5,13.25,0.87
ITEM-000000361,ORD-00000140,PROD-000063,4,42.54,3.01
ITEM-000000362,ORD-00000141,PROD-000027,3,268.28,32.22
ITEM-000000363,ORD-00000141,PROD-000181,1,155.05,17.92
ITEM-000000364,ORD-00000141,PROD-000109,2,82.03,10.77
ITEM-000000365,ORD-00000141,PROD-000115,1,48.49,3.4
ITEM-000000366,ORD-00000142,PROD-000059,3,24.94,2.86
ITEM-000000367,ORD-00000142,PROD-000220,5,23.88,4.65
ITEM-000000368,ORD-00000142,PROD-000286,1,239.45,29.16
ITEM-000000369,ORD-00000143,PROD-000015,2,77.71,4.25
ITEM-000000370,ORD-00000143,PROD-000159,3,115.09,8.08
ITEM-000000371,ORD-00000143,PROD-000093,2,178.93,20.27
ITEM-000000372,ORD-00000144,PROD-000036,2,46.08,6.83
ITEM-000000373,ORD-00000144,PROD-000016,1,56.87,8.49
ITEM-000000374,ORD-00000144,PROD-000111,4,8.47,0.71
ITEM-000000375,ORD-00000144,PROD-000175,2,285.03,21.1
ITEM-000000376,ORD-00000145,PROD-000291,5,181.27,3.08
ITEM-000000377,ORD-00000145,PROD-000027,2,268.28,8.45
ITEM-000000378,ORD-00000145,PROD-000026,1,248.15,13.5
ITEM-000000379,ORD-00000146,PROD-000249,5,45.99,4.07
ITEM-000000380,ORD-00000146,PROD-000140,2,113.52,17.14
ITEM-000000381,ORD-00000146,PROD-000059,3,24.94,2.14
ITEM-000000382,ORD-00000146,PROD-000146,5,200.24,19.49
ITEM-000000383,ORD-00000147,PROD-000024,2,195.99,15.49
ITEM-000000384,ORD-00000147,PROD-000029,1,254.26,10.4
ITEM-000000385,ORD-00000147,PROD-000109,2,82.03,12.54
ITEM-000000386,ORD-00000148,PROD-000168,1,145.2,0.22
ITEM-000000387,ORD-00000148,PROD-000221,2,68.23,1.76
ITEM-000000388,ORD-00000148,PROD-000273,2,164.42,16.45
ITEM-000000389,ORD-00000149,PROD-000037,4,237.13,40.87
ITEM-000000390,ORD-00000149,PROD-000022,4,178.72,0.67
ITEM-000000391,ORD-00000149,PROD-000040,3,52.71,6.07
ITEM-000000392,ORD-00000150,PROD-000214,3,199.19,4.59
ITEM-000000393,ORD-00000150,PROD-000011,3,40.55,1.39
ITEM-000000394,ORD-00000150,PROD-000236,3,24.26,0.43
ITEM-000000395,ORD-00000150,PROD-000055,2,139.15,12.12
ITEM-000000396,ORD-00000151,PROD-000269,1,116.44,9.22
ITEM-000000397,ORD-00000151,PROD-000159,3,115.09,5.1
ITEM-000000398,ORD-00000151,PROD-000087,1,82.01,8.37
ITEM-000000399,ORD-00000151,PROD-000059,5,24.94,2.54
ITEM-000000400,ORD-00000152,PROD-000180,2,175.36,8.29
ITEM-000000401,ORD-00000152,PROD-000075,3,62.62,2.47
ITEM-000000402,ORD-00000152,PROD-000079,1,158.41,5.61
ITEM-000000403,ORD-00000153,PROD-000238,5,67.16,10.21
ITEM-000000404,ORD-00000153,PROD-000230,5,66.97,8.61
ITEM-000000405,ORD-00000153,PROD-000166,3,161.73,4.88
ITEM-000000406,ORD-00000153,PROD-000035,4,17.96,1.59
ITEM-000000407,ORD-00000154,PROD-000141,5,197.96,2.22
ITEM-000000408,ORD-00000154,PROD-000260,1,87.01,5.4
ITEM-000000409,ORD-00000154,PROD-000232,1,124.85,1.42
ITEM-000000410,ORD-00000155,PROD-000040,1,52.71,6.48
ITEM-000000411,ORD-00000155,PROD-000260,4,87.01,8.05
ITEM-000000412,ORD-00000155,PROD-000284,1,47.52,4.27
ITEM-000000413,ORD-00000156,PROD-000165,5,223.01,21.21
ITEM-000000414,ORD-00000156,PROD-000078,1,104.84,9.45
ITEM-000000415,ORD-00000157,PROD-000044,5,31.7,4.1
ITEM-000000416,ORD-00000157,PROD-000021,2,258.38,36.57
ITEM-000000417,ORD-00000157,PROD-000225,5,155.38,16.24
ITEM-000000418,ORD-00000158,PROD-000187,3,71.53,13.13
ITEM-000000419,ORD-00000158,PROD-000199,4,250.55,38.81
ITEM-000000420,ORD-00000159,PROD-000172,1,183.04,12.07
ITEM-000000421,ORD-00000160,PROD-000146,3,200.24,28.98
ITEM-000000422,ORD-00000160,PROD-000077,3,105.6,1.72
ITEM-000000423,ORD-00000160,PROD-000073,3,65.08,4.04
ITEM-000000424,ORD-00000160,PROD-000201,2,154.94,18.44
ITEM-000000425,ORD-00000161,PROD-000159,5,115.09,8.67
ITEM-000000426,ORD-00000162,PROD-000066,5,12.81,0.24
ITEM-000000427,ORD-00000162,PROD-000217,5,39.78,2.88
ITEM-000000428,ORD-00000162,PROD-000186,3,39.92,1.44
ITEM-000000429,ORD-00000163,PROD-000175,4,285.03,10.95
ITEM-000000430,ORD-00000163,PROD-000071,2,48.6,0.75
ITEM-000000431,ORD-00000164,PROD-000260,5,87.01,14.53
ITEM-000000432,ORD-00000165,PROD-000173,5,253.18,6.64
ITEM-000000433,ORD-00000166,PROD-000079,2,158.41,5.73
ITEM-000000434,ORD-00000166,PROD-000085,4,65.75,0.57
ITEM-000000435,ORD-00000166,PROD-000187,2,71.53,13.87
ITEM-000000436,ORD-00000166,PROD-000146,4,200.24,9.37
ITEM-000000437,ORD-00000167,PROD-000159,4,115.09,20.81
ITEM-000000438,ORD-00000167,PROD-000100,3,199.6,27.08
ITEM-000000439,ORD-00000168,PROD-000237,3,214.52,33.38
ITEM-000000440,ORD-00000168,PROD-000258,5,173.11,14.49
ITEM-000000441,ORD-00000168,PROD-000083,2,56.68,9.08
ITEM-000000442,ORD-00000168,PROD-000071,3,48.6,0.51
ITEM-000000443,ORD-00000169,PROD-000191,5,254.19,47.5
ITEM-000000444,ORD-00000169,PROD-000265,1,55.67,3.17
ITEM-000000445,ORD-00000169,PROD-000083,3,56.68,5.09
ITEM-000000446,ORD-00000169,PROD-000263,2,60.67,10.08
ITEM-000000447,ORD-00000170,PROD-000114,4,178.3,31.55
ITEM-000000448,ORD-00000171,PROD-000213,1,151.52,12.01
ITEM-000000449,ORD-00000172,PROD-000121,4,258.33,51.38
ITEM-000000450,ORD-00000172,PROD-000192,2,222.13,1.25
ITEM-000000451,ORD-00000172,PROD-000051,3,151.67,24.01
ITEM-000000452,ORD-00000173,PROD-000020,3,193.41,35.49
ITEM-000000453,ORD-00000173,PROD-000242,2,248.42,37.7
ITEM-000000454,ORD-00000174,PROD-000230,5,66.97,0.07
ITEM-000000455,ORD-00000174,PROD-000041,1,146.19,7.48
ITEM-000000456,ORD-00000174,PROD-000077,5,105.6,19.86
ITEM-000000457,ORD-00000174,PROD-000271,4,142.48,3.17
ITEM-000000458,ORD-00000175,PROD-000122,3,174.47,4.25
ITEM-000000459,ORD-00000175,PROD-000123,4,211.38,27.01
ITEM-000000460,ORD-00000175,PROD-000235,1,121.53,2.69
ITEM-000000461,ORD-00000176,PROD-000275,1,143.99,18.2
ITEM-000000462,ORD-00000176,PROD-000295,2,19.6,2.82
ITEM-000000463,ORD-00000176,PROD-000150,4,213.07,0.07
ITEM-000000464,ORD-00000176,PROD-000181,2,155.05,17.7
ITEM-000000465,ORD-00000177,PROD-000044,5,31.7,6.18
ITEM-000000466,ORD-00000177,PROD-000035,5,17.96,1.95
ITEM-000000467,ORD-00000178,PROD-000200,4,169.62,1.48
ITEM-000000468,ORD-00000179,PROD-000192,3,222.13,33.2
ITEM-000000469,ORD-00000179,PROD-000183,1,197.83,13.64
ITEM-000000470,ORD-00000179,PROD-000054,5,6.16,0.91
ITEM-000000471,ORD-00000179,PROD-000171,2,85.33,0.76
ITEM-000000472,ORD-00000180,PROD-000090,4,115.9,22.74
ITEM-000000473,ORD-00000180,PROD-000246,2,42.16,6.84
ITEM-000000474,ORD-00000180,PROD-000033,4,93.06,0.69
ITEM-000000475,ORD-00000181,PROD-000023,2,61.71,10.93
ITEM-000000476,ORD-00000181,PROD-000162,3,263.26,27.14
ITEM-000000477,ORD-00000182,PROD-000130,1,154.33,23.25
ITEM-000000478,ORD-00000182,PROD-000098,3,54.47,3.89
ITEM-000000479,ORD-00000182,PROD-000025,3,124.64,6.81
ITEM-000000480,ORD-00000182,PROD-000189,4,238.16,42.37
ITEM-000000481,ORD-00000183,PROD-000198,3,196.53,38.27
ITEM-000000482,ORD-00000183,PROD-000255,4,36.59,2.69
ITEM-000000483,ORD-00000183,PROD-000266,3,145.38,23.29
ITEM-000000484,ORD-00000183,PROD-000218,1,184.34,15.88
ITEM-000000485,ORD-00000184,PROD-000280,3,137.35,8.82
ITEM-000000486,ORD-00000184,PROD-000041,3,146.19,19.32
ITEM-000000487,ORD-00000185,PROD-000229,5,175.01,25.12
ITEM-000000488,ORD-00000185,PROD-000086,4,126.38,8.89
ITEM-000000489,ORD-00000185,PROD-000022,3,178.72,21.98
ITEM-000000490,ORD-00000186,PROD-000141,1,197.96,2.97
ITEM-000000491,ORD-00000186,PROD-000208,3,11.88,1.22
ITEM-000000492,ORD-00000186,PROD-000082,1,153.69,4.39
ITEM-000000493,ORD-00000186,PROD-000225,1,155.38,3.92
ITEM-000000494,ORD-00000187,PROD-000188,3,170.88,13.08
ITEM-000000495,ORD-00000187,PROD-000291,1,181.27,21.94
ITEM-000000496,ORD-00000188,PROD-000190,3,66.83,5.93
ITEM-000000497,ORD-00000188,PROD-000040,5,52.71,1.45
ITEM-000000498,ORD-00000188,PROD-000188,4,170.88,10.74
ITEM-000000499,ORD-00000188,PROD-000143,2,136.71,26.26
ITEM-000000500,ORD-00000189,PROD-000096,4,261.99,27.13
ITEM-000000501,ORD-00000190,PROD-000135,3,164.35,23.14
ITEM-000000502,ORD-00000191,PROD-000147,4,65.7,2.63
ITEM-000000503,ORD-00000191,PROD-000070,1,170.09,15.38
ITEM-000000504,ORD-00000192,PROD-000045,3,139.38,18.62
ITEM-000000505,ORD-00000192,PROD-000034,5,22.91,2.48
ITEM-000000506,ORD-00000192,PROD-000154,2,128.85,18.34
ITEM-000000507,ORD-00000192,PROD-000090,3,115.9,11.79
ITEM-000000508,ORD-00000193,PROD-000103,2,155.54,7.36
ITEM-000000509,ORD-00000194,PROD-000014,3,250.44,27.75
ITEM-000000510,ORD-00000194,PROD-000189,4,238.16,38.28
ITEM-000000511,ORD-00000194,PROD-000283,2,40.56,4.96
ITEM-000000512,ORD-00000194,PROD-000045,1,139.38,8.62
ITEM-000000513,ORD-00000195,PROD-000270,4,159.71,24.57
ITEM-000000514,ORD-00000195,PROD-000295,1,19.6,0.49
ITEM-000000515,ORD-00000195,PROD-000163,1,87.64,7.89
ITEM-000000516,ORD-00000195,PROD-000265,3,55.67,1.43
ITEM-000000517,ORD-00000196,PROD-000067,4,47.96,4.82
ITEM-000000518,ORD-00000196,PROD-000029,1,254.26,26.35
ITEM-000000519,ORD-00000197,PROD-000085,2,65.75,4.24
ITEM-000000520,ORD-00000197,PROD-000116,3,189.39,35.89
ITEM-000000521,ORD-00000197,PROD-000266,3,145.38,24.6
ITEM-000000522,ORD-00000198,PROD-000101,5,132.99,7.3
ITEM-000000523,ORD-00000198,PROD-000156,5,108.51,11.58
ITEM-000000524,ORD-00000198,PROD-000258,2,173.11,20.49
ITEM-000000525,ORD-00000199,PROD-000088,5,144.7,20.86
ITEM-000000526,ORD-00000199,PROD-000173,5,253.18,2.09
ITEM-000000527,ORD-00000200,PROD-000042,1,20.87,3.96
ITEM-000000528,ORD-00000201,PROD-000108,5,129.74,10.81
ITEM-000000529,ORD-00000201,PROD-000016,4,56.87,10.11
ITEM-000000530,ORD-00000201,PROD-000280,3,137.35,17.63
ITEM-000000531,ORD-00000202,PROD-000248,2,206.76,33.28
ITEM-000000532,ORD-00000202,PROD-000208,3,11.88,1.08
ITEM-000000533,ORD-00000202,PROD-000031,2,215.03,18.91
ITEM-000000534,ORD-00000203,PROD-000238,2,67.16,4.57
ITEM-000000535,ORD-00000203,PROD-000074,3,214.62,36.98
ITEM-000000536,ORD-00000203,PROD-000164,3,160.68,31.34
ITEM-000000537,ORD-00000203,PROD-000067,3,47.96,4.94
ITEM-000000538,ORD-00000204,PROD-000164,2,160.68,14.99
ITEM-000000539,ORD-00000205,PROD-000231,2,126.83,3.57
ITEM-000000540,ORD-00000205,PROD-000026,3,248.15,46.92
ITEM-000000541,ORD-00000205,PROD-000215,2,145.42,28.0
ITEM-000000542,ORD-00000206,PROD-000168,5,145.2,20.94
ITEM-000000543,ORD-00000206,PROD-000098,2,54.47,5.43
ITEM-000000544,ORD-00000207,PROD-000256,3,26.12,2.6
ITEM-000000545,ORD-00000207,PROD-000047,4,16.68,1.69
ITEM-000000546,ORD-00000207,PROD-000124,2,85.6,9.99
ITEM-000000547,ORD-00000207,PROD-000025,1,124.64,7.01
ITEM-000000548,ORD-00000208,PROD-000147,5,65.7,0.11
ITEM-000000549,ORD-00000208,PROD-000056,4,207.38,5.56
ITEM-000000550,ORD-00000208,PROD-000136,3,57.07,8.72
ITEM-000000551,ORD-00000208,PROD-000188,1,170.88,13.69
ITEM-000000552,ORD-00000209,PROD-000186,5,39.92,2.3
ITEM-000000553,ORD-00000209,PROD-000198,5,196.53,17.7
ITEM-000000554,ORD-00000210,PROD-000061,2,156.43,30.51
ITEM-000000555,ORD-00000210,PROD-000202,3,170.28,27.07
ITEM-000000556,ORD-00000210,PROD-000174,5,92.99,17.46
ITEM-000000557,ORD-00000211,PROD-000102,5,242.49,24.69
ITEM-000000558,ORD-00000211,PROD-000257,1,285.25,2.58
ITEM-000000559,ORD-00000212,PROD-000171,4,85.33,8.86
ITEM-000000560,ORD-00000212,PROD-000077,5,105.6,18.86
ITEM-000000561,ORD-00000213,PROD-000168,5,145.2,9.25
ITEM-000000562,ORD-00000213,PROD-000202,5,170.28,25.18
ITEM-000000563,ORD-00000214,PROD-000173,5,253.18,41.94
ITEM-000000564,ORD-00000214,PROD-000273,4,164.42,23.31
ITEM-000000565,ORD-00000214,PROD-000154,4,128.85,21.02
ITEM-000000566,ORD-00000215,PROD-000170,1,124.7,24.44
ITEM-000000567,ORD-00000215,PROD-000299,3,233.47,37.2
ITEM-000000568,ORD-00000215,PROD-000014,5,250.44,23.77
ITEM-000000569,ORD-00000216,PROD-000027,5,268.28,25.78
ITEM-000000570,ORD-00000216,PROD-000269,5,116.44,18.04
ITEM-000000571,ORD-00000217,PROD-000076,2,192.0,1.21
ITEM-000000572,ORD-00000217,PROD-000057,2,202.38,0.77
ITEM-000000573,ORD-00000217,PROD-000161,4,9.57,0.29
ITEM-000000574,ORD-00000217,PROD-000105,4,56.39,5.66
ITEM-000000575,ORD-00000218,PROD-000032,2,114.8,11.91
ITEM-000000576,ORD-00000218,PROD-000288,3,13.25,2.65
ITEM-000000577,ORD-00000218,PROD-000245,5,6.0,0.45
ITEM-000000578,ORD-00000218,PROD-000089,4,64.06,11.69
ITEM-000000579,ORD-00000219,PROD-000280,3,137.35,18.57
ITEM-000000580,ORD-00000219,PROD-000136,5,57.07,5.53
ITEM-000000581,ORD-00000219,PROD-000127,3,79.49,8.87
ITEM-000000582,ORD-00000220,PROD-000153,3,111.79,15.76
ITEM-000000583,ORD-00000220,PROD-000251,3,149.42,14.34
ITEM-000000584,ORD-00000221,PROD-000148,1,173.72,19.92
ITEM-000000585,ORD-00000221,PROD-000279,4,88.92,15.93
ITEM-000000586,ORD-00000221,PROD-000203,3,217.05,41.44
ITEM-000000587,ORD-00000222,PROD-000149,1,175.39,10.09
ITEM-000000588,ORD-00000222,PROD-000041,3,146.19,27.02
ITEM-000000589,ORD-00000223,PROD-000246,2,42.16,1.7
ITEM-000000590,ORD-00000223,PROD-000276,3,96.15,17.94
ITEM-000000591,ORD-00000223,PROD-000140,2,113.52,2.48
ITEM-000000592,ORD-00000224,PROD-000125,1,191.28,25.63
ITEM-000000593,ORD-00000224,PROD-000272,2,241.9,30.86
ITEM-000000594,ORD-00000225,PROD-000052,4,197.07,13.02
ITEM-000000595,ORD-00000226,PROD-000052,2,197.07,0.2
ITEM-000000596,ORD-00000226,PROD-000282,2,158.46,12.9
ITEM-000000597,ORD-00000226,PROD-000244,4,54.61,7.11
ITEM-000000598,ORD-00000226,PROD-000148,3,173.72,9.92
ITEM-000000599,ORD-00000227,PROD-000046,5,37.28,1.73
ITEM-000000600,ORD-00000228,PROD-000090,4,115.9,20.45
ITEM-000000601,ORD-00000229,PROD-000019,4,146.76,23.13
ITEM-000000602,ORD-00000229,PROD-000096,3,261.99,45.94
ITEM-000000603,ORD-00000230,PROD-000153,5,111.79,13.48
ITEM-000000604,ORD-00000231,PROD-000146,4,200.24,39.61
ITEM-000000605,ORD-00000231,PROD-000279,5,88.92,8.78
ITEM-000000606,ORD-00000231,PROD-000069,5,294.54,27.57
ITEM-000000607,ORD-00000232,PROD-000058,3,86.29,2.8
ITEM-000000608,ORD-00000232,PROD-000235,3,121.53,17.47
ITEM-000000609,ORD-00000233,PROD-000173,3,253.18,28.75
ITEM-000000610,ORD-00000234,PROD-000090,5,115.9,19.85
ITEM-000000611,ORD-00000234,PROD-000208,4,11.88,1.22
ITEM-000000612,ORD-00000235,PROD-000206,1,129.81,4.8
ITEM-000000613,ORD-00000236,PROD-000245,3,6.0,1.12
ITEM-000000614,ORD-00000236,PROD-000004,3,61.96,4.75
ITEM-000000615,ORD-00000237,PROD-000137,3,34.68,2.09
ITEM-000000616,ORD-00000237,PROD-000294,1,268.13,14.03
ITEM-000000617,ORD-00000237,PROD-000185,2,183.85,2.28
ITEM-000000618,ORD-00000237,PROD-000061,4,156.43,9.6
ITEM-000000619,ORD-00000238,PROD-000258,3,173.11,23.9
ITEM-000000620,ORD-00000238,PROD-000152,3,40.04,4.92
ITEM-000000621,ORD-00000238,PROD-000113,2,38.45,3.68
ITEM-000000622,ORD-00000238,PROD-000233,5,153.78,11.49
ITEM-000000623,ORD-00000239,PROD-000276,2,96.15,14.65
ITEM-000000624,ORD-00000239,PROD-000042,5,20.87,1.86
ITEM-000000625,ORD-00000239,PROD-000186,1,39.92,7.32
ITEM-000000626,ORD-00000239,PROD-000058,1,86.29,14.3
ITEM-000000627,ORD-00000240,PROD-000294,5,268.13,8.04
ITEM-000000628,ORD-00000240,PROD-000168,5,145.2,12.83
ITEM-000000629,ORD-00000241,PROD-000299,4,233.47,4.25
ITEM-000000630,ORD-00000241,PROD-000262,4,149.73,24.22
ITEM-000000631,ORD-00000242,PROD-000068,5,284.88,23.67
ITEM-000000632,ORD-00000242,PROD-000289,1,86.07,9.62
ITEM-000000633,ORD-00000242,PROD-000158,1,51.52,4.08
ITEM-000000634,ORD-00000242,PROD-000002,2,24.12,2.79
ITEM-000000635,ORD-00000243,PROD-000217,3,39.78,5.57
ITEM-000000636,ORD-00000244,PROD-000036,4,46.08,0.29
ITEM-000000637,ORD-00000245,PROD-000093,2,178.93,27.41
ITEM-000000638,ORD-00000245,PROD-000216,3,179.85,35.71
ITEM-000000639,ORD-00000245,PROD-000196,4,266.04,46.27
ITEM-000000640,ORD-00000245,PROD-000194,4,65.76,1.06
ITEM-000000641,ORD-00000246,PROD-000179,1,215.5,7.69
ITEM-000000642,ORD-00000246,PROD-000276,4,96.15,10.17
ITEM-000000643,ORD-00000247,PROD-000002,1,24.12,4.72
ITEM-000000644,ORD-00000247,PROD-000238,5,67.16,5.7
ITEM-000000645,ORD-00000248,PROD-000118,2,182.0,16.77
ITEM-000000646,ORD-00000248,PROD-000080,3,141.46,5.33
ITEM-000000647,ORD-00000248,PROD-000058,1,86.29,13.97
ITEM-000000648,ORD-00000248,PROD-000215,5,145.42,22.28
ITEM-000000649,ORD-00000249,PROD-000124,2,85.6,1.15
ITEM-000000650,ORD-00000250,PROD-000229,5,175.01,23.52
ITEM-000000651,ORD-00000251,PROD-000126,1,87.75,7.06
ITEM-000000652,ORD-00000252,PROD-000277,2,89.29,13.47
ITEM-000000653,ORD-00000252,PROD-000029,2,254.26,25.62
ITEM-000000654,ORD-00000253,PROD-000120,5,150.5,9.6
ITEM-000000655,ORD-00000253,PROD-000165,2,223.01,13.46
ITEM-000000656,ORD-00000253,PROD-000074,5,214.62,9.49
ITEM-000000657,ORD-00000254,PROD-000141,1,197.96,22.04
ITEM-000000658,ORD-00000254,PROD-000090,4,115.9,12.88
ITEM-000000659,ORD-00000254,PROD-000025,3,124.64,23.47
ITEM-000000660,ORD-00000255,PROD-000269,3,116.44,16.22
ITEM-000000661,ORD-00000255,PROD-000210,2,24.0,1.44
ITEM-000000662,ORD-00000255,PROD-000095,5,256.52,24.29
ITEM-000000663,ORD-00000255,PROD-000116,3,189.39,32.48
ITEM-000000664,ORD-00000256,PROD-000238,1,67.16,7.55
ITEM-000000665,ORD-00000256,PROD-000214,5,199.19,21.11
ITEM-000000666,ORD-00000257,PROD-000125,3,191.28,7.78
ITEM-000000667,ORD-00000257,PROD-000041,4,146.19,24.77
ITEM-000000668,ORD-00000257,PROD-000048,5,239.02,34.64
ITEM-000000669,ORD-00000257,PROD-000098,1,54.47,2.92
ITEM-000000670,ORD-00000258,PROD-000038,2,87.71,14.12
ITEM-000000671,ORD-00000259,PROD-000246,2,42.16,7.33
ITEM-000000672,ORD-00000259,PROD-000171,3,85.33,16.33
ITEM-000000673,ORD-00000260,PROD-000109,2,82.03,15.78
ITEM-000000674,ORD-00000261,PROD-000246,2,42.16,5.87
ITEM-000000675,ORD-00000262,PROD-000204,2,193.75,21.39
ITEM-000000676,ORD-00000262,PROD-000145,4,223.58,20.85
ITEM-000000677,ORD-00000263,PROD-000158,3,51.52,3.71
ITEM-000000678,ORD-00000263,PROD-000255,4,36.59,0.72
ITEM-000000679,ORD-00000263,PROD-000241,3,199.27,36.44
ITEM-000000680,ORD-00000264,PROD-000161,4,9.57,0.09
ITEM-000000681,ORD-00000264,PROD-000114,2,178.3,0.58
ITEM-000000682,ORD-00000264,PROD-000284,5,47.52,5.5
ITEM-000000683,ORD-00000265,PROD-000152,2,40.04,1.57
ITEM-000000684,ORD-00000265,PROD-000118,4,182.0,20.74
ITEM-000000685,ORD-00000265,PROD-000126,4,87.75,9.66
ITEM-000000686,ORD-00000265,PROD-000173,3,253.18,38.65
ITEM-000000687,ORD-00000266,PROD-000252,4,138.21,4.65
ITEM-000000688,ORD-00000266,PROD-000181,2,155.05,4.34
ITEM-000000689,ORD-00000266,PROD-000280,4,137.35,5.06
ITEM-000000690,ORD-00000266,PROD-000278,1,201.25,21.09
ITEM-000000691,ORD-00000267,PROD-000025,1,124.64,10.28
ITEM-000000692,ORD-00000268,PROD-000035,2,17.96,0.03
ITEM-000000693,ORD-00000268,PROD-000259,4,58.93,4.4
ITEM-000000694,ORD-00000269,PROD-000250,1,168.52,0.22
ITEM-000000695,ORD-00000269,PROD-000283,4,40.56,0.1
ITEM-000000696,ORD-00000269,PROD-000272,3,241.9,25.92
ITEM-000000697,ORD-00000269,PROD-000147,1,65.7,6.6
ITEM-000000698,ORD-00000270,PROD-000092,1,68.92,12.65
ITEM-000000699,ORD-00000270,PROD-000269,2,116.44,5.61
ITEM-000000700,ORD-00000270,PROD-000270,3,159.71,26.04
ITEM-000000701,ORD-00000270,PROD-000137,4,34.68,0.55
ITEM-000000702,ORD-00000271,PROD-000236,5,24.26,1.18
ITEM-000000703,ORD-00000271,PROD-000116,3,189.39,25.91
ITEM-000000704,ORD-00000271,PROD-000042,1,20.87,0.39
ITEM-000000705,ORD-00000271,PROD-000195,4,272.68,30.14
ITEM-000000706,ORD-00000272,PROD-000005,2,162.22,2.68
ITEM-000000707,ORD-00000273,PROD-000170,5,124.7,24.37
ITEM-000000708,ORD-00000273,PROD-000049,5,162.37,29.85
ITEM-000000709,ORD-00000273,PROD-000118,2,182.0,32.81
ITEM-000000710,ORD-00000273,PROD-000291,4,181.27,9.83
ITEM-000000711,ORD-00000274,PROD-000144,5,184.59,20.8
ITEM-000000712,ORD-00000275,PROD-000092,3,68.92,0.22
ITEM-000000713,ORD-00000276,PROD-000074,4,214.62,39.87
ITEM-000000714,ORD-00000276,PROD-000154,2,128.85,14.53
ITEM-000000715,ORD-00000277,PROD-000277,3,89.29,6.85
ITEM-000000716,ORD-00000277,PROD-000072,1,70.42,7.05
ITEM-000000717,ORD-00000277,PROD-000178,1,192.03,3.75
ITEM-000000718,ORD-00000277,PROD-000119,1,241.98,16.48
ITEM-000000719,ORD-00000278,PROD-000168,1,145.2,18.41
ITEM-000000720,ORD-00000278,PROD-000231,4,126.83,5.79
ITEM-000000721,ORD-00000278,PROD-000284,4,47.52,4.1
ITEM-000000722,ORD-00000278,PROD-000300,4,90.24,1.55
ITEM-000000723,ORD-00000279,PROD-000127,1,79.49,1.3
ITEM-000000724,ORD-00000279,PROD-000079,4,158.41,22.55
ITEM-000000725,ORD-00000279,PROD-000079,4,158.41,10.03
ITEM-000000726,ORD-00000280,PROD-000047,1,16.68,3.15
ITEM-000000727,ORD-00000281,PROD-000185,3,183.85,3.76
ITEM-000000728,ORD-00000281,PROD-000045,2,139.38,12.01
ITEM-000000729,ORD-00000281,PROD-000286,5,239.45,24.54
ITEM-000000730,ORD-00000281,PROD-000053,1,113.39,2.03
ITEM-000000731,ORD-00000282,PROD-000167,4,71.98,0.18
ITEM-000000732,ORD-00000283,PROD-000199,1,250.55,36.32
ITEM-000000733,ORD-00000283,PROD-000287,2,54.46,6.23
ITEM-000000734,ORD-00000283,PROD-000087,4,82.01,2.78
ITEM-000000735,ORD-00000283,PROD-000138,3,256.34,13.76
ITEM-000000736,ORD-00000284,PROD-000033,2,93.06,8.09
ITEM-000000737,ORD-00000284,PROD-000216,3,179.85,17.42
ITEM-000000738,ORD-00000285,PROD-000185,3,183.85,34.72
ITEM-000000739,ORD-00000286,PROD-000101,4,132.99,2.85
ITEM-000000740,ORD-00000286,PROD-000156,1,108.51,20.59
ITEM-000000741,ORD-00000286,PROD-000171,5,85.33,6.48
ITEM-000000742,ORD-00000286,PROD-000169,4,273.71,18.32
ITEM-000000743,ORD-00000287,PROD-000154,3,128.85,15.54
ITEM-000000744,ORD-00000287,PROD-000103,4,155.54,9.77
ITEM-000000745,ORD-00000288,PROD-000164,3,160.68,23.62
ITEM-000000746,ORD-00000288,PROD-000252,5,138.21,21.62
ITEM-000000747,ORD-00000288,PROD-000167,4,71.98,4.04
ITEM-000000748,ORD-00000288,PROD-000202,3,170.28,3.88
ITEM-000000749,ORD-00000289,PROD-000280,2,137.35,18.73
ITEM-000000750,ORD-00000289,PROD-000282,1,158.46,30.2
ITEM-000000751,ORD-00000290,PROD-000108,4,129.74,20.7
ITEM-000000752,ORD-00000290,PROD-000036,4,46.08,6.2
ITEM-000000753,ORD-00000290,PROD-000072,3,70.42,3.41
ITEM-000000754,ORD-00000290,PROD-000079,4,158.41,25.0
ITEM-000000755,ORD-00000291,PROD-000230,5,66.97,6.42
ITEM-000000756,ORD-00000292,PROD-000274,5,105.23,19.44
ITEM-000000757,ORD-00000292,PROD-000215,5,145.42,1.07
ITEM-000000758,ORD-00000292,PROD-000185,5,183.85,21.83
ITEM-000000759,ORD-00000292,PROD-000044,1,31.7,4.88
ITEM-000000760,ORD-00000293,PROD-000086,5,126.38,1.12
ITEM-000000761,ORD-00000293,PROD-000205,3,111.74,21.58
ITEM-000000762,ORD-00000293,PROD-000221,1,68.23,0.14
ITEM-000000763,ORD-00000294,PROD-000114,5,178.3,26.63
ITEM-000000764,ORD-00000294,PROD-000286,5,239.45,32.93
ITEM-000000765,ORD-00000294,PROD-000114,4,178.3,13.34
ITEM-000000766,ORD-00000295,PROD-000257,2,285.25,19.68
ITEM-000000767,ORD-00000295,PROD-000013,4,89.16,1.86
ITEM-000000768,ORD-00000295,PROD-000213,1,151.52,3.52
ITEM-000000769,ORD-00000295,PROD-000073,3,65.08,4.06
ITEM-000000770,ORD-00000296,PROD-000106,5,222.78,21.52
ITEM-000000771,ORD-00000296,PROD-000244,1,54.61,4.79
ITEM-000000772,ORD-00000296,PROD-000232,3,124.85,1.68
ITEM-000000773,ORD-00000296,PROD-000023,1,61.71,0.28
ITEM-000000774,ORD-00000297,PROD-000056,2,207.38,38.57
ITEM-000000775,ORD-00000297,PROD-000125,5,191.28,6.67
ITEM-000000776,ORD-00000297,PROD-000082,3,153.69,17.21
ITEM-000000777,ORD-00000298,PROD-000119,4,241.98,30.48
ITEM-000000778,ORD-00000298,PROD-000096,4,261.99,20.73
ITEM-000000779,ORD-00000298,PROD-000102,4,242.49,28.72
ITEM-000000780,ORD-00000298,PROD-000200,1,169.62,23.91
ITEM-000000781,ORD-00000299,PROD-000143,1,136.71,15.79
ITEM-000000782,ORD-00000299,PROD-000275,2,143.99,10.53
ITEM-000000783,ORD-00000300,PROD-000235,1,121.53,6.38
ITEM-000000784,ORD-00000300,PROD-000251,5,149.42,28.87
ITEM-000000785,ORD-00000301,PROD-000199,5,250.55,19.67
ITEM-000000786,ORD-00000301,PROD-000059,3,24.94,1.76
ITEM-000000787,ORD-00000301,PROD-000235,5,121.53,4.19
ITEM-000000788,ORD-00000302,PROD-000044,2,31.7,1.99
ITEM-000000789,ORD-00000302,PROD-000123,3,211.38,4.94
ITEM-000000790,ORD-00000302,PROD-000192,2,222.13,22.69
ITEM-000000791,ORD-00000303,PROD-000071,5,48.6,3.73
ITEM-000000792,ORD-00000303,PROD-000096,4,261.99,33.3
ITEM-000000793,ORD-00000303,PROD-000089,5,64.06,2.14
ITEM-000000794,ORD-00000303,PROD-000148,2,173.72,6.5
ITEM-000000795,ORD-00000304,PROD-000028,3,283.29,53.93
ITEM-000000796,ORD-00000304,PROD-000249,2,45.99,1.79
ITEM-000000797,ORD-00000304,PROD-000197,5,142.58,14.41
ITEM-000000798,ORD-00000304,PROD-000254,4,59.19,8.11
ITEM-000000799,ORD-00000305,PROD-000228,4,119.68,4.0
ITEM-000000800,ORD-00000305,PROD-000290,1,96.01,15.28
ITEM-000000801,ORD-00000305,PROD-000113,3,38.45,0.25
ITEM-000000802,ORD-00000305,PROD-000116,5,189.39,10.93
ITEM-000000803,ORD-00000306,PROD-000290,4,96.01,10.56
ITEM-000000804,ORD-00000306,PROD-000058,5,86.29,1.97
ITEM-000000805,ORD-00000306,PROD-000279,3,88.92,9.64
ITEM-000000806,ORD-00000306,PROD-000022,4,178.72,19.53
ITEM-000000807,ORD-00000307,PROD-000053,2,113.39,6.75
ITEM-000000808,ORD-00000307,PROD-000017,4,59.6,3.13
ITEM-000000809,ORD-00000307,PROD-000045,4,139.38,24.12
ITEM-000000810,ORD-00000307,PROD-000061,2,156.43,6.57
ITEM-000000811,ORD-00000308,PROD-000220,2,23.88,2.94
ITEM-000000812,ORD-00000308,PROD-000106,2,222.78,35.89
ITEM-000000813,ORD-00000308,PROD-000292,3,123.71,13.17
ITEM-000000814,ORD-00000309,PROD-000166,3,161.73,9.36
ITEM-000000815,ORD-00000309,PROD-000137,5,34.68,6.84
ITEM-000000816,ORD-00000310,PROD-000070,4,170.09,31.25
ITEM-000000817,ORD-00000311,PROD-000065,2,11.5,0.57
ITEM-000000818,ORD-00000311,PROD-000165,2,223.01,33.96
ITEM-000000819,ORD-00000311,PROD-000202,4,170.28,4.84
ITEM-000000820,ORD-00000312,PROD-000213,4,151.52,13.7
ITEM-000000821,ORD-00000312,PROD-000048,4,239.02,24.65
ITEM-000000822,ORD-00000312,PROD-000143,3,136.71,12.43
ITEM-000000823,ORD-00000313,PROD-000168,5,145.2,0.07
ITEM-000000824,ORD-00000313,PROD-000048,4,239.02,30.35
ITEM-000000825,ORD-00000313,PROD-000184,1,133.98,21.32
ITEM-000000826,ORD-00000313,PROD-000204,2,193.75,37.51
ITEM-000000827,ORD-00000314,PROD-000254,3,59.19,3.82
ITEM-000000828,ORD-00000314,PROD-000146,3,200.24,21.92
ITEM-000000829,ORD-00000315,PROD-000290,4,96.01,15.14
ITEM-000000830,ORD-00000315,PROD-000025,1,124.64,2.48
ITEM-000000831,ORD-00000316,PROD-000009,1,38.67,7.19
ITEM-000000832,ORD-00000316,PROD-000081,4,132.7,12.12
ITEM-000000833,ORD-00000316,PROD-000220,2,23.88,4.76
ITEM-000000834,ORD-00000316,PROD-000068,3,284.88,9.06
ITEM-000000835,ORD-00000317,PROD-000048,3,239.02,11.97
ITEM-000000836,ORD-00000317,PROD-000191,2,254.19,2.63
ITEM-000000837,ORD-00000317,PROD-000157,2,15.55,1.33
ITEM-000000838,ORD-00000318,PROD-000049,1,162.37,6.93
ITEM-000000839,ORD-00000319,PROD-000068,5,284.88,12.89
ITEM-000000840,ORD-00000320,PROD-000005,1,162.22,22.57
ITEM-000000841,ORD-00000320,PROD-000062,4,155.19,21.54
ITEM-000000842,ORD-00000320,PROD-000245,1,6.0,0.27
ITEM-000000843,ORD-00000320,PROD-000046,1,37.28,0.77
ITEM-000000844,ORD-00000321,PROD-000154,2,128.85,9.86
ITEM-000000845,ORD-00000321,PROD-000069,2,294.54,4.03
ITEM-000000846,ORD-00000321,PROD-000289,1,86.07,10.51
ITEM-000000847,ORD-00000322,PROD-000226,3,148.45,21.45
ITEM-000000848,ORD-00000322,PROD-000078,4,104.84,12.92
ITEM-000000849,ORD-00000323,PROD-000112,1,194.6,34.9
ITEM-000000850,ORD-00000323,PROD-000072,1,70.42,8.3
ITEM-000000851,ORD-00000323,PROD-000197,3,142.58,27.47
ITEM-000000852,ORD-00000323,PROD-000162,2,263.26,13.05
ITEM-000000853,ORD-00000324,PROD-000128,5,144.64,17.39
ITEM-000000854,ORD-00000325,PROD-000014,3,250.44,10.29
ITEM-000000855,ORD-00000325,PROD-000261,2,28.24,4.22
ITEM-000000856,ORD-00000325,PROD-000152,1,40.04,6.28
ITEM-000000857,ORD-00000326,PROD-000254,4,59.19,1.33
ITEM-000000858,ORD-00000326,PROD-000256,5,26.12,0.37
ITEM-000000859,ORD-00000327,PROD-000185,3,183.85,4.85
ITEM-000000860,ORD-00000328,PROD-000188,5,170.88,23.34
ITEM-000000861,ORD-00000328,PROD-000242,1,248.42,0.83
ITEM-000000862,ORD-00000328,PROD-000035,1,17.96,0.94
ITEM-000000863,ORD-00000328,PROD-000021,1,258.38,49.02
ITEM-000000864,ORD-00000329,PROD-000260,3,87.01,10.94
ITEM-000000865,ORD-00000329,PROD-000257,4,285.25,24.16
ITEM-000000866,ORD-00000329,PROD-000206,1,129.81,16.63
ITEM-000000867,ORD-00000329,PROD-000276,5,96.15,2.94
ITEM-000000868,ORD-00000330,PROD-000159,1,115.09,11.77
ITEM-000000869,ORD-00000331,PROD-000080,5,141.46,9.24
ITEM-000000870,ORD-00000331,PROD-000034,3,22.91,3.2
ITEM-000000871,ORD-00000332,PROD-000030,2,45.68,0.79
ITEM-000000872,ORD-00000332,PROD-000223,1,37.75,3.42
ITEM-000000873,ORD-00000333,PROD-000159,2,115.09,2.75
ITEM-000000874,ORD-00000334,PROD-000006,2,20.4,2.03
ITEM-000000875,ORD-00000334,PROD-000178,5,192.03,19.86
ITEM-000000876,ORD-00000335,PROD-000086,3,126.38,3.21
ITEM-000000877,ORD-00000335,PROD-000138,1,256.34,39.55
ITEM-000000878,ORD-00000335,PROD-000016,3,56.87,9.18
ITEM-000000879,ORD-00000336,PROD-000269,1,116.44,6.12
ITEM-000000880,ORD-00000336,PROD-000296,1,161.45,16.02
ITEM-000000881,ORD-00000336,PROD-000262,3,149.73,1.66
ITEM-000000882,ORD-00000337,PROD-000189,2,238.16,12.15
ITEM-000000883,ORD-00000337,PROD-000053,5,113.39,15.29
ITEM-000000884,ORD-00000338,PROD-000117,5,220.67,0.11
ITEM-000000885,ORD-00000339,PROD-000126,1,87.75,8.28
ITEM-000000886,ORD-00000340,PROD-000077,2,105.6,19.67
ITEM-000000887,ORD-00000340,PROD-000019,5,146.76,23.57
ITEM-000000888,ORD-00000340,PROD-000215,2,145.42,9.36
ITEM-000000889,ORD-00000340,PROD-000214,3,199.19,10.81
ITEM-000000890,ORD-00000341,PROD-000293,3,32.6,0.78
ITEM-000000891,ORD-00000342,PROD-000092,2,68.92,11.09
ITEM-000000892,ORD-00000343,PROD-000206,1,129.81,22.77
ITEM-000000893,ORD-00000344,PROD-000160,3,96.22,1.66
ITEM-000000894,ORD-00000344,PROD-000234,1,86.25,6.36
ITEM-000000895,ORD-00000344,PROD-000150,5,213.07,33.43
ITEM-000000896,ORD-00000345,PROD-000238,3,67.16,7.95
ITEM-000000897,ORD-00000345,PROD-000253,2,14.2,2.08
ITEM-000000898,ORD-00000346,PROD-000078,1,104.84,19.55
ITEM-000000899,ORD-00000346,PROD-000013,2,89.16,9.66
ITEM-000000900,ORD-00000347,PROD-000172,1,183.04,27.78
ITEM-000000901,ORD-00000348,PROD-000158,1,51.52,2.11
ITEM-000000902,ORD-00000348,PROD-000122,4,174.47,17.17
ITEM-000000903,ORD-00000348,PROD-000031,2,215.03,30.61
ITEM-000000904,ORD-00000348,PROD-000048,1,239.02,44.04
ITEM-000000905,ORD-00000349,PROD-000191,4,254.19,49.54
ITEM-000000906,ORD-00000349,PROD-000044,5,31.7,0.61
ITEM-000000907,ORD-00000349,PROD-000069,4,294.54,4.41
ITEM-000000908,ORD-00000349,PROD-000291,1,181.27,15.77
ITEM-000000909,ORD-00000350,PROD-000122,3,174.47,9.11
ITEM-000000910,ORD-00000350,PROD-000162,4,263.26,36.89
ITEM-000000911,ORD-00000351,PROD-000163,4,87.64,4.77
ITEM-000000912,ORD-00000351,PROD-000039,2,21.15,0.58
ITEM-000000913,ORD-00000351,PROD-000300,1,90.24,2.8
ITEM-000000914,ORD-00000352,PROD-000231,4,126.83,7.97
ITEM-000000915,ORD-00000352,PROD-000062,5,155.19,11.12
ITEM-000000916,ORD-00000353,PROD-000232,3,124.85,11.57
ITEM-000000917,ORD-00000353,PROD-000062,1,155.19,4.89
ITEM-000000918,ORD-00000354,PROD-000021,2,258.38,43.2
ITEM-000000919,ORD-00000354,PROD-000168,2,145.2,2.65
ITEM-000000920,ORD-00000354,PROD-000128,3,144.64,11.46
ITEM-000000921,ORD-00000355,PROD-000154,3,128.85,21.13
ITEM-000000922,ORD-00000356,PROD-000016,4,56.87,9.72
ITEM-000000923,ORD-00000356,PROD-000285,5,236.26,11.81
ITEM-000000924,ORD-00000357,PROD-000053,2,113.39,2.75
ITEM-000000925,ORD-00000357,PROD-000032,2,114.8,3.0
ITEM-000000926,ORD-00000357,PROD-000206,3,129.81,17.82
ITEM-000000927,ORD-00000357,PROD-000044,5,31.7,3.72
ITEM-000000928,ORD-00000358,PROD-000012,1,166.44,6.58
ITEM-000000929,ORD-00000359,PROD-000066,1,12.81,2.32
ITEM-000000930,ORD-00000359,PROD-000170,1,124.7,1.06
ITEM-000000931,ORD-00000359,PROD-000237,1,214.52,7.21
ITEM-000000932,ORD-00000359,PROD-000294,4,268.13,44.06
ITEM-000000933,ORD-00000360,PROD-000255,1,36.59,2.8
ITEM-000000934,ORD-00000360,PROD-000219,2,170.99,12.1
ITEM-000000935,ORD-00000360,PROD-000096,3,261.99,14.66
ITEM-000000936,ORD-00000360,PROD-000077,1,105.6,12.97
ITEM-000000937,ORD-00000361,PROD-000152,4,40.04,3.3
ITEM-000000938,ORD-00000361,PROD-000282,4,158.46,1.93
ITEM-000000939,ORD-00000362,PROD-000197,2,142.58,11.95
ITEM-000000940,ORD-00000362,PROD-000270,2,159.71,20.15
ITEM-000000941,ORD-00000362,PROD-000279,1,88.92,17.6
ITEM-000000942,ORD-00000363,PROD-000246,5,42.16,6.59
ITEM-000000943,ORD-00000363,PROD-000177,5,110.22,11.07
ITEM-000000944,ORD-00000363,PROD-000199,3,250.55,9.01
ITEM-000000945,ORD-00000364,PROD-000113,1,38.45,6.89
ITEM-000000946,ORD-00000364,PROD-000144,1,184.59,29.85
ITEM-000000947,ORD-00000364,PROD-000242,5,248.42,17.76
ITEM-000000948,ORD-00000365,PROD-000082,1,153.69,7.62
ITEM-000000949,ORD-00000365,PROD-000124,3,85.6,9.14
ITEM-000000950,ORD-00000366,PROD-000113,5,38.45,6.51
ITEM-000000951,ORD-00000367,PROD-000182,2,262.82,9.26
ITEM-000000952,ORD-00000367,PROD-000163,3,87.64,16.02
ITEM-000000953,ORD-00000367,PROD-000015,3,77.71,14.73
ITEM-000000954,ORD-00000367,PROD-000289,2,86.07,9.69
ITEM-000000955,ORD-00000368,PROD-000253,5,14.2,0.88
ITEM-000000956,ORD-00000368,PROD-000252,1,138.21,2.49
ITEM-000000957,ORD-00000369,PROD-000113,1,38.45,4.05
ITEM-000000958,ORD-00000369,PROD-000001,3,161.47,29.64
ITEM-000000959,ORD-00000370,PROD-000067,3,47.96,6.88
ITEM-000000960,ORD-00000370,PROD-000166,1,161.73,0.71
ITEM-000000961,ORD-00000371,PROD-000057,5,202.38,34.84
ITEM-000000962,ORD-00000371,PROD-000038,3,87.71,12.36
ITEM-000000963,ORD-00000372,PROD-000052,3,197.07,11.89
ITEM-000000964,ORD-00000372,PROD-000070,2,170.09,24.91
ITEM-000000965,ORD-00000372,PROD-000224,4,108.39,14.07
ITEM-000000966,ORD-00000372,PROD-000090,5,115.9,16.08
ITEM-000000967,ORD-00000373,PROD-000115,5,48.49,7.9
ITEM-000000968,ORD-00000373,PROD-000194,3,65.76,9.65
ITEM-000000969,ORD-00000373,PROD-000151,2,206.31,7.33
ITEM-000000970,ORD-00000374,PROD-000294,4,268.13,45.62
ITEM-000000971,ORD-00000375,PROD-000094,5,220.54,14.04
ITEM-000000972,ORD-00000376,PROD-000290,1,96.01,17.99
ITEM-000000973,ORD-00000376,PROD-000073,3,65.08,9.7
ITEM-000000974,ORD-00000377,PROD-000178,3,192.03,6.45
ITEM-000000975,ORD-00000377,PROD-000046,3,37.28,3.33
ITEM-000000976,ORD-00000378,PROD-000108,2,129.74,17.99
ITEM-000000977,ORD-00000378,PROD-000180,3,175.36,27.6
ITEM-000000978,ORD-00000378,PROD-000001,1,161.47,12.46
ITEM-000000979,ORD-00000379,PROD-000086,4,126.38,12.46
ITEM-000000980,ORD-00000379,PROD-000194,3,65.76,7.18
ITEM-000000981,ORD-00000379,PROD-000052,4,197.07,31.09
ITEM-000000982,ORD-00000379,PROD-000296,2,161.45,5.25
ITEM-000000983,ORD-00000380,PROD-000018,3,116.66,0.47
ITEM-000000984,ORD-00000381,PROD-000054,1,6.16,0.42
ITEM-000000985,ORD-00000381,PROD-000193,2,177.84,26.04
ITEM-000000986,ORD-00000381,PROD-000281,1,205.29,13.88
ITEM-000000987,ORD-00000382,PROD-000016,4,56.87,10.72
ITEM-000000988,ORD-00000382,PROD-000085,5,65.75,11.7
ITEM-000000989,ORD-00000382,PROD-000081,1,132.7,2.69
ITEM-000000990,ORD-00000382,PROD-000106,2,222.78,18.24
ITEM-000000991,ORD-00000383,PROD-000145,3,223.58,10.62
ITEM-000000992,ORD-00000383,PROD-000026,4,248.15,28.38
ITEM-000000993,ORD-00000383,PROD-000252,2,138.21,1.51
ITEM-000000994,ORD-00000384,PROD-000219,1,170.99,10.07
ITEM-000000995,ORD-00000385,PROD-000103,1,155.54,0.8
ITEM-000000996,ORD-00000385,PROD-000088,3,144.7,28.28
ITEM-000000997,ORD-00000385,PROD-000243,1,179.01,11.04
ITEM-000000998,ORD-00000385,PROD-000204,4,193.75,18.95
ITEM-000000999,ORD-00000386,PROD-000047,5,16.68,1.29
ITEM-000001000,ORD-00000386,PROD-000190,4,66.83,4.94
ITEM-000001001,ORD-00000386,PROD-000229,1,175.01,9.22
ITEM-000001002,ORD-00000387,PROD-000135,2,164.35,27.51
ITEM-000001003,ORD-00000387,PROD-000289,1,86.07,2.6
ITEM-000001004,ORD-00000387,PROD-000050,1,41.26,5.51
ITEM-000001005,ORD-00000387,PROD-000278,4,201.25,39.07
ITEM-000001006,ORD-00000388,PROD-000284,1,47.52,7.99
ITEM-000001007,ORD-00000388,PROD-000268,4,101.37,19.58
ITEM-000001008,ORD-00000389,PROD-000294,2,268.13,25.54
ITEM-000001009,ORD-00000389,PROD-000041,4,146.19,26.4
ITEM-000001010,ORD-00000389,PROD-000018,5,116.66,13.33
ITEM-000001011,ORD-00000389,PROD-000265,5,55.67,7.54
ITEM-000001012,ORD-00000390,PROD-000062,4,155.19,5.37
ITEM-000001013,ORD-00000390,PROD-000086,2,126.38,20.43
ITEM-000001014,ORD-00000391,PROD-000022,4,178.72,2.8
ITEM-000001015,ORD-00000391,PROD-000223,2,37.75,7.53
ITEM-000001016,ORD-00000392,PROD-000133,3,67.78,12.35
ITEM-000001017,ORD-00000392,PROD-000035,1,17.96,1.39
ITEM-000001018,ORD-00000393,PROD-000283,3,40.56,6.95
ITEM-000001019,ORD-00000393,PROD-000267,4,237.37,43.54
ITEM-000001020,ORD-00000393,PROD-000007,5,234.37,27.54
ITEM-000001021,ORD-00000393,PROD-000215,1,145.42,12.05
ITEM-000001022,ORD-00000394,PROD-000291,5,181.27,21.12
ITEM-000001023,ORD-00000394,PROD-000052,1,197.07,22.18
ITEM-000001024,ORD-00000395,PROD-000147,5,65.7,11.56
ITEM-000001025,ORD-00000396,PROD-000136,4,57.07,7.47
ITEM-000001026,ORD-00000396,PROD-000293,5,32.6,3.08
ITEM-000001027,ORD-00000396,PROD-000089,3,64.06,5.16
ITEM-000001028,ORD-00000396,PROD-000206,1,129.81,10.28
ITEM-000001029,ORD-00000397,PROD-000122,1,174.47,26.02
ITEM-000001030,ORD-00000397,PROD-000138,3,256.34,1.04
ITEM-000001031,ORD-00000397,PROD-000156,3,108.51,6.08
ITEM-000001032,ORD-00000398,PROD-000051,2,151.67,4.08
ITEM-000001033,ORD-00000398,PROD-000227,3,231.18,12.46
ITEM-000001034,ORD-00000398,PROD-000214,5,199.19,25.72
ITEM-000001035,ORD-00000398,PROD-000097,4,186.58,7.89
ITEM-000001036,ORD-00000399,PROD-000249,5,45.99,7.98
ITEM-000001037,ORD-00000399,PROD-000029,5,254.26,40.25
ITEM-000001038,ORD-00000399,PROD-000034,3,22.91,3.25
ITEM-000001039,ORD-00000399,PROD-000207,2,264.8,41.34
ITEM-000001040,ORD-00000400,PROD-000089,2,64.06,11.21
ITEM-000001041,ORD-00000401,PROD-000030,2,45.68,0.3
ITEM-000001042,ORD-00000401,PROD-000026,3,248.15,34.97
ITEM-000001043,ORD-00000402,PROD-000189,4,238.16,24.06
ITEM-000001044,ORD-00000402,PROD-000064,1,39.81,1.93
ITEM-000001045,ORD-00000402,PROD-000251,5,149.42,13.33
ITEM-000001046,ORD-00000403,PROD-000283,3,40.56,2.79
ITEM-000001047,ORD-00000403,PROD-000133,1,67.78,3.86
ITEM-000001048,ORD-00000403,PROD-000198,1,196.53,6.4
ITEM-000001049,ORD-00000403,PROD-000293,2,32.6,5.59
ITEM-000001050,ORD-00000404,PROD-000106,3,222.78,29.03
ITEM-000001051,ORD-00000404,PROD-000263,1,60.67,10.49
ITEM-000001052,ORD-00000405,PROD-000243,2,179.01,23.18
ITEM-000001053,ORD-00000406,PROD-000115,3,48.49,5.9
ITEM-000001054,ORD-00000407,PROD-000141,4,197.96,35.45
ITEM-000001055,ORD-00000407,PROD-000179,4,215.5,10.86
ITEM-000001056,ORD-00000407,PROD-000239,3,261.64,35.44
ITEM-000001057,ORD-00000408,PROD-000300,1,90.24,0.13
ITEM-000001058,ORD-00000408,PROD-000192,5,222.13,28.76
ITEM-000001059,ORD-00000408,PROD-000145,3,223.58,30.6
ITEM-000001060,ORD-00000408,PROD-000247,1,95.38,6.41
ITEM-000001061,ORD-00000409,PROD-000167,3,71.98,3.76
ITEM-000001062,ORD-00000409,PROD-000153,2,111.79,3.35
ITEM-000001063,ORD-00000409,PROD-000124,1,85.6,13.79
ITEM-000001064,ORD-00000410,PROD-000164,2,160.68,23.18
ITEM-000001065,ORD-00000410,PROD-000255,3,36.59,1.9
ITEM-000001066,ORD-00000410,PROD-000215,4,145.42,11.29
ITEM-000001067,ORD-00000410,PROD-000019,5,146.76,20.78
ITEM-000001068,ORD-00000411,PROD-000176,2,207.29,28.45
ITEM-000001069,ORD-00000411,PROD-000244,3,54.61,5.54
ITEM-000001070,ORD-00000412,PROD-000286,2,239.45,14.07
ITEM-000001071,ORD-00000412,PROD-000242,2,248.42,36.81
ITEM-000001072,ORD-00000413,PROD-000172,1,183.04,8.14
ITEM-000001073,ORD-00000413,PROD-000115,3,48.49,4.08
ITEM-000001074,ORD-00000414,PROD-000191,3,254.19,29.77
ITEM-000001075,ORD-00000414,PROD-000238,1,67.16,6.32
ITEM-000001076,ORD-00000414,PROD-000299,5,233.47,44.09
ITEM-000001077,ORD-00000415,PROD-000242,2,248.42,24.87
ITEM-000001078,ORD-00000416,PROD-000272,3,241.9,19.99
ITEM-000001079,ORD-00000416,PROD-000078,2,104.84,20.81
ITEM-000001080,ORD-00000416,PROD-000176,4,207.29,40.93
ITEM-000001081,ORD-00000416,PROD-000235,2,121.53,7.69
ITEM-000001082,ORD-00000417,PROD-000042,4,20.87,1.39
ITEM-000001083,ORD-00000417,PROD-000091,3,82.4,10.46
ITEM-000001084,ORD-00000418,PROD-000232,3,124.85,5.23
ITEM-000001085,ORD-00000419,PROD-000296,2,161.45,15.81
ITEM-000001086,ORD-00000419,PROD-000046,2,37.28,4.58
ITEM-000001087,ORD-00000420,PROD-000207,4,264.8,51.12
ITEM-000001088,ORD-00000420,PROD-000197,1,142.58,1.08
ITEM-000001089,ORD-00000420,PROD-000103,3,155.54,29.55
ITEM-000001090,ORD-00000420,PROD-000165,5,223.01,8.5
ITEM-000001091,ORD-00000421,PROD-000128,2,144.64,20.06
ITEM-000001092,ORD-00000422,PROD-000160,2,96.22,1.98
ITEM-000001093,ORD-00000422,PROD-000258,5,173.11,10.6
ITEM-000001094,ORD-00000422,PROD-000034,1,22.91,1.37
ITEM-000001095,ORD-00000423,PROD-000234,5,86.25,10.29
ITEM-000001096,ORD-00000423,PROD-000173,4,253.18,44.96
ITEM-000001097,ORD-00000423,PROD-000069,3,294.54,58.68
ITEM-000001098,ORD-00000424,PROD-000184,2,133.98,4.42
ITEM-000001099,ORD-00000424,PROD-000207,1,264.8,12.1
ITEM-000001100,ORD-00000424,PROD-000068,2,284.88,41.82
ITEM-000001101,ORD-00000424,PROD-000259,2,58.93,1.45
ITEM-000001102,ORD-00000425,PROD-000193,3,177.84,27.43
ITEM-000001103,ORD-00000426,PROD-000025,1,124.64,16.29
ITEM-000001104,ORD-00000427,PROD-000025,1,124.64,10.39
ITEM-000001105,ORD-00000428,PROD-000064,5,39.81,2.01
ITEM-000001106,ORD-00000428,PROD-000079,2,158.41,22.03
ITEM-000001107,ORD-00000428,PROD-000005,3,162.22,13.65
ITEM-000001108,ORD-00000428,PROD-000052,5,197.07,10.64
ITEM-000001109,ORD-00000429,PROD-000215,1,145.42,14.88
ITEM-000001110,ORD-00000429,PROD-000061,3,156.43,3.57
ITEM-000001111,ORD-00000430,PROD-000255,2,36.59,4.46
ITEM-000001112,ORD-00000431,PROD-000268,2,101.37,7.26
ITEM-000001113,ORD-00000431,PROD-000210,3,24.0,0.77
ITEM-000001114,ORD-00000431,PROD-000281,4,205.29,37.38
ITEM-000001115,ORD-00000432,PROD-000170,2,124.7,0.07
ITEM-000001116,ORD-00000432,PROD-000046,1,37.28,6.23
ITEM-000001117,ORD-00000432,PROD-000253,2,14.2,2.7
ITEM-000001118,ORD-00000432,PROD-000262,1,149.73,21.67
ITEM-000001119,ORD-00000433,PROD-000132,2,261.68,23.9
ITEM-000001120,ORD-00000434,PROD-000136,4,57.07,0.57
ITEM-000001121,ORD-00000434,PROD-000090,1,115.9,19.76
ITEM-000001122,ORD-00000434,PROD-000185,3,183.85,15.66
ITEM-000001123,ORD-00000435,PROD-000049,1,162.37,0.31
ITEM-000001124,ORD-00000436,PROD-000088,3,144.7,10.35
ITEM-000001125,ORD-00000436,PROD-000225,5,155.38,8.34
ITEM-000001126,ORD-00000437,PROD-000191,3,254.19,9.3
ITEM-000001127,ORD-00000438,PROD-000205,4,111.74,6.07
ITEM-000001128,ORD-00000438,PROD-000198,4,196.53,31.44
ITEM-000001129,ORD-00000438,PROD-000086,1,126.38,3.35
ITEM-000001130,ORD-00000438,PROD-000031,2,215.03,4.46
ITEM-000001131,ORD-00000439,PROD-000292,4,123.71,4.48
ITEM-000001132,ORD-00000439,PROD-000195,3,272.68,33.34
ITEM-000001133,ORD-00000439,PROD-000067,4,47.96,8.83
ITEM-000001134,ORD-00000439,PROD-000058,4,86.29,7.61
ITEM-000001135,ORD-00000440,PROD-000134,3,240.79,0.6
ITEM-000001136,ORD-00000441,PROD-000174,5,92.99,9.73
ITEM-000001137,ORD-00000441,PROD-000049,4,162.37,21.49
ITEM-000001138,ORD-00000442,PROD-000247,3,95.38,12.66
ITEM-000001139,ORD-00000442,PROD-000198,2,196.53,32.98
ITEM-000001140,ORD-00000443,PROD-000006,2,20.4,2.06
ITEM-000001141,ORD-00000444,PROD-000254,2,59.19,0.89
ITEM-000001142,ORD-00000444,PROD-000252,3,138.21,6.66
ITEM-000001143,ORD-00000444,PROD-000143,1,136.71,13.86
ITEM-000001144,ORD-00000444,PROD-000282,4,158.46,12.78
ITEM-000001145,ORD-00000445,PROD-000041,4,146.19,12.99
ITEM-000001146,ORD-00000445,PROD-000294,4,268.13,4.72
ITEM-000001147,ORD-00000446,PROD-000229,3,175.01,4.15
ITEM-000001148,ORD-00000446,PROD-000255,1,36.59,0.75
ITEM-000001149,ORD-00000446,PROD-000212,1,196.7,21.92
ITEM-000001150,ORD-00000446,PROD-000001,1,161.47,25.57
ITEM-000001151,ORD-00000447,PROD-000261,5,28.24,1.17
ITEM-000001152,ORD-00000447,PROD-000234,3,86.25,6.27
ITEM-000001153,ORD-00000447,PROD-000028,2,283.29,47.84
ITEM-000001154,ORD-00000448,PROD-000287,5,54.46,6.53
ITEM-000001155,ORD-00000448,PROD-000187,4,71.53,1.63
ITEM-000001156,ORD-00000448,PROD-000114,1,178.3,12.17
ITEM-000001157,ORD-00000449,PROD-000281,5,205.29,15.35
ITEM-000001158,ORD-00000449,PROD-000055,1,139.15,24.96
ITEM-000001159,ORD-00000449,PROD-000253,2,14.2,2.33
ITEM-000001160,ORD-00000450,PROD-000055,3,139.15,17.0
ITEM-000001161,ORD-00000450,PROD-000097,1,186.58,34.71
ITEM-000001162,ORD-00000450,PROD-000202,2,170.28,15.57
ITEM-000001163,ORD-00000450,PROD-000098,3,54.47,1.17
ITEM-000001164,ORD-00000451,PROD-000024,5,195.99,4.83
ITEM-000001165,ORD-00000451,PROD-000231,4,126.83,16.7
ITEM-000001166,ORD-00000451,PROD-000259,2,58.93,11.36
ITEM-000001167,ORD-00000451,PROD-000003,5,94.19,13.87
ITEM-000001168,ORD-00000452,PROD-000300,4,90.24,16.68
ITEM-000001169,ORD-00000452,PROD-000091,5,82.4,2.86
ITEM-000001170,ORD-00000452,PROD-000066,1,12.81,0.99
ITEM-000001171,ORD-00000452,PROD-000165,5,223.01,39.31
ITEM-000001172,ORD-00000453,PROD-000128,3,144.64,11.51
ITEM-000001173,ORD-00000453,PROD-000176,3,207.29,18.77
ITEM-000001174,ORD-00000453,PROD-000069,2,294.54,24.31
ITEM-000001175,ORD-00000453,PROD-000263,3,60.67,10.23
ITEM-000001176,ORD-00000454,PROD-000284,2,47.52,1.91
ITEM-000001177,ORD-00000454,PROD-000149,3,175.39,32.31
ITEM-000001178,ORD-00000454,PROD-000068,2,284.88,28.71
ITEM-000001179,ORD-00000455,PROD-000060,3,175.48,19.73
ITEM-000001180,ORD-00000455,PROD-000299,5,233.47,44.02
ITEM-000001181,ORD-00000455,PROD-000214,5,199.19,11.39
ITEM-000001182,ORD-00000456,PROD-000007,5,234.37,4.99
ITEM-000001183,ORD-00000456,PROD-000196,2,266.04,2.82
ITEM-000001184,ORD-00000456,PROD-000029,2,254.26,13.58
ITEM-000001185,ORD-00000456,PROD-000083,3,56.68,7.75
ITEM-000001186,ORD-00000457,PROD-000032,3,114.8,4.68
ITEM-000001187,ORD-00000457,PROD-000278,1,201.25,14.44
ITEM-000001188,ORD-00000458,PROD-000053,5,113.39,19.69
ITEM-000001189,ORD-00000458,PROD-000288,2,13.25,1.97
ITEM-000001190,ORD-00000458,PROD-000288,4,13.25,0.63
ITEM-000001191,ORD-00000458,PROD-000148,1,173.72,32.19
ITEM-000001192,ORD-00000459,PROD-000214,3,199.19,38.48
ITEM-000001193,ORD-00000459,PROD-000028,1,283.29,42.13
ITEM-000001194,ORD-00000459,PROD-000104,5,157.98,27.45
ITEM-000001195,ORD-00000459,PROD-000227,2,231.18,42.14
ITEM-000001196,ORD-00000460,PROD-000280,5,137.35,5.4
ITEM-000001197,ORD-00000460,PROD-000100,3,199.6,17.92
ITEM-000001198,ORD-00000460,PROD-000039,2,21.15,4.07
ITEM-000001199,ORD-00000461,PROD-000194,1,65.76,5.64
ITEM-000001200,ORD-00000462,PROD-000067,2,47.96,5.6
ITEM-000001201,ORD-00000462,PROD-000131,1,157.33,10.4
ITEM-000001202,ORD-00000462,PROD-000080,1,141.46,4.35
ITEM-000001203,ORD-00000463,PROD-000027,5,268.28,45.24
ITEM-000001204,ORD-00000463,PROD-000155,4,199.69,31.55
ITEM-000001205,ORD-00000463,PROD-000282,3,158.46,2.31
ITEM-000001206,ORD-00000464,PROD-000270,2,159.71,30.57
ITEM-000001207,ORD-00000464,PROD-000267,1,237.37,37.33
ITEM-000001208,ORD-00000464,PROD-000082,4,153.69,16.69
ITEM-000001209,ORD-00000465,PROD-000048,3,239.02,10.57
ITEM-000001210,ORD-00000465,PROD-000110,3,230.22,15.24
ITEM-000001211,ORD-00000465,PROD-000151,2,206.31,39.21
ITEM-000001212,ORD-00000465,PROD-000272,4,241.9,48.22
ITEM-000001213,ORD-00000466,PROD-000059,3,24.94,2.22
ITEM-000001214,ORD-00000467,PROD-000021,3,258.38,19.71
ITEM-000001215,ORD-00000467,PROD-000059,4,24.94,1.28
ITEM-000001216,ORD-00000468,PROD-000013,5,89.16,14.66
ITEM-000001217,ORD-00000468,PROD-000192,5,222.13,35.67
ITEM-000001218,ORD-00000468,PROD-000229,4,175.01,1.53
ITEM-000001219,ORD-00000469,PROD-000165,5,223.01,3.67
ITEM-000001220,ORD-00000469,PROD-000050,2,41.26,8.02
ITEM-000001221,ORD-00000470,PROD-000034,2,22.91,3.07
ITEM-000001222,ORD-00000471,PROD-000218,1,184.34,7.58
ITEM-000001223,ORD-00000471,PROD-000223,1,37.75,5.64
ITEM-000001224,ORD-00000472,PROD-000013,4,89.16,12.78
ITEM-000001225,ORD-00000472,PROD-000020,1,193.41,2.83
ITEM-000001226,ORD-00000473,PROD-000129,5,145.51,2.05
ITEM-000001227,ORD-00000473,PROD-000117,3,220.67,17.99
ITEM-000001228,ORD-00000474,PROD-000208,4,11.88,0.75
ITEM-000001229,ORD-00000474,PROD-000200,1,169.62,18.14
ITEM-000001230,ORD-00000474,PROD-000033,5,93.06,0.85
ITEM-000001231,ORD-00000474,PROD-000038,3,87.71,16.28
ITEM-000001232,ORD-00000475,PROD-000149,3,175.39,21.28
ITEM-000001233,ORD-00000476,PROD-000225,4,155.38,12.28
ITEM-000001234,ORD-00000476,PROD-000016,4,56.87,1.78
ITEM-000001235,ORD-00000476,PROD-000113,2,38.45,5.74
ITEM-000001236,ORD-00000477,PROD-000074,3,214.62,29.07
ITEM-000001237,ORD-00000477,PROD-000192,1,222.13,24.59
ITEM-000001238,ORD-00000477,PROD-000285,2,236.26,5.82
ITEM-000001239,ORD-00000478,PROD-000294,5,268.13,21.13
ITEM-000001240,ORD-00000479,PROD-000157,2,15.55,2.33
ITEM-000001241,ORD-00000480,PROD-000109,4,82.03,14.86
ITEM-000001242,ORD-00000480,PROD-000263,2,60.67,1.95
ITEM-000001243,ORD-00000480,PROD-000114,5,178.3,29.77
ITEM-000001244,ORD-00000481,PROD-000059,2,24.94,3.35
ITEM-000001245,ORD-00000481,PROD-000291,1,181.27,30.87
ITEM-000001246,ORD-00000482,PROD-000282,1,158.46,9.21
ITEM-000001247,ORD-00000482,PROD-000035,3,17.96,0.35
ITEM-000001248,ORD-00000482,PROD-000298,4,75.81,14.43
ITEM-000001249,ORD-00000482,PROD-000183,2,197.83,26.56
ITEM-000001250,ORD-00000483,PROD-000052,3,197.07,24.42
ITEM-000001251,ORD-00000483,PROD-000100,3,199.6,19.4
ITEM-000001252,ORD-00000484,PROD-000157,5,15.55,0.47
ITEM-000001253,ORD-00000484,PROD-000291,3,181.27,29.28
ITEM-000001254,ORD-00000484,PROD-000220,2,23.88,0.02
ITEM-000001255,ORD-00000485,PROD-000114,4,178.3,9.87
ITEM-000001256,ORD-00000485,PROD-000185,2,183.85,24.99
ITEM-000001257,ORD-00000486,PROD-000246,4,42.16,3.76
ITEM-000001258,ORD-00000486,PROD-000157,4,15.55,1.72
ITEM-000001259,ORD-00000486,PROD-000090,5,115.9,1.9
ITEM-000001260,ORD-00000487,PROD-000072,5,70.42,2.77
ITEM-000001261,ORD-00000487,PROD-000040,1,52.71,9.4
ITEM-000001262,ORD-00000487,PROD-000260,1,87.01,14.14
ITEM-000001263,ORD-00000488,PROD-000109,1,82.03,9.05
ITEM-000001264,ORD-00000488,PROD-000279,5,88.92,8.4
ITEM-000001265,ORD-00000488,PROD-000077,3,105.6,8.29
ITEM-000001266,ORD-00000488,PROD-000149,2,175.39,16.3
ITEM-000001267,ORD-00000489,PROD-000204,3,193.75,19.46
ITEM-000001268,ORD-00000490,PROD-000085,5,65.75,1.85
ITEM-000001269,ORD-00000490,PROD-000082,2,153.69,17.41
ITEM-000001270,ORD-00000491,PROD-000248,3,206.76,1.67
ITEM-000001271,ORD-00000491,PROD-000250,2,168.52,2.12
ITEM-000001272,ORD-00000492,PROD-000120,1,150.5,20.12
ITEM-000001273,ORD-00000492,PROD-000266,3,145.38,11.28
ITEM-000001274,ORD-00000492,PROD-000233,1,153.78,1.23
ITEM-000001275,ORD-00000493,PROD-000053,5,113.39,14.37
ITEM-000001276,ORD-00000493,PROD-000141,3,197.96,22.91
ITEM-000001277,ORD-00000493,PROD-000292,2,123.71,9.32
ITEM-000001278,ORD-00000494,PROD-000188,5,170.88,22.33
ITEM-000001279,ORD-00000494,PROD-000040,5,52.71,2.65
ITEM-000001280,ORD-00000494,PROD-000115,5,48.49,3.94
ITEM-000001281,ORD-00000494,PROD-000177,4,110.22,17.47
ITEM-000001282,ORD-00000495,PROD-000257,2,285.25,25.1
ITEM-000001283,ORD-00000496,PROD-000040,5,52.71,6.78
ITEM-000001284,ORD-00000496,PROD-000109,2,82.03,3.07
ITEM-000001285,ORD-00000497,PROD-000061,2,156.43,12.97
ITEM-000001286,ORD-00000497,PROD-000170,1,124.7,12.01
ITEM-000001287,ORD-00000497,PROD-000246,4,42.16,1.78
ITEM-000001288,ORD-00000498,PROD-000211,1,34.19,1.67
ITEM-000001289,ORD-00000498,PROD-000066,5,12.81,1.52
ITEM-000001290,ORD-00000499,PROD-000263,1,60.67,10.81
ITEM-000001291,ORD-00000499,PROD-000076,1,192.0,6.39
ITEM-000001292,ORD-00000500,PROD-000265,4,55.67,6.67
ITEM-000001293,ORD-00000500,PROD-000289,1,86.07,15.12
ITEM-000001294,ORD-00000501,PROD-000044,2,31.7,2.85
ITEM-000001295,ORD-00000501,PROD-000242,4,248.42,8.47
ITEM-000001296,ORD-00000501,PROD-000211,5,34.19,0.98
ITEM-000001297,ORD-00000502,PROD-000262,3,149.73,5.02
ITEM-000001298,ORD-00000502,PROD-000176,4,207.29,24.73
ITEM-000001299,ORD-00000503,PROD-000118,4,182.0,14.03
ITEM-000001300,ORD-00000504,PROD-000009,2,38.67,4.04
ITEM-000001301,ORD-00000505,PROD-000077,5,105.6,2.03
ITEM-000001302,ORD-00000505,PROD-000244,5,54.61,6.55
ITEM-000001303,ORD-00000505,PROD-000273,5,164.42,24.74
ITEM-000001304,ORD-00000505,PROD-000048,4,239.02,31.52
ITEM-000001305,ORD-00000506,PROD-000221,5,68.23,5.74
ITEM-000001306,ORD-00000507,PROD-000272,4,241.9,11.1
ITEM-000001307,ORD-00000508,PROD-000196,3,266.04,31.34
ITEM-000001308,ORD-00000508,PROD-000295,1,19.6,1.67
ITEM-000001309,ORD-00000508,PROD-000131,4,157.33,24.1
ITEM-000001310,ORD-00000508,PROD-000043,3,44.85,5.37
ITEM-000001311,ORD-00000509,PROD-000132,2,261.68,0.29
ITEM-000001312,ORD-00000509,PROD-000004,5,61.96,6.48
ITEM-000001313,ORD-00000509,PROD-000267,1,237.37,17.8
ITEM-000001314,ORD-00000509,PROD-000106,3,222.78,18.22
ITEM-000001315,ORD-00000510,PROD-000080,4,141.46,18.43
ITEM-000001316,ORD-00000511,PROD-000134,5,240.79,20.4
ITEM-000001317,ORD-00000511,PROD-000188,5,170.88,9.42
ITEM-000001318,ORD-00000511,PROD-000204,2,193.75,16.01
ITEM-000001319,ORD-00000512,PROD-000092,3,68.92,7.71
ITEM-000001320,ORD-00000512,PROD-000248,3,206.76,40.88
ITEM-000001321,ORD-00000512,PROD-000296,3,161.45,25.0
ITEM-000001322,ORD-00000512,PROD-000204,2,193.75,33.13
ITEM-000001323,ORD-00000513,PROD-000118,4,182.0,28.51
ITEM-000001324,ORD-00000514,PROD-000052,2,197.07,20.04
ITEM-000001325,ORD-00000514,PROD-000174,5,92.99,11.42
ITEM-000001326,ORD-00000515,PROD-000083,4,56.68,10.93
ITEM-000001327,ORD-00000516,PROD-000047,2,16.68,1.57
ITEM-000001328,ORD-00000517,PROD-000046,1,37.28,1.96
ITEM-000001329,ORD-00000517,PROD-000190,1,66.83,8.14
ITEM-000001330,ORD-00000517,PROD-000197,4,142.58,17.51
ITEM-000001331,ORD-00000517,PROD-000267,3,237.37,33.78
ITEM-000001332,ORD-00000518,PROD-000090,4,115.9,10.18
ITEM-000001333,ORD-00000519,PROD-000266,3,145.38,5.66
ITEM-000001334,ORD-00000519,PROD-000262,5,149.73,20.92
ITEM-000001335,ORD-00000520,PROD-000019,3,146.76,7.02
ITEM-000001336,ORD-00000520,PROD-000001,2,161.47,2.8
ITEM-000001337,ORD-00000521,PROD-000205,3,111.74,14.97
ITEM-000001338,ORD-00000521,PROD-000208,5,11.88,0.48
ITEM-000001339,ORD-00000521,PROD-000008,1,169.86,31.23
ITEM-000001340,ORD-00000522,PROD-000287,5,54.46,3.79
ITEM-000001341,ORD-00000522,PROD-000142,2,42.45,5.15
ITEM-000001342,ORD-00000522,PROD-000100,4,199.6,37.11
ITEM-000001343,ORD-00000523,PROD-000134,2,240.79,19.61
ITEM-000001344,ORD-00000524,PROD-000287,1,54.46,5.48
ITEM-000001345,ORD-00000525,PROD-000060,5,175.48,33.58
ITEM-000001346,ORD-00000525,PROD-000276,5,96.15,4.81
ITEM-000001347,ORD-00000525,PROD-000227,4,231.18,26.04
ITEM-000001348,ORD-00000526,PROD-000174,4,92.99,12.68
ITEM-000001349,ORD-00000526,PROD-000015,4,77.71,1.81
ITEM-000001350,ORD-00000527,PROD-000196,2,266.04,36.02
ITEM-000001351,ORD-00000528,PROD-000162,4,263.26,50.31
ITEM-000001352,ORD-00000528,PROD-000265,5,55.67,0.11
ITEM-000001353,ORD-00000529,PROD-000128,3,144.64,2.69
ITEM-000001354,ORD-00000529,PROD-000176,1,207.29,22.99
ITEM-000001355,ORD-00000529,PROD-000092,4,68.92,4.33
ITEM-000001356,ORD-00000530,PROD-000294,3,268.13,9.8
ITEM-000001357,ORD-00000530,PROD-000098,4,54.47,8.03
ITEM-000001358,ORD-00000531,PROD-000124,3,85.6,3.54
ITEM-000001359,ORD-00000531,PROD-000104,2,157.98,26.42
ITEM-000001360,ORD-00000532,PROD-000080,1,141.46,3.39
ITEM-000001361,ORD-00000532,PROD-000041,4,146.19,17.95
ITEM-000001362,ORD-00000532,PROD-000278,1,201.25,34.13
ITEM-000001363,ORD-00000533,PROD-000162,4,263.26,47.29
ITEM-000001364,ORD-00000533,PROD-000295,3,19.6,1.92
ITEM-000001365,ORD-00000533,PROD-000262,3,149.73,11.91
ITEM-000001366,ORD-00000534,PROD-000028,5,283.29,45.29
ITEM-000001367,ORD-00000534,PROD-000245,5,6.0,0.04
ITEM-000001368,ORD-00000535,PROD-000202,2,170.28,15.57
ITEM-000001369,ORD-00000535,PROD-000062,5,155.19,14.28
ITEM-000001370,ORD-00000535,PROD-000005,1,162.22,21.87
ITEM-000001371,ORD-00000536,PROD-000298,1,75.81,4.93
ITEM-000001372,ORD-00000536,PROD-000133,2,67.78,7.44
ITEM-000001373,ORD-00000536,PROD-000122,3,174.47,16.45
ITEM-000001374,ORD-00000536,PROD-000176,3,207.29,7.62
ITEM-000001375,ORD-00000537,PROD-000108,4,129.74,18.18
ITEM-000001376,ORD-00000537,PROD-000191,3,254.19,43.43
ITEM-000001377,ORD-00000537,PROD-000144,4,184.59,6.64
ITEM-000001378,ORD-00000537,PROD-000068,5,284.88,39.09
ITEM-000001379,ORD-00000538,PROD-000139,2,20.83,2.31
ITEM-000001380,ORD-00000539,PROD-000101,2,132.99,21.28
ITEM-000001381,ORD-00000539,PROD-000077,4,105.6,17.02
ITEM-000001382,ORD-00000539,PROD-000091,4,82.4,8.23
ITEM-000001383,ORD-00000539,PROD-000265,5,55.67,8.02
ITEM-000001384,ORD-00000540,PROD-000154,3,128.85,14.49
ITEM-000001385,ORD-00000540,PROD-000291,1,181.27,14.44
ITEM-000001386,ORD-00000540,PROD-000084,1,138.49,5.97
ITEM-000001387,ORD-00000540,PROD-000131,4,157.33,26.4
ITEM-000001388,ORD-00000541,PROD-000231,3,126.83,6.59
ITEM-000001389,ORD-00000542,PROD-000287,5,54.46,10.15
ITEM-000001390,ORD-00000542,PROD-000132,3,261.68,1.04
ITEM-000001391,ORD-00000542,PROD-000063,3,42.54,7.38
ITEM-000001392,ORD-00000543,PROD-000296,5,161.45,20.98
ITEM-000001393,ORD-00000543,PROD-000276,2,96.15,18.83
ITEM-000001394,ORD-00000544,PROD-000182,3,262.82,35.39
ITEM-000001395,ORD-00000544,PROD-000250,4,168.52,29.98
ITEM-000001396,ORD-00000544,PROD-000196,5,266.04,15.25
ITEM-000001397,ORD-00000545,PROD-000086,3,126.38,10.66
ITEM-000001398,ORD-00000545,PROD-000293,4,32.6,5.53
ITEM-000001399,ORD-00000546,PROD-000041,2,146.19,10.05
ITEM-000001400,ORD-00000547,PROD-000163,3,87.64,12.45
ITEM-000001401,ORD-00000547,PROD-000203,3,217.05,38.53
ITEM-000001402,ORD-00000547,PROD-000186,5,39.92,4.16
ITEM-000001403,ORD-00000548,PROD-000212,2,196.7,7.23
ITEM-000001404,ORD-00000548,PROD-000012,2,166.44,24.23
ITEM-000001405,ORD-00000548,PROD-000129,1,145.51,6.13
ITEM-000001406,ORD-00000548,PROD-000204,1,193.75,3.7
ITEM-000001407,ORD-00000549,PROD-000281,1,205.29,1.08
ITEM-000001408,ORD-00000549,PROD-000204,5,193.75,29.64
ITEM-000001409,ORD-00000549,PROD-000043,1,44.85,2.35
ITEM-000001410,ORD-00000549,PROD-000080,1,141.46,18.53
ITEM-000001411,ORD-00000550,PROD-000159,2,115.09,5.69
ITEM-000001412,ORD-00000550,PROD-000146,4,200.24,25.09
ITEM-000001413,ORD-00000550,PROD-000068,5,284.88,47.78
ITEM-000001414,ORD-00000550,PROD-000015,1,77.71,10.31
ITEM-000001415,ORD-00000551,PROD-000244,4,54.61,10.65
ITEM-000001416,ORD-00000551,PROD-000277,3,89.29,9.8
ITEM-000001417,ORD-00000551,PROD-000070,5,170.09,6.02
ITEM-000001418,ORD-00000552,PROD-000289,4,86.07,9.01
ITEM-000001419,ORD-00000552,PROD-000274,3,105.23,19.13
ITEM-000001420,ORD-00000552,PROD-000247,5,95.38,4.33
ITEM-000001421,ORD-00000552,PROD-000046,4,37.28,2.3
ITEM-000001422,ORD-00000553,PROD-000134,2,240.79,14.62
ITEM-000001423,ORD-00000553,PROD-000001,5,161.47,26.33
ITEM-000001424,ORD-00000553,PROD-000070,3,170.09,9.76
ITEM-000001425,ORD-00000553,PROD-000274,1,105.23,14.47
ITEM-000001426,ORD-00000554,PROD-000245,3,6.0,0.01
ITEM-000001427,ORD-00000554,PROD-000221,3,68.23,8.15
ITEM-000001428,ORD-00000554,PROD-000004,5,61.96,4.63
ITEM-000001429,ORD-00000554,PROD-000211,5,34.19,2.99
ITEM-000001430,ORD-00000555,PROD-000084,4,138.49,22.95
ITEM-000001431,ORD-00000555,PROD-000113,3,38.45,0.61
ITEM-000001432,ORD-00000556,PROD-000265,5,55.67,8.99
ITEM-000001433,ORD-00000556,PROD-000140,3,113.52,14.72
ITEM-000001434,ORD-00000557,PROD-000212,2,196.7,33.58
ITEM-000001435,ORD-00000557,PROD-000094,2,220.54,12.77
ITEM-000001436,ORD-00000557,PROD-000234,5,86.25,7.81
ITEM-000001437,ORD-00000558,PROD-000097,3,186.58,0.72
ITEM-000001438,ORD-00000558,PROD-000026,5,248.15,1.1
ITEM-000001439,ORD-00000558,PROD-000053,3,113.39,6.1
ITEM-000001440,ORD-00000558,PROD-000225,1,155.38,7.23
ITEM-000001441,ORD-00000559,PROD-000008,4,169.86,7.38
ITEM-000001442,ORD-00000559,PROD-000216,3,179.85,28.26
ITEM-000001443,ORD-00000560,PROD-000191,4,254.19,35.43
ITEM-000001444,ORD-00000560,PROD-000017,3,59.6,0.96
ITEM-000001445,ORD-00000560,PROD-000075,1,62.62,3.34
ITEM-000001446,ORD-00000560,PROD-000201,1,154.94,16.83
ITEM-000001447,ORD-00000561,PROD-000099,3,85.82,14.03
ITEM-000001448,ORD-00000561,PROD-000007,1,234.37,45.68
ITEM-000001449,ORD-00000562,PROD-000198,4,196.53,9.71
ITEM-000001450,ORD-00000562,PROD-000018,2,116.66,10.75
ITEM-000001451,ORD-00000563,PROD-000267,2,237.37,22.45
ITEM-000001452,ORD-00000564,PROD-000166,2,161.73,20.35
ITEM-000001453,ORD-00000564,PROD-000022,5,178.72,18.62
ITEM-000001454,ORD-00000564,PROD-000130,4,154.33,19.71
ITEM-000001455,ORD-00000565,PROD-000185,1,183.85,31.76
ITEM-000001456,ORD-00000565,PROD-000112,1,194.6,9.18
ITEM-000001457,ORD-00000566,PROD-000167,1,71.98,2.41
ITEM-000001458,ORD-00000566,PROD-000142,5,42.45,1.02
ITEM-000001459,ORD-00000566,PROD-000125,1,191.28,37.06
ITEM-000001460,ORD-00000566,PROD-000298,4,75.81,10.44
ITEM-000001461,ORD-00000567,PROD-000191,1,254.19,12.64
ITEM-000001462,ORD-00000567,PROD-000256,1,26.12,3.58
ITEM-000001463,ORD-00000568,PROD-000031,1,215.03,15.29
ITEM-000001464,ORD-00000568,PROD-000079,5,158.41,25.08
ITEM-000001465,ORD-00000568,PROD-000065,4,11.5,0.54
ITEM-000001466,ORD-00000569,PROD-000225,2,155.38,0.66
ITEM-000001467,ORD-00000569,PROD-000194,3,65.76,9.53
ITEM-000001468,ORD-00000569,PROD-000129,1,145.51,14.12
ITEM-000001469,ORD-00000570,PROD-000287,3,54.46,5.91
ITEM-000001470,ORD-00000570,PROD-000251,2,149.42,16.94
ITEM-000001471,ORD-00000570,PROD-000279,3,88.92,5.76
ITEM-000001472,ORD-00000570,PROD-000240,3,62.18,10.79
ITEM-000001473,ORD-00000571,PROD-000036,5,46.08,1.43
ITEM-000001474,ORD-00000571,PROD-000152,3,40.04,4.34
ITEM-000001475,ORD-00000572,PROD-000001,5,161.47,12.24
ITEM-000001476,ORD-00000572,PROD-000095,1,256.52,31.79
ITEM-000001477,ORD-00000572,PROD-000187,5,71.53,3.42
ITEM-000001478,ORD-00000572,PROD-000033,5,93.06,15.24
ITEM-000001479,ORD-00000573,PROD-000269,4,116.44,17.83
ITEM-000001480,ORD-00000573,PROD-000079,5,158.41,8.97
ITEM-000001481,ORD-00000574,PROD-000165,1,223.01,4.29
ITEM-000001482,ORD-00000574,PROD-000035,1,17.96,3.0
ITEM-000001483,ORD-00000574,PROD-000067,2,47.96,8.38
ITEM-000001484,ORD-00000574,PROD-000104,1,157.98,15.34
ITEM-000001485,ORD-00000575,PROD-000017,5,59.6,7.65
ITEM-000001486,ORD-00000576,PROD-000251,5,149.42,18.65
ITEM-000001487,ORD-00000576,PROD-000132,1,261.68,19.17
ITEM-000001488,ORD-00000576,PROD-000037,1,237.13,44.12
ITEM-000001489,ORD-00000576,PROD-000107,4,9.55,1.77
ITEM-000001490,ORD-00000577,PROD-000240,1,62.18,4.49
ITEM-000001491,ORD-00000578,PROD-000189,1,238.16,39.23
ITEM-000001492,ORD-00000578,PROD-000137,5,34.68,0.28
ITEM-000001493,ORD-00000578,PROD-000037,3,237.13,3.7
ITEM-000001494,ORD-00000578,PROD-000111,5,8.47,0.16
ITEM-000001495,ORD-00000579,PROD-000273,4,164.42,6.23
ITEM-000001496,ORD-00000579,PROD-000270,2,159.71,18.21
ITEM-000001497,ORD-00000580,PROD-000286,5,239.45,19.88
ITEM-000001498,ORD-00000580,PROD-000055,5,139.15,9.96
ITEM-000001499,ORD-00000581,PROD-000219,1,170.99,5.7
ITEM-000001500,ORD-00000581,PROD-000093,5,178.93,14.37
ITEM-000001501,ORD-00000581,PROD-000173,2,253.18,27.03
ITEM-000001502,ORD-00000581,PROD-000227,3,231.18,41.73
ITEM-000001503,ORD-00000582,PROD-000191,4,254.19,38.85
ITEM-000001504,ORD-00000582,PROD-000221,3,68.23,8.3
ITEM-000001505,ORD-00000582,PROD-000289,5,86.07,3.68
ITEM-000001506,ORD-00000583,PROD-000185,4,183.85,16.45
ITEM-000001507,ORD-00000583,PROD-000204,1,193.75,28.14
ITEM-000001508,ORD-00000583,PROD-000146,5,200.24,0.65
ITEM-000001509,ORD-00000584,PROD-000155,1,199.69,11.99
ITEM-000001510,ORD-00000584,PROD-000114,2,178.3,30.51
ITEM-000001511,ORD-00000585,PROD-000142,5,42.45,4.34
ITEM-000001512,ORD-00000586,PROD-000049,1,162.37,14.95
ITEM-000001513,ORD-00000586,PROD-000080,2,141.46,7.5
ITEM-000001514,ORD-00000587,PROD-000120,3,150.5,24.41
ITEM-000001515,ORD-00000587,PROD-000048,5,239.02,19.11
ITEM-000001516,ORD-00000588,PROD-000040,3,52.71,8.36
ITEM-000001517,ORD-00000588,PROD-000089,4,64.06,10.58
ITEM-000001518,ORD-00000589,PROD-000154,1,128.85,18.83
ITEM-000001519,ORD-00000590,PROD-000041,1,146.19,26.95
ITEM-000001520,ORD-00000590,PROD-000172,3,183.04,32.21
ITEM-000001521,ORD-00000590,PROD-000223,4,37.75,7.02
ITEM-000001522,ORD-00000590,PROD-000062,2,155.19,23.21
ITEM-000001523,ORD-00000591,PROD-000196,1,266.04,16.22
ITEM-000001524,ORD-00000592,PROD-000164,5,160.68,18.15
ITEM-000001525,ORD-00000593,PROD-000258,2,173.11,5.3
ITEM-000001526,ORD-00000593,PROD-000202,4,170.28,25.64
ITEM-000001527,ORD-00000593,PROD-000295,5,19.6,0.35
ITEM-000001528,ORD-00000594,PROD-000149,4,175.39,5.19
ITEM-000001529,ORD-00000594,PROD-000173,1,253.18,24.1
ITEM-000001530,ORD-00000594,PROD-000026,5,248.15,19.81
ITEM-000001531,ORD-00000594,PROD-000044,4,31.7,3.18
ITEM-000001532,ORD-00000595,PROD-000070,4,170.09,19.03
ITEM-000001533,ORD-00000595,PROD-000250,4,168.52,21.98
ITEM-000001534,ORD-00000596,PROD-000288,5,13.25,2.64
ITEM-000001535,ORD-00000596,PROD-000269,2,116.44,5.64
ITEM-000001536,ORD-00000597,PROD-000221,3,68.23,9.34
ITEM-000001537,ORD-00000597,PROD-000295,1,19.6,0.44
ITEM-000001538,ORD-00000597,PROD-000212,4,196.7,14.37
ITEM-000001539,ORD-00000598,PROD-000165,3,223.01,26.49
ITEM-000001540,ORD-00000598,PROD-000013,3,89.16,3.02
ITEM-000001541,ORD-00000599,PROD-000227,5,231.18,6.74
ITEM-000001542,ORD-00000599,PROD-000023,2,61.71,2.46
ITEM-000001543,ORD-00000599,PROD-000192,2,222.13,33.66
ITEM-000001544,ORD-00000600,PROD-000058,1,86.29,4.19
ITEM-000001545,ORD-00000601,PROD-000148,1,173.72,11.93
ITEM-000001546,ORD-00000601,PROD-000057,3,202.38,18.22
ITEM-000001547,ORD-00000602,PROD-000170,2,124.7,18.46
ITEM-000001548,ORD-00000603,PROD-000105,5,56.39,5.9
ITEM-000001549,ORD-00000603,PROD-000133,5,67.78,6.55
ITEM-000001550,ORD-00000604,PROD-000010,4,265.73,30.98
ITEM-000001551,ORD-00000604,PROD-000270,1,159.71,8.16
ITEM-000001552,ORD-00000605,PROD-000146,2,200.24,31.61
ITEM-000001553,ORD-00000606,PROD-000028,4,283.29,37.1
ITEM-000001554,ORD-00000606,PROD-000005,1,162.22,12.61
ITEM-000001555,ORD-00000606,PROD-000139,3,20.83,3.6
ITEM-000001556,ORD-00000607,PROD-000150,4,213.07,9.85
ITEM-000001557,ORD-00000608,PROD-000261,1,28.24,5.11
ITEM-000001558,ORD-00000608,PROD-000249,5,45.99,4.89
ITEM-000001559,ORD-00000608,PROD-000096,2,261.99,26.23
ITEM-000001560,ORD-00000608,PROD-000235,5,121.53,22.52
ITEM-000001561,ORD-00000609,PROD-000021,2,258.38,47.66
ITEM-000001562,ORD-00000610,PROD-000171,4,85.33,6.71
ITEM-000001563,ORD-00000610,PROD-000081,1,132.7,9.2
ITEM-000001564,ORD-00000610,PROD-000181,3,155.05,19.39
ITEM-000001565,ORD-00000611,PROD-000257,3,285.25,46.32
ITEM-000001566,ORD-00000611,PROD-000132,4,261.68,46.6
ITEM-000001567,ORD-00000612,PROD-000285,3,236.26,10.66
ITEM-000001568,ORD-00000613,PROD-000202,2,170.28,2.99
ITEM-000001569,ORD-00000613,PROD-000196,5,266.04,51.11
ITEM-000001570,ORD-00000613,PROD-000117,4,220.67,10.61
ITEM-000001571,ORD-00000614,PROD-000219,3,170.99,31.11
ITEM-000001572,ORD-00000614,PROD-000169,4,273.71,29.68
ITEM-000001573,ORD-00000615,PROD-000071,5,48.6,5.26
ITEM-000001574,ORD-00000615,PROD-000104,2,157.98,9.76
ITEM-000001575,ORD-00000616,PROD-000221,2,68.23,8.95
ITEM-000001576,ORD-00000616,PROD-000290,2,96.01,6.1
ITEM-000001577,ORD-00000617,PROD-000095,3,256.52,43.07
ITEM-000001578,ORD-00000618,PROD-000016,3,56.87,10.01
ITEM-000001579,ORD-00000618,PROD-000212,4,196.7,11.93
ITEM-000001580,ORD-00000619,PROD-000078,2,104.84,2.24
ITEM-000001581,ORD-00000619,PROD-000095,1,256.52,39.12
ITEM-000001582,ORD-00000619,PROD-000137,5,34.68,3.93
ITEM-000001583,ORD-00000620,PROD-000119,2,241.98,33.27
ITEM-000001584,ORD-00000620,PROD-000184,1,133.98,18.44
ITEM-000001585,ORD-00000621,PROD-000069,5,294.54,49.84
ITEM-000001586,ORD-00000621,PROD-000241,3,199.27,7.33
ITEM-000001587,ORD-00000621,PROD-000199,4,250.55,23.74
ITEM-000001588,ORD-00000621,PROD-000084,2,138.49,6.27
ITEM-000001589,ORD-00000622,PROD-000008,3,169.86,32.28
ITEM-000001590,ORD-00000622,PROD-000114,2,178.3,27.02
ITEM-000001591,ORD-00000622,PROD-000034,2,22.91,4.25
ITEM-000001592,ORD-00000622,PROD-000225,5,155.38,15.23
ITEM-000001593,ORD-00000623,PROD-000235,2,121.53,10.39
ITEM-000001594,ORD-00000623,PROD-000022,5,178.72,26.28
ITEM-000001595,ORD-00000623,PROD-000195,3,272.68,21.5
ITEM-000001596,ORD-00000624,PROD-000267,1,237.37,21.44
ITEM-000001597,ORD-00000625,PROD-000126,5,87.75,9.44
ITEM-000001598,ORD-00000626,PROD-000286,4,239.45,24.72
ITEM-000001599,ORD-00000627,PROD-000098,3,54.47,4.79
ITEM-000001600,ORD-00000628,PROD-000147,4,65.7,2.19
ITEM-000001601,ORD-00000628,PROD-000151,5,206.31,37.92
ITEM-000001602,ORD-00000628,PROD-000265,2,55.67,5.16
ITEM-000001603,ORD-00000629,PROD-000047,5,16.68,0.38
ITEM-000001604,ORD-00000629,PROD-000300,5,90.24,2.44
ITEM-000001605,ORD-00000629,PROD-000212,3,196.7,17.74
ITEM-000001606,ORD-00000629,PROD-000092,4,68.92,8.14
ITEM-000001607,ORD-00000630,PROD-000233,1,153.78,7.69
ITEM-000001608,ORD-00000630,PROD-000084,1,138.49,2.53
ITEM-000001609,ORD-00000631,PROD-000186,1,39.92,4.18
ITEM-000001610,ORD-00000631,PROD-000197,5,142.58,17.45
ITEM-000001611,ORD-00000631,PROD-000082,4,153.69,16.92
ITEM-000001612,ORD-00000631,PROD-000023,2,61.71,11.26
ITEM-000001613,ORD-00000632,PROD-000084,2,138.49,4.95
ITEM-000001614,ORD-00000632,PROD-000027,4,268.28,16.53
ITEM-000001615,ORD-00000633,PROD-000148,2,173.72,4.08
ITEM-000001616,ORD-00000633,PROD-000068,2,284.88,0.2
ITEM-000001617,ORD-00000633,PROD-000130,1,154.33,14.16
ITEM-000001618,ORD-00000633,PROD-000256,5,26.12,4.22
ITEM-000001619,ORD-00000634,PROD-000122,2,174.47,20.55
ITEM-000001620,ORD-00000634,PROD-000244,4,54.61,4.48
ITEM-000001621,ORD-00000634,PROD-000041,5,146.19,17.55
ITEM-000001622,ORD-00000634,PROD-000126,5,87.75,4.88
ITEM-000001623,ORD-00000635,PROD-000026,2,248.15,7.36
ITEM-000001624,ORD-00000635,PROD-000179,1,215.5,6.27
ITEM-000001625,ORD-00000636,PROD-000296,5,161.45,9.64
ITEM-000001626,ORD-00000637,PROD-000026,1,248.15,20.69
ITEM-000001627,ORD-00000638,PROD-000083,3,56.68,6.93
ITEM-000001628,ORD-00000638,PROD-000294,5,268.13,9.51
ITEM-000001629,ORD-00000639,PROD-000297,3,225.62,42.03
ITEM-000001630,ORD-00000639,PROD-000048,3,239.02,15.43
ITEM-000001631,ORD-00000639,PROD-000195,1,272.68,41.36
ITEM-000001632,ORD-00000639,PROD-000282,1,158.46,9.28
ITEM-000001633,ORD-00000640,PROD-000063,3,42.54,2.8
ITEM-000001634,ORD-00000640,PROD-000212,5,196.7,8.26
ITEM-000001635,ORD-00000641,PROD-000030,1,45.68,5.22
ITEM-000001636,ORD-00000641,PROD-000271,1,142.48,13.78
ITEM-000001637,ORD-00000642,PROD-000219,5,170.99,28.99
ITEM-000001638,ORD-00000642,PROD-000133,5,67.78,7.8
ITEM-000001639,ORD-00000642,PROD-000182,2,262.82,32.29
ITEM-000001640,ORD-00000643,PROD-000267,4,237.37,23.38
ITEM-000001641,ORD-00000643,PROD-000093,5,178.93,8.33
ITEM-000001642,ORD-00000643,PROD-000149,2,175.39,0.06
ITEM-000001643,ORD-00000643,PROD-000013,4,89.16,11.15
ITEM-000001644,ORD-00000644,PROD-000107,5,9.55,1.91
ITEM-000001645,ORD-00000645,PROD-000024,3,195.99,13.71
ITEM-000001646,ORD-00000645,PROD-000109,1,82.03,10.51
ITEM-000001647,ORD-00000645,PROD-000145,3,223.58,35.33
ITEM-000001648,ORD-00000645,PROD-000158,3,51.52,5.22
ITEM-000001649,ORD-00000646,PROD-000004,1,61.96,8.5
ITEM-000001650,ORD-00000646,PROD-000175,4,285.03,41.29
ITEM-000001651,ORD-00000646,PROD-000015,2,77.71,3.02
ITEM-000001652,ORD-00000647,PROD-000246,4,42.16,6.72
ITEM-000001653,ORD-00000647,PROD-000070,4,170.09,5.29
ITEM-000001654,ORD-00000647,PROD-000236,5,24.26,4.35
ITEM-000001655,ORD-00000648,PROD-000212,1,196.7,32.85
ITEM-000001656,ORD-00000648,PROD-000154,5,128.85,18.68
ITEM-000001657,ORD-00000648,PROD-000162,5,263.26,28.22
ITEM-000001658,ORD-00000648,PROD-000107,5,9.55,1.31
ITEM-000001659,ORD-00000649,PROD-000034,2,22.91,1.29
ITEM-000001660,ORD-00000649,PROD-000016,3,56.87,11.19
ITEM-000001661,ORD-00000649,PROD-000274,2,105.23,12.02
ITEM-000001662,ORD-00000650,PROD-000096,5,261.99,6.12
ITEM-000001663,ORD-00000650,PROD-000158,3,51.52,7.31
ITEM-000001664,ORD-00000650,PROD-000140,4,113.52,1.97
ITEM-000001665,ORD-00000650,PROD-000122,3,174.47,15.77
ITEM-000001666,ORD-00000651,PROD-000111,5,8.47,0.51
ITEM-000001667,ORD-00000651,PROD-000058,3,86.29,13.55
ITEM-000001668,ORD-00000651,PROD-000104,1,157.98,14.02
ITEM-000001669,ORD-00000652,PROD-000248,5,206.76,6.37
ITEM-000001670,ORD-00000653,PROD-000248,5,206.76,12.83
ITEM-000001671,ORD-00000653,PROD-000168,2,145.2,22.35
ITEM-000001672,ORD-00000653,PROD-000051,5,151.67,20.53
ITEM-000001673,ORD-00000654,PROD-000106,1,222.78,20.47
ITEM-000001674,ORD-00000654,PROD-000268,1,101.37,0.08
ITEM-000001675,ORD-00000655,PROD-000045,3,139.38,13.01
ITEM-000001676,ORD-00000656,PROD-000053,5,113.39,17.38
ITEM-000001677,ORD-00000657,PROD-000012,5,166.44,25.25
ITEM-000001678,ORD-00000657,PROD-000108,3,129.74,5.2
ITEM-000001679,ORD-00000657,PROD-000147,3,65.7,6.99
ITEM-000001680,ORD-00000658,PROD-000061,3,156.43,4.67
ITEM-000001681,ORD-00000658,PROD-000141,1,197.96,0.6
ITEM-000001682,ORD-00000658,PROD-000287,5,54.46,1.12
ITEM-000001683,ORD-00000658,PROD-000278,3,201.25,22.11
ITEM-000001684,ORD-00000659,PROD-000073,3,65.08,7.47
ITEM-000001685,ORD-00000659,PROD-000088,1,144.7,9.01
ITEM-000001686,ORD-00000659,PROD-000174,5,92.99,8.25
ITEM-000001687,ORD-00000660,PROD-000015,4,77.71,14.04
ITEM-000001688,ORD-00000660,PROD-000026,1,248.15,19.04
ITEM-000001689,ORD-00000661,PROD-000219,4,170.99,6.12
ITEM-000001690,ORD-00000662,PROD-000183,3,197.83,13.15
ITEM-000001691,ORD-00000662,PROD-000102,5,242.49,3.81
ITEM-000001692,ORD-00000662,PROD-000239,5,261.64,6.9
ITEM-000001693,ORD-00000662,PROD-000240,1,62.18,5.67
ITEM-000001694,ORD-00000663,PROD-000241,2,199.27,37.76
ITEM-000001695,ORD-00000663,PROD-000074,5,214.62,11.08
ITEM-000001696,ORD-00000663,PROD-000187,4,71.53,2.62
ITEM-000001697,ORD-00000663,PROD-000170,3,124.7,11.3
ITEM-000001698,ORD-00000664,PROD-000034,4,22.91,0.52
ITEM-000001699,ORD-00000665,PROD-000237,2,214.52,12.11
ITEM-000001700,ORD-00000665,PROD-000179,5,215.5,24.77
ITEM-000001701,ORD-00000665,PROD-000261,1,28.24,2.29
ITEM-000001702,ORD-00000665,PROD-000055,3,139.15,15.48
ITEM-000001703,ORD-00000666,PROD-000155,5,199.69,18.41
ITEM-000001704,ORD-00000667,PROD-000123,5,211.38,10.3
ITEM-000001705,ORD-00000667,PROD-000082,4,153.69,11.8
ITEM-000001706,ORD-00000667,PROD-000175,2,285.03,46.4
ITEM-000001707,ORD-00000667,PROD-000221,4,68.23,7.74
ITEM-000001708,ORD-00000668,PROD-000279,2,88.92,3.08
ITEM-000001709,ORD-00000668,PROD-000040,5,52.71,8.82
ITEM-000001710,ORD-00000668,PROD-000059,5,24.94,2.97
ITEM-000001711,ORD-00000669,PROD-000285,1,236.26,38.84
ITEM-000001712,ORD-00000669,PROD-000091,3,82.4,15.75
ITEM-000001713,ORD-00000669,PROD-000036,5,46.08,1.0
ITEM-000001714,ORD-00000670,PROD-000168,4,145.2,18.73
ITEM-000001715,ORD-00000670,PROD-000032,1,114.8,5.0
ITEM-000001716,ORD-00000670,PROD-000072,5,70.42,12.72
ITEM-000001717,ORD-00000670,PROD-000001,2,161.47,21.34
ITEM-000001718,ORD-00000671,PROD-000273,3,164.42,12.82
ITEM-000001719,ORD-00000671,PROD-000296,4,161.45,6.32
ITEM-000001720,ORD-00000671,PROD-000163,3,87.64,10.0
ITEM-000001721,ORD-00000671,PROD-000156,4,108.51,15.58
ITEM-000001722,ORD-00000672,PROD-000046,5,37.28,0.06
ITEM-000001723,ORD-00000672,PROD-000262,4,149.73,25.38
ITEM-000001724,ORD-00000672,PROD-000151,1,206.31,15.23
ITEM-000001725,ORD-00000673,PROD-000001,5,161.47,26.51
ITEM-000001726,ORD-00000674,PROD-000057,3,202.38,35.04
ITEM-000001727,ORD-00000674,PROD-000121,4,258.33,36.28
ITEM-000001728,ORD-00000674,PROD-000202,3,170.28,24.24
ITEM-000001729,ORD-00000675,PROD-000196,4,266.04,29.0
ITEM-000001730,ORD-00000675,PROD-000089,4,64.06,1.78
ITEM-000001731,ORD-00000675,PROD-000285,4,236.26,39.85
ITEM-000001732,ORD-00000675,PROD-000185,4,183.85,5.67
ITEM-000001733,ORD-00000676,PROD-000069,1,294.54,4.23
ITEM-000001734,ORD-00000676,PROD-000009,2,38.67,5.58
ITEM-000001735,ORD-00000677,PROD-000224,2,108.39,1.84
ITEM-000001736,ORD-00000677,PROD-000213,4,151.52,27.08
ITEM-000001737,ORD-00000677,PROD-000218,5,184.34,6.63
ITEM-000001738,ORD-00000677,PROD-000261,4,28.24,3.12
ITEM-000001739,ORD-00000678,PROD-000197,3,142.58,6.44
ITEM-000001740,ORD-00000678,PROD-000218,5,184.34,0.27
ITEM-000001741,ORD-00000678,PROD-000256,2,26.12,3.72
ITEM-000001742,ORD-00000678,PROD-000138,4,256.34,47.5
ITEM-000001743,ORD-00000679,PROD-000018,1,116.66,13.26
ITEM-000001744,ORD-00000679,PROD-000189,1,238.16,27.64
ITEM-000001745,ORD-00000679,PROD-000041,2,146.19,21.35
ITEM-000001746,ORD-00000680,PROD-000239,5,261.64,4.09
ITEM-000001747,ORD-00000680,PROD-000046,2,37.28,3.52
ITEM-000001748,ORD-00000680,PROD-000040,5,52.71,8.41
ITEM-000001749,ORD-00000681,PROD-000028,3,283.29,30.31
ITEM-000001750,ORD-00000681,PROD-000006,4,20.4,1.85
ITEM-000001751,ORD-00000681,PROD-000241,5,199.27,29.25
ITEM-000001752,ORD-00000682,PROD-000181,3,155.05,8.97
ITEM-000001753,ORD-00000682,PROD-000019,5,146.76,22.0
ITEM-000001754,ORD-00000682,PROD-000289,3,86.07,1.06
ITEM-000001755,ORD-00000682,PROD-000243,5,179.01,6.05
ITEM-000001756,ORD-00000683,PROD-000150,5,213.07,1.16
ITEM-000001757,ORD-00000684,PROD-000043,2,44.85,4.54
ITEM-000001758,ORD-00000684,PROD-000143,3,136.71,3.62
ITEM-000001759,ORD-00000684,PROD-000144,3,184.59,31.67
ITEM-000001760,ORD-00000684,PROD-000008,1,169.86,20.51
ITEM-000001761,ORD-00000685,PROD-000229,3,175.01,28.28
ITEM-000001762,ORD-00000685,PROD-000134,2,240.79,23.35
ITEM-000001763,ORD-00000686,PROD-000176,1,207.29,40.1
ITEM-000001764,ORD-00000687,PROD-000254,4,59.19,9.12
ITEM-000001765,ORD-00000687,PROD-000122,4,174.47,25.33
ITEM-000001766,ORD-00000688,PROD-000108,5,129.74,19.06
ITEM-000001767,ORD-00000688,PROD-000177,1,110.22,14.16
ITEM-000001768,ORD-00000689,PROD-000027,2,268.28,24.9
ITEM-000001769,ORD-00000690,PROD-000155,4,199.69,29.8
ITEM-000001770,ORD-00000690,PROD-000273,2,164.42,12.49
ITEM-000001771,ORD-00000690,PROD-000200,4,169.62,8.91
ITEM-000001772,ORD-00000690,PROD-000272,4,241.9,0.57
ITEM-000001773,ORD-00000691,PROD-000196,3,266.04,51.17
ITEM-000001774,ORD-00000691,PROD-000022,1,178.72,32.8
ITEM-000001775,ORD-00000691,PROD-000182,4,262.82,32.09
ITEM-000001776,ORD-00000691,PROD-000140,3,113.52,6.14
ITEM-000001777,ORD-00000692,PROD-000131,5,157.33,12.31
ITEM-000001778,ORD-00000693,PROD-000100,5,199.6,13.47
ITEM-000001779,ORD-00000693,PROD-000093,3,178.93,19.6
ITEM-000001780,ORD-00000694,PROD-000035,1,17.96,1.48
ITEM-000001781,ORD-00000695,PROD-000229,3,175.01,7.68
ITEM-000001782,ORD-00000696,PROD-000129,2,145.51,0.99
ITEM-000001783,ORD-00000696,PROD-000048,1,239.02,44.86
ITEM-000001784,ORD-00000696,PROD-000112,5,194.6,24.83
ITEM-000001785,ORD-00000697,PROD-000045,5,139.38,3.62
ITEM-000001786,ORD-00000698,PROD-000057,2,202.38,10.25
ITEM-000001787,ORD-00000698,PROD-000240,1,62.18,7.94
ITEM-000001788,ORD-00000699,PROD-000219,3,170.99,8.8
ITEM-000001789,ORD-00000699,PROD-000038,3,87.71,13.63
ITEM-000001790,ORD-00000699,PROD-000196,4,266.04,17.7
ITEM-000001791,ORD-00000700,PROD-000133,3,67.78,2.41
ITEM-000001792,ORD-00000701,PROD-000252,2,138.21,16.87
ITEM-000001793,ORD-00000702,PROD-000252,1,138.21,3.98
ITEM-000001794,ORD-00000702,PROD-000221,2,68.23,8.38
ITEM-000001795,ORD-00000703,PROD-000227,3,231.18,4.78
ITEM-000001796,ORD-00000704,PROD-000037,5,237.13,34.5
ITEM-000001797,ORD-00000705,PROD-000010,4,265.73,7.91
ITEM-000001798,ORD-00000705,PROD-000001,1,161.47,21.46
ITEM-000001799,ORD-00000705,PROD-000137,2,34.68,4.86
ITEM-000001800,ORD-00000705,PROD-000201,5,154.94,0.11
ITEM-000001801,ORD-00000706,PROD-000245,4,6.0,0.48
ITEM-000001802,ORD-00000706,PROD-000036,5,46.08,2.08
ITEM-000001803,ORD-00000706,PROD-000197,4,142.58,3.46
ITEM-000001804,ORD-00000706,PROD-000275,3,143.99,9.6
ITEM-000001805,ORD-00000707,PROD-000206,1,129.81,16.42
ITEM-000001806,ORD-00000707,PROD-000047,3,16.68,1.78
ITEM-000001807,ORD-00000707,PROD-000175,1,285.03,47.95
ITEM-000001808,ORD-00000708,PROD-000104,2,157.98,17.52
ITEM-000001809,ORD-00000708,PROD-000197,2,142.58,8.52
ITEM-000001810,ORD-00000708,PROD-000200,1,169.62,21.39
ITEM-000001811,ORD-00000709,PROD-000250,1,168.52,29.84
ITEM-000001812,ORD-00000709,PROD-000225,2,155.38,4.35
ITEM-000001813,ORD-00000709,PROD-000099,1,85.82,12.35
ITEM-000001814,ORD-00000710,PROD-000251,4,149.42,1.88
ITEM-000001815,ORD-00000710,PROD-000277,3,89.29,8.92
ITEM-000001816,ORD-00000711,PROD-000009,1,38.67,2.62
ITEM-000001817,ORD-00000711,PROD-000173,1,253.18,20.53
ITEM-000001818,ORD-00000711,PROD-000109,5,82.03,7.52
ITEM-000001819,ORD-00000711,PROD-000275,2,143.99,21.34
ITEM-000001820,ORD-00000712,PROD-000037,1,237.13,34.88
ITEM-000001821,ORD-00000712,PROD-000251,1,149.42,14.08
ITEM-000001822,ORD-00000713,PROD-000125,2,191.28,0.55
ITEM-000001823,ORD-00000714,PROD-000158,1,51.52,4.7
ITEM-000001824,ORD-00000715,PROD-000033,1,93.06,2.13
ITEM-000001825,ORD-00000715,PROD-000113,1,38.45,6.19
ITEM-000001826,ORD-00000716,PROD-000173,4,253.18,16.42
ITEM-000001827,ORD-00000716,PROD-000295,5,19.6,0.54
ITEM-000001828,ORD-00000716,PROD-000110,1,230.22,27.31
ITEM-000001829,ORD-00000716,PROD-000172,1,183.04,4.42
ITEM-000001830,ORD-00000717,PROD-000213,2,151.52,21.1
ITEM-000001831,ORD-00000717,PROD-000284,2,47.52,4.17
ITEM-000001832,ORD-00000718,PROD-000069,1,294.54,46.6
ITEM-000001833,ORD-00000719,PROD-000081,1,132.7,23.35
ITEM-000001834,ORD-00000719,PROD-000042,1,20.87,0.03
ITEM-000001835,ORD-00000719,PROD-000046,5,37.28,6.61
ITEM-000001836,ORD-00000719,PROD-000214,4,199.19,27.58
ITEM-000001837,ORD-00000720,PROD-000074,3,214.62,22.45
ITEM-000001838,ORD-00000720,PROD-000211,2,34.19,6.41
ITEM-000001839,ORD-00000721,PROD-000093,4,178.93,21.9
ITEM-000001840,ORD-00000722,PROD-000155,3,199.69,16.73
ITEM-000001841,ORD-00000723,PROD-000099,1,85.82,16.93
ITEM-000001842,ORD-00000723,PROD-000049,5,162.37,11.75
ITEM-000001843,ORD-00000724,PROD-000238,2,67.16,3.71
ITEM-000001844,ORD-00000724,PROD-000100,1,199.6,31.8
ITEM-000001845,ORD-00000725,PROD-000255,2,36.59,1.17
ITEM-000001846,ORD-00000725,PROD-000023,1,61.71,7.96
ITEM-000001847,ORD-00000725,PROD-000146,2,200.24,17.41
ITEM-000001848,ORD-00000725,PROD-000172,5,183.04,29.48
ITEM-000001849,ORD-00000726,PROD-000023,1,61.71,9.14
ITEM-000001850,ORD-00000726,PROD-000276,2,96.15,3.04
ITEM-000001851,ORD-00000726,PROD-000015,4,77.71,8.0
ITEM-000001852,ORD-00000726,PROD-000037,2,237.13,34.21
ITEM-000001853,ORD-00000727,PROD-000215,2,145.42,21.73
ITEM-000001854,ORD-00000727,PROD-000167,2,71.98,11.21
ITEM-000001855,ORD-00000727,PROD-000167,2,71.98,1.41
ITEM-000001856,ORD-00000728,PROD-000103,4,155.54,27.73
ITEM-000001857,ORD-00000728,PROD-000038,4,87.71,10.26
ITEM-000001858,ORD-00000728,PROD-000028,4,283.29,8.21
ITEM-000001859,ORD-00000728,PROD-000233,2,153.78,11.91
ITEM-000001860,ORD-00000729,PROD-000235,2,121.53,15.36
ITEM-000001861,ORD-00000729,PROD-000139,2,20.83,1.4
ITEM-000001862,ORD-00000730,PROD-000292,1,123.71,6.94
ITEM-000001863,ORD-00000731,PROD-000239,4,261.64,21.88
ITEM-000001864,ORD-00000732,PROD-000113,3,38.45,4.64
ITEM-000001865,ORD-00000732,PROD-000088,5,144.7,28.08
ITEM-000001866,ORD-00000732,PROD-000118,1,182.0,14.99
ITEM-000001867,ORD-00000733,PROD-000111,5,8.47,0.8
ITEM-000001868,ORD-00000733,PROD-000237,3,214.52,0.62
ITEM-000001869,ORD-00000733,PROD-000220,2,23.88,1.18
ITEM-000001870,ORD-00000733,PROD-000223,5,37.75,1.68
ITEM-000001871,ORD-00000734,PROD-000294,1,268.13,22.4
ITEM-000001872,ORD-00000734,PROD-000023,1,61.71,12.23
ITEM-000001873,ORD-00000735,PROD-000218,5,184.34,14.54
ITEM-000001874,ORD-00000736,PROD-000232,4,124.85,6.01
ITEM-000001875,ORD-00000737,PROD-000209,2,179.59,4.77
ITEM-000001876,ORD-00000738,PROD-000123,1,211.38,0.67
ITEM-000001877,ORD-00000738,PROD-000157,2,15.55,2.19
ITEM-000001878,ORD-00000738,PROD-000293,5,32.6,0.16
ITEM-000001879,ORD-00000739,PROD-000238,2,67.16,11.74
ITEM-000001880,ORD-00000739,PROD-000208,2,11.88,1.88
ITEM-000001881,ORD-00000739,PROD-000190,4,66.83,9.41
ITEM-000001882,ORD-00000739,PROD-000001,1,161.47,12.43
ITEM-000001883,ORD-00000740,PROD-000272,1,241.9,14.35
ITEM-000001884,ORD-00000740,PROD-000139,5,20.83,2.26
ITEM-000001885,ORD-00000740,PROD-000107,1,9.55,1.19
ITEM-000001886,ORD-00000741,PROD-000029,5,254.26,48.07
ITEM-000001887,ORD-00000741,PROD-000187,1,71.53,1.59
ITEM-000001888,ORD-00000741,PROD-000188,4,170.88,21.16
ITEM-000001889,ORD-00000742,PROD-000188,2,170.88,22.15
ITEM-000001890,ORD-00000742,PROD-000035,5,17.96,2.55
ITEM-000001891,ORD-00000742,PROD-000105,2,56.39,11.07
ITEM-000001892,ORD-00000743,PROD-000277,1,89.29,11.59
ITEM-000001893,ORD-00000743,PROD-000298,2,75.81,11.42
ITEM-000001894,ORD-00000744,PROD-000165,3,223.01,40.05
ITEM-000001895,ORD-00000744,PROD-000258,4,173.11,9.6
ITEM-000001896,ORD-00000745,PROD-000191,3,254.19,23.0
ITEM-000001897,ORD-00000746,PROD-000241,5,199.27,27.03
ITEM-000001898,ORD-00000747,PROD-000232,5,124.85,9.19
ITEM-000001899,ORD-00000747,PROD-000034,2,22.91,4.09
ITEM-000001900,ORD-00000747,PROD-000235,1,121.53,1.95
ITEM-000001901,ORD-00000748,PROD-000148,1,173.72,3.8
ITEM-000001902,ORD-00000748,PROD-000142,1,42.45,5.92
ITEM-000001903,ORD-00000749,PROD-000078,2,104.84,10.92
ITEM-000001904,ORD-00000749,PROD-000012,3,166.44,13.87
ITEM-000001905,ORD-00000749,PROD-000278,2,201.25,19.07
ITEM-000001906,ORD-00000749,PROD-000216,4,179.85,26.54
ITEM-000001907,ORD-00000750,PROD-000150,2,213.07,2.68
ITEM-000001908,ORD-00000751,PROD-000267,3,237.37,19.54
ITEM-000001909,ORD-00000751,PROD-000176,3,207.29,20.15
ITEM-000001910,ORD-00000752,PROD-000235,3,121.53,13.79
ITEM-000001911,ORD-00000752,PROD-000157,2,15.55,2.45
ITEM-000001912,ORD-00000752,PROD-000117,4,220.67,16.41
ITEM-000001913,ORD-00000752,PROD-000148,1,173.72,5.15
ITEM-000001914,ORD-00000753,PROD-000234,2,86.25,10.67
ITEM-000001915,ORD-00000753,PROD-000083,5,56.68,3.23
ITEM-000001916,ORD-00000753,PROD-000090,2,115.9,3.74
ITEM-000001917,ORD-00000754,PROD-000022,3,178.72,20.54
ITEM-000001918,ORD-00000755,PROD-000134,3,240.79,8.88
ITEM-000001919,ORD-00000755,PROD-000288,1,13.25,1.76
ITEM-000001920,ORD-00000755,PROD-000177,2,110.22,8.22
ITEM-000001921,ORD-00000755,PROD-000277,2,89.29,9.53
ITEM-000001922,ORD-00000756,PROD-000013,4,89.16,16.6
ITEM-000001923,ORD-00000757,PROD-000235,3,121.53,3.79
ITEM-000001924,ORD-00000757,PROD-000280,5,137.35,9.1
ITEM-000001925,ORD-00000758,PROD-000243,3,179.01,34.71
ITEM-000001926,ORD-00000758,PROD-000294,2,268.13,42.88
ITEM-000001927,ORD-00000758,PROD-000227,3,231.18,31.86
ITEM-000001928,ORD-00000759,PROD-000021,2,258.38,35.04
ITEM-000001929,ORD-00000759,PROD-000060,3,175.48,0.87
ITEM-000001930,ORD-00000759,PROD-000113,4,38.45,2.75
ITEM-000001931,ORD-00000759,PROD-000168,1,145.2,17.66
ITEM-000001932,ORD-00000760,PROD-000299,5,233.47,10.37
ITEM-000001933,ORD-00000760,PROD-000143,2,136.71,0.62
ITEM-000001934,ORD-00000761,PROD-000045,5,139.38,10.99
ITEM-000001935,ORD-00000761,PROD-000252,3,138.21,16.67
ITEM-000001936,ORD-00000761,PROD-000262,1,149.73,27.2
ITEM-000001937,ORD-00000761,PROD-000185,4,183.85,5.44
ITEM-000001938,ORD-00000762,PROD-000190,4,66.83,4.98
ITEM-000001939,ORD-00000762,PROD-000146,3,200.24,14.07
ITEM-000001940,ORD-00000762,PROD-000229,5,175.01,3.07
ITEM-000001941,ORD-00000762,PROD-000228,4,119.68,19.24
ITEM-000001942,ORD-00000763,PROD-000084,4,138.49,20.18
ITEM-000001943,ORD-00000763,PROD-000213,2,151.52,25.32
ITEM-000001944,ORD-00000763,PROD-000045,2,139.38,5.79
ITEM-000001945,ORD-00000764,PROD-000269,3,116.44,1.54
ITEM-000001946,ORD-00000764,PROD-000193,1,177.84,0.24
ITEM-000001947,ORD-00000764,PROD-000140,4,113.52,3.97
ITEM-000001948,ORD-00000764,PROD-000237,5,214.52,32.4
ITEM-000001949,ORD-00000765,PROD-000103,2,155.54,25.89
ITEM-000001950,ORD-00000765,PROD-000149,5,175.39,17.21
ITEM-000001951,ORD-00000766,PROD-000300,3,90.24,8.92
ITEM-000001952,ORD-00000766,PROD-000238,2,67.16,0.36
ITEM-000001953,ORD-00000766,PROD-000002,2,24.12,1.27
ITEM-000001954,ORD-00000767,PROD-000064,3,39.81,3.32
ITEM-000001955,ORD-00000767,PROD-000252,2,138.21,0.79
ITEM-000001956,ORD-00000767,PROD-000142,4,42.45,8.44
ITEM-000001957,ORD-00000767,PROD-000035,5,17.96,2.68
ITEM-000001958,ORD-00000768,PROD-000290,4,96.01,16.67
ITEM-000001959,ORD-00000768,PROD-000244,1,54.61,4.08
ITEM-000001960,ORD-00000768,PROD-000295,1,19.6,3.31
ITEM-000001961,ORD-00000768,PROD-000084,5,138.49,1.62
ITEM-000001962,ORD-00000769,PROD-000237,2,214.52,15.33
ITEM-000001963,ORD-00000769,PROD-000028,3,283.29,20.46
ITEM-000001964,ORD-00000769,PROD-000183,1,197.83,11.47
ITEM-000001965,ORD-00000770,PROD-000264,2,25.07,3.84
ITEM-000001966,ORD-00000771,PROD-000049,5,162.37,24.44
ITEM-000001967,ORD-00000771,PROD-000279,3,88.92,15.52
ITEM-000001968,ORD-00000772,PROD-000139,3,20.83,0.4
ITEM-000001969,ORD-00000772,PROD-000297,3,225.62,37.15
ITEM-000001970,ORD-00000772,PROD-000007,2,234.37,24.29
ITEM-000001971,ORD-00000773,PROD-000249,4,45.99,3.13
ITEM-000001972,ORD-00000773,PROD-000084,1,138.49,6.03
ITEM-000001973,ORD-00000773,PROD-000258,2,173.11,28.79
ITEM-000001974,ORD-00000774,PROD-000214,4,199.19,36.49
ITEM-000001975,ORD-00000775,PROD-000068,1,284.88,27.32
ITEM-000001976,ORD-00000776,PROD-000186,2,39.92,6.52
ITEM-000001977,ORD-00000776,PROD-000268,3,101.37,3.49
ITEM-000001978,ORD-00000776,PROD-000156,1,108.51,16.16
ITEM-000001979,ORD-00000777,PROD-000114,2,178.3,30.55
ITEM-000001980,ORD-00000778,PROD-000117,3,220.67,5.53
ITEM-000001981,ORD-00000778,PROD-000067,1,47.96,4.07
ITEM-000001982,ORD-00000779,PROD-000040,1,52.71,8.17
ITEM-000001983,ORD-00000780,PROD-000022,2,178.72,3.85
ITEM-000001984,ORD-00000780,PROD-000263,5,60.67,0.72
ITEM-000001985,ORD-00000780,PROD-000061,3,156.43,1.35
ITEM-000001986,ORD-00000780,PROD-000155,1,199.69,30.14
ITEM-000001987,ORD-00000781,PROD-000106,5,222.78,40.15
ITEM-000001988,ORD-00000782,PROD-000180,1,175.36,3.18
ITEM-000001989,ORD-00000782,PROD-000143,5,136.71,9.51
ITEM-000001990,ORD-00000783,PROD-000257,5,285.25,13.8
ITEM-000001991,ORD-00000783,PROD-000292,1,123.71,2.45
ITEM-000001992,ORD-00000784,PROD-000271,2,142.48,20.4
ITEM-000001993,ORD-00000785,PROD-000088,5,144.7,0.13
ITEM-000001994,ORD-00000785,PROD-000051,2,151.67,27.92
ITEM-000001995,ORD-00000785,PROD-000244,3,54.61,7.63
ITEM-000001996,ORD-00000786,PROD-000226,1,148.45,5.37
ITEM-000001997,ORD-00000786,PROD-000182,4,262.82,22.29
ITEM-000001998,ORD-00000787,PROD-000209,1,179.59,27.35
ITEM-000001999,ORD-00000787,PROD-000161,1,9.57,0.89
ITEM-000002000,ORD-00000788,PROD-000254,3,59.19,8.34
ITEM-000002001,ORD-00000788,PROD-000286,1,239.45,3.94
ITEM-000002002,ORD-00000789,PROD-000060,4,175.48,9.95
ITEM-000002003,ORD-00000789,PROD-000160,4,96.22,4.35
ITEM-000002004,ORD-00000789,PROD-000209,3,179.59,35.38
ITEM-000002005,ORD-00000789,PROD-000220,2,23.88,4.09
ITEM-000002006,ORD-00000790,PROD-000189,2,238.16,0.61
ITEM-000002007,ORD-00000790,PROD-000252,1,138.21,10.96
ITEM-000002008,ORD-00000790,PROD-000268,1,101.37,2.42
ITEM-000002009,ORD-00000790,PROD-000203,4,217.05,30.17
ITEM-000002010,ORD-00000791,PROD-000087,1,82.01,5.97
ITEM-000002011,ORD-00000792,PROD-000174,2,92.99,11.07
ITEM-000002012,ORD-00000792,PROD-000207,1,264.8,12.33
ITEM-000002013,ORD-00000793,PROD-000256,3,26.12,4.0
ITEM-000002014,ORD-00000793,PROD-000298,5,75.81,4.14
ITEM-000002015,ORD-00000793,PROD-000205,3,111.74,10.63
ITEM-000002016,ORD-00000793,PROD-000208,4,11.88,1.22
ITEM-000002017,ORD-00000794,PROD-000233,1,153.78,3.76
ITEM-000002018,ORD-00000794,PROD-000251,4,149.42,6.9
ITEM-000002019,ORD-00000795,PROD-000016,1,56.87,8.39
ITEM-000002020,ORD-00000795,PROD-000035,4,17.96,2.44
ITEM-000002021,ORD-00000796,PROD-000196,5,266.04,36.14
ITEM-000002022,ORD-00000796,PROD-000079,3,158.41,19.71
ITEM-000002023,ORD-00000797,PROD-000040,5,52.71,8.09
ITEM-000002024,ORD-00000798,PROD-000104,3,157.98,20.92
ITEM-000002025,ORD-00000798,PROD-000252,5,138.21,7.23
ITEM-000002026,ORD-00000798,PROD-000176,5,207.29,22.66
ITEM-000002027,ORD-00000798,PROD-000017,4,59.6,10.49
ITEM-000002028,ORD-00000799,PROD-000197,4,142.58,8.97
ITEM-000002029,ORD-00000800,PROD-000227,4,231.18,1.66
ITEM-000002030,ORD-00000800,PROD-000091,5,82.4,10.87
ITEM-000002031,ORD-00000800,PROD-000156,2,108.51,10.67
ITEM-000002032,ORD-00000800,PROD-000069,3,294.54,42.16
ITEM-000002033,ORD-00000801,PROD-000057,5,202.38,27.32
ITEM-000002034,ORD-00000801,PROD-000284,5,47.52,5.44
ITEM-000002035,ORD-00000801,PROD-000244,5,54.61,9.33
ITEM-000002036,ORD-00000801,PROD-000260,1,87.01,6.81
ITEM-000002037,ORD-00000802,PROD-000194,5,65.76,8.9
ITEM-000002038,ORD-00000802,PROD-000146,3,200.24,2.46
ITEM-000002039,ORD-00000802,PROD-000024,2,195.99,32.81
ITEM-000002040,ORD-00000802,PROD-000179,5,215.5,1.16
ITEM-000002041,ORD-00000803,PROD-000195,1,272.68,23.35
ITEM-000002042,ORD-00000803,PROD-000183,4,197.83,13.9
ITEM-000002043,ORD-00000803,PROD-000126,2,87.75,4.12
ITEM-000002044,ORD-00000804,PROD-000044,1,31.7,5.51
ITEM-000002045,ORD-00000804,PROD-000059,3,24.94,0.85
ITEM-000002046,ORD-00000804,PROD-000276,3,96.15,0.72
ITEM-000002047,ORD-00000805,PROD-000291,5,181.27,32.68
ITEM-000002048,ORD-00000805,PROD-000137,1,34.68,4.83
ITEM-000002049,ORD-00000805,PROD-000012,3,166.44,12.57
ITEM-000002050,ORD-00000805,PROD-000200,3,169.62,19.42
ITEM-000002051,ORD-00000806,PROD-000052,2,197.07,13.24
ITEM-000002052,ORD-00000806,PROD-000258,3,173.11,5.77
ITEM-000002053,ORD-00000806,PROD-000154,3,128.85,24.98
ITEM-000002054,ORD-00000806,PROD-000104,4,157.98,20.08
ITEM-000002055,ORD-00000807,PROD-000275,2,143.99,8.28
ITEM-000002056,ORD-00000808,PROD-000153,5,111.79,8.99
ITEM-000002057,ORD-00000809,PROD-000048,5,239.02,4.53
ITEM-000002058,ORD-00000809,PROD-000173,3,253.18,3.41
ITEM-000002059,ORD-00000810,PROD-000219,2,170.99,11.88
ITEM-000002060,ORD-00000810,PROD-000040,3,52.71,5.32
ITEM-000002061,ORD-00000810,PROD-000154,4,128.85,17.1
ITEM-000002062,ORD-00000810,PROD-000161,2,9.57,0.79
ITEM-000002063,ORD-00000811,PROD-000264,4,25.07,3.37
ITEM-000002064,ORD-00000811,PROD-000281,2,205.29,36.17
ITEM-000002065,ORD-00000811,PROD-000265,2,55.67,6.42
ITEM-000002066,ORD-00000812,PROD-000240,3,62.18,11.65
ITEM-000002067,ORD-00000812,PROD-000273,5,164.42,28.04
ITEM-000002068,ORD-00000813,PROD-000290,1,96.01,10.03
ITEM-000002069,ORD-00000813,PROD-000187,4,71.53,2.11
ITEM-000002070,ORD-00000813,PROD-000078,3,104.84,17.7
ITEM-000002071,ORD-00000813,PROD-000211,3,34.19,5.88
ITEM-000002072,ORD-00000814,PROD-000105,4,56.39,3.01
ITEM-000002073,ORD-00000815,PROD-000083,3,56.68,7.79
ITEM-000002074,ORD-00000815,PROD-000121,4,258.33,12.32
ITEM-000002075,ORD-00000815,PROD-000077,2,105.6,0.59
ITEM-000002076,ORD-00000816,PROD-000238,4,67.16,7.52
ITEM-000002077,ORD-00000816,PROD-000224,4,108.39,14.02
ITEM-000002078,ORD-00000816,PROD-000019,2,146.76,4.68
ITEM-000002079,ORD-00000817,PROD-000015,3,77.71,12.27
ITEM-000002080,ORD-00000817,PROD-000143,5,136.71,4.81
ITEM-000002081,ORD-00000818,PROD-000249,1,45.99,0.51
ITEM-000002082,ORD-00000819,PROD-000161,5,9.57,0.57
ITEM-000002083,ORD-00000820,PROD-000209,3,179.59,24.13
ITEM-000002084,ORD-00000821,PROD-000204,2,193.75,9.15
ITEM-000002085,ORD-00000822,PROD-000268,5,101.37,19.25
ITEM-000002086,ORD-00000823,PROD-000255,1,36.59,1.74
ITEM-000002087,ORD-00000823,PROD-000063,3,42.54,2.8
ITEM-000002088,ORD-00000823,PROD-000300,4,90.24,14.54
ITEM-000002089,ORD-00000824,PROD-000217,2,39.78,1.15
ITEM-000002090,ORD-00000824,PROD-000090,2,115.9,22.48
ITEM-000002091,ORD-00000825,PROD-000210,3,24.0,4.14
ITEM-000002092,ORD-00000825,PROD-000029,4,254.26,27.13
ITEM-000002093,ORD-00000825,PROD-000058,3,86.29,9.42
ITEM-000002094,ORD-00000825,PROD-000244,2,54.61,10.52
ITEM-000002095,ORD-00000826,PROD-000186,4,39.92,5.71
ITEM-000002096,ORD-00000826,PROD-000158,1,51.52,6.65
ITEM-000002097,ORD-00000827,PROD-000028,2,283.29,14.33
ITEM-000002098,ORD-00000828,PROD-000159,3,115.09,20.79
ITEM-000002099,ORD-00000828,PROD-000063,5,42.54,7.38
ITEM-000002100,ORD-00000828,PROD-000227,4,231.18,0.36
ITEM-000002101,ORD-00000828,PROD-000202,3,170.28,10.25
ITEM-000002102,ORD-00000829,PROD-000153,2,111.79,19.21
ITEM-000002103,ORD-00000829,PROD-000083,4,56.68,7.16
ITEM-000002104,ORD-00000830,PROD-000018,3,116.66,20.22
ITEM-000002105,ORD-00000830,PROD-000252,4,138.21,20.37
ITEM-000002106,ORD-00000830,PROD-000171,4,85.33,14.96
ITEM-000002107,ORD-00000830,PROD-000052,2,197.07,27.53
ITEM-000002108,ORD-00000831,PROD-000181,4,155.05,18.67
ITEM-000002109,ORD-00000832,PROD-000233,1,153.78,23.44
ITEM-000002110,ORD-00000832,PROD-000095,4,256.52,40.58
ITEM-000002111,ORD-00000832,PROD-000070,1,170.09,13.63
ITEM-000002112,ORD-00000833,PROD-000161,5,9.57,0.16
ITEM-000002113,ORD-00000833,PROD-000081,2,132.7,13.7
ITEM-000002114,ORD-00000833,PROD-000067,5,47.96,6.58
ITEM-000002115,ORD-00000834,PROD-000232,4,124.85,21.81
ITEM-000002116,ORD-00000834,PROD-000069,3,294.54,10.22
ITEM-000002117,ORD-00000834,PROD-000168,3,145.2,5.77
ITEM-000002118,ORD-00000835,PROD-000189,2,238.16,18.74
ITEM-000002119,ORD-00000835,PROD-000194,5,65.76,2.95
ITEM-000002120,ORD-00000835,PROD-000012,5,166.44,21.54
ITEM-000002121,ORD-00000835,PROD-000118,1,182.0,35.46
ITEM-000002122,ORD-00000836,PROD-000135,2,164.35,1.64
ITEM-000002123,ORD-00000836,PROD-000220,5,23.88,1.24
ITEM-000002124,ORD-00000837,PROD-000189,2,238.16,45.12
ITEM-000002125,ORD-00000838,PROD-000008,5,169.86,14.78
ITEM-000002126,ORD-00000839,PROD-000254,1,59.19,2.66
ITEM-000002127,ORD-00000839,PROD-000105,2,56.39,10.67
ITEM-000002128,ORD-00000839,PROD-000137,3,34.68,5.18
ITEM-000002129,ORD-00000839,PROD-000196,2,266.04,22.95
ITEM-000002130,ORD-00000840,PROD-000111,3,8.47,1.23
ITEM-000002131,ORD-00000840,PROD-000097,4,186.58,6.73
ITEM-000002132,ORD-00000841,PROD-000015,3,77.71,15.17
ITEM-000002133,ORD-00000841,PROD-000121,5,258.33,23.3
ITEM-000002134,ORD-00000842,PROD-000190,5,66.83,9.15
ITEM-000002135,ORD-00000842,PROD-000235,1,121.53,0.25
ITEM-000002136,ORD-00000843,PROD-000166,4,161.73,22.22
ITEM-000002137,ORD-00000843,PROD-000197,4,142.58,20.99
ITEM-000002138,ORD-00000844,PROD-000038,1,87.71,9.77
ITEM-000002139,ORD-00000844,PROD-000027,3,268.28,49.96
ITEM-000002140,ORD-00000844,PROD-000242,3,248.42,49.52
ITEM-000002141,ORD-00000845,PROD-000003,3,94.19,9.5
ITEM-000002142,ORD-00000846,PROD-000155,4,199.69,26.81
ITEM-000002143,ORD-00000846,PROD-000068,5,284.88,2.34
ITEM-000002144,ORD-00000846,PROD-000092,3,68.92,2.34
ITEM-000002145,ORD-00000846,PROD-000253,3,14.2,2.49
ITEM-000002146,ORD-00000847,PROD-000046,3,37.28,5.3
ITEM-000002147,ORD-00000847,PROD-000222,2,173.52,9.04
ITEM-000002148,ORD-00000848,PROD-000023,2,61.71,6.16
ITEM-000002149,ORD-00000848,PROD-000144,3,184.59,34.19
ITEM-000002150,ORD-00000848,PROD-000145,3,223.58,27.41
ITEM-000002151,ORD-00000849,PROD-000265,3,55.67,4.85
ITEM-000002152,ORD-00000849,PROD-000085,3,65.75,9.69
ITEM-000002153,ORD-00000849,PROD-000252,2,138.21,15.36
ITEM-000002154,ORD-00000850,PROD-000028,2,283.29,8.42
ITEM-000002155,ORD-00000850,PROD-000118,2,182.0,1.31
ITEM-000002156,ORD-00000850,PROD-000134,2,240.79,34.0
ITEM-000002157,ORD-00000850,PROD-000224,1,108.39,21.57
ITEM-000002158,ORD-00000851,PROD-000021,4,258.38,18.42
ITEM-000002159,ORD-00000851,PROD-000288,4,13.25,1.21
ITEM-000002160,ORD-00000851,PROD-000058,2,86.29,2.13
ITEM-000002161,ORD-00000851,PROD-000048,2,239.02,41.5
ITEM-000002162,ORD-00000852,PROD-000087,5,82.01,13.49
ITEM-000002163,ORD-00000852,PROD-000289,5,86.07,3.66
ITEM-000002164,ORD-00000853,PROD-000270,5,159.71,5.77
ITEM-000002165,ORD-00000854,PROD-000127,4,79.49,10.76
ITEM-000002166,ORD-00000855,PROD-000014,3,250.44,34.13
ITEM-000002167,ORD-00000855,PROD-000063,4,42.54,3.18
ITEM-000002168,ORD-00000855,PROD-000055,3,139.15,4.28
ITEM-000002169,ORD-00000856,PROD-000236,4,24.26,2.2
ITEM-000002170,ORD-00000857,PROD-000003,3,94.19,18.27
ITEM-000002171,ORD-00000857,PROD-000232,3,124.85,23.66
ITEM-000002172,ORD-00000857,PROD-000292,2,123.71,5.23
ITEM-000002173,ORD-00000858,PROD-000145,3,223.58,35.69
ITEM-000002174,ORD-00000859,PROD-000281,5,205.29,15.66
ITEM-000002175,ORD-00000860,PROD-000131,2,157.33,7.55
ITEM-000002176,ORD-00000860,PROD-000205,1,111.74,0.46
ITEM-000002177,ORD-00000860,PROD-000107,2,9.55,0.74
ITEM-000002178,ORD-00000860,PROD-000207,3,264.8,34.27
ITEM-000002179,ORD-00000861,PROD-000062,3,155.19,15.23
ITEM-000002180,ORD-00000861,PROD-000222,3,173.52,31.36
ITEM-000002181,ORD-00000862,PROD-000184,1,133.98,22.3
ITEM-000002182,ORD-00000862,PROD-000263,2,60.67,5.94
ITEM-000002183,ORD-00000863,PROD-000244,3,54.61,6.15
ITEM-000002184,ORD-00000863,PROD-000217,1,39.78,6.02
ITEM-000002185,ORD-00000863,PROD-000189,5,238.16,8.88
ITEM-000002186,ORD-00000863,PROD-000219,1,170.99,1.38
ITEM-000002187,ORD-00000864,PROD-000238,2,67.16,8.7
ITEM-000002188,ORD-00000864,PROD-000080,4,141.46,14.92
ITEM-000002189,ORD-00000864,PROD-000269,1,116.44,6.77
ITEM-000002190,ORD-00000865,PROD-000041,4,146.19,8.78
ITEM-000002191,ORD-00000865,PROD-000066,3,12.81,2.16
ITEM-000002192,ORD-00000865,PROD-000268,4,101.37,5.99
ITEM-000002193,ORD-00000865,PROD-000025,5,124.64,1.91
ITEM-000002194,ORD-00000866,PROD-000263,1,60.67,6.2
ITEM-000002195,ORD-00000867,PROD-000049,4,162.37,21.46
ITEM-000002196,ORD-00000867,PROD-000292,3,123.71,8.79
ITEM-000002197,ORD-00000867,PROD-000300,1,90.24,13.87
ITEM-000002198,ORD-00000867,PROD-000009,1,38.67,5.73
ITEM-000002199,ORD-00000868,PROD-000092,2,68.92,11.62
ITEM-000002200,ORD-00000868,PROD-000024,1,195.99,16.32
ITEM-000002201,ORD-00000868,PROD-000153,3,111.79,13.13
ITEM-000002202,ORD-00000868,PROD-000233,4,153.78,19.19
ITEM-000002203,ORD-00000869,PROD-000175,2,285.03,12.03
ITEM-000002204,ORD-00000869,PROD-000041,5,146.19,7.58
ITEM-000002205,ORD-00000869,PROD-000055,4,139.15,14.87
ITEM-000002206,ORD-00000870,PROD-000203,1,217.05,0.58
ITEM-000002207,ORD-00000871,PROD-000236,4,24.26,4.22
ITEM-000002208,ORD-00000871,PROD-000250,3,168.52,20.85
ITEM-000002209,ORD-00000871,PROD-000185,4,183.85,29.59
ITEM-000002210,ORD-00000871,PROD-000045,2,139.38,3.77
ITEM-000002211,ORD-00000872,PROD-000058,1,86.29,12.01
ITEM-000002212,ORD-00000872,PROD-000097,1,186.58,7.81
ITEM-000002213,ORD-00000873,PROD-000124,4,85.6,14.42
ITEM-000002214,ORD-00000873,PROD-000276,2,96.15,1.66
ITEM-000002215,ORD-00000874,PROD-000076,4,192.0,16.2
ITEM-000002216,ORD-00000874,PROD-000060,2,175.48,31.67
ITEM-000002217,ORD-00000874,PROD-000228,4,119.68,11.29
ITEM-000002218,ORD-00000874,PROD-000231,5,126.83,6.15
ITEM-000002219,ORD-00000875,PROD-000292,4,123.71,1.26
ITEM-000002220,ORD-00000875,PROD-000005,1,162.22,20.45
ITEM-000002221,ORD-00000875,PROD-000222,4,173.52,29.45
ITEM-000002222,ORD-00000876,PROD-000019,4,146.76,11.73
ITEM-000002223,ORD-00000876,PROD-000263,5,60.67,8.79
ITEM-000002224,ORD-00000876,PROD-000250,2,168.52,24.07
ITEM-000002225,ORD-00000877,PROD-000217,5,39.78,2.51
ITEM-000002226,ORD-00000878,PROD-000138,4,256.34,45.58
ITEM-000002227,ORD-00000879,PROD-000254,5,59.19,11.12
ITEM-000002228,ORD-00000880,PROD-000230,4,66.97,0.28
ITEM-000002229,ORD-00000880,PROD-000148,2,173.72,16.3
ITEM-000002230,ORD-00000880,PROD-000225,2,155.38,15.78
ITEM-000002231,ORD-00000881,PROD-000240,2,62.18,10.98
ITEM-000002232,ORD-00000881,PROD-000200,4,169.62,28.26
ITEM-000002233,ORD-00000881,PROD-000185,4,183.85,29.41
ITEM-000002234,ORD-00000882,PROD-000107,3,9.55,1.32
ITEM-000002235,ORD-00000882,PROD-000045,4,139.38,3.6
ITEM-000002236,ORD-00000883,PROD-000081,5,132.7,13.06
ITEM-000002237,ORD-00000883,PROD-000213,4,151.52,9.2
ITEM-000002238,ORD-00000884,PROD-000286,1,239.45,47.85
ITEM-000002239,ORD-00000884,PROD-000184,3,133.98,9.57
ITEM-000002240,ORD-00000885,PROD-000090,5,115.9,0.74
ITEM-000002241,ORD-00000885,PROD-000033,3,93.06,8.01
ITEM-000002242,ORD-00000886,PROD-000062,5,155.19,6.96
ITEM-000002243,ORD-00000886,PROD-000133,3,67.78,10.64
ITEM-000002244,ORD-00000887,PROD-000286,3,239.45,42.92
ITEM-000002245,ORD-00000888,PROD-000026,4,248.15,39.65
ITEM-000002246,ORD-00000889,PROD-000055,5,139.15,16.97
ITEM-000002247,ORD-00000890,PROD-000288,1,13.25,1.34
ITEM-000002248,ORD-00000891,PROD-000061,2,156.43,28.5
ITEM-000002249,ORD-00000891,PROD-000081,3,132.7,18.79
ITEM-000002250,ORD-00000892,PROD-000051,2,151.67,19.63
ITEM-000002251,ORD-00000892,PROD-000172,2,183.04,4.5
ITEM-000002252,ORD-00000892,PROD-000104,4,157.98,30.64
ITEM-000002253,ORD-00000892,PROD-000004,2,61.96,10.35
ITEM-000002254,ORD-00000893,PROD-000175,3,285.03,28.79
ITEM-000002255,ORD-00000893,PROD-000044,3,31.7,2.36
ITEM-000002256,ORD-00000893,PROD-000213,3,151.52,19.07
ITEM-000002257,ORD-00000893,PROD-000126,2,87.75,13.22
ITEM-000002258,ORD-00000894,PROD-000117,2,220.67,35.39
ITEM-000002259,ORD-00000894,PROD-000212,4,196.7,35.33
ITEM-000002260,ORD-00000894,PROD-000265,3,55.67,10.51
ITEM-000002261,ORD-00000894,PROD-000227,2,231.18,35.61
ITEM-000002262,ORD-00000895,PROD-000044,3,31.7,2.0
ITEM-000002263,ORD-00000896,PROD-000223,1,37.75,2.97
ITEM-000002264,ORD-00000896,PROD-000019,2,146.76,26.49
ITEM-000002265,ORD-00000897,PROD-000267,3,237.37,19.91
ITEM-000002266,ORD-00000898,PROD-000161,3,9.57,0.02
ITEM-000002267,ORD-00000898,PROD-000144,5,184.59,22.53
ITEM-000002268,ORD-00000898,PROD-000076,4,192.0,17.13
ITEM-000002269,ORD-00000899,PROD-000279,5,88.92,14.02
ITEM-000002270,ORD-00000899,PROD-000227,3,231.18,41.04
ITEM-000002271,ORD-00000900,PROD-000102,3,242.49,4.09
ITEM-000002272,ORD-00000900,PROD-000276,3,96.15,7.5
ITEM-000002273,ORD-00000900,PROD-000065,5,11.5,2.28
ITEM-000002274,ORD-00000900,PROD-000146,2,200.24,3.72
ITEM-000002275,ORD-00000901,PROD-000267,3,237.37,35.94
ITEM-000002276,ORD-00000901,PROD-000082,1,153.69,0.86
ITEM-000002277,ORD-00000901,PROD-000277,5,89.29,4.62
ITEM-000002278,ORD-00000902,PROD-000217,5,39.78,0.88
ITEM-000002279,ORD-00000902,PROD-000031,3,215.03,11.17
ITEM-000002280,ORD-00000902,PROD-000260,3,87.01,2.15
ITEM-000002281,ORD-00000903,PROD-000230,3,66.97,7.67
ITEM-000002282,ORD-00000904,PROD-000233,3,153.78,30.23
ITEM-000002283,ORD-00000905,PROD-000180,3,175.36,9.98
ITEM-000002284,ORD-00000905,PROD-000294,2,268.13,38.31
ITEM-000002285,ORD-00000906,PROD-000054,3,6.16,0.64
ITEM-000002286,ORD-00000906,PROD-000099,3,85.82,7.8
ITEM-000002287,ORD-00000907,PROD-000218,4,184.34,3.02
ITEM-000002288,ORD-00000907,PROD-000032,4,114.8,20.4
ITEM-000002289,ORD-00000908,PROD-000110,4,230.22,3.59
ITEM-000002290,ORD-00000908,PROD-000270,4,159.71,18.79
ITEM-000002291,ORD-00000908,PROD-000266,4,145.38,25.35
ITEM-000002292,ORD-00000908,PROD-000300,4,90.24,11.49
ITEM-000002293,ORD-00000909,PROD-000251,4,149.42,24.62
ITEM-000002294,ORD-00000909,PROD-000074,5,214.62,5.46
ITEM-000002295,ORD-00000909,PROD-000235,2,121.53,23.53
ITEM-000002296,ORD-00000909,PROD-000263,5,60.67,1.43
ITEM-000002297,ORD-00000910,PROD-000234,4,86.25,0.56
ITEM-000002298,ORD-00000910,PROD-000081,5,132.7,9.8
ITEM-000002299,ORD-00000911,PROD-000210,1,24.0,0.58
ITEM-000002300,ORD-00000912,PROD-000021,5,258.38,7.92
ITEM-000002301,ORD-00000912,PROD-000191,3,254.19,50.38
ITEM-000002302,ORD-00000912,PROD-000156,3,108.51,10.55
ITEM-000002303,ORD-00000913,PROD-000073,5,65.08,5.49
ITEM-000002304,ORD-00000913,PROD-000157,3,15.55,0.67
ITEM-000002305,ORD-00000914,PROD-000002,1,24.12,2.64
ITEM-000002306,ORD-00000914,PROD-000035,1,17.96,1.5
ITEM-000002307,ORD-00000914,PROD-000294,3,268.13,30.34
ITEM-000002308,ORD-00000914,PROD-000173,4,253.18,24.06
ITEM-000002309,ORD-00000915,PROD-000071,5,48.6,6.19
ITEM-000002310,ORD-00000915,PROD-000231,4,126.83,3.78
ITEM-000002311,ORD-00000916,PROD-000046,5,37.28,4.95
ITEM-000002312,ORD-00000916,PROD-000210,4,24.0,1.12
ITEM-000002313,ORD-00000916,PROD-000203,3,217.05,23.48
ITEM-000002314,ORD-00000917,PROD-000143,1,136.71,23.68
ITEM-000002315,ORD-00000917,PROD-000013,5,89.16,11.24
ITEM-000002316,ORD-00000917,PROD-000159,5,115.09,14.85
ITEM-000002317,ORD-00000917,PROD-000287,1,54.46,2.1
ITEM-000002318,ORD-00000918,PROD-000292,5,123.71,4.69
ITEM-000002319,ORD-00000919,PROD-000258,1,173.11,4.16
ITEM-000002320,ORD-00000919,PROD-000273,2,164.42,31.65
ITEM-000002321,ORD-00000919,PROD-000141,2,197.96,9.71
ITEM-000002322,ORD-00000919,PROD-000297,4,225.62,3.82
ITEM-000002323,ORD-00000920,PROD-000206,5,129.81,1.17
ITEM-000002324,ORD-00000920,PROD-000012,3,166.44,14.55
ITEM-000002325,ORD-00000920,PROD-000213,1,151.52,26.05
ITEM-000002326,ORD-00000921,PROD-000196,3,266.04,4.84
ITEM-000002327,ORD-00000921,PROD-000051,5,151.67,5.1
ITEM-000002328,ORD-00000921,PROD-000074,2,214.62,10.97
ITEM-000002329,ORD-00000922,PROD-000079,3,158.41,30.17
ITEM-000002330,ORD-00000923,PROD-000031,5,215.03,41.33
ITEM-000002331,ORD-00000923,PROD-000093,1,178.93,25.53
ITEM-000002332,ORD-00000924,PROD-000200,1,169.62,10.86
ITEM-000002333,ORD-00000924,PROD-000212,3,196.7,10.15
ITEM-000002334,ORD-00000924,PROD-000062,1,155.19,6.29
ITEM-000002335,ORD-00000925,PROD-000253,5,14.2,2.14
ITEM-000002336,ORD-00000925,PROD-000198,1,196.53,10.58
ITEM-000002337,ORD-00000926,PROD-000238,5,67.16,5.47
ITEM-000002338,ORD-00000926,PROD-000248,1,206.76,16.85
ITEM-000002339,ORD-00000926,PROD-000120,1,150.5,8.1
ITEM-000002340,ORD-00000927,PROD-000127,5,79.49,10.36
ITEM-000002341,ORD-00000928,PROD-000156,5,108.51,8.83
ITEM-000002342,ORD-00000928,PROD-000043,5,44.85,1.83
ITEM-000002343,ORD-00000929,PROD-000192,5,222.13,43.77
ITEM-000002344,ORD-00000929,PROD-000126,5,87.75,16.72
ITEM-000002345,ORD-00000930,PROD-000022,1,178.72,29.05
ITEM-000002346,ORD-00000930,PROD-000149,2,175.39,0.02
ITEM-000002347,ORD-00000930,PROD-000247,3,95.38,11.4
ITEM-000002348,ORD-00000930,PROD-000195,3,272.68,45.94
ITEM-000002349,ORD-00000931,PROD-000300,5,90.24,5.08
ITEM-000002350,ORD-00000931,PROD-000083,5,56.68,6.38
ITEM-000002351,ORD-00000932,PROD-000046,4,37.28,5.21
ITEM-000002352,ORD-00000932,PROD-000072,5,70.42,14.07
ITEM-000002353,ORD-00000932,PROD-000222,2,173.52,21.18
ITEM-000002354,ORD-00000933,PROD-000176,3,207.29,40.61
ITEM-000002355,ORD-00000933,PROD-000232,3,124.85,6.14
ITEM-000002356,ORD-00000933,PROD-000165,3,223.01,9.39
ITEM-000002357,ORD-00000934,PROD-000009,2,38.67,5.0
ITEM-000002358,ORD-00000934,PROD-000002,5,24.12,2.3
ITEM-000002359,ORD-00000934,PROD-000005,2,162.22,13.4
ITEM-000002360,ORD-00000935,PROD-000202,5,170.28,2.76
ITEM-000002361,ORD-00000935,PROD-000040,5,52.71,0.33
ITEM-000002362,ORD-00000935,PROD-000228,1,119.68,8.45
ITEM-000002363,ORD-00000935,PROD-000193,5,177.84,12.73
ITEM-000002364,ORD-00000936,PROD-000005,1,162.22,15.01
ITEM-000002365,ORD-00000936,PROD-000099,4,85.82,0.16
ITEM-000002366,ORD-00000937,PROD-000144,3,184.59,7.07
ITEM-000002367,ORD-00000938,PROD-000114,2,178.3,34.95
ITEM-000002368,ORD-00000938,PROD-000186,1,39.92,2.24
ITEM-000002369,ORD-00000938,PROD-000108,1,129.74,5.09
ITEM-000002370,ORD-00000939,PROD-000057,3,202.38,23.03
ITEM-000002371,ORD-00000939,PROD-000253,2,14.2,1.57
ITEM-000002372,ORD-00000939,PROD-000290,5,96.01,10.85
ITEM-000002373,ORD-00000939,PROD-000034,5,22.91,0.59
ITEM-000002374,ORD-00000940,PROD-000066,3,12.81,2.39
ITEM-000002375,ORD-00000941,PROD-000268,3,101.37,3.89
ITEM-000002376,ORD-00000941,PROD-000012,5,166.44,20.45
ITEM-000002377,ORD-00000942,PROD-000002,4,24.12,3.09
ITEM-000002378,ORD-00000942,PROD-000027,3,268.28,23.21
ITEM-000002379,ORD-00000942,PROD-000209,3,179.59,4.37
ITEM-000002380,ORD-00000942,PROD-000266,4,145.38,14.41
ITEM-000002381,ORD-00000943,PROD-000115,1,48.49,2.7
ITEM-000002382,ORD-00000944,PROD-000273,4,164.42,10.4
ITEM-000002383,ORD-00000944,PROD-000201,2,154.94,10.37
ITEM-000002384,ORD-00000944,PROD-000293,1,32.6,6.46
ITEM-000002385,ORD-00000944,PROD-000116,4,189.39,36.28
ITEM-000002386,ORD-00000945,PROD-000101,2,132.99,8.76
ITEM-000002387,ORD-00000945,PROD-000033,1,93.06,0.52
ITEM-000002388,ORD-00000946,PROD-000013,5,89.16,14.22
ITEM-000002389,ORD-00000946,PROD-000172,3,183.04,9.05
ITEM-000002390,ORD-00000946,PROD-000243,2,179.01,34.33
ITEM-000002391,ORD-00000946,PROD-000028,3,283.29,29.44
ITEM-000002392,ORD-00000947,PROD-000038,5,87.71,10.87
ITEM-000002393,ORD-00000947,PROD-000049,4,162.37,18.8
ITEM-000002394,ORD-00000948,PROD-000032,1,114.8,8.66
ITEM-000002395,ORD-00000949,PROD-000066,1,12.81,2.35
ITEM-000002396,ORD-00000950,PROD-000029,3,254.26,31.06
ITEM-000002397,ORD-00000950,PROD-000222,1,173.52,3.53
ITEM-000002398,ORD-00000950,PROD-000029,5,254.26,2.65
ITEM-000002399,ORD-00000950,PROD-000196,4,266.04,5.1
ITEM-000002400,ORD-00000951,PROD-000120,5,150.5,23.7
ITEM-000002401,ORD-00000951,PROD-000006,4,20.4,1.57
ITEM-000002402,ORD-00000951,PROD-000220,5,23.88,2.96
ITEM-000002403,ORD-00000951,PROD-000174,1,92.99,8.44
ITEM-000002404,ORD-00000952,PROD-000099,1,85.82,1.76
ITEM-000002405,ORD-00000952,PROD-000035,5,17.96,2.84
ITEM-000002406,ORD-00000952,PROD-000100,5,199.6,5.03
ITEM-000002407,ORD-00000953,PROD-000182,4,262.82,25.3
ITEM-000002408,ORD-00000953,PROD-000228,2,119.68,5.82
ITEM-000002409,ORD-00000953,PROD-000023,1,61.71,1.58
ITEM-000002410,ORD-00000954,PROD-000263,3,60.67,3.78
ITEM-000002411,ORD-00000954,PROD-000278,2,201.25,5.93
ITEM-000002412,ORD-00000954,PROD-000159,5,115.09,7.89
ITEM-000002413,ORD-00000954,PROD-000189,1,238.16,24.66
ITEM-000002414,ORD-00000955,PROD-000030,2,45.68,4.63
ITEM-000002415,ORD-00000955,PROD-000287,1,54.46,4.6
ITEM-000002416,ORD-00000956,PROD-000103,2,155.54,24.43
ITEM-000002417,ORD-00000956,PROD-000175,2,285.03,38.07
ITEM-000002418,ORD-00000957,PROD-000170,5,124.7,14.12
ITEM-000002419,ORD-00000957,PROD-000172,5,183.04,10.97
ITEM-000002420,ORD-00000957,PROD-000169,2,273.71,5.74
ITEM-000002421,ORD-00000957,PROD-000022,4,178.72,7.84
ITEM-000002422,ORD-00000958,PROD-000115,2,48.49,4.52
ITEM-000002423,ORD-00000959,PROD-000123,4,211.38,31.06
ITEM-000002424,ORD-00000959,PROD-000170,4,124.7,5.12
ITEM-000002425,ORD-00000960,PROD-000004,3,61.96,0.12
ITEM-000002426,ORD-00000960,PROD-000184,1,133.98,14.86
ITEM-000002427,ORD-00000961,PROD-000149,4,175.39,6.82
ITEM-000002428,ORD-00000961,PROD-000300,3,90.24,0.79
ITEM-000002429,ORD-00000962,PROD-000102,2,242.49,13.78
ITEM-000002430,ORD-00000963,PROD-000135,2,164.35,11.17
ITEM-000002431,ORD-00000963,PROD-000284,2,47.52,1.7
ITEM-000002432,ORD-00000964,PROD-000091,3,82.4,15.01
ITEM-000002433,ORD-00000965,PROD-000071,4,48.6,6.37
ITEM-000002434,ORD-00000966,PROD-000174,2,92.99,5.67
ITEM-000002435,ORD-00000967,PROD-000190,3,66.83,8.83
ITEM-000002436,ORD-00000967,PROD-000270,5,159.71,28.16
ITEM-000002437,ORD-00000968,PROD-000061,2,156.43,27.62
ITEM-000002438,ORD-00000969,PROD-000098,2,54.47,5.8
ITEM-000002439,ORD-00000969,PROD-000192,3,222.13,26.64
ITEM-000002440,ORD-00000970,PROD-000024,5,195.99,23.02
ITEM-000002441,ORD-00000970,PROD-000275,3,143.99,22.74
ITEM-000002442,ORD-00000971,PROD-000127,1,79.49,10.01
ITEM-000002443,ORD-00000971,PROD-000144,2,184.59,31.44
ITEM-000002444,ORD-00000971,PROD-000300,4,90.24,3.78
ITEM-000002445,ORD-00000972,PROD-000241,5,199.27,2.59
ITEM-000002446,ORD-00000973,PROD-000261,3,28.24,2.82
ITEM-000002447,ORD-00000973,PROD-000238,2,67.16,4.32
ITEM-000002448,ORD-00000973,PROD-000192,5,222.13,30.85
ITEM-000002449,ORD-00000973,PROD-000254,4,59.19,3.18
ITEM-000002450,ORD-00000974,PROD-000299,1,233.47,9.67
ITEM-000002451,ORD-00000974,PROD-000104,4,157.98,27.27
ITEM-000002452,ORD-00000974,PROD-000203,2,217.05,13.28
ITEM-000002453,ORD-00000974,PROD-000194,5,65.76,2.07
ITEM-000002454,ORD-00000975,PROD-000131,5,157.33,2.67
ITEM-000002455,ORD-00000975,PROD-000044,3,31.7,2.82
ITEM-000002456,ORD-00000975,PROD-000181,2,155.05,18.11
ITEM-000002457,ORD-00000976,PROD-000263,5,60.67,4.08
ITEM-000002458,ORD-00000976,PROD-000231,4,126.83,10.97
ITEM-000002459,ORD-00000976,PROD-000189,4,238.16,15.1
ITEM-000002460,ORD-00000976,PROD-000196,1,266.04,9.55
ITEM-000002461,ORD-00000977,PROD-000136,1,57.07,4.1
ITEM-000002462,ORD-00000977,PROD-000043,3,44.85,7.56
ITEM-000002463,ORD-00000978,PROD-000142,2,42.45,0.84
ITEM-000002464,ORD-00000979,PROD-000185,1,183.85,20.08
ITEM-000002465,ORD-00000980,PROD-000101,3,132.99,6.65
ITEM-000002466,ORD-00000980,PROD-000141,2,197.96,27.94
ITEM-000002467,ORD-00000980,PROD-000071,5,48.6,8.87
ITEM-000002468,ORD-00000981,PROD-000154,3,128.85,21.19
ITEM-000002469,ORD-00000982,PROD-000208,5,11.88,1.8
ITEM-000002470,ORD-00000982,PROD-000007,4,234.37,30.66
ITEM-000002471,ORD-00000982,PROD-000077,4,105.6,4.81
ITEM-000002472,ORD-00000982,PROD-000108,4,129.74,6.06
ITEM-000002473,ORD-00000983,PROD-000237,3,214.52,33.98
ITEM-000002474,ORD-00000983,PROD-000161,2,9.57,0.82
ITEM-000002475,ORD-00000983,PROD-000214,2,199.19,17.48
ITEM-000002476,ORD-00000983,PROD-000286,1,239.45,17.94
ITEM-000002477,ORD-00000984,PROD-000157,1,15.55,1.55
ITEM-000002478,ORD-00000984,PROD-000182,3,262.82,11.85
ITEM-000002479,ORD-00000985,PROD-000207,5,264.8,15.87
ITEM-000002480,ORD-00000985,PROD-000012,5,166.44,26.14
ITEM-000002481,ORD-00000985,PROD-000072,2,70.42,13.76
ITEM-000002482,ORD-00000985,PROD-000170,5,124.7,15.71
ITEM-000002483,ORD-00000986,PROD-000196,2,266.04,50.48
ITEM-000002484,ORD-00000986,PROD-000033,5,93.06,7.19
ITEM-000002485,ORD-00000986,PROD-000244,1,54.61,3.59
ITEM-000002486,ORD-00000986,PROD-000232,3,124.85,2.33
ITEM-000002487,ORD-00000987,PROD-000284,2,47.52,0.3
ITEM-000002488,ORD-00000988,PROD-000014,2,250.44,9.97
ITEM-000002489,ORD-00000988,PROD-000198,3,196.53,8.09
ITEM-000002490,ORD-00000988,PROD-000150,5,213.07,2.98
ITEM-000002491,ORD-00000988,PROD-000030,3,45.68,4.74
ITEM-000002492,ORD-00000989,PROD-000168,4,145.2,11.36
ITEM-000002493,ORD-00000989,PROD-000057,2,202.38,21.71
ITEM-000002494,ORD-00000990,PROD-000036,4,46.08,8.8
ITEM-000002495,ORD-00000990,PROD-000106,2,222.78,38.78
ITEM-000002496,ORD-00000990,PROD-000159,4,115.09,18.83
ITEM-000002497,ORD-00000990,PROD-000244,2,54.61,6.59
ITEM-000002498,ORD-00000991,PROD-000104,5,157.98,22.65
ITEM-000002499,ORD-00000991,PROD-000235,3,121.53,4.9
ITEM-000002500,ORD-00000991,PROD-000074,4,214.62,2.75
ITEM-000002501,ORD-00000992,PROD-000127,5,79.49,5.23
ITEM-000002502,ORD-00000992,PROD-000292,4,123.71,11.39
ITEM-000002503,ORD-00000992,PROD-000295,1,19.6,2.89
ITEM-000002504,ORD-00000992,PROD-000148,4,173.72,12.05
ITEM-000002505,ORD-00000993,PROD-000201,5,154.94,25.52
ITEM-000002506,ORD-00000993,PROD-000090,4,115.9,5.77
ITEM-000002507,ORD-00000993,PROD-000222,4,173.52,13.35
ITEM-000002508,ORD-00000994,PROD-000292,1,123.71,9.74
ITEM-000002509,ORD-00000994,PROD-000023,2,61.71,10.93
ITEM-000002510,ORD-00000995,PROD-000141,5,197.96,11.56
ITEM-000002511,ORD-00000995,PROD-000035,2,17.96,3.26
ITEM-000002512,ORD-00000996,PROD-000284,1,47.52,9.46
ITEM-000002513,ORD-00000996,PROD-000040,1,52.71,5.32
ITEM-000002514,ORD-00000996,PROD-000167,4,71.98,6.49
ITEM-000002515,ORD-00000996,PROD-000130,2,154.33,15.62
ITEM-000002516,ORD-00000997,PROD-000014,1,250.44,32.0
ITEM-000002517,ORD-00000997,PROD-000237,4,214.52,14.74
ITEM-000002518,ORD-00000997,PROD-000205,2,111.74,8.86
ITEM-000002519,ORD-00000997,PROD-000006,3,20.4,0.47
ITEM-000002520,ORD-00000998,PROD-000168,4,145.2,14.08
ITEM-000002521,ORD-00000998,PROD-000035,1,17.96,1.97
ITEM-000002522,ORD-00000999,PROD-000225,2,155.38,14.63
ITEM-000002523,ORD-00000999,PROD-000143,2,136.71,4.66
ITEM-000002524,ORD-00001000,PROD-000052,2,197.07,11.59
ITEM-000002525,ORD-00001001,PROD-000087,1,82.01,11.01
ITEM-000002526,ORD-00001001,PROD-000006,3,20.4,0.63
ITEM-000002527,ORD-00001001,PROD-000184,2,133.98,5.81
ITEM-000002528,ORD-00001001,PROD-000018,5,116.66,5.04
ITEM-000002529,ORD-00001002,PROD-000268,1,101.37,7.92
ITEM-000002530,ORD-00001003,PROD-000228,1,119.68,14.32
ITEM-000002531,ORD-00001003,PROD-000025,4,124.64,19.12
ITEM-000002532,ORD-00001003,PROD-000128,3,144.64,26.29
ITEM-000002533,ORD-00001004,PROD-000047,1,16.68,1.41
ITEM-000002534,ORD-00001004,PROD-000008,3,169.86,27.87
ITEM-000002535,ORD-00001005,PROD-000113,1,38.45,6.13
ITEM-000002536,ORD-00001006,PROD-000086,1,126.38,10.51
ITEM-000002537,ORD-00001006,PROD-000056,3,207.38,13.38
ITEM-000002538,ORD-00001007,PROD-000107,5,9.55,0.75
ITEM-000002539,ORD-00001007,PROD-000220,1,23.88,1.11
ITEM-000002540,ORD-00001008,PROD-000183,3,197.83,6.87
ITEM-000002541,ORD-00001009,PROD-000162,1,263.26,20.49
ITEM-000002542,ORD-00001009,PROD-000235,2,121.53,1.6
ITEM-000002543,ORD-00001009,PROD-000143,5,136.71,10.09
ITEM-000002544,ORD-00001009,PROD-000035,2,17.96,1.48
ITEM-000002545,ORD-00001010,PROD-000053,5,113.39,17.94
ITEM-000002546,ORD-00001010,PROD-000292,2,123.71,6.23
ITEM-000002547,ORD-00001010,PROD-000049,5,162.37,10.53
ITEM-000002548,ORD-00001010,PROD-000199,2,250.55,16.64
ITEM-000002549,ORD-00001011,PROD-000247,1,95.38,6.39
ITEM-000002550,ORD-00001011,PROD-000300,4,90.24,6.9
ITEM-000002551,ORD-00001011,PROD-000120,5,150.5,17.68
ITEM-000002552,ORD-00001012,PROD-000120,1,150.5,18.55
ITEM-000002553,ORD-00001013,PROD-000159,2,115.09,16.99
ITEM-000002554,ORD-00001014,PROD-000041,1,146.19,4.02
ITEM-000002555,ORD-00001014,PROD-000256,3,26.12,1.06
ITEM-000002556,ORD-00001015,PROD-000105,1,56.39,2.68
ITEM-000002557,ORD-00001015,PROD-000228,3,119.68,3.21
ITEM-000002558,ORD-00001015,PROD-000163,1,87.64,9.13
ITEM-000002559,ORD-00001015,PROD-000213,3,151.52,22.74
ITEM-000002560,ORD-00001016,PROD-000170,3,124.7,6.04
ITEM-000002561,ORD-00001016,PROD-000277,1,89.29,16.19
ITEM-000002562,ORD-00001017,PROD-000114,5,178.3,31.12
ITEM-000002563,ORD-00001017,PROD-000267,3,237.37,8.71
ITEM-000002564,ORD-00001018,PROD-000034,4,22.91,0.32
ITEM-000002565,ORD-00001019,PROD-000027,2,268.28,50.34
ITEM-000002566,ORD-00001019,PROD-000065,1,11.5,0.4
ITEM-000002567,ORD-00001020,PROD-000121,5,258.33,4.04
ITEM-000002568,ORD-00001020,PROD-000240,3,62.18,2.04
ITEM-000002569,ORD-00001021,PROD-000126,4,87.75,3.1
ITEM-000002570,ORD-00001021,PROD-000128,3,144.64,8.25
ITEM-000002571,ORD-00001022,PROD-000104,3,157.98,27.25
ITEM-000002572,ORD-00001022,PROD-000247,1,95.38,18.14
ITEM-000002573,ORD-00001022,PROD-000185,4,183.85,13.89
ITEM-000002574,ORD-00001022,PROD-000242,4,248.42,21.0
ITEM-000002575,ORD-00001023,PROD-000080,4,141.46,0.56
ITEM-000002576,ORD-00001023,PROD-000196,4,266.04,45.44
ITEM-000002577,ORD-00001023,PROD-000154,5,128.85,13.84
ITEM-000002578,ORD-00001023,PROD-000284,2,47.52,2.45
ITEM-000002579,ORD-00001024,PROD-000157,4,15.55,0.88
ITEM-000002580,ORD-00001024,PROD-000288,5,13.25,1.27
ITEM-000002581,ORD-00001024,PROD-000171,2,85.33,12.2
ITEM-000002582,ORD-00001024,PROD-000101,2,132.99,24.37
ITEM-000002583,ORD-00001025,PROD-000007,5,234.37,34.24
ITEM-000002584,ORD-00001026,PROD-000252,4,138.21,25.59
ITEM-000002585,ORD-00001026,PROD-000203,3,217.05,16.67
ITEM-000002586,ORD-00001026,PROD-000158,5,51.52,0.73
ITEM-000002587,ORD-00001027,PROD-000064,4,39.81,7.42
ITEM-000002588,ORD-00001028,PROD-000100,4,199.6,38.21
ITEM-000002589,ORD-00001028,PROD-000179,5,215.5,30.56
ITEM-000002590,ORD-00001029,PROD-000030,4,45.68,8.46
ITEM-000002591,ORD-00001029,PROD-000127,2,79.49,7.59
ITEM-000002592,ORD-00001029,PROD-000186,1,39.92,5.57
ITEM-000002593,ORD-00001030,PROD-000134,5,240.79,21.93
ITEM-000002594,ORD-00001030,PROD-000076,3,192.0,9.5
ITEM-000002595,ORD-00001031,PROD-000007,1,234.37,36.14
ITEM-000002596,ORD-00001031,PROD-000197,4,142.58,20.13
ITEM-000002597,ORD-00001032,PROD-000266,2,145.38,25.47
ITEM-000002598,ORD-00001033,PROD-000219,3,170.99,23.66
ITEM-000002599,ORD-00001033,PROD-000257,5,285.25,37.57
ITEM-000002600,ORD-00001034,PROD-000158,4,51.52,7.75
ITEM-000002601,ORD-00001034,PROD-000046,1,37.28,4.74
ITEM-000002602,ORD-00001034,PROD-000177,2,110.22,5.93
ITEM-000002603,ORD-00001034,PROD-000108,4,129.74,18.14
ITEM-000002604,ORD-00001035,PROD-000087,4,82.01,0.03
ITEM-000002605,ORD-00001036,PROD-000214,5,199.19,16.61
ITEM-000002606,ORD-00001037,PROD-000221,2,68.23,2.41
ITEM-000002607,ORD-00001037,PROD-000096,2,261.99,10.38
ITEM-000002608,ORD-00001037,PROD-000094,5,220.54,41.84
ITEM-000002609,ORD-00001038,PROD-000291,2,181.27,6.73
ITEM-000002610,ORD-00001038,PROD-000031,2,215.03,34.8
ITEM-000002611,ORD-00001038,PROD-000099,3,85.82,16.87
ITEM-000002612,ORD-00001038,PROD-000210,4,24.0,3.01
ITEM-000002613,ORD-00001039,PROD-000086,1,126.38,7.41
ITEM-000002614,ORD-00001040,PROD-000064,3,39.81,0.51
ITEM-000002615,ORD-00001040,PROD-000016,5,56.87,2.67
ITEM-000002616,ORD-00001040,PROD-000249,1,45.99,0.09
ITEM-000002617,ORD-00001040,PROD-000137,1,34.68,4.61
ITEM-000002618,ORD-00001041,PROD-000050,2,41.26,4.31
ITEM-000002619,ORD-00001042,PROD-000193,5,177.84,18.5
ITEM-000002620,ORD-00001043,PROD-000249,4,45.99,6.96
ITEM-000002621,ORD-00001043,PROD-000220,3,23.88,1.77
ITEM-000002622,ORD-00001043,PROD-000176,3,207.29,33.86
ITEM-000002623,ORD-00001044,PROD-000205,4,111.74,13.65
ITEM-000002624,ORD-00001044,PROD-000183,3,197.83,31.9
ITEM-000002625,ORD-00001044,PROD-000002,4,24.12,4.2
ITEM-000002626,ORD-00001045,PROD-000072,1,70.42,8.48
ITEM-000002627,ORD-00001045,PROD-000272,3,241.9,46.01
ITEM-000002628,ORD-00001045,PROD-000128,3,144.64,13.07
ITEM-000002629,ORD-00001045,PROD-000244,5,54.61,4.51
ITEM-000002630,ORD-00001046,PROD-000002,3,24.12,0.08
ITEM-000002631,ORD-00001046,PROD-000185,1,183.85,35.65
ITEM-000002632,ORD-00001047,PROD-000228,2,119.68,14.52
ITEM-000002633,ORD-00001047,PROD-000205,5,111.74,17.74
ITEM-000002634,ORD-00001047,PROD-000179,4,215.5,40.47
ITEM-000002635,ORD-00001048,PROD-000052,4,197.07,11.58
ITEM-000002636,ORD-00001048,PROD-000100,2,199.6,34.72
ITEM-000002637,ORD-00001048,PROD-000293,5,32.6,0.21
ITEM-000002638,ORD-00001048,PROD-000255,1,36.59,2.21
ITEM-000002639,ORD-00001049,PROD-000087,4,82.01,15.66
ITEM-000002640,ORD-00001049,PROD-000247,5,95.38,4.6
ITEM-000002641,ORD-00001049,PROD-000109,2,82.03,12.36
ITEM-000002642,ORD-00001049,PROD-000046,1,37.28,3.24
ITEM-000002643,ORD-00001050,PROD-000083,3,56.68,10.23
ITEM-000002644,ORD-00001051,PROD-000113,3,38.45,5.12
ITEM-000002645,ORD-00001051,PROD-000064,2,39.81,7.35
ITEM-000002646,ORD-00001051,PROD-000252,1,138.21,21.99
ITEM-000002647,ORD-00001052,PROD-000115,5,48.49,7.43
ITEM-000002648,ORD-00001052,PROD-000034,3,22.91,1.73
ITEM-000002649,ORD-00001052,PROD-000196,5,266.04,51.41
ITEM-000002650,ORD-00001053,PROD-000120,2,150.5,7.8
ITEM-000002651,ORD-00001053,PROD-000149,1,175.39,3.91
ITEM-000002652,ORD-00001053,PROD-000175,5,285.03,53.43
ITEM-000002653,ORD-00001053,PROD-000060,5,175.48,12.91
ITEM-000002654,ORD-00001054,PROD-000195,5,272.68,40.19
ITEM-000002655,ORD-00001054,PROD-000160,1,96.22,11.36
ITEM-000002656,ORD-00001054,PROD-000098,4,54.47,10.67
ITEM-000002657,ORD-00001055,PROD-000187,2,71.53,7.44
ITEM-000002658,ORD-00001055,PROD-000114,1,178.3,14.1
ITEM-000002659,ORD-00001055,PROD-000276,4,96.15,6.08
ITEM-000002660,ORD-00001056,PROD-000113,4,38.45,5.23
ITEM-000002661,ORD-00001056,PROD-000076,5,192.0,10.88
ITEM-000002662,ORD-00001056,PROD-000018,5,116.66,7.47
ITEM-000002663,ORD-00001057,PROD-000141,5,197.96,18.94
ITEM-000002664,ORD-00001058,PROD-000254,3,59.19,8.34
ITEM-000002665,ORD-00001058,PROD-000193,1,177.84,34.9
ITEM-000002666,ORD-00001059,PROD-000079,2,158.41,26.87
ITEM-000002667,ORD-00001059,PROD-000116,1,189.39,34.97
ITEM-000002668,ORD-00001059,PROD-000092,4,68.92,10.03
ITEM-000002669,ORD-00001060,PROD-000082,1,153.69,16.84
ITEM-000002670,ORD-00001060,PROD-000173,4,253.18,34.33
ITEM-000002671,ORD-00001060,PROD-000179,4,215.5,16.85
ITEM-000002672,ORD-00001061,PROD-000145,2,223.58,31.35
ITEM-000002673,ORD-00001061,PROD-000281,4,205.29,4.0
ITEM-000002674,ORD-00001061,PROD-000166,5,161.73,28.01
ITEM-000002675,ORD-00001062,PROD-000156,4,108.51,14.21
ITEM-000002676,ORD-00001063,PROD-000227,4,231.18,13.46
ITEM-000002677,ORD-00001063,PROD-000075,2,62.62,2.73
ITEM-000002678,ORD-00001064,PROD-000005,3,162.22,23.55
ITEM-000002679,ORD-00001064,PROD-000295,1,19.6,2.66
ITEM-000002680,ORD-00001065,PROD-000193,4,177.84,24.17
ITEM-000002681,ORD-00001065,PROD-000087,1,82.01,1.58
ITEM-000002682,ORD-00001066,PROD-000092,1,68.92,1.62
ITEM-000002683,ORD-00001066,PROD-000264,3,25.07,2.98
ITEM-000002684,ORD-00001066,PROD-000077,4,105.6,5.17
ITEM-000002685,ORD-00001066,PROD-000061,2,156.43,12.41
ITEM-000002686,ORD-00001067,PROD-000089,4,64.06,9.94
ITEM-000002687,ORD-00001067,PROD-000046,4,37.28,6.45
ITEM-000002688,ORD-00001067,PROD-000196,3,266.04,33.65
ITEM-000002689,ORD-00001068,PROD-000189,1,238.16,5.72
ITEM-000002690,ORD-00001068,PROD-000043,1,44.85,4.39
ITEM-000002691,ORD-00001068,PROD-000261,2,28.24,0.13
ITEM-000002692,ORD-00001068,PROD-000294,5,268.13,25.71
ITEM-000002693,ORD-00001069,PROD-000093,4,178.93,17.33
ITEM-000002694,ORD-00001070,PROD-000153,5,111.79,2.8
ITEM-000002695,ORD-00001070,PROD-000167,1,71.98,10.28
ITEM-000002696,ORD-00001070,PROD-000276,2,96.15,7.79
ITEM-000002697,ORD-00001070,PROD-000011,4,40.55,4.51
ITEM-000002698,ORD-00001071,PROD-000033,5,93.06,15.58
ITEM-000002699,ORD-00001071,PROD-000276,1,96.15,14.49
ITEM-000002700,ORD-00001071,PROD-000107,1,9.55,0.35
ITEM-000002701,ORD-00001071,PROD-000093,1,178.93,19.85
ITEM-000002702,ORD-00001072,PROD-000063,1,42.54,1.1
ITEM-000002703,ORD-00001072,PROD-000106,2,222.78,3.91
ITEM-000002704,ORD-00001072,PROD-000132,1,261.68,4.43
ITEM-000002705,ORD-00001073,PROD-000260,3,87.01,6.33
ITEM-000002706,ORD-00001074,PROD-000217,1,39.78,1.98
ITEM-000002707,ORD-00001074,PROD-000024,5,195.99,35.46
ITEM-000002708,ORD-00001075,PROD-000274,4,105.23,2.94
ITEM-000002709,ORD-00001075,PROD-000252,3,138.21,14.45
ITEM-000002710,ORD-00001075,PROD-000181,5,155.05,16.69
ITEM-000002711,ORD-00001076,PROD-000051,1,151.67,7.19
ITEM-000002712,ORD-00001076,PROD-000097,2,186.58,11.18
ITEM-000002713,ORD-00001077,PROD-000069,5,294.54,32.52
ITEM-000002714,ORD-00001077,PROD-000184,3,133.98,3.44
ITEM-000002715,ORD-00001078,PROD-000039,5,21.15,1.08
ITEM-000002716,ORD-00001078,PROD-000196,2,266.04,21.29
ITEM-000002717,ORD-00001078,PROD-000043,3,44.85,6.07
ITEM-000002718,ORD-00001078,PROD-000074,5,214.62,8.75
ITEM-000002719,ORD-00001079,PROD-000099,3,85.82,9.67
ITEM-000002720,ORD-00001079,PROD-000262,5,149.73,4.91
ITEM-000002721,ORD-00001079,PROD-000079,3,158.41,31.44
ITEM-000002722,ORD-00001080,PROD-000195,1,272.68,52.57
ITEM-000002723,ORD-00001080,PROD-000127,1,79.49,4.29
ITEM-000002724,ORD-00001080,PROD-000273,1,164.42,22.49
ITEM-000002725,ORD-00001080,PROD-000209,1,179.59,11.83
ITEM-000002726,ORD-00001081,PROD-000186,3,39.92,6.21
ITEM-000002727,ORD-00001082,PROD-000116,3,189.39,0.37
ITEM-000002728,ORD-00001082,PROD-000194,2,65.76,4.98
ITEM-000002729,ORD-00001083,PROD-000064,2,39.81,4.19
ITEM-000002730,ORD-00001084,PROD-000251,1,149.42,15.81
ITEM-000002731,ORD-00001084,PROD-000293,3,32.6,3.6
ITEM-000002732,ORD-00001084,PROD-000051,1,151.67,5.18
ITEM-000002733,ORD-00001085,PROD-000093,3,178.93,28.85
ITEM-000002734,ORD-00001085,PROD-000273,5,164.42,19.55
ITEM-000002735,ORD-00001085,PROD-000207,4,264.8,31.37
ITEM-000002736,ORD-00001085,PROD-000133,1,67.78,9.31
ITEM-000002737,ORD-00001086,PROD-000065,2,11.5,0.87
ITEM-000002738,ORD-00001086,PROD-000137,1,34.68,6.37
ITEM-000002739,ORD-00001087,PROD-000128,5,144.64,12.1
ITEM-000002740,ORD-00001087,PROD-000235,2,121.53,10.67
ITEM-000002741,ORD-00001087,PROD-000182,4,262.82,26.4
ITEM-000002742,ORD-00001088,PROD-000220,5,23.88,4.5
ITEM-000002743,ORD-00001088,PROD-000118,3,182.0,23.14
ITEM-000002744,ORD-00001088,PROD-000045,3,139.38,11.33
ITEM-000002745,ORD-00001089,PROD-000047,1,16.68,0.26
ITEM-000002746,ORD-00001089,PROD-000123,1,211.38,6.98
ITEM-000002747,ORD-00001089,PROD-000030,1,45.68,6.79
ITEM-000002748,ORD-00001090,PROD-000006,4,20.4,2.76
ITEM-000002749,ORD-00001090,PROD-000070,4,170.09,16.93
ITEM-000002750,ORD-00001090,PROD-000273,1,164.42,13.33
ITEM-000002751,ORD-00001090,PROD-000098,1,54.47,7.78
ITEM-000002752,ORD-00001091,PROD-000126,5,87.75,12.01
ITEM-000002753,ORD-00001091,PROD-000022,5,178.72,16.04
ITEM-000002754,ORD-00001091,PROD-000087,5,82.01,14.82
ITEM-000002755,ORD-00001092,PROD-000039,3,21.15,3.55
ITEM-000002756,ORD-00001092,PROD-000264,3,25.07,4.78
ITEM-000002757,ORD-00001093,PROD-000254,4,59.19,2.02
ITEM-000002758,ORD-00001093,PROD-000058,3,86.29,15.77
ITEM-000002759,ORD-00001093,PROD-000128,5,144.64,24.61
ITEM-000002760,ORD-00001093,PROD-000061,3,156.43,9.36
ITEM-000002761,ORD-00001094,PROD-000136,2,57.07,0.03
ITEM-000002762,ORD-00001094,PROD-000292,4,123.71,5.38
ITEM-000002763,ORD-00001094,PROD-000157,5,15.55,2.57
ITEM-000002764,ORD-00001095,PROD-000238,5,67.16,11.4
ITEM-000002765,ORD-00001096,PROD-000183,1,197.83,24.35
ITEM-000002766,ORD-00001097,PROD-000153,3,111.79,2.4
ITEM-000002767,ORD-00001097,PROD-000180,2,175.36,14.1
ITEM-000002768,ORD-00001097,PROD-000005,1,162.22,13.98
ITEM-000002769,ORD-00001098,PROD-000044,5,31.7,3.26
ITEM-000002770,ORD-00001098,PROD-000079,4,158.41,3.92
ITEM-000002771,ORD-00001099,PROD-000004,2,61.96,9.53
ITEM-000002772,ORD-00001099,PROD-000129,2,145.51,13.7
ITEM-000002773,ORD-00001099,PROD-000192,3,222.13,16.19
ITEM-000002774,ORD-00001099,PROD-000094,5,220.54,35.8
ITEM-000002775,ORD-00001100,PROD-000225,4,155.38,5.03
ITEM-000002776,ORD-00001101,PROD-000223,1,37.75,2.71
ITEM-000002777,ORD-00001101,PROD-000102,1,242.49,9.19
ITEM-000002778,ORD-00001101,PROD-000021,2,258.38,20.39
ITEM-000002779,ORD-00001102,PROD-000017,2,59.6,7.94
ITEM-000002780,ORD-00001102,PROD-000246,3,42.16,1.0
ITEM-000002781,ORD-00001102,PROD-000251,5,149.42,14.81
ITEM-000002782,ORD-00001103,PROD-000167,4,71.98,7.22
ITEM-000002783,ORD-00001103,PROD-000200,2,169.62,3.72
ITEM-000002784,ORD-00001104,PROD-000011,2,40.55,1.26
ITEM-000002785,ORD-00001105,PROD-000122,1,174.47,23.67
ITEM-000002786,ORD-00001106,PROD-000220,5,23.88,3.52
ITEM-000002787,ORD-00001106,PROD-000223,4,37.75,2.19
ITEM-000002788,ORD-00001106,PROD-000249,1,45.99,7.0
ITEM-000002789,ORD-00001107,PROD-000079,5,158.41,5.92
ITEM-000002790,ORD-00001107,PROD-000144,1,184.59,31.9
ITEM-000002791,ORD-00001108,PROD-000220,2,23.88,2.26
ITEM-000002792,ORD-00001108,PROD-000053,5,113.39,13.86
ITEM-000002793,ORD-00001109,PROD-000077,2,105.6,2.54
ITEM-000002794,ORD-00001109,PROD-000206,1,129.81,7.11
ITEM-000002795,ORD-00001110,PROD-000075,4,62.62,0.22
ITEM-000002796,ORD-00001110,PROD-000103,1,155.54,26.89
ITEM-000002797,ORD-00001111,PROD-000209,5,179.59,11.01
ITEM-000002798,ORD-00001111,PROD-000119,2,241.98,16.27
ITEM-000002799,ORD-00001111,PROD-000246,1,42.16,4.3
ITEM-000002800,ORD-00001111,PROD-000027,3,268.28,5.91
ITEM-000002801,ORD-00001112,PROD-000144,3,184.59,26.27
ITEM-000002802,ORD-00001112,PROD-000127,3,79.49,14.23
ITEM-000002803,ORD-00001112,PROD-000094,1,220.54,0.02
ITEM-000002804,ORD-00001113,PROD-000109,3,82.03,7.74
ITEM-000002805,ORD-00001113,PROD-000052,4,197.07,7.29
ITEM-000002806,ORD-00001113,PROD-000252,3,138.21,9.24
ITEM-000002807,ORD-00001114,PROD-000050,1,41.26,5.64
ITEM-000002808,ORD-00001115,PROD-000170,3,124.7,18.49
ITEM-000002809,ORD-00001115,PROD-000186,5,39.92,4.22
ITEM-000002810,ORD-00001116,PROD-000122,3,174.47,7.33
ITEM-000002811,ORD-00001116,PROD-000197,1,142.58,25.3
ITEM-000002812,ORD-00001116,PROD-000067,5,47.96,1.15
ITEM-000002813,ORD-00001117,PROD-000099,4,85.82,15.89
ITEM-000002814,ORD-00001117,PROD-000039,5,21.15,2.62
ITEM-000002815,ORD-00001118,PROD-000243,2,179.01,19.1
ITEM-000002816,ORD-00001118,PROD-000079,1,158.41,4.05
ITEM-000002817,ORD-00001118,PROD-000215,5,145.42,20.7
ITEM-000002818,ORD-00001119,PROD-000188,4,170.88,21.53
ITEM-000002819,ORD-00001119,PROD-000061,4,156.43,2.12
ITEM-000002820,ORD-00001119,PROD-000215,5,145.42,27.09
ITEM-000002821,ORD-00001120,PROD-000086,5,126.38,6.93
ITEM-000002822,ORD-00001121,PROD-000149,1,175.39,33.53
ITEM-000002823,ORD-00001121,PROD-000032,2,114.8,17.01
ITEM-000002824,ORD-00001122,PROD-000254,5,59.19,10.3
ITEM-000002825,ORD-00001122,PROD-000039,2,21.15,1.85
ITEM-000002826,ORD-00001122,PROD-000261,4,28.24,3.18
ITEM-000002827,ORD-00001122,PROD-000200,4,169.62,20.6
ITEM-000002828,ORD-00001123,PROD-000095,1,256.52,8.21
ITEM-000002829,ORD-00001123,PROD-000112,5,194.6,27.12
ITEM-000002830,ORD-00001124,PROD-000258,5,173.11,8.96
ITEM-000002831,ORD-00001124,PROD-000113,3,38.45,5.45
ITEM-000002832,ORD-00001124,PROD-000283,1,40.56,1.39
ITEM-000002833,ORD-00001124,PROD-000024,5,195.99,9.34
ITEM-000002834,ORD-00001125,PROD-000076,3,192.0,35.61
ITEM-000002835,ORD-00001126,PROD-000027,2,268.28,53.09
ITEM-000002836,ORD-00001126,PROD-000108,5,129.74,3.01
ITEM-000002837,ORD-00001126,PROD-000178,5,192.03,37.34
ITEM-000002838,ORD-00001127,PROD-000043,5,44.85,2.37
ITEM-000002839,ORD-00001127,PROD-000069,4,294.54,52.92
ITEM-000002840,ORD-00001127,PROD-000151,3,206.31,40.65
ITEM-000002841,ORD-00001128,PROD-000183,2,197.83,28.9
ITEM-000002842,ORD-00001129,PROD-000091,3,82.4,16.01
ITEM-000002843,ORD-00001129,PROD-000276,5,96.15,2.05
ITEM-000002844,ORD-00001129,PROD-000196,3,266.04,46.29
ITEM-000002845,ORD-00001130,PROD-000227,2,231.18,14.99
ITEM-000002846,ORD-00001130,PROD-000105,5,56.39,7.1
ITEM-000002847,ORD-00001131,PROD-000080,4,141.46,6.56
ITEM-000002848,ORD-00001131,PROD-000223,3,37.75,1.12
ITEM-000002849,ORD-00001131,PROD-000246,1,42.16,4.18
ITEM-000002850,ORD-00001131,PROD-000236,2,24.26,3.96
ITEM-000002851,ORD-00001132,PROD-000097,5,186.58,18.3
ITEM-000002852,ORD-00001132,PROD-000093,3,178.93,0.75
ITEM-000002853,ORD-00001133,PROD-000091,4,82.4,11.33
ITEM-000002854,ORD-00001133,PROD-000097,1,186.58,5.36
ITEM-000002855,ORD-00001134,PROD-000126,4,87.75,15.96
ITEM-000002856,ORD-00001134,PROD-000207,1,264.8,38.36
ITEM-000002857,ORD-00001134,PROD-000071,1,48.6,5.86
ITEM-000002858,ORD-00001134,PROD-000194,4,65.76,0.27
ITEM-000002859,ORD-00001135,PROD-000023,2,61.71,3.07
ITEM-000002860,ORD-00001136,PROD-000138,2,256.34,48.12
ITEM-000002861,ORD-00001137,PROD-000005,1,162.22,17.6
ITEM-000002862,ORD-00001138,PROD-000044,2,31.7,0.88
ITEM-000002863,ORD-00001138,PROD-000289,4,86.07,14.04
ITEM-000002864,ORD-00001138,PROD-000158,3,51.52,4.93
ITEM-000002865,ORD-00001139,PROD-000029,5,254.26,35.19
ITEM-000002866,ORD-00001139,PROD-000279,1,88.92,0.38
ITEM-000002867,ORD-00001140,PROD-000053,5,113.39,6.73
ITEM-000002868,ORD-00001141,PROD-000073,1,65.08,11.87
ITEM-000002869,ORD-00001141,PROD-000013,2,89.16,7.62
ITEM-000002870,ORD-00001141,PROD-000076,3,192.0,25.17
ITEM-000002871,ORD-00001141,PROD-000116,4,189.39,26.01
ITEM-000002872,ORD-00001142,PROD-000252,2,138.21,27.39
ITEM-000002873,ORD-00001143,PROD-000053,3,113.39,8.1
ITEM-000002874,ORD-00001143,PROD-000171,1,85.33,6.15
ITEM-000002875,ORD-00001144,PROD-000023,5,61.71,1.86
ITEM-000002876,ORD-00001145,PROD-000272,3,241.9,29.01
ITEM-000002877,ORD-00001145,PROD-000218,2,184.34,32.93
ITEM-000002878,ORD-00001145,PROD-000155,5,199.69,32.65
ITEM-000002879,ORD-00001145,PROD-000179,1,215.5,11.68
ITEM-000002880,ORD-00001146,PROD-000189,3,238.16,38.62
ITEM-000002881,ORD-00001146,PROD-000040,1,52.71,9.08
ITEM-000002882,ORD-00001146,PROD-000077,2,105.6,6.76
ITEM-000002883,ORD-00001146,PROD-000200,4,169.62,24.47
ITEM-000002884,ORD-00001147,PROD-000035,1,17.96,2.08
ITEM-000002885,ORD-00001147,PROD-000143,2,136.71,2.47
ITEM-000002886,ORD-00001147,PROD-000066,2,12.81,1.97
ITEM-000002887,ORD-00001147,PROD-000181,3,155.05,15.33
ITEM-000002888,ORD-00001148,PROD-000212,5,196.7,31.22
ITEM-000002889,ORD-00001148,PROD-000171,2,85.33,13.69
ITEM-000002890,ORD-00001148,PROD-000126,4,87.75,7.35
ITEM-000002891,ORD-00001148,PROD-000255,5,36.59,3.91
ITEM-000002892,ORD-00001149,PROD-000197,1,142.58,16.57
ITEM-000002893,ORD-00001149,PROD-000216,5,179.85,20.79
ITEM-000002894,ORD-00001150,PROD-000045,2,139.38,10.08
ITEM-000002895,ORD-00001150,PROD-000105,1,56.39,4.09
ITEM-000002896,ORD-00001151,PROD-000069,1,294.54,3.51
ITEM-000002897,ORD-00001151,PROD-000179,3,215.5,36.58
ITEM-000002898,ORD-00001151,PROD-000072,3,70.42,6.48
ITEM-000002899,ORD-00001151,PROD-000283,4,40.56,1.97
ITEM-000002900,ORD-00001152,PROD-000029,2,254.26,5.96
ITEM-000002901,ORD-00001152,PROD-000074,4,214.62,31.47
ITEM-000002902,ORD-00001153,PROD-000191,1,254.19,35.66
ITEM-000002903,ORD-00001153,PROD-000298,1,75.81,7.23
ITEM-000002904,ORD-00001153,PROD-000081,1,132.7,3.9
ITEM-000002905,ORD-00001153,PROD-000073,1,65.08,3.19
ITEM-000002906,ORD-00001154,PROD-000292,4,123.71,3.7
ITEM-000002907,ORD-00001155,PROD-000241,2,199.27,29.82
ITEM-000002908,ORD-00001155,PROD-000154,4,128.85,10.6
ITEM-000002909,ORD-00001156,PROD-000228,1,119.68,6.86
ITEM-000002910,ORD-00001156,PROD-000080,1,141.46,24.93
ITEM-000002911,ORD-00001156,PROD-000017,5,59.6,8.95
ITEM-000002912,ORD-00001157,PROD-000006,4,20.4,3.4
ITEM-000002913,ORD-00001157,PROD-000233,5,153.78,21.88
ITEM-000002914,ORD-00001158,PROD-000293,5,32.6,2.0
ITEM-000002915,ORD-00001158,PROD-000117,4,220.67,41.11
ITEM-000002916,ORD-00001158,PROD-000140,1,113.52,11.84
ITEM-000002917,ORD-00001159,PROD-000109,4,82.03,10.16
ITEM-000002918,ORD-00001159,PROD-000113,4,38.45,1.41
ITEM-000002919,ORD-00001160,PROD-000240,4,62.18,3.89
ITEM-000002920,ORD-00001161,PROD-000195,2,272.68,2.98
ITEM-000002921,ORD-00001161,PROD-000191,4,254.19,9.9
ITEM-000002922,ORD-00001161,PROD-000056,1,207.38,3.23
ITEM-000002923,ORD-00001161,PROD-000172,1,183.04,8.77
ITEM-000002924,ORD-00001162,PROD-000278,1,201.25,2.63
ITEM-000002925,ORD-00001162,PROD-000006,3,20.4,0.77
ITEM-000002926,ORD-00001163,PROD-000017,2,59.6,3.21
ITEM-000002927,ORD-00001163,PROD-000292,5,123.71,1.11
ITEM-000002928,ORD-00001164,PROD-000024,1,195.99,12.33
ITEM-000002929,ORD-00001164,PROD-000159,1,115.09,22.57
ITEM-000002930,ORD-00001164,PROD-000145,4,223.58,22.37
ITEM-000002931,ORD-00001164,PROD-000162,4,263.26,38.21
ITEM-000002932,ORD-00001165,PROD-000050,3,41.26,3.36
ITEM-000002933,ORD-00001165,PROD-000258,1,173.11,17.39
ITEM-000002934,ORD-00001166,PROD-000013,5,89.16,14.2
ITEM-000002935,ORD-00001166,PROD-000245,5,6.0,1.04
ITEM-000002936,ORD-00001167,PROD-000149,2,175.39,5.32
ITEM-000002937,ORD-00001168,PROD-000041,1,146.19,27.86
ITEM-000002938,ORD-00001168,PROD-000119,2,241.98,39.08
ITEM-000002939,ORD-00001168,PROD-000073,2,65.08,12.93
ITEM-000002940,ORD-00001168,PROD-000257,5,285.25,56.61
ITEM-000002941,ORD-00001169,PROD-000230,2,66.97,4.54
ITEM-000002942,ORD-00001169,PROD-000185,5,183.85,31.47
ITEM-000002943,ORD-00001169,PROD-000221,1,68.23,12.15
ITEM-000002944,ORD-00001170,PROD-000123,2,211.38,42.15
ITEM-000002945,ORD-00001170,PROD-000039,2,21.15,2.4
ITEM-000002946,ORD-00001170,PROD-000255,1,36.59,5.89
ITEM-000002947,ORD-00001170,PROD-000074,3,214.62,23.49
ITEM-000002948,ORD-00001171,PROD-000256,1,26.12,2.38
ITEM-000002949,ORD-00001172,PROD-000152,2,40.04,0.55
ITEM-000002950,ORD-00001172,PROD-000296,3,161.45,11.41
ITEM-000002951,ORD-00001173,PROD-000092,4,68.92,3.56
ITEM-000002952,ORD-00001174,PROD-000132,4,261.68,34.03
ITEM-000002953,ORD-00001174,PROD-000072,1,70.42,13.69
ITEM-000002954,ORD-00001174,PROD-000250,1,168.52,12.25
ITEM-000002955,ORD-00001174,PROD-000147,4,65.7,5.37
ITEM-000002956,ORD-00001175,PROD-000226,3,148.45,15.22
ITEM-000002957,ORD-00001175,PROD-000161,3,9.57,0.16
ITEM-000002958,ORD-00001176,PROD-000260,4,87.01,4.57
ITEM-000002959,ORD-00001176,PROD-000022,5,178.72,34.94
ITEM-000002960,ORD-00001176,PROD-000030,2,45.68,6.39
ITEM-000002961,ORD-00001176,PROD-000288,1,13.25,0.41
ITEM-000002962,ORD-00001177,PROD-000149,4,175.39,5.55
ITEM-000002963,ORD-00001178,PROD-000038,2,87.71,6.81
ITEM-000002964,ORD-00001178,PROD-000237,1,214.52,14.97
ITEM-000002965,ORD-00001178,PROD-000240,5,62.18,11.19
ITEM-000002966,ORD-00001178,PROD-000239,1,261.64,4.49
ITEM-000002967,ORD-00001179,PROD-000204,4,193.75,7.73
ITEM-000002968,ORD-00001180,PROD-000034,3,22.91,1.57
ITEM-000002969,ORD-00001180,PROD-000249,2,45.99,6.46
ITEM-000002970,ORD-00001180,PROD-000244,1,54.61,3.04
ITEM-000002971,ORD-00001181,PROD-000280,2,137.35,26.06
ITEM-000002972,ORD-00001182,PROD-000110,3,230.22,26.16
ITEM-000002973,ORD-00001182,PROD-000195,1,272.68,51.07
ITEM-000002974,ORD-00001183,PROD-000221,4,68.23,2.91
ITEM-000002975,ORD-00001183,PROD-000109,1,82.03,15.63
ITEM-000002976,ORD-00001183,PROD-000217,3,39.78,2.01
ITEM-000002977,ORD-00001184,PROD-000043,2,44.85,0.62
ITEM-000002978,ORD-00001184,PROD-000208,1,11.88,0.71
ITEM-000002979,ORD-00001185,PROD-000215,5,145.42,6.23
ITEM-000002980,ORD-00001185,PROD-000133,2,67.78,11.26
ITEM-000002981,ORD-00001185,PROD-000048,4,239.02,16.35
ITEM-000002982,ORD-00001185,PROD-000153,2,111.79,4.44
ITEM-000002983,ORD-00001186,PROD-000247,4,95.38,10.22
ITEM-000002984,ORD-00001186,PROD-000083,4,56.68,4.02
ITEM-000002985,ORD-00001186,PROD-000293,4,32.6,5.37
ITEM-000002986,ORD-00001186,PROD-000288,5,13.25,0.53
ITEM-000002987,ORD-00001187,PROD-000166,3,161.73,0.46
ITEM-000002988,ORD-00001187,PROD-000235,2,121.53,12.14
ITEM-000002989,ORD-00001188,PROD-000059,4,24.94,1.31
ITEM-000002990,ORD-00001188,PROD-000002,4,24.12,4.55
ITEM-000002991,ORD-00001188,PROD-000065,4,11.5,1.47
ITEM-000002992,ORD-00001189,PROD-000019,2,146.76,21.89
ITEM-000002993,ORD-00001190,PROD-000216,5,179.85,27.85
ITEM-000002994,ORD-00001190,PROD-000194,2,65.76,4.58
ITEM-000002995,ORD-00001191,PROD-000296,1,161.45,11.96
ITEM-000002996,ORD-00001191,PROD-000187,1,71.53,4.32
ITEM-000002997,ORD-00001192,PROD-000258,1,173.11,24.21
ITEM-000002998,ORD-00001192,PROD-000234,4,86.25,7.08
ITEM-000002999,ORD-00001192,PROD-000181,5,155.05,13.21
ITEM-000003000,ORD-00001193,PROD-000059,2,24.94,2.29
ITEM-000003001,ORD-00001193,PROD-000192,2,222.13,24.56
ITEM-000003002,ORD-00001193,PROD-000084,5,138.49,12.07
ITEM-000003003,ORD-00001194,PROD-000224,3,108.39,15.22
ITEM-000003004,ORD-00001194,PROD-000051,1,151.67,24.45
ITEM-000003005,ORD-00001194,PROD-000054,1,6.16,0.8
ITEM-000003006,ORD-00001195,PROD-000054,4,6.16,0.92
ITEM-000003007,ORD-00001195,PROD-000279,1,88.92,11.27
ITEM-000003008,ORD-00001195,PROD-000258,5,173.11,27.9
ITEM-000003009,ORD-00001195,PROD-000149,4,175.39,7.43
ITEM-000003010,ORD-00001196,PROD-000283,4,40.56,0.93
ITEM-000003011,ORD-00001196,PROD-000241,1,199.27,13.97
ITEM-000003012,ORD-00001196,PROD-000238,4,67.16,12.2
ITEM-000003013,ORD-00001196,PROD-000203,1,217.05,40.79
ITEM-000003014,ORD-00001197,PROD-000260,3,87.01,4.66
ITEM-000003015,ORD-00001197,PROD-000136,3,57.07,9.57
ITEM-000003016,ORD-00001198,PROD-000124,1,85.6,15.41
ITEM-000003017,ORD-00001198,PROD-000213,1,151.52,0.47
ITEM-000003018,ORD-00001198,PROD-000079,3,158.41,26.64
ITEM-000003019,ORD-00001198,PROD-000266,5,145.38,9.23
ITEM-000003020,ORD-00001199,PROD-000293,4,32.6,1.58
ITEM-000003021,ORD-00001199,PROD-000201,2,154.94,19.1
ITEM-000003022,ORD-00001200,PROD-000027,5,268.28,23.02
ITEM-000003023,ORD-00001200,PROD-000200,2,169.62,13.68
ITEM-000003024,ORD-00001200,PROD-000163,5,87.64,2.78
ITEM-000003025,ORD-00001200,PROD-000119,1,241.98,34.36
ITEM-000003026,ORD-00001201,PROD-000259,1,58.93,7.44
ITEM-000003027,ORD-00001201,PROD-000201,3,154.94,25.95
ITEM-000003028,ORD-00001202,PROD-000166,2,161.73,3.02
ITEM-000003029,ORD-00001202,PROD-000014,4,250.44,0.58
ITEM-000003030,ORD-00001203,PROD-000015,5,77.71,11.0
ITEM-000003031,ORD-00001203,PROD-000041,5,146.19,11.18
ITEM-000003032,ORD-00001204,PROD-000233,3,153.78,5.74
ITEM-000003033,ORD-00001204,PROD-000114,3,178.3,6.91
ITEM-000003034,ORD-00001205,PROD-000194,3,65.76,8.67
ITEM-000003035,ORD-00001205,PROD-000141,1,197.96,37.02
ITEM-000003036,ORD-00001206,PROD-000297,1,225.62,5.01
ITEM-000003037,ORD-00001207,PROD-000055,2,139.15,7.86
ITEM-000003038,ORD-00001208,PROD-000048,1,239.02,23.63
ITEM-000003039,ORD-00001208,PROD-000186,2,39.92,3.12
ITEM-000003040,ORD-00001209,PROD-000012,4,166.44,2.45
ITEM-000003041,ORD-00001209,PROD-000040,2,52.71,7.25
ITEM-000003042,ORD-00001209,PROD-000193,3,177.84,22.53
ITEM-000003043,ORD-00001209,PROD-000231,2,126.83,4.56
ITEM-000003044,ORD-00001210,PROD-000092,5,68.92,8.7
ITEM-000003045,ORD-00001211,PROD-000061,3,156.43,31.09
ITEM-000003046,ORD-00001212,PROD-000280,1,137.35,4.35
ITEM-000003047,ORD-00001212,PROD-000131,1,157.33,6.07
ITEM-000003048,ORD-00001212,PROD-000016,5,56.87,0.26
ITEM-000003049,ORD-00001212,PROD-000263,2,60.67,2.62
ITEM-000003050,ORD-00001213,PROD-000059,2,24.94,0.15
ITEM-000003051,ORD-00001213,PROD-000071,2,48.6,0.81
ITEM-000003052,ORD-00001213,PROD-000065,3,11.5,0.63
ITEM-000003053,ORD-00001214,PROD-000048,3,239.02,33.85
ITEM-000003054,ORD-00001214,PROD-000151,4,206.31,30.75
ITEM-000003055,ORD-00001215,PROD-000224,5,108.39,20.51
ITEM-000003056,ORD-00001215,PROD-000099,3,85.82,2.97
ITEM-000003057,ORD-00001215,PROD-000144,4,184.59,3.8
ITEM-000003058,ORD-00001215,PROD-000160,2,96.22,15.28
ITEM-000003059,ORD-00001216,PROD-000222,4,173.52,14.71
ITEM-000003060,ORD-00001216,PROD-000140,3,113.52,14.14
ITEM-000003061,ORD-00001216,PROD-000197,4,142.58,5.7
ITEM-000003062,ORD-00001216,PROD-000181,3,155.05,27.84
ITEM-000003063,ORD-00001217,PROD-000231,2,126.83,22.56
ITEM-000003064,ORD-00001218,PROD-000210,3,24.0,2.9
ITEM-000003065,ORD-00001218,PROD-000272,3,241.9,19.27
ITEM-000003066,ORD-00001218,PROD-000059,2,24.94,4.04
ITEM-000003067,ORD-00001219,PROD-000096,3,261.99,12.85
ITEM-000003068,ORD-00001219,PROD-000111,3,8.47,0.63
ITEM-000003069,ORD-00001219,PROD-000161,1,9.57,0.02
ITEM-000003070,ORD-00001219,PROD-000006,3,20.4,0.87
ITEM-000003071,ORD-00001220,PROD-000120,5,150.5,1.99
ITEM-000003072,ORD-00001220,PROD-000146,5,200.24,8.5
ITEM-000003073,ORD-00001220,PROD-000112,1,194.6,21.83
ITEM-000003074,ORD-00001221,PROD-000294,4,268.13,36.58
ITEM-000003075,ORD-00001222,PROD-000163,3,87.64,3.47
ITEM-000003076,ORD-00001222,PROD-000026,4,248.15,24.75
ITEM-000003077,ORD-00001222,PROD-000141,4,197.96,4.72
ITEM-000003078,ORD-00001222,PROD-000232,2,124.85,15.02
ITEM-000003079,ORD-00001223,PROD-000122,5,174.47,0.74
ITEM-000003080,ORD-00001223,PROD-000010,5,265.73,52.51
ITEM-000003081,ORD-00001223,PROD-000237,3,214.52,5.62
ITEM-000003082,ORD-00001223,PROD-000207,1,264.8,47.44
ITEM-000003083,ORD-00001224,PROD-000173,1,253.18,3.52
ITEM-000003084,ORD-00001225,PROD-000213,3,151.52,8.32
ITEM-000003085,ORD-00001226,PROD-000205,1,111.74,12.44
ITEM-000003086,ORD-00001226,PROD-000161,4,9.57,1.17
ITEM-000003087,ORD-00001226,PROD-000202,3,170.28,23.72
ITEM-000003088,ORD-00001227,PROD-000253,1,14.2,2.39
ITEM-000003089,ORD-00001227,PROD-000053,1,113.39,5.08
ITEM-000003090,ORD-00001227,PROD-000006,2,20.4,0.43
ITEM-000003091,ORD-00001227,PROD-000166,4,161.73,7.32
ITEM-000003092,ORD-00001228,PROD-000098,3,54.47,8.89
ITEM-000003093,ORD-00001229,PROD-000027,3,268.28,47.4
ITEM-000003094,ORD-00001230,PROD-000057,1,202.38,38.34
ITEM-000003095,ORD-00001231,PROD-000136,3,57.07,7.85
ITEM-000003096,ORD-00001232,PROD-000139,2,20.83,3.85
ITEM-000003097,ORD-00001232,PROD-000299,4,233.47,5.6
ITEM-000003098,ORD-00001232,PROD-000164,2,160.68,24.2
ITEM-000003099,ORD-00001232,PROD-000212,4,196.7,26.29
ITEM-000003100,ORD-00001233,PROD-000296,4,161.45,21.35
ITEM-000003101,ORD-00001233,PROD-000144,3,184.59,28.52
ITEM-000003102,ORD-00001234,PROD-000116,1,189.39,9.99
ITEM-000003103,ORD-00001234,PROD-000152,1,40.04,2.83
ITEM-000003104,ORD-00001234,PROD-000125,2,191.28,26.59
ITEM-000003105,ORD-00001234,PROD-000039,4,21.15,0.25
ITEM-000003106,ORD-00001235,PROD-000111,4,8.47,1.39
ITEM-000003107,ORD-00001236,PROD-000250,1,168.52,11.47
ITEM-000003108,ORD-00001236,PROD-000271,5,142.48,24.46
ITEM-000003109,ORD-00001237,PROD-000233,2,153.78,26.08
ITEM-000003110,ORD-00001237,PROD-000055,2,139.15,6.09
ITEM-000003111,ORD-00001237,PROD-000187,4,71.53,13.95
ITEM-000003112,ORD-00001238,PROD-000205,2,111.74,1.53
ITEM-000003113,ORD-00001238,PROD-000217,2,39.78,5.46
ITEM-000003114,ORD-00001239,PROD-000076,4,192.0,33.65
ITEM-000003115,ORD-00001240,PROD-000124,1,85.6,15.31
ITEM-000003116,ORD-00001241,PROD-000137,1,34.68,3.3
ITEM-000003117,ORD-00001241,PROD-000272,4,241.9,17.03
ITEM-000003118,ORD-00001242,PROD-000282,1,158.46,11.23
ITEM-000003119,ORD-00001243,PROD-000078,4,104.84,10.53
ITEM-000003120,ORD-00001243,PROD-000261,3,28.24,0.3
ITEM-000003121,ORD-00001244,PROD-000190,1,66.83,0.66
ITEM-000003122,ORD-00001244,PROD-000196,4,266.04,10.32
ITEM-000003123,ORD-00001244,PROD-000097,4,186.58,6.59
ITEM-000003124,ORD-00001245,PROD-000272,5,241.9,23.88
ITEM-000003125,ORD-00001245,PROD-000222,1,173.52,23.64
ITEM-000003126,ORD-00001245,PROD-000128,1,144.64,6.35
ITEM-000003127,ORD-00001246,PROD-000019,5,146.76,7.81
ITEM-000003128,ORD-00001247,PROD-000273,1,164.42,9.06
ITEM-000003129,ORD-00001248,PROD-000201,4,154.94,3.14
ITEM-000003130,ORD-00001248,PROD-000138,4,256.34,10.55
ITEM-000003131,ORD-00001248,PROD-000105,3,56.39,7.18
ITEM-000003132,ORD-00001248,PROD-000148,1,173.72,3.27
ITEM-000003133,ORD-00001249,PROD-000157,2,15.55,0.53
ITEM-000003134,ORD-00001249,PROD-000036,2,46.08,1.73
ITEM-000003135,ORD-00001249,PROD-000234,2,86.25,16.6
ITEM-000003136,ORD-00001249,PROD-000243,4,179.01,11.96
ITEM-000003137,ORD-00001250,PROD-000136,1,57.07,1.95
ITEM-000003138,ORD-00001250,PROD-000005,5,162.22,11.42
ITEM-000003139,ORD-00001251,PROD-000299,1,233.47,22.8
ITEM-000003140,ORD-00001251,PROD-000127,4,79.49,1.74
ITEM-000003141,ORD-00001251,PROD-000009,5,38.67,5.26
ITEM-000003142,ORD-00001251,PROD-000149,2,175.39,18.43
ITEM-000003143,ORD-00001252,PROD-000076,1,192.0,3.84
ITEM-000003144,ORD-00001252,PROD-000172,4,183.04,17.96
ITEM-000003145,ORD-00001253,PROD-000280,3,137.35,18.22
ITEM-000003146,ORD-00001253,PROD-000130,3,154.33,14.16
ITEM-000003147,ORD-00001253,PROD-000181,3,155.05,22.02
ITEM-000003148,ORD-00001254,PROD-000058,3,86.29,11.84
ITEM-000003149,ORD-00001254,PROD-000011,2,40.55,7.94
ITEM-000003150,ORD-00001254,PROD-000113,2,38.45,2.75
ITEM-000003151,ORD-00001254,PROD-000016,2,56.87,6.57
ITEM-000003152,ORD-00001255,PROD-000185,2,183.85,27.37
ITEM-000003153,ORD-00001255,PROD-000100,4,199.6,25.5
ITEM-000003154,ORD-00001255,PROD-000141,5,197.96,35.6
ITEM-000003155,ORD-00001255,PROD-000231,5,126.83,4.44
ITEM-000003156,ORD-00001256,PROD-000170,4,124.7,14.69
ITEM-000003157,ORD-00001256,PROD-000142,3,42.45,1.62
ITEM-000003158,ORD-00001256,PROD-000297,5,225.62,31.67
ITEM-000003159,ORD-00001257,PROD-000222,4,173.52,19.67
ITEM-000003160,ORD-00001258,PROD-000148,1,173.72,33.68
ITEM-000003161,ORD-00001258,PROD-000256,2,26.12,2.44
ITEM-000003162,ORD-00001258,PROD-000077,5,105.6,20.42
ITEM-000003163,ORD-00001259,PROD-000156,4,108.51,6.26
ITEM-000003164,ORD-00001259,PROD-000151,1,206.31,18.73
ITEM-000003165,ORD-00001260,PROD-000145,5,223.58,5.52
ITEM-000003166,ORD-00001260,PROD-000251,3,149.42,0.15
ITEM-000003167,ORD-00001261,PROD-000001,1,161.47,8.12
ITEM-000003168,ORD-00001261,PROD-000180,3,175.36,27.54
ITEM-000003169,ORD-00001261,PROD-000258,5,173.11,5.37
ITEM-000003170,ORD-00001262,PROD-000139,2,20.83,4.15
ITEM-000003171,ORD-00001263,PROD-000222,5,173.52,31.87
ITEM-000003172,ORD-00001263,PROD-000149,2,175.39,1.13
ITEM-000003173,ORD-00001264,PROD-000128,4,144.64,12.22
ITEM-000003174,ORD-00001264,PROD-000051,3,151.67,27.91
ITEM-000003175,ORD-00001264,PROD-000160,2,96.22,10.85
ITEM-000003176,ORD-00001265,PROD-000297,2,225.62,30.83
ITEM-000003177,ORD-00001265,PROD-000103,3,155.54,4.22
ITEM-000003178,ORD-00001265,PROD-000284,2,47.52,2.86
ITEM-000003179,ORD-00001266,PROD-000153,5,111.79,20.73
ITEM-000003180,ORD-00001267,PROD-000280,2,137.35,10.33
ITEM-000003181,ORD-00001267,PROD-000224,1,108.39,3.0
ITEM-000003182,ORD-00001267,PROD-000227,3,231.18,23.29
ITEM-000003183,ORD-00001267,PROD-000184,4,133.98,9.49
ITEM-000003184,ORD-00001268,PROD-000216,4,179.85,16.59
ITEM-000003185,ORD-00001268,PROD-000287,1,54.46,10.43
ITEM-000003186,ORD-00001268,PROD-000216,1,179.85,27.19
ITEM-000003187,ORD-00001268,PROD-000155,2,199.69,23.18
ITEM-000003188,ORD-00001269,PROD-000066,5,12.81,1.39
ITEM-000003189,ORD-00001269,PROD-000290,3,96.01,1.03
ITEM-000003190,ORD-00001269,PROD-000202,2,170.28,13.72
ITEM-000003191,ORD-00001270,PROD-000237,5,214.52,19.75
ITEM-000003192,ORD-00001271,PROD-000044,1,31.7,1.71
ITEM-000003193,ORD-00001272,PROD-000171,5,85.33,1.66
ITEM-000003194,ORD-00001273,PROD-000290,4,96.01,13.26
ITEM-000003195,ORD-00001273,PROD-000032,1,114.8,17.0
ITEM-000003196,ORD-00001273,PROD-000262,1,149.73,21.01
ITEM-000003197,ORD-00001274,PROD-000288,4,13.25,0.36
ITEM-000003198,ORD-00001274,PROD-000080,3,141.46,17.77
ITEM-000003199,ORD-00001275,PROD-000249,5,45.99,6.33
ITEM-000003200,ORD-00001276,PROD-000035,1,17.96,0.55
ITEM-000003201,ORD-00001277,PROD-000267,1,237.37,11.74
ITEM-000003202,ORD-00001278,PROD-000243,1,179.01,29.81
ITEM-000003203,ORD-00001279,PROD-000201,1,154.94,28.7
ITEM-000003204,ORD-00001279,PROD-000154,4,128.85,12.47
ITEM-000003205,ORD-00001279,PROD-000095,2,256.52,43.18
ITEM-000003206,ORD-00001279,PROD-000280,3,137.35,22.57
ITEM-000003207,ORD-00001280,PROD-000064,4,39.81,1.16
ITEM-000003208,ORD-00001280,PROD-000012,2,166.44,4.72
ITEM-000003209,ORD-00001280,PROD-000124,2,85.6,8.76
ITEM-000003210,ORD-00001280,PROD-000280,2,137.35,13.08
ITEM-000003211,ORD-00001281,PROD-000149,1,175.39,33.64
ITEM-000003212,ORD-00001281,PROD-000253,3,14.2,1.9
ITEM-000003213,ORD-00001281,PROD-000201,4,154.94,21.62
ITEM-000003214,ORD-00001282,PROD-000238,4,67.16,10.93
ITEM-000003215,ORD-00001283,PROD-000015,3,77.71,7.1
ITEM-000003216,ORD-00001283,PROD-000289,4,86.07,0.19
ITEM-000003217,ORD-00001284,PROD-000018,5,116.66,10.37
ITEM-000003218,ORD-00001284,PROD-000182,2,262.82,24.6
ITEM-000003219,ORD-00001284,PROD-000235,3,121.53,0.22
ITEM-000003220,ORD-00001285,PROD-000184,5,133.98,22.93
ITEM-000003221,ORD-00001285,PROD-000258,2,173.11,12.08
ITEM-000003222,ORD-00001286,PROD-000263,1,60.67,2.12
ITEM-000003223,ORD-00001286,PROD-000078,3,104.84,13.75
ITEM-000003224,ORD-00001286,PROD-000289,3,86.07,7.91
ITEM-000003225,ORD-00001286,PROD-000072,3,70.42,11.06
ITEM-000003226,ORD-00001287,PROD-000202,1,170.28,31.2
ITEM-000003227,ORD-00001287,PROD-000248,4,206.76,39.8
ITEM-000003228,ORD-00001287,PROD-000093,5,178.93,25.35
ITEM-000003229,ORD-00001288,PROD-000067,3,47.96,5.65
ITEM-000003230,ORD-00001288,PROD-000298,3,75.81,8.86
ITEM-000003231,ORD-00001288,PROD-000207,1,264.8,2.38
ITEM-000003232,ORD-00001289,PROD-000119,1,241.98,32.2
ITEM-000003233,ORD-00001289,PROD-000256,4,26.12,1.69
ITEM-000003234,ORD-00001290,PROD-000122,1,174.47,31.4
ITEM-000003235,ORD-00001290,PROD-000090,4,115.9,17.52
ITEM-000003236,ORD-00001291,PROD-000033,1,93.06,11.39
ITEM-000003237,ORD-00001291,PROD-000059,1,24.94,4.22
ITEM-000003238,ORD-00001291,PROD-000038,4,87.71,13.39
ITEM-000003239,ORD-00001291,PROD-000016,2,56.87,3.65
ITEM-000003240,ORD-00001292,PROD-000194,2,65.76,13.01
ITEM-000003241,ORD-00001292,PROD-000294,5,268.13,10.71
ITEM-000003242,ORD-00001292,PROD-000130,4,154.33,13.5
ITEM-000003243,ORD-00001292,PROD-000147,2,65.7,2.64
ITEM-000003244,ORD-00001293,PROD-000223,5,37.75,6.11
ITEM-000003245,ORD-00001293,PROD-000099,1,85.82,9.99
ITEM-000003246,ORD-00001294,PROD-000105,1,56.39,9.14
ITEM-000003247,ORD-00001295,PROD-000185,4,183.85,20.9
ITEM-000003248,ORD-00001296,PROD-000175,2,285.03,38.9
ITEM-000003249,ORD-00001297,PROD-000098,2,54.47,6.21
ITEM-000003250,ORD-00001297,PROD-000243,5,179.01,12.61
ITEM-000003251,ORD-00001297,PROD-000287,2,54.46,8.73
ITEM-000003252,ORD-00001297,PROD-000225,4,155.38,19.44
ITEM-000003253,ORD-00001298,PROD-000292,1,123.71,3.15
ITEM-000003254,ORD-00001299,PROD-000052,1,197.07,19.66
ITEM-000003255,ORD-00001299,PROD-000027,5,268.28,29.0
ITEM-000003256,ORD-00001299,PROD-000012,2,166.44,27.34
ITEM-000003257,ORD-00001300,PROD-000129,4,145.51,20.47
ITEM-000003258,ORD-00001300,PROD-000035,2,17.96,3.48
ITEM-000003259,ORD-00001300,PROD-000039,5,21.15,2.43
ITEM-000003260,ORD-00001301,PROD-000205,5,111.74,1.27
ITEM-000003261,ORD-00001301,PROD-000057,5,202.38,19.06
ITEM-000003262,ORD-00001301,PROD-000135,1,164.35,1.06
ITEM-000003263,ORD-00001302,PROD-000134,2,240.79,16.11
ITEM-000003264,ORD-00001302,PROD-000031,2,215.03,8.78
ITEM-000003265,ORD-00001302,PROD-000169,1,273.71,12.9
ITEM-000003266,ORD-00001302,PROD-000038,5,87.71,15.86
ITEM-000003267,ORD-00001303,PROD-000178,1,192.03,36.48
ITEM-000003268,ORD-00001304,PROD-000283,4,40.56,7.68
ITEM-000003269,ORD-00001305,PROD-000022,1,178.72,1.27
ITEM-000003270,ORD-00001305,PROD-000260,2,87.01,11.32
ITEM-000003271,ORD-00001305,PROD-000221,4,68.23,4.14
ITEM-000003272,ORD-00001306,PROD-000011,1,40.55,0.21
ITEM-000003273,ORD-00001306,PROD-000101,5,132.99,16.18
ITEM-000003274,ORD-00001307,PROD-000010,5,265.73,25.63
ITEM-000003275,ORD-00001307,PROD-000199,4,250.55,34.85
ITEM-000003276,ORD-00001307,PROD-000221,4,68.23,7.5
ITEM-000003277,ORD-00001307,PROD-000060,4,175.48,4.14
ITEM-000003278,ORD-00001308,PROD-000181,2,155.05,10.64
ITEM-000003279,ORD-00001308,PROD-000030,2,45.68,2.12
ITEM-000003280,ORD-00001308,PROD-000006,2,20.4,1.69
ITEM-000003281,ORD-00001309,PROD-000008,2,169.86,27.61
ITEM-000003282,ORD-00001310,PROD-000030,2,45.68,4.01
ITEM-000003283,ORD-00001311,PROD-000023,3,61.71,4.32
ITEM-000003284,ORD-00001311,PROD-000126,3,87.75,2.28
ITEM-000003285,ORD-00001311,PROD-000204,4,193.75,25.48
ITEM-000003286,ORD-00001312,PROD-000040,3,52.71,9.89
ITEM-000003287,ORD-00001313,PROD-000254,3,59.19,10.63
ITEM-000003288,ORD-00001313,PROD-000113,4,38.45,5.48
ITEM-000003289,ORD-00001314,PROD-000283,3,40.56,7.05
ITEM-000003290,ORD-00001314,PROD-000126,5,87.75,15.67
ITEM-000003291,ORD-00001314,PROD-000164,5,160.68,16.18
ITEM-000003292,ORD-00001315,PROD-000178,4,192.03,27.1
ITEM-000003293,ORD-00001316,PROD-000144,1,184.59,7.51
ITEM-000003294,ORD-00001316,PROD-000071,5,48.6,2.24
ITEM-000003295,ORD-00001316,PROD-000284,2,47.52,1.17
ITEM-000003296,ORD-00001316,PROD-000073,1,65.08,12.73
ITEM-000003297,ORD-00001317,PROD-000233,1,153.78,0.65
ITEM-000003298,ORD-00001317,PROD-000018,3,116.66,6.49
ITEM-000003299,ORD-00001317,PROD-000197,3,142.58,23.59
ITEM-000003300,ORD-00001317,PROD-000044,1,31.7,1.77
ITEM-000003301,ORD-00001318,PROD-000254,1,59.19,10.21
ITEM-000003302,ORD-00001318,PROD-000197,4,142.58,1.27
ITEM-000003303,ORD-00001318,PROD-000106,4,222.78,8.22
ITEM-000003304,ORD-00001318,PROD-000221,5,68.23,0.71
ITEM-000003305,ORD-00001319,PROD-000017,5,59.6,9.09
ITEM-000003306,ORD-00001319,PROD-000014,5,250.44,37.79
ITEM-000003307,ORD-00001319,PROD-000173,3,253.18,41.03
ITEM-000003308,ORD-00001320,PROD-000015,3,77.71,11.28
ITEM-000003309,ORD-00001320,PROD-000223,4,37.75,5.91
ITEM-000003310,ORD-00001321,PROD-000056,5,207.38,16.1
ITEM-000003311,ORD-00001322,PROD-000274,4,105.23,8.92
ITEM-000003312,ORD-00001322,PROD-000291,5,181.27,9.43
ITEM-000003313,ORD-00001322,PROD-000196,4,266.04,39.67
ITEM-000003314,ORD-00001323,PROD-000068,1,284.88,15.99
ITEM-000003315,ORD-00001323,PROD-000141,1,197.96,39.54
ITEM-000003316,ORD-00001324,PROD-000173,5,253.18,19.98
ITEM-000003317,ORD-00001324,PROD-000141,3,197.96,10.64
ITEM-000003318,ORD-00001324,PROD-000129,5,145.51,0.36
ITEM-000003319,ORD-00001325,PROD-000292,3,123.71,20.68
ITEM-000003320,ORD-00001325,PROD-000092,4,68.92,6.38
ITEM-000003321,ORD-00001325,PROD-000226,1,148.45,13.85
ITEM-000003322,ORD-00001326,PROD-000246,5,42.16,1.84
ITEM-000003323,ORD-00001326,PROD-000030,5,45.68,8.58
ITEM-000003324,ORD-00001326,PROD-000142,5,42.45,4.68
ITEM-000003325,ORD-00001327,PROD-000226,2,148.45,7.66
ITEM-000003326,ORD-00001328,PROD-000133,4,67.78,1.72
ITEM-000003327,ORD-00001328,PROD-000090,2,115.9,20.2
ITEM-000003328,ORD-00001328,PROD-000026,2,248.15,5.68
ITEM-000003329,ORD-00001329,PROD-000095,5,256.52,44.15
ITEM-000003330,ORD-00001330,PROD-000022,5,178.72,25.64
ITEM-000003331,ORD-00001330,PROD-000032,3,114.8,22.39
ITEM-000003332,ORD-00001330,PROD-000009,3,38.67,4.18
ITEM-000003333,ORD-00001331,PROD-000121,3,258.33,5.64
ITEM-000003334,ORD-00001332,PROD-000058,5,86.29,1.34
ITEM-000003335,ORD-00001332,PROD-000105,3,56.39,6.43
ITEM-000003336,ORD-00001332,PROD-000213,1,151.52,19.45
ITEM-000003337,ORD-00001332,PROD-000145,2,223.58,1.1
ITEM-000003338,ORD-00001333,PROD-000172,4,183.04,32.85
ITEM-000003339,ORD-00001333,PROD-000192,4,222.13,41.87
ITEM-000003340,ORD-00001333,PROD-000151,5,206.31,1.29
ITEM-000003341,ORD-00001334,PROD-000023,3,61.71,11.48
ITEM-000003342,ORD-00001334,PROD-000014,1,250.44,30.51
ITEM-000003343,ORD-00001334,PROD-000161,5,9.57,1.37
ITEM-000003344,ORD-00001335,PROD-000111,4,8.47,1.41
ITEM-000003345,ORD-00001335,PROD-000017,2,59.6,4.54
ITEM-000003346,ORD-00001335,PROD-000041,1,146.19,28.03
ITEM-000003347,ORD-00001336,PROD-000290,5,96.01,19.16
ITEM-000003348,ORD-00001336,PROD-000281,4,205.29,22.13
ITEM-000003349,ORD-00001337,PROD-000271,1,142.48,17.3
ITEM-000003350,ORD-00001338,PROD-000163,3,87.64,3.42
ITEM-000003351,ORD-00001338,PROD-000295,3,19.6,3.57
ITEM-000003352,ORD-00001338,PROD-000169,2,273.71,43.74
ITEM-000003353,ORD-00001338,PROD-000186,2,39.92,3.64
ITEM-000003354,ORD-00001339,PROD-000124,4,85.6,12.55
ITEM-000003355,ORD-00001340,PROD-000186,1,39.92,2.81
ITEM-000003356,ORD-00001340,PROD-000259,1,58.93,10.78
ITEM-000003357,ORD-00001340,PROD-000248,5,206.76,9.53
ITEM-000003358,ORD-00001340,PROD-000215,2,145.42,16.56
ITEM-000003359,ORD-00001341,PROD-000276,2,96.15,14.93
ITEM-000003360,ORD-00001341,PROD-000209,5,179.59,23.92
ITEM-000003361,ORD-00001342,PROD-000147,3,65.7,4.12
ITEM-000003362,ORD-00001342,PROD-000042,4,20.87,1.76
ITEM-000003363,ORD-00001342,PROD-000076,5,192.0,18.98
ITEM-000003364,ORD-00001343,PROD-000093,4,178.93,0.56
ITEM-000003365,ORD-00001343,PROD-000062,4,155.19,8.17
ITEM-000003366,ORD-00001344,PROD-000052,2,197.07,34.27
ITEM-000003367,ORD-00001344,PROD-000221,1,68.23,9.42
ITEM-000003368,ORD-00001344,PROD-000038,2,87.71,9.03
ITEM-000003369,ORD-00001344,PROD-000272,4,241.9,43.75
ITEM-000003370,ORD-00001345,PROD-000066,4,12.81,1.79
ITEM-000003371,ORD-00001345,PROD-000124,3,85.6,2.04
ITEM-000003372,ORD-00001345,PROD-000173,5,253.18,30.83
ITEM-000003373,ORD-00001346,PROD-000024,1,195.99,28.96
ITEM-000003374,ORD-00001347,PROD-000230,4,66.97,8.45
ITEM-000003375,ORD-00001347,PROD-000224,3,108.39,16.42
ITEM-000003376,ORD-00001347,PROD-000069,2,294.54,42.63
ITEM-000003377,ORD-00001348,PROD-000078,1,104.84,12.45
ITEM-000003378,ORD-00001349,PROD-000233,4,153.78,9.86
ITEM-000003379,ORD-00001349,PROD-000091,5,82.4,11.91
ITEM-000003380,ORD-00001349,PROD-000144,1,184.59,8.57
ITEM-000003381,ORD-00001350,PROD-000175,1,285.03,32.16
ITEM-000003382,ORD-00001350,PROD-000269,5,116.44,11.84
ITEM-000003383,ORD-00001350,PROD-000219,3,170.99,11.04
ITEM-000003384,ORD-00001350,PROD-000164,2,160.68,30.64
ITEM-000003385,ORD-00001351,PROD-000108,4,129.74,13.47
ITEM-000003386,ORD-00001352,PROD-000051,3,151.67,8.64
ITEM-000003387,ORD-00001352,PROD-000061,3,156.43,8.57
ITEM-000003388,ORD-00001352,PROD-000225,2,155.38,27.51
ITEM-000003389,ORD-00001353,PROD-000133,5,67.78,10.21
ITEM-000003390,ORD-00001353,PROD-000119,3,241.98,6.82
ITEM-000003391,ORD-00001353,PROD-000106,5,222.78,37.37
ITEM-000003392,ORD-00001354,PROD-000015,5,77.71,14.03
ITEM-000003393,ORD-00001354,PROD-000277,5,89.29,14.27
ITEM-000003394,ORD-00001355,PROD-000251,1,149.42,11.04
ITEM-000003395,ORD-00001356,PROD-000293,4,32.6,4.77
ITEM-000003396,ORD-00001356,PROD-000267,2,237.37,39.45
ITEM-000003397,ORD-00001356,PROD-000152,1,40.04,5.74
ITEM-000003398,ORD-00001357,PROD-000228,4,119.68,11.81
ITEM-000003399,ORD-00001358,PROD-000071,3,48.6,7.11
ITEM-000003400,ORD-00001359,PROD-000182,1,262.82,39.12
ITEM-000003401,ORD-00001360,PROD-000039,3,21.15,0.66
ITEM-000003402,ORD-00001360,PROD-000172,3,183.04,16.6
ITEM-000003403,ORD-00001361,PROD-000162,1,263.26,22.82
ITEM-000003404,ORD-00001362,PROD-000098,5,54.47,7.2
ITEM-000003405,ORD-00001362,PROD-000019,1,146.76,7.22
ITEM-000003406,ORD-00001362,PROD-000193,2,177.84,23.95
ITEM-000003407,ORD-00001363,PROD-000241,2,199.27,19.31
ITEM-000003408,ORD-00001363,PROD-000096,4,261.99,14.81
ITEM-000003409,ORD-00001363,PROD-000102,1,242.49,46.11
ITEM-000003410,ORD-00001364,PROD-000002,4,24.12,0.32
ITEM-000003411,ORD-00001364,PROD-000286,5,239.45,9.99
ITEM-000003412,ORD-00001365,PROD-000020,4,193.41,26.61
ITEM-000003413,ORD-00001365,PROD-000195,5,272.68,12.8
ITEM-000003414,ORD-00001366,PROD-000248,5,206.76,27.17
ITEM-000003415,ORD-00001366,PROD-000093,3,178.93,30.08
ITEM-000003416,ORD-00001366,PROD-000150,4,213.07,20.89
ITEM-000003417,ORD-00001367,PROD-000183,5,197.83,19.03
ITEM-000003418,ORD-00001367,PROD-000050,2,41.26,0.93
ITEM-000003419,ORD-00001367,PROD-000148,4,173.72,33.68
ITEM-000003420,ORD-00001367,PROD-000167,2,71.98,9.54
ITEM-000003421,ORD-00001368,PROD-000091,4,82.4,15.76
ITEM-000003422,ORD-00001369,PROD-000178,4,192.03,27.07
ITEM-000003423,ORD-00001370,PROD-000251,5,149.42,12.31
ITEM-000003424,ORD-00001370,PROD-000121,1,258.33,15.03
ITEM-000003425,ORD-00001370,PROD-000260,2,87.01,15.48
ITEM-000003426,ORD-00001370,PROD-000210,1,24.0,2.7
ITEM-000003427,ORD-00001371,PROD-000134,3,240.79,19.8
ITEM-000003428,ORD-00001371,PROD-000227,4,231.18,18.43
ITEM-000003429,ORD-00001371,PROD-000028,3,283.29,27.51
ITEM-000003430,ORD-00001372,PROD-000174,1,92.99,5.74
ITEM-000003431,ORD-00001372,PROD-000210,2,24.0,2.75
ITEM-000003432,ORD-00001373,PROD-000275,2,143.99,22.45
ITEM-000003433,ORD-00001373,PROD-000057,5,202.38,24.72
ITEM-000003434,ORD-00001374,PROD-000277,1,89.29,16.97
ITEM-000003435,ORD-00001374,PROD-000011,4,40.55,0.73
ITEM-000003436,ORD-00001375,PROD-000181,5,155.05,1.97
ITEM-000003437,ORD-00001375,PROD-000026,5,248.15,10.45
ITEM-000003438,ORD-00001375,PROD-000275,2,143.99,28.37
ITEM-000003439,ORD-00001376,PROD-000118,3,182.0,29.17
ITEM-000003440,ORD-00001376,PROD-000192,3,222.13,18.37
ITEM-000003441,ORD-00001376,PROD-000284,2,47.52,8.93
ITEM-000003442,ORD-00001376,PROD-000019,1,146.76,22.16
ITEM-000003443,ORD-00001377,PROD-000257,4,285.25,45.15
ITEM-000003444,ORD-00001378,PROD-000081,3,132.7,8.0
ITEM-000003445,ORD-00001379,PROD-000127,1,79.49,4.33
ITEM-000003446,ORD-00001379,PROD-000064,4,39.81,5.22
ITEM-000003447,ORD-00001380,PROD-000139,1,20.83,0.32
ITEM-000003448,ORD-00001380,PROD-000259,4,58.93,0.24
ITEM-000003449,ORD-00001381,PROD-000049,5,162.37,25.74
ITEM-000003450,ORD-00001381,PROD-000100,5,199.6,34.3
ITEM-000003451,ORD-00001382,PROD-000218,5,184.34,27.41
ITEM-000003452,ORD-00001382,PROD-000155,3,199.69,18.33
ITEM-000003453,ORD-00001382,PROD-000052,3,197.07,38.2
ITEM-000003454,ORD-00001383,PROD-000193,3,177.84,15.28
ITEM-000003455,ORD-00001383,PROD-000114,4,178.3,20.01
ITEM-000003456,ORD-00001383,PROD-000248,3,206.76,37.53
ITEM-000003457,ORD-00001383,PROD-000274,5,105.23,5.15
ITEM-000003458,ORD-00001384,PROD-000255,4,36.59,6.96
ITEM-000003459,ORD-00001385,PROD-000232,2,124.85,14.43
ITEM-000003460,ORD-00001386,PROD-000204,2,193.75,17.32
ITEM-000003461,ORD-00001387,PROD-000289,1,86.07,11.07
ITEM-000003462,ORD-00001387,PROD-000171,2,85.33,13.82
ITEM-000003463,ORD-00001387,PROD-000043,1,44.85,5.03
ITEM-000003464,ORD-00001387,PROD-000107,4,9.55,1.13
ITEM-000003465,ORD-00001388,PROD-000073,4,65.08,8.02
ITEM-000003466,ORD-00001389,PROD-000268,5,101.37,15.42
ITEM-000003467,ORD-00001389,PROD-000031,4,215.03,10.84
ITEM-000003468,ORD-00001389,PROD-000160,3,96.22,16.06
ITEM-000003469,ORD-00001389,PROD-000019,3,146.76,20.22
ITEM-000003470,ORD-00001390,PROD-000003,3,94.19,13.01
ITEM-000003471,ORD-00001390,PROD-000288,4,13.25,1.45
ITEM-000003472,ORD-00001390,PROD-000161,2,9.57,0.62
ITEM-000003473,ORD-00001390,PROD-000248,5,206.76,22.94
ITEM-000003474,ORD-00001391,PROD-000054,4,6.16,0.86
ITEM-000003475,ORD-00001392,PROD-000066,1,12.81,0.42
ITEM-000003476,ORD-00001392,PROD-000063,2,42.54,1.68
ITEM-000003477,ORD-00001392,PROD-000059,1,24.94,4.42
ITEM-000003478,ORD-00001392,PROD-000254,2,59.19,7.41
ITEM-000003479,ORD-00001393,PROD-000072,5,70.42,5.89
ITEM-000003480,ORD-00001393,PROD-000005,3,162.22,3.81
ITEM-000003481,ORD-00001393,PROD-000151,3,206.31,21.56
ITEM-000003482,ORD-00001393,PROD-000191,5,254.19,33.06
ITEM-000003483,ORD-00001394,PROD-000149,5,175.39,24.03
ITEM-000003484,ORD-00001394,PROD-000191,5,254.19,30.73
ITEM-000003485,ORD-00001395,PROD-000237,2,214.52,40.17
ITEM-000003486,ORD-00001395,PROD-000070,2,170.09,17.84
ITEM-000003487,ORD-00001395,PROD-000243,1,179.01,11.37
ITEM-000003488,ORD-00001395,PROD-000092,2,68.92,6.49
ITEM-000003489,ORD-00001396,PROD-000160,2,96.22,3.83
ITEM-000003490,ORD-00001397,PROD-000276,4,96.15,6.37
ITEM-000003491,ORD-00001398,PROD-000240,5,62.18,1.95
ITEM-000003492,ORD-00001399,PROD-000287,2,54.46,3.76
ITEM-000003493,ORD-00001399,PROD-000008,2,169.86,9.33
ITEM-000003494,ORD-00001399,PROD-000219,5,170.99,24.94
ITEM-000003495,ORD-00001400,PROD-000207,3,264.8,29.72
ITEM-000003496,ORD-00001400,PROD-000104,1,157.98,18.73
ITEM-000003497,ORD-00001400,PROD-000053,2,113.39,6.35
ITEM-000003498,ORD-00001401,PROD-000289,1,86.07,2.18
ITEM-000003499,ORD-00001401,PROD-000268,5,101.37,13.07
ITEM-000003500,ORD-00001401,PROD-000197,3,142.58,16.42
ITEM-000003501,ORD-00001402,PROD-000243,2,179.01,6.02
ITEM-000003502,ORD-00001402,PROD-000119,2,241.98,4.42
ITEM-000003503,ORD-00001402,PROD-000076,2,192.0,6.33
ITEM-000003504,ORD-00001403,PROD-000166,1,161.73,28.98
ITEM-000003505,ORD-00001404,PROD-000071,5,48.6,7.85
ITEM-000003506,ORD-00001405,PROD-000242,3,248.42,15.03
ITEM-000003507,ORD-00001405,PROD-000061,2,156.43,17.52
ITEM-000003508,ORD-00001405,PROD-000194,4,65.76,9.29
ITEM-000003509,ORD-00001405,PROD-000182,3,262.82,44.08
ITEM-000003510,ORD-00001406,PROD-000272,1,241.9,42.73
ITEM-000003511,ORD-00001406,PROD-000110,2,230.22,43.53
ITEM-000003512,ORD-00001406,PROD-000143,2,136.71,22.96
ITEM-000003513,ORD-00001407,PROD-000251,3,149.42,20.48
ITEM-000003514,ORD-00001407,PROD-000286,4,239.45,31.23
ITEM-000003515,ORD-00001407,PROD-000092,1,68.92,11.94
ITEM-000003516,ORD-00001407,PROD-000239,3,261.64,38.12
ITEM-000003517,ORD-00001408,PROD-000287,2,54.46,4.17
ITEM-000003518,ORD-00001408,PROD-000092,1,68.92,2.7
ITEM-000003519,ORD-00001409,PROD-000270,2,159.71,0.18
ITEM-000003520,ORD-00001409,PROD-000159,3,115.09,2.17
ITEM-000003521,ORD-00001409,PROD-000189,3,238.16,23.95
ITEM-000003522,ORD-00001410,PROD-000140,1,113.52,14.69
ITEM-000003523,ORD-00001411,PROD-000204,1,193.75,38.58
ITEM-000003524,ORD-00001411,PROD-000130,3,154.33,19.3
ITEM-000003525,ORD-00001411,PROD-000293,1,32.6,5.63
ITEM-000003526,ORD-00001411,PROD-000242,5,248.42,31.41
ITEM-000003527,ORD-00001412,PROD-000089,4,64.06,9.61
ITEM-000003528,ORD-00001412,PROD-000280,1,137.35,1.05
ITEM-000003529,ORD-00001412,PROD-000015,5,77.71,13.9
ITEM-000003530,ORD-00001412,PROD-000079,2,158.41,27.59
ITEM-000003531,ORD-00001413,PROD-000043,4,44.85,7.48
ITEM-000003532,ORD-00001413,PROD-000062,1,155.19,13.76
ITEM-000003533,ORD-00001414,PROD-000161,1,9.57,1.64
ITEM-000003534,ORD-00001415,PROD-000100,5,199.6,29.44
ITEM-000003535,ORD-00001415,PROD-000171,3,85.33,15.32
ITEM-000003536,ORD-00001415,PROD-000087,5,82.01,11.84
ITEM-000003537,ORD-00001416,PROD-000265,1,55.67,10.47
ITEM-000003538,ORD-00001416,PROD-000207,4,264.8,44.37
ITEM-000003539,ORD-00001416,PROD-000032,1,114.8,4.43
ITEM-000003540,ORD-00001417,PROD-000137,1,34.68,1.2
ITEM-000003541,ORD-00001417,PROD-000023,3,61.71,7.51
ITEM-000003542,ORD-00001418,PROD-000089,1,64.06,3.99
ITEM-000003543,ORD-00001418,PROD-000288,3,13.25,0.31
ITEM-000003544,ORD-00001418,PROD-000239,5,261.64,43.75
ITEM-000003545,ORD-00001418,PROD-000045,5,139.38,25.93
ITEM-000003546,ORD-00001419,PROD-000060,1,175.48,6.41
ITEM-000003547,ORD-00001420,PROD-000096,3,261.99,30.98
ITEM-000003548,ORD-00001421,PROD-000087,1,82.01,3.57
ITEM-000003549,ORD-00001422,PROD-000236,1,24.26,4.26
ITEM-000003550,ORD-00001422,PROD-000127,3,79.49,13.31
ITEM-000003551,ORD-00001422,PROD-000098,2,54.47,3.38
ITEM-000003552,ORD-00001423,PROD-000147,2,65.7,3.67
ITEM-000003553,ORD-00001423,PROD-000290,3,96.01,7.95
ITEM-000003554,ORD-00001423,PROD-000097,3,186.58,32.97
ITEM-000003555,ORD-00001423,PROD-000091,3,82.4,4.27
ITEM-000003556,ORD-00001424,PROD-000136,1,57.07,5.59
ITEM-000003557,ORD-00001424,PROD-000297,3,225.62,15.74
ITEM-000003558,ORD-00001424,PROD-000268,4,101.37,16.82
ITEM-000003559,ORD-00001424,PROD-000088,1,144.7,27.48
ITEM-000003560,ORD-00001425,PROD-000080,5,141.46,16.09
ITEM-000003561,ORD-00001425,PROD-000223,3,37.75,4.88
ITEM-000003562,ORD-00001425,PROD-000148,2,173.72,11.89
ITEM-000003563,ORD-00001425,PROD-000258,5,173.11,28.73
ITEM-000003564,ORD-00001426,PROD-000047,5,16.68,2.58
ITEM-000003565,ORD-00001426,PROD-000133,2,67.78,6.34
ITEM-000003566,ORD-00001426,PROD-000017,1,59.6,6.16
ITEM-000003567,ORD-00001427,PROD-000244,2,54.61,5.1
ITEM-000003568,ORD-00001427,PROD-000166,3,161.73,18.24
ITEM-000003569,ORD-00001428,PROD-000166,1,161.73,20.36
ITEM-000003570,ORD-00001429,PROD-000082,4,153.69,14.62
ITEM-000003571,ORD-00001430,PROD-000052,2,197.07,35.99
ITEM-000003572,ORD-00001430,PROD-000157,2,15.55,1.45
ITEM-000003573,ORD-00001430,PROD-000096,1,261.99,23.0
ITEM-000003574,ORD-00001431,PROD-000295,4,19.6,2.87
ITEM-000003575,ORD-00001431,PROD-000243,2,179.01,9.04
ITEM-000003576,ORD-00001431,PROD-000192,5,222.13,15.01
ITEM-000003577,ORD-00001431,PROD-000206,3,129.81,1.04
ITEM-000003578,ORD-00001432,PROD-000260,1,87.01,7.33
ITEM-000003579,ORD-00001432,PROD-000138,5,256.34,20.55
ITEM-000003580,ORD-00001433,PROD-000084,5,138.49,4.61
ITEM-000003581,ORD-00001434,PROD-000269,2,116.44,22.16
ITEM-000003582,ORD-00001434,PROD-000291,2,181.27,4.71
ITEM-000003583,ORD-00001434,PROD-000171,1,85.33,16.56
ITEM-000003584,ORD-00001435,PROD-000073,3,65.08,5.97
ITEM-000003585,ORD-00001435,PROD-000085,4,65.75,0.01
ITEM-000003586,ORD-00001435,PROD-000076,2,192.0,33.91
ITEM-000003587,ORD-00001436,PROD-000158,1,51.52,1.9
ITEM-000003588,ORD-00001436,PROD-000105,4,56.39,1.02
ITEM-000003589,ORD-00001436,PROD-000126,2,87.75,12.02
ITEM-000003590,ORD-00001437,PROD-000003,4,94.19,3.0
ITEM-000003591,ORD-00001437,PROD-000052,4,197.07,21.67
ITEM-000003592,ORD-00001437,PROD-000202,2,170.28,31.09
ITEM-000003593,ORD-00001438,PROD-000238,2,67.16,10.25
ITEM-000003594,ORD-00001438,PROD-000050,4,41.26,1.06
ITEM-000003595,ORD-00001438,PROD-000069,4,294.54,45.55
ITEM-000003596,ORD-00001438,PROD-000145,4,223.58,26.69
ITEM-000003597,ORD-00001439,PROD-000178,4,192.03,25.73
ITEM-000003598,ORD-00001440,PROD-000114,5,178.3,6.35
ITEM-000003599,ORD-00001441,PROD-000189,3,238.16,16.19
ITEM-000003600,ORD-00001441,PROD-000001,5,161.47,19.35
ITEM-000003601,ORD-00001442,PROD-000040,2,52.71,1.46
ITEM-000003602,ORD-00001442,PROD-000097,1,186.58,7.88
ITEM-000003603,ORD-00001442,PROD-000223,1,37.75,2.56
ITEM-000003604,ORD-00001442,PROD-000093,4,178.93,5.39
ITEM-000003605,ORD-00001443,PROD-000199,4,250.55,1.75
ITEM-000003606,ORD-00001443,PROD-000216,2,179.85,5.88
ITEM-000003607,ORD-00001443,PROD-000265,1,55.67,5.18
ITEM-000003608,ORD-00001444,PROD-000178,1,192.03,25.19
ITEM-000003609,ORD-00001445,PROD-000007,2,234.37,14.95
ITEM-000003610,ORD-00001445,PROD-000295,5,19.6,1.51
ITEM-000003611,ORD-00001445,PROD-000233,1,153.78,14.95
ITEM-000003612,ORD-00001445,PROD-000206,4,129.81,20.03
ITEM-000003613,ORD-00001446,PROD-000218,3,184.34,27.36
ITEM-000003614,ORD-00001446,PROD-000060,5,175.48,28.33
ITEM-000003615,ORD-00001446,PROD-000231,5,126.83,9.46
ITEM-000003616,ORD-00001447,PROD-000172,5,183.04,35.57
ITEM-000003617,ORD-00001447,PROD-000058,2,86.29,16.93
ITEM-000003618,ORD-00001447,PROD-000273,4,164.42,28.62
ITEM-000003619,ORD-00001447,PROD-000041,2,146.19,0.2
ITEM-000003620,ORD-00001448,PROD-000102,5,242.49,39.42
ITEM-000003621,ORD-00001448,PROD-000233,4,153.78,1.49
ITEM-000003622,ORD-00001448,PROD-000145,1,223.58,5.44
ITEM-000003623,ORD-00001449,PROD-000236,3,24.26,0.24
ITEM-000003624,ORD-00001449,PROD-000190,3,66.83,5.69
ITEM-000003625,ORD-00001449,PROD-000152,1,40.04,4.35
ITEM-000003626,ORD-00001449,PROD-000092,3,68.92,4.92
ITEM-000003627,ORD-00001450,PROD-000229,3,175.01,10.42
ITEM-000003628,ORD-00001451,PROD-000058,3,86.29,12.63
ITEM-000003629,ORD-00001452,PROD-000128,2,144.64,2.43
ITEM-000003630,ORD-00001452,PROD-000049,2,162.37,23.6
ITEM-000003631,ORD-00001452,PROD-000253,4,14.2,2.54
ITEM-000003632,ORD-00001452,PROD-000177,4,110.22,15.19
ITEM-000003633,ORD-00001453,PROD-000269,5,116.44,10.68
ITEM-000003634,ORD-00001453,PROD-000040,3,52.71,3.93
ITEM-000003635,ORD-00001454,PROD-000052,4,197.07,20.2
ITEM-000003636,ORD-00001454,PROD-000041,3,146.19,27.12
ITEM-000003637,ORD-00001455,PROD-000217,4,39.78,0.18
ITEM-000003638,ORD-00001455,PROD-000132,1,261.68,43.8
ITEM-000003639,ORD-00001455,PROD-000222,1,173.52,27.54
ITEM-000003640,ORD-00001456,PROD-000156,5,108.51,11.16
ITEM-000003641,ORD-00001456,PROD-000125,1,191.28,14.32
ITEM-000003642,ORD-00001456,PROD-000243,2,179.01,27.24
ITEM-000003643,ORD-00001457,PROD-000141,2,197.96,10.96
ITEM-000003644,ORD-00001457,PROD-000024,5,195.99,15.63
ITEM-000003645,ORD-00001457,PROD-000093,3,178.93,9.76
ITEM-000003646,ORD-00001457,PROD-000209,2,179.59,0.67
ITEM-000003647,ORD-00001458,PROD-000067,3,47.96,2.56
ITEM-000003648,ORD-00001458,PROD-000163,1,87.64,3.88
ITEM-000003649,ORD-00001458,PROD-000010,3,265.73,11.75
ITEM-000003650,ORD-00001458,PROD-000148,5,173.72,28.73
ITEM-000003651,ORD-00001459,PROD-000169,5,273.71,21.3
ITEM-000003652,ORD-00001459,PROD-000286,1,239.45,16.42
ITEM-000003653,ORD-00001459,PROD-000164,3,160.68,26.44
ITEM-000003654,ORD-00001459,PROD-000078,4,104.84,17.91
ITEM-000003655,ORD-00001460,PROD-000108,5,129.74,18.1
ITEM-000003656,ORD-00001460,PROD-000200,3,169.62,13.67
ITEM-000003657,ORD-00001460,PROD-000293,1,32.6,4.12
ITEM-000003658,ORD-00001460,PROD-000288,3,13.25,0.22
ITEM-000003659,ORD-00001461,PROD-000156,3,108.51,16.3
ITEM-000003660,ORD-00001461,PROD-000232,4,124.85,0.74
ITEM-000003661,ORD-00001461,PROD-000300,2,90.24,11.27
ITEM-000003662,ORD-00001462,PROD-000213,1,151.52,22.77
ITEM-000003663,ORD-00001462,PROD-000146,5,200.24,29.8
ITEM-000003664,ORD-00001462,PROD-000121,4,258.33,47.59
ITEM-000003665,ORD-00001462,PROD-000068,4,284.88,34.59
ITEM-000003666,ORD-00001463,PROD-000050,4,41.26,1.8
ITEM-000003667,ORD-00001464,PROD-000293,3,32.6,1.16
ITEM-000003668,ORD-00001465,PROD-000206,5,129.81,10.61
ITEM-000003669,ORD-00001465,PROD-000112,4,194.6,35.05
ITEM-000003670,ORD-00001466,PROD-000164,3,160.68,20.25
ITEM-000003671,ORD-00001466,PROD-000163,5,87.64,9.39
ITEM-000003672,ORD-00001466,PROD-000201,2,154.94,26.62
ITEM-000003673,ORD-00001467,PROD-000238,3,67.16,11.1
ITEM-000003674,ORD-00001467,PROD-000231,2,126.83,23.44
ITEM-000003675,ORD-00001467,PROD-000091,4,82.4,4.75
ITEM-000003676,ORD-00001467,PROD-000273,3,164.42,25.09
ITEM-000003677,ORD-00001468,PROD-000051,4,151.67,17.6
ITEM-000003678,ORD-00001468,PROD-000215,4,145.42,11.93
ITEM-000003679,ORD-00001469,PROD-000115,2,48.49,5.91
ITEM-000003680,ORD-00001470,PROD-000293,4,32.6,6.16
ITEM-000003681,ORD-00001471,PROD-000128,2,144.64,16.47
ITEM-000003682,ORD-00001471,PROD-000242,1,248.42,47.29
ITEM-000003683,ORD-00001471,PROD-000012,5,166.44,29.41
ITEM-000003684,ORD-00001472,PROD-000283,5,40.56,7.0
ITEM-000003685,ORD-00001472,PROD-000083,4,56.68,4.18
ITEM-000003686,ORD-00001472,PROD-000123,2,211.38,19.96
ITEM-000003687,ORD-00001472,PROD-000103,3,155.54,4.13
ITEM-000003688,ORD-00001473,PROD-000016,2,56.87,6.57
ITEM-000003689,ORD-00001474,PROD-000126,5,87.75,7.79
ITEM-000003690,ORD-00001474,PROD-000124,2,85.6,16.65
ITEM-000003691,ORD-00001474,PROD-000257,1,285.25,45.85
ITEM-000003692,ORD-00001474,PROD-000170,2,124.7,6.11
ITEM-000003693,ORD-00001475,PROD-000004,1,61.96,8.45
ITEM-000003694,ORD-00001476,PROD-000267,4,237.37,40.93
ITEM-000003695,ORD-00001476,PROD-000037,4,237.13,45.41
ITEM-000003696,ORD-00001476,PROD-000276,1,96.15,13.76
ITEM-000003697,ORD-00001476,PROD-000274,1,105.23,9.23
ITEM-000003698,ORD-00001477,PROD-000150,4,213.07,35.3
ITEM-000003699,ORD-00001478,PROD-000187,4,71.53,10.25
ITEM-000003700,ORD-00001479,PROD-000220,1,23.88,0.49
ITEM-000003701,ORD-00001479,PROD-000135,5,164.35,24.77
ITEM-000003702,ORD-00001479,PROD-000058,2,86.29,6.32
ITEM-000003703,ORD-00001479,PROD-000174,2,92.99,16.98
ITEM-000003704,ORD-00001480,PROD-000108,3,129.74,2.52
ITEM-000003705,ORD-00001480,PROD-000038,4,87.71,15.77
ITEM-000003706,ORD-00001480,PROD-000252,2,138.21,20.92
ITEM-000003707,ORD-00001480,PROD-000176,3,207.29,28.57
ITEM-000003708,ORD-00001481,PROD-000231,3,126.83,14.41
ITEM-000003709,ORD-00001481,PROD-000019,2,146.76,4.34
ITEM-000003710,ORD-00001481,PROD-000148,1,173.72,7.68
ITEM-000003711,ORD-00001482,PROD-000289,3,86.07,12.29
ITEM-000003712,ORD-00001482,PROD-000158,2,51.52,5.85
ITEM-000003713,ORD-00001482,PROD-000157,4,15.55,2.22
ITEM-000003714,ORD-00001483,PROD-000080,2,141.46,4.15
ITEM-000003715,ORD-00001483,PROD-000150,4,213.07,10.96
ITEM-000003716,ORD-00001483,PROD-000117,1,220.67,37.55
ITEM-000003717,ORD-00001484,PROD-000076,5,192.0,0.46
ITEM-000003718,ORD-00001484,PROD-000187,5,71.53,10.66
ITEM-000003719,ORD-00001484,PROD-000265,4,55.67,5.31
ITEM-000003720,ORD-00001485,PROD-000177,2,110.22,12.94
ITEM-000003721,ORD-00001485,PROD-000257,3,285.25,29.86
ITEM-000003722,ORD-00001486,PROD-000249,2,45.99,8.01
ITEM-000003723,ORD-00001486,PROD-000247,2,95.38,9.23
ITEM-000003724,ORD-00001486,PROD-000195,1,272.68,36.47
ITEM-000003725,ORD-00001486,PROD-000034,3,22.91,1.03
ITEM-000003726,ORD-00001487,PROD-000115,2,48.49,2.7
ITEM-000003727,ORD-00001487,PROD-000062,2,155.19,11.07
ITEM-000003728,ORD-00001488,PROD-000292,1,123.71,20.78
ITEM-000003729,ORD-00001488,PROD-000269,2,116.44,17.27
ITEM-000003730,ORD-00001488,PROD-000187,1,71.53,5.7
ITEM-000003731,ORD-00001488,PROD-000051,3,151.67,15.39
ITEM-000003732,ORD-00001489,PROD-000284,5,47.52,8.05
ITEM-000003733,ORD-00001489,PROD-000276,1,96.15,18.66
ITEM-000003734,ORD-00001489,PROD-000029,4,254.26,28.82
ITEM-000003735,ORD-00001490,PROD-000126,3,87.75,13.99
ITEM-000003736,ORD-00001490,PROD-000094,2,220.54,10.07
ITEM-000003737,ORD-00001491,PROD-000091,1,82.4,16.14
ITEM-000003738,ORD-00001491,PROD-000137,5,34.68,1.92
ITEM-000003739,ORD-00001491,PROD-000098,1,54.47,9.87
ITEM-000003740,ORD-00001491,PROD-000068,5,284.88,17.25
ITEM-000003741,ORD-00001492,PROD-000117,2,220.67,25.85
ITEM-000003742,ORD-00001492,PROD-000298,4,75.81,7.04
ITEM-000003743,ORD-00001493,PROD-000164,1,160.68,6.31
ITEM-000003744,ORD-00001494,PROD-000227,1,231.18,22.01
ITEM-000003745,ORD-00001495,PROD-000278,5,201.25,8.65
ITEM-000003746,ORD-00001496,PROD-000154,5,128.85,0.25
ITEM-000003747,ORD-00001496,PROD-000221,1,68.23,9.82
ITEM-000003748,ORD-00001496,PROD-000227,2,231.18,27.23
ITEM-000003749,ORD-00001496,PROD-000234,1,86.25,4.34
ITEM-000003750,ORD-00001497,PROD-000139,4,20.83,2.63
ITEM-000003751,ORD-00001497,PROD-000169,5,273.71,26.46
ITEM-000003752,ORD-00001497,PROD-000146,3,200.24,10.58
ITEM-000003753,ORD-00001497,PROD-000273,2,164.42,11.22
ITEM-000003754,ORD-00001498,PROD-000226,1,148.45,29.01
ITEM-000003755,ORD-00001498,PROD-000094,4,220.54,0.29
ITEM-000003756,ORD-00001498,PROD-000261,4,28.24,2.8
ITEM-000003757,ORD-00001499,PROD-000034,4,22.91,3.08
ITEM-000003758,ORD-00001499,PROD-000049,4,162.37,11.12
ITEM-000003759,ORD-00001500,PROD-000100,1,199.6,30.45
ITEM-000003760,ORD-00001500,PROD-000110,3,230.22,23.1
ITEM-000003761,ORD-00001501,PROD-000272,4,241.9,4.98
ITEM-000003762,ORD-00001501,PROD-000154,5,128.85,5.42
ITEM-000003763,ORD-00001501,PROD-000080,3,141.46,4.42
ITEM-000003764,ORD-00001502,PROD-000088,2,144.7,17.66
ITEM-000003765,ORD-00001502,PROD-000081,3,132.7,25.39
ITEM-000003766,ORD-00001502,PROD-000243,5,179.01,28.24
ITEM-000003767,ORD-00001502,PROD-000138,2,256.34,47.83
ITEM-000003768,ORD-00001503,PROD-000156,3,108.51,3.15
ITEM-000003769,ORD-00001503,PROD-000171,3,85.33,14.15
ITEM-000003770,ORD-00001503,PROD-000162,4,263.26,16.22
ITEM-000003771,ORD-00001503,PROD-000289,4,86.07,13.13
ITEM-000003772,ORD-00001504,PROD-000207,1,264.8,51.3
ITEM-000003773,ORD-00001505,PROD-000072,4,70.42,10.8
ITEM-000003774,ORD-00001505,PROD-000010,2,265.73,11.09
ITEM-000003775,ORD-00001505,PROD-000132,3,261.68,43.57
ITEM-000003776,ORD-00001506,PROD-000165,4,223.01,35.28
ITEM-000003777,ORD-00001507,PROD-000286,5,239.45,35.39
ITEM-000003778,ORD-00001507,PROD-000111,5,8.47,0.85
ITEM-000003779,ORD-00001507,PROD-000141,1,197.96,2.95
ITEM-000003780,ORD-00001508,PROD-000167,4,71.98,13.55
ITEM-000003781,ORD-00001508,PROD-000241,1,199.27,31.14
ITEM-000003782,ORD-00001509,PROD-000250,2,168.52,9.44
ITEM-000003783,ORD-00001509,PROD-000193,1,177.84,3.61
ITEM-000003784,ORD-00001509,PROD-000176,3,207.29,22.3
ITEM-000003785,ORD-00001509,PROD-000225,3,155.38,3.45
ITEM-000003786,ORD-00001510,PROD-000038,3,87.71,17.14
ITEM-000003787,ORD-00001510,PROD-000212,2,196.7,34.38
ITEM-000003788,ORD-00001511,PROD-000294,2,268.13,30.13
ITEM-000003789,ORD-00001511,PROD-000225,2,155.38,10.19
ITEM-000003790,ORD-00001511,PROD-000280,3,137.35,15.29
ITEM-000003791,ORD-00001512,PROD-000012,2,166.44,25.7
ITEM-000003792,ORD-00001512,PROD-000035,3,17.96,3.44
ITEM-000003793,ORD-00001512,PROD-000185,4,183.85,27.48
ITEM-000003794,ORD-00001513,PROD-000095,3,256.52,24.03
ITEM-000003795,ORD-00001513,PROD-000236,3,24.26,1.62
ITEM-000003796,ORD-00001514,PROD-000131,5,157.33,23.53
ITEM-000003797,ORD-00001514,PROD-000012,2,166.44,3.97
ITEM-000003798,ORD-00001514,PROD-000211,4,34.19,2.71
ITEM-000003799,ORD-00001515,PROD-000025,5,124.64,1.5
ITEM-000003800,ORD-00001515,PROD-000263,3,60.67,0.2
ITEM-000003801,ORD-00001515,PROD-000224,1,108.39,20.81
ITEM-000003802,ORD-00001515,PROD-000168,5,145.2,14.29
ITEM-000003803,ORD-00001516,PROD-000035,1,17.96,2.03
ITEM-000003804,ORD-00001516,PROD-000286,1,239.45,25.47
ITEM-000003805,ORD-00001516,PROD-000263,1,60.67,6.96
ITEM-000003806,ORD-00001517,PROD-000098,1,54.47,8.36
ITEM-000003807,ORD-00001517,PROD-000221,3,68.23,6.36
ITEM-000003808,ORD-00001517,PROD-000078,3,104.84,1.53
ITEM-000003809,ORD-00001517,PROD-000295,3,19.6,1.78
ITEM-000003810,ORD-00001518,PROD-000011,4,40.55,4.66
ITEM-000003811,ORD-00001518,PROD-000004,5,61.96,10.26
ITEM-000003812,ORD-00001518,PROD-000010,1,265.73,11.97
ITEM-000003813,ORD-00001518,PROD-000219,2,170.99,8.85
ITEM-000003814,ORD-00001519,PROD-000300,3,90.24,9.61
ITEM-000003815,ORD-00001519,PROD-000103,5,155.54,28.79
ITEM-000003816,ORD-00001520,PROD-000097,2,186.58,7.69
ITEM-000003817,ORD-00001520,PROD-000093,1,178.93,0.94
ITEM-000003818,ORD-00001521,PROD-000066,5,12.81,0.89
ITEM-000003819,ORD-00001522,PROD-000168,3,145.2,26.96
ITEM-000003820,ORD-00001523,PROD-000104,3,157.98,5.16
ITEM-000003821,ORD-00001523,PROD-000139,2,20.83,3.9
ITEM-000003822,ORD-00001524,PROD-000182,1,262.82,7.22
ITEM-000003823,ORD-00001524,PROD-000226,1,148.45,24.77
ITEM-000003824,ORD-00001525,PROD-000014,4,250.44,43.45
ITEM-000003825,ORD-00001525,PROD-000107,4,9.55,0.09
ITEM-000003826,ORD-00001525,PROD-000225,4,155.38,6.17
ITEM-000003827,ORD-00001525,PROD-000195,5,272.68,44.42
ITEM-000003828,ORD-00001526,PROD-000090,5,115.9,21.17
ITEM-000003829,ORD-00001527,PROD-000084,2,138.49,3.33
ITEM-000003830,ORD-00001528,PROD-000184,3,133.98,11.12
ITEM-000003831,ORD-00001528,PROD-000108,1,129.74,20.75
ITEM-000003832,ORD-00001528,PROD-000185,4,183.85,9.39
ITEM-000003833,ORD-00001528,PROD-000058,4,86.29,0.28
ITEM-000003834,ORD-00001529,PROD-000216,4,179.85,34.59
ITEM-000003835,ORD-00001529,PROD-000052,3,197.07,14.2
ITEM-000003836,ORD-00001529,PROD-000159,1,115.09,9.99
ITEM-000003837,ORD-00001529,PROD-000154,2,128.85,25.76
ITEM-000003838,ORD-00001530,PROD-000200,4,169.62,0.54
ITEM-000003839,ORD-00001531,PROD-000166,1,161.73,4.55
ITEM-000003840,ORD-00001531,PROD-000128,2,144.64,16.33
ITEM-000003841,ORD-00001531,PROD-000066,5,12.81,0.4
ITEM-000003842,ORD-00001532,PROD-000020,1,193.41,23.06
ITEM-000003843,ORD-00001532,PROD-000108,3,129.74,9.64
ITEM-000003844,ORD-00001532,PROD-000213,2,151.52,12.7
ITEM-000003845,ORD-00001532,PROD-000090,5,115.9,22.38
ITEM-000003846,ORD-00001533,PROD-000187,1,71.53,11.25
ITEM-000003847,ORD-00001533,PROD-000016,4,56.87,2.32
ITEM-000003848,ORD-00001534,PROD-000192,3,222.13,27.63
ITEM-000003849,ORD-00001534,PROD-000015,1,77.71,5.15
ITEM-000003850,ORD-00001534,PROD-000241,1,199.27,29.29
ITEM-000003851,ORD-00001534,PROD-000074,4,214.62,2.0
ITEM-000003852,ORD-00001535,PROD-000269,2,116.44,3.68
ITEM-000003853,ORD-00001535,PROD-000008,3,169.86,30.48
ITEM-000003854,ORD-00001535,PROD-000048,4,239.02,47.24
ITEM-000003855,ORD-00001535,PROD-000058,4,86.29,8.02
ITEM-000003856,ORD-00001536,PROD-000275,4,143.99,3.87
ITEM-000003857,ORD-00001536,PROD-000001,3,161.47,15.38
ITEM-000003858,ORD-00001536,PROD-000132,2,261.68,16.9
ITEM-000003859,ORD-00001536,PROD-000277,3,89.29,17.09
ITEM-000003860,ORD-00001537,PROD-000245,4,6.0,0.9
ITEM-000003861,ORD-00001538,PROD-000065,2,11.5,1.18
ITEM-000003862,ORD-00001538,PROD-000074,2,214.62,28.3
ITEM-000003863,ORD-00001539,PROD-000207,3,264.8,46.97
ITEM-000003864,ORD-00001540,PROD-000128,2,144.64,7.25
ITEM-000003865,ORD-00001541,PROD-000169,4,273.71,36.59
ITEM-000003866,ORD-00001541,PROD-000267,5,237.37,27.4
ITEM-000003867,ORD-00001541,PROD-000137,2,34.68,2.27
ITEM-000003868,ORD-00001542,PROD-000075,5,62.62,9.22
ITEM-000003869,ORD-00001542,PROD-000018,4,116.66,14.74
ITEM-000003870,ORD-00001542,PROD-000102,2,242.49,0.69
ITEM-000003871,ORD-00001543,PROD-000122,2,174.47,13.84
ITEM-000003872,ORD-00001544,PROD-000293,4,32.6,3.15
ITEM-000003873,ORD-00001545,PROD-000097,5,186.58,15.14
ITEM-000003874,ORD-00001545,PROD-000110,4,230.22,28.61
ITEM-000003875,ORD-00001545,PROD-000280,4,137.35,3.24
ITEM-000003876,ORD-00001546,PROD-000264,3,25.07,1.69
ITEM-000003877,ORD-00001546,PROD-000096,3,261.99,17.87
ITEM-000003878,ORD-00001546,PROD-000250,5,168.52,15.38
ITEM-000003879,ORD-00001547,PROD-000176,5,207.29,10.9
ITEM-000003880,ORD-00001548,PROD-000219,1,170.99,32.99
ITEM-000003881,ORD-00001548,PROD-000065,1,11.5,0.52
ITEM-000003882,ORD-00001548,PROD-000235,1,121.53,2.92
ITEM-000003883,ORD-00001549,PROD-000065,3,11.5,0.71
ITEM-000003884,ORD-00001549,PROD-000224,5,108.39,21.34
ITEM-000003885,ORD-00001549,PROD-000043,5,44.85,1.64
ITEM-000003886,ORD-00001550,PROD-000073,2,65.08,10.1
ITEM-000003887,ORD-00001550,PROD-000102,3,242.49,25.49
ITEM-000003888,ORD-00001551,PROD-000289,5,86.07,9.04
ITEM-000003889,ORD-00001551,PROD-000273,3,164.42,17.74
ITEM-000003890,ORD-00001552,PROD-000192,2,222.13,4.45
ITEM-000003891,ORD-00001552,PROD-000085,5,65.75,2.98
ITEM-000003892,ORD-00001553,PROD-000277,5,89.29,7.57
ITEM-000003893,ORD-00001553,PROD-000104,3,157.98,1.55
ITEM-000003894,ORD-00001554,PROD-000152,4,40.04,7.21
ITEM-000003895,ORD-00001554,PROD-000216,4,179.85,16.83
ITEM-000003896,ORD-00001554,PROD-000070,3,170.09,0.01
ITEM-000003897,ORD-00001554,PROD-000129,5,145.51,19.44
ITEM-000003898,ORD-00001555,PROD-000035,1,17.96,2.71
ITEM-000003899,ORD-00001555,PROD-000072,2,70.42,6.77
ITEM-000003900,ORD-00001556,PROD-000125,4,191.28,30.08
ITEM-000003901,ORD-00001556,PROD-000215,4,145.42,17.2
ITEM-000003902,ORD-00001557,PROD-000180,1,175.36,7.94
ITEM-000003903,ORD-00001557,PROD-000142,2,42.45,7.58
ITEM-000003904,ORD-00001558,PROD-000300,2,90.24,3.71
ITEM-000003905,ORD-00001559,PROD-000142,3,42.45,0.09
ITEM-000003906,ORD-00001559,PROD-000061,5,156.43,9.73
ITEM-000003907,ORD-00001560,PROD-000242,2,248.42,32.81
ITEM-000003908,ORD-00001561,PROD-000064,5,39.81,5.92
ITEM-000003909,ORD-00001561,PROD-000233,2,153.78,2.17
ITEM-000003910,ORD-00001561,PROD-000175,3,285.03,54.13
ITEM-000003911,ORD-00001562,PROD-000196,3,266.04,6.0
ITEM-000003912,ORD-00001563,PROD-000219,5,170.99,5.76
ITEM-000003913,ORD-00001563,PROD-000250,3,168.52,7.57
ITEM-000003914,ORD-00001563,PROD-000053,1,113.39,22.62
ITEM-000003915,ORD-00001563,PROD-000186,2,39.92,6.94
ITEM-000003916,ORD-00001564,PROD-000222,4,173.52,1.97
ITEM-000003917,ORD-00001564,PROD-000054,3,6.16,1.04
ITEM-000003918,ORD-00001564,PROD-000142,3,42.45,5.44
ITEM-000003919,ORD-00001564,PROD-000169,4,273.71,36.51
ITEM-000003920,ORD-00001565,PROD-000183,1,197.83,0.51
ITEM-000003921,ORD-00001565,PROD-000249,2,45.99,5.39
ITEM-000003922,ORD-00001565,PROD-000114,5,178.3,15.47
ITEM-000003923,ORD-00001566,PROD-000054,4,6.16,0.69
ITEM-000003924,ORD-00001566,PROD-000290,4,96.01,11.65
ITEM-000003925,ORD-00001566,PROD-000196,1,266.04,32.01
ITEM-000003926,ORD-00001567,PROD-000295,1,19.6,0.46
ITEM-000003927,ORD-00001568,PROD-000185,5,183.85,24.73
ITEM-000003928,ORD-00001568,PROD-000216,4,179.85,25.84
ITEM-000003929,ORD-00001569,PROD-000178,4,192.03,32.73
ITEM-000003930,ORD-00001570,PROD-000205,4,111.74,14.95
ITEM-000003931,ORD-00001571,PROD-000111,5,8.47,0.31
ITEM-000003932,ORD-00001572,PROD-000051,3,151.67,27.93
ITEM-000003933,ORD-00001572,PROD-000015,4,77.71,13.2
ITEM-000003934,ORD-00001572,PROD-000130,3,154.33,25.26
ITEM-000003935,ORD-00001573,PROD-000181,2,155.05,8.58
ITEM-000003936,ORD-00001573,PROD-000025,3,124.64,11.42
ITEM-000003937,ORD-00001573,PROD-000135,2,164.35,6.88
ITEM-000003938,ORD-00001574,PROD-000206,3,129.81,20.28
ITEM-000003939,ORD-00001574,PROD-000089,4,64.06,10.98
ITEM-000003940,ORD-00001574,PROD-000171,3,85.33,10.52
ITEM-000003941,ORD-00001575,PROD-000163,3,87.64,1.78
ITEM-000003942,ORD-00001575,PROD-000047,4,16.68,1.04
ITEM-000003943,ORD-00001576,PROD-000096,4,261.99,10.59
ITEM-000003944,ORD-00001576,PROD-000249,3,45.99,3.1
ITEM-000003945,ORD-00001576,PROD-000225,3,155.38,23.46
ITEM-000003946,ORD-00001576,PROD-000087,3,82.01,0.26
ITEM-000003947,ORD-00001577,PROD-000298,3,75.81,13.78
ITEM-000003948,ORD-00001577,PROD-000287,3,54.46,8.24
ITEM-000003949,ORD-00001578,PROD-000204,5,193.75,26.96
ITEM-000003950,ORD-00001578,PROD-000102,1,242.49,4.39
ITEM-000003951,ORD-00001579,PROD-000135,2,164.35,23.53
ITEM-000003952,ORD-00001579,PROD-000273,3,164.42,13.05
ITEM-000003953,ORD-00001579,PROD-000198,1,196.53,33.21
ITEM-000003954,ORD-00001579,PROD-000151,5,206.31,23.52
ITEM-000003955,ORD-00001580,PROD-000166,2,161.73,14.31
ITEM-000003956,ORD-00001581,PROD-000126,5,87.75,2.72
ITEM-000003957,ORD-00001582,PROD-000014,4,250.44,11.24
ITEM-000003958,ORD-00001582,PROD-000113,2,38.45,6.73
ITEM-000003959,ORD-00001582,PROD-000226,2,148.45,4.32
ITEM-000003960,ORD-00001583,PROD-000125,1,191.28,32.81
ITEM-000003961,ORD-00001583,PROD-000248,4,206.76,17.14
ITEM-000003962,ORD-00001583,PROD-000283,5,40.56,1.56
ITEM-000003963,ORD-00001584,PROD-000266,5,145.38,11.62
ITEM-000003964,ORD-00001584,PROD-000295,4,19.6,2.93
ITEM-000003965,ORD-00001585,PROD-000135,4,164.35,12.17
ITEM-000003966,ORD-00001585,PROD-000121,3,258.33,27.92
ITEM-000003967,ORD-00001585,PROD-000040,2,52.71,3.39
ITEM-000003968,ORD-00001586,PROD-000276,5,96.15,2.48
ITEM-000003969,ORD-00001586,PROD-000260,4,87.01,9.32
ITEM-000003970,ORD-00001587,PROD-000117,3,220.67,31.67
ITEM-000003971,ORD-00001588,PROD-000239,3,261.64,30.05
ITEM-000003972,ORD-00001588,PROD-000028,4,283.29,35.06
ITEM-000003973,ORD-00001589,PROD-000224,1,108.39,20.66
ITEM-000003974,ORD-00001589,PROD-000088,1,144.7,16.21
ITEM-000003975,ORD-00001589,PROD-000287,1,54.46,9.76
ITEM-000003976,ORD-00001589,PROD-000245,2,6.0,0.08
ITEM-000003977,ORD-00001590,PROD-000034,3,22.91,2.61
ITEM-000003978,ORD-00001590,PROD-000015,5,77.71,7.63
ITEM-000003979,ORD-00001590,PROD-000069,4,294.54,12.68
ITEM-000003980,ORD-00001591,PROD-000159,5,115.09,16.05
ITEM-000003981,ORD-00001591,PROD-000156,3,108.51,5.05
ITEM-000003982,ORD-00001591,PROD-000261,4,28.24,0.81
ITEM-000003983,ORD-00001591,PROD-000277,5,89.29,5.62
ITEM-000003984,ORD-00001592,PROD-000028,3,283.29,33.28
ITEM-000003985,ORD-00001593,PROD-000033,5,93.06,7.7
ITEM-000003986,ORD-00001594,PROD-000100,2,199.6,39.11
ITEM-000003987,ORD-00001594,PROD-000092,2,68.92,0.41
ITEM-000003988,ORD-00001595,PROD-000062,3,155.19,2.77
ITEM-000003989,ORD-00001595,PROD-000207,5,264.8,37.12
ITEM-000003990,ORD-00001595,PROD-000199,4,250.55,19.11
ITEM-000003991,ORD-00001595,PROD-000243,2,179.01,30.33
ITEM-000003992,ORD-00001596,PROD-000050,3,41.26,2.93
ITEM-000003993,ORD-00001596,PROD-000221,3,68.23,6.82
ITEM-000003994,ORD-00001597,PROD-000134,4,240.79,9.66
ITEM-000003995,ORD-00001597,PROD-000180,1,175.36,11.91
ITEM-000003996,ORD-00001598,PROD-000269,3,116.44,0.48
ITEM-000003997,ORD-00001599,PROD-000286,1,239.45,32.69
ITEM-000003998,ORD-00001600,PROD-000087,1,82.01,15.8
ITEM-000003999,ORD-00001601,PROD-000003,3,94.19,7.25
ITEM-000004000,ORD-00001602,PROD-000291,5,181.27,13.59
ITEM-000004001,ORD-00001603,PROD-000089,2,64.06,8.15
ITEM-000004002,ORD-00001604,PROD-000094,5,220.54,9.63
ITEM-000004003,ORD-00001604,PROD-000177,1,110.22,19.22
ITEM-000004004,ORD-00001604,PROD-000080,5,141.46,10.59
ITEM-000004005,ORD-00001604,PROD-000091,4,82.4,11.64
ITEM-000004006,ORD-00001605,PROD-000260,2,87.01,14.17
ITEM-000004007,ORD-00001605,PROD-000228,1,119.68,14.89
ITEM-000004008,ORD-00001606,PROD-000160,3,96.22,2.07
ITEM-000004009,ORD-00001607,PROD-000266,2,145.38,26.18
ITEM-000004010,ORD-00001607,PROD-000255,2,36.59,4.42
ITEM-000004011,ORD-00001608,PROD-000233,5,153.78,25.58
ITEM-000004012,ORD-00001608,PROD-000230,1,66.97,8.96
ITEM-000004013,ORD-00001608,PROD-000034,3,22.91,1.13
ITEM-000004014,ORD-00001609,PROD-000123,4,211.38,7.96
ITEM-000004015,ORD-00001609,PROD-000207,1,264.8,18.98
ITEM-000004016,ORD-00001610,PROD-000051,5,151.67,2.76
ITEM-000004017,ORD-00001610,PROD-000165,5,223.01,25.11
ITEM-000004018,ORD-00001610,PROD-000273,5,164.42,12.96
ITEM-000004019,ORD-00001610,PROD-000280,2,137.35,7.76
ITEM-000004020,ORD-00001611,PROD-000230,2,66.97,3.92
ITEM-000004021,ORD-00001611,PROD-000219,4,170.99,14.88
ITEM-000004022,ORD-00001612,PROD-000252,1,138.21,13.58
ITEM-000004023,ORD-00001613,PROD-000288,4,13.25,1.62
ITEM-000004024,ORD-00001613,PROD-000157,4,15.55,3.09
ITEM-000004025,ORD-00001613,PROD-000148,1,173.72,18.33
ITEM-000004026,ORD-00001614,PROD-000097,1,186.58,11.46
ITEM-000004027,ORD-00001615,PROD-000161,1,9.57,1.02
ITEM-000004028,ORD-00001615,PROD-000025,3,124.64,9.59
ITEM-000004029,ORD-00001616,PROD-000276,1,96.15,15.84
ITEM-000004030,ORD-00001616,PROD-000223,5,37.75,3.96
ITEM-000004031,ORD-00001616,PROD-000092,5,68.92,5.11
ITEM-000004032,ORD-00001617,PROD-000110,1,230.22,21.05
ITEM-000004033,ORD-00001618,PROD-000114,3,178.3,2.6
ITEM-000004034,ORD-00001618,PROD-000105,4,56.39,2.33
ITEM-000004035,ORD-00001619,PROD-000024,4,195.99,8.08
ITEM-000004036,ORD-00001620,PROD-000149,1,175.39,31.72
ITEM-000004037,ORD-00001621,PROD-000091,4,82.4,13.62
ITEM-000004038,ORD-00001621,PROD-000191,4,254.19,2.28
ITEM-000004039,ORD-00001621,PROD-000073,5,65.08,3.2
ITEM-000004040,ORD-00001622,PROD-000217,5,39.78,5.65
ITEM-000004041,ORD-00001622,PROD-000159,2,115.09,21.64
ITEM-000004042,ORD-00001622,PROD-000140,4,113.52,15.67
ITEM-000004043,ORD-00001623,PROD-000212,4,196.7,10.94
ITEM-000004044,ORD-00001623,PROD-000098,4,54.47,2.76
ITEM-000004045,ORD-00001623,PROD-000006,4,20.4,0.17
ITEM-000004046,ORD-00001623,PROD-000230,2,66.97,8.88
ITEM-000004047,ORD-00001624,PROD-000037,1,237.13,5.47
ITEM-000004048,ORD-00001624,PROD-000251,1,149.42,5.48
ITEM-000004049,ORD-00001625,PROD-000086,3,126.38,24.15
ITEM-000004050,ORD-00001625,PROD-000204,3,193.75,20.78
ITEM-000004051,ORD-00001625,PROD-000146,5,200.24,10.47
ITEM-000004052,ORD-00001626,PROD-000203,2,217.05,41.25
ITEM-000004053,ORD-00001627,PROD-000103,2,155.54,16.12
ITEM-000004054,ORD-00001627,PROD-000019,4,146.76,14.05
ITEM-000004055,ORD-00001627,PROD-000058,2,86.29,0.66
ITEM-000004056,ORD-00001627,PROD-000199,2,250.55,4.19
ITEM-000004057,ORD-00001628,PROD-000124,4,85.6,10.53
ITEM-000004058,ORD-00001629,PROD-000074,4,214.62,25.63
ITEM-000004059,ORD-00001629,PROD-000022,5,178.72,27.41
ITEM-000004060,ORD-00001629,PROD-000097,2,186.58,27.05
ITEM-000004061,ORD-00001629,PROD-000023,5,61.71,0.18
ITEM-000004062,ORD-00001630,PROD-000175,3,285.03,52.55
ITEM-000004063,ORD-00001630,PROD-000180,4,175.36,7.04
ITEM-000004064,ORD-00001631,PROD-000201,4,154.94,4.74
ITEM-000004065,ORD-00001632,PROD-000259,1,58.93,2.65
ITEM-000004066,ORD-00001632,PROD-000100,3,199.6,26.27
ITEM-000004067,ORD-00001632,PROD-000225,1,155.38,27.08
ITEM-000004068,ORD-00001633,PROD-000126,5,87.75,9.28
ITEM-000004069,ORD-00001634,PROD-000074,5,214.62,41.39
ITEM-000004070,ORD-00001634,PROD-000030,1,45.68,6.26
ITEM-000004071,ORD-00001635,PROD-000266,5,145.38,0.51
ITEM-000004072,ORD-00001635,PROD-000087,3,82.01,6.07
ITEM-000004073,ORD-00001635,PROD-000074,1,214.62,29.37
ITEM-000004074,ORD-00001635,PROD-000004,4,61.96,0.04
ITEM-000004075,ORD-00001636,PROD-000199,5,250.55,6.0
ITEM-000004076,ORD-00001637,PROD-000019,5,146.76,16.01
ITEM-000004077,ORD-00001637,PROD-000011,4,40.55,7.6
ITEM-000004078,ORD-00001638,PROD-000145,5,223.58,17.29
ITEM-000004079,ORD-00001638,PROD-000122,4,174.47,21.38
ITEM-000004080,ORD-00001638,PROD-000177,4,110.22,10.56
ITEM-000004081,ORD-00001638,PROD-000079,4,158.41,17.0
ITEM-000004082,ORD-00001639,PROD-000115,2,48.49,2.78
ITEM-000004083,ORD-00001639,PROD-000090,4,115.9,23.16
ITEM-000004084,ORD-00001639,PROD-000083,3,56.68,8.39
ITEM-000004085,ORD-00001640,PROD-000154,2,128.85,1.1
ITEM-000004086,ORD-00001640,PROD-000211,5,34.19,5.82
ITEM-000004087,ORD-00001640,PROD-000206,2,129.81,21.81
ITEM-000004088,ORD-00001640,PROD-000181,2,155.05,29.21
ITEM-000004089,ORD-00001641,PROD-000214,4,199.19,29.22
ITEM-000004090,ORD-00001641,PROD-000228,4,119.68,11.09
ITEM-000004091,ORD-00001641,PROD-000173,3,253.18,33.69
ITEM-000004092,ORD-00001641,PROD-000069,5,294.54,12.13
ITEM-000004093,ORD-00001642,PROD-000098,5,54.47,2.12
ITEM-000004094,ORD-00001642,PROD-000187,4,71.53,7.84
ITEM-000004095,ORD-00001643,PROD-000192,3,222.13,9.49
ITEM-000004096,ORD-00001643,PROD-000073,4,65.08,1.41
ITEM-000004097,ORD-00001643,PROD-000232,3,124.85,22.59
ITEM-000004098,ORD-00001643,PROD-000212,1,196.7,7.84
ITEM-000004099,ORD-00001644,PROD-000283,2,40.56,5.35
ITEM-000004100,ORD-00001644,PROD-000265,4,55.67,2.01
ITEM-000004101,ORD-00001644,PROD-000227,1,231.18,32.09
ITEM-000004102,ORD-00001645,PROD-000291,2,181.27,9.91
ITEM-000004103,ORD-00001645,PROD-000289,2,86.07,11.04
ITEM-000004104,ORD-00001645,PROD-000295,2,19.6,0.59
ITEM-000004105,ORD-00001645,PROD-000163,4,87.64,4.31
ITEM-000004106,ORD-00001646,PROD-000250,3,168.52,20.57
ITEM-000004107,ORD-00001646,PROD-000272,1,241.9,32.71
ITEM-000004108,ORD-00001647,PROD-000044,1,31.7,0.05
ITEM-000004109,ORD-00001648,PROD-000170,1,124.7,7.81
ITEM-000004110,ORD-00001649,PROD-000104,2,157.98,30.27
ITEM-000004111,ORD-00001649,PROD-000158,1,51.52,3.74
ITEM-000004112,ORD-00001649,PROD-000162,5,263.26,47.62
ITEM-000004113,ORD-00001650,PROD-000244,3,54.61,7.68
ITEM-000004114,ORD-00001650,PROD-000149,3,175.39,3.56
ITEM-000004115,ORD-00001650,PROD-000288,2,13.25,2.39
ITEM-000004116,ORD-00001650,PROD-000078,2,104.84,8.71
ITEM-000004117,ORD-00001651,PROD-000082,5,153.69,16.98
ITEM-000004118,ORD-00001651,PROD-000241,3,199.27,27.5
ITEM-000004119,ORD-00001651,PROD-000128,1,144.64,19.2
ITEM-000004120,ORD-00001651,PROD-000076,4,192.0,3.73
ITEM-000004121,ORD-00001652,PROD-000070,4,170.09,16.08
ITEM-000004122,ORD-00001653,PROD-000088,1,144.7,16.96
ITEM-000004123,ORD-00001653,PROD-000186,4,39.92,4.67
ITEM-000004124,ORD-00001653,PROD-000094,4,220.54,39.43
ITEM-000004125,ORD-00001653,PROD-000252,5,138.21,9.5
ITEM-000004126,ORD-00001654,PROD-000044,3,31.7,0.44
ITEM-000004127,ORD-00001654,PROD-000070,5,170.09,10.21
ITEM-000004128,ORD-00001654,PROD-000202,2,170.28,3.78
ITEM-000004129,ORD-00001655,PROD-000165,3,223.01,31.73
ITEM-000004130,ORD-00001655,PROD-000043,3,44.85,5.41
ITEM-000004131,ORD-00001656,PROD-000009,5,38.67,6.89
ITEM-000004132,ORD-00001656,PROD-000214,2,199.19,14.55
ITEM-000004133,ORD-00001656,PROD-000130,2,154.33,15.85
ITEM-000004134,ORD-00001656,PROD-000267,1,237.37,23.24
ITEM-000004135,ORD-00001657,PROD-000027,2,268.28,37.59
ITEM-000004136,ORD-00001657,PROD-000135,4,164.35,32.74
ITEM-000004137,ORD-00001658,PROD-000021,3,258.38,38.76
ITEM-000004138,ORD-00001658,PROD-000235,1,121.53,8.09
ITEM-000004139,ORD-00001658,PROD-000017,2,59.6,10.39
ITEM-000004140,ORD-00001659,PROD-000294,1,268.13,16.23
ITEM-000004141,ORD-00001660,PROD-000241,4,199.27,15.48
ITEM-000004142,ORD-00001660,PROD-000139,4,20.83,1.4
ITEM-000004143,ORD-00001661,PROD-000209,3,179.59,4.75
ITEM-000004144,ORD-00001661,PROD-000178,3,192.03,21.21
ITEM-000004145,ORD-00001661,PROD-000251,3,149.42,7.97
ITEM-000004146,ORD-00001661,PROD-000231,1,126.83,20.43
ITEM-000004147,ORD-00001662,PROD-000261,1,28.24,0.13
ITEM-000004148,ORD-00001662,PROD-000066,1,12.81,0.62
ITEM-000004149,ORD-00001662,PROD-000091,3,82.4,1.07
ITEM-000004150,ORD-00001663,PROD-000045,1,139.38,0.27
ITEM-000004151,ORD-00001663,PROD-000007,3,234.37,40.79
ITEM-000004152,ORD-00001664,PROD-000080,5,141.46,17.71
ITEM-000004153,ORD-00001665,PROD-000170,1,124.7,15.28
ITEM-000004154,ORD-00001665,PROD-000029,2,254.26,10.15
ITEM-000004155,ORD-00001665,PROD-000042,2,20.87,0.38
ITEM-000004156,ORD-00001665,PROD-000047,1,16.68,1.44
ITEM-000004157,ORD-00001666,PROD-000108,1,129.74,18.6
ITEM-000004158,ORD-00001666,PROD-000199,3,250.55,31.34
ITEM-000004159,ORD-00001667,PROD-000244,2,54.61,7.74
ITEM-000004160,ORD-00001667,PROD-000254,5,59.19,8.36
ITEM-000004161,ORD-00001668,PROD-000148,5,173.72,30.05
ITEM-000004162,ORD-00001668,PROD-000032,4,114.8,4.25
ITEM-000004163,ORD-00001668,PROD-000004,1,61.96,2.18
ITEM-000004164,ORD-00001668,PROD-000102,3,242.49,6.98
ITEM-000004165,ORD-00001669,PROD-000064,1,39.81,1.5
ITEM-000004166,ORD-00001669,PROD-000165,2,223.01,7.24
ITEM-000004167,ORD-00001670,PROD-000212,5,196.7,25.2
ITEM-000004168,ORD-00001670,PROD-000112,4,194.6,9.77
ITEM-000004169,ORD-00001670,PROD-000177,2,110.22,11.7
ITEM-000004170,ORD-00001671,PROD-000145,2,223.58,2.89
ITEM-000004171,ORD-00001671,PROD-000033,4,93.06,6.41
ITEM-000004172,ORD-00001671,PROD-000031,5,215.03,32.5
ITEM-000004173,ORD-00001672,PROD-000041,4,146.19,0.35
ITEM-000004174,ORD-00001672,PROD-000046,3,37.28,4.39
ITEM-000004175,ORD-00001672,PROD-000186,5,39.92,5.41
ITEM-000004176,ORD-00001672,PROD-000034,5,22.91,1.2
ITEM-000004177,ORD-00001673,PROD-000231,3,126.83,18.83
ITEM-000004178,ORD-00001673,PROD-000246,3,42.16,4.21
ITEM-000004179,ORD-00001673,PROD-000251,3,149.42,16.31
ITEM-000004180,ORD-00001674,PROD-000117,5,220.67,7.53
ITEM-000004181,ORD-00001674,PROD-000181,4,155.05,14.42
ITEM-000004182,ORD-00001675,PROD-000167,4,71.98,6.67
ITEM-000004183,ORD-00001675,PROD-000238,4,67.16,2.05
ITEM-000004184,ORD-00001675,PROD-000198,4,196.53,37.33
ITEM-000004185,ORD-00001675,PROD-000072,3,70.42,5.37
ITEM-000004186,ORD-00001676,PROD-000205,3,111.74,0.31
ITEM-000004187,ORD-00001676,PROD-000089,2,64.06,7.6
ITEM-000004188,ORD-00001677,PROD-000112,1,194.6,0.64
ITEM-000004189,ORD-00001677,PROD-000242,2,248.42,13.46
ITEM-000004190,ORD-00001678,PROD-000012,4,166.44,13.06
ITEM-000004191,ORD-00001678,PROD-000156,5,108.51,6.03
ITEM-000004192,ORD-00001679,PROD-000250,5,168.52,24.39
ITEM-000004193,ORD-00001679,PROD-000222,4,173.52,32.88
ITEM-000004194,ORD-00001680,PROD-000250,1,168.52,11.91
ITEM-000004195,ORD-00001680,PROD-000055,1,139.15,26.52
ITEM-000004196,ORD-00001681,PROD-000149,2,175.39,8.25
ITEM-000004197,ORD-00001681,PROD-000254,2,59.19,4.93
ITEM-000004198,ORD-00001681,PROD-000007,3,234.37,29.6
ITEM-000004199,ORD-00001681,PROD-000174,3,92.99,12.72
ITEM-000004200,ORD-00001682,PROD-000063,5,42.54,1.1
ITEM-000004201,ORD-00001682,PROD-000145,3,223.58,32.41
ITEM-000004202,ORD-00001682,PROD-000066,3,12.81,1.45
ITEM-000004203,ORD-00001682,PROD-000243,1,179.01,0.63
ITEM-000004204,ORD-00001683,PROD-000214,2,199.19,8.34
ITEM-000004205,ORD-00001683,PROD-000168,2,145.2,26.43
ITEM-000004206,ORD-00001683,PROD-000161,4,9.57,1.51
ITEM-000004207,ORD-00001684,PROD-000296,3,161.45,22.55
ITEM-000004208,ORD-00001684,PROD-000066,3,12.81,2.0
ITEM-000004209,ORD-00001684,PROD-000294,2,268.13,37.97
ITEM-000004210,ORD-00001685,PROD-000128,4,144.64,16.3
ITEM-000004211,ORD-00001685,PROD-000010,3,265.73,27.16
ITEM-000004212,ORD-00001686,PROD-000197,2,142.58,17.78
ITEM-000004213,ORD-00001687,PROD-000271,4,142.48,13.18
ITEM-000004214,ORD-00001688,PROD-000035,4,17.96,1.4
ITEM-000004215,ORD-00001688,PROD-000099,3,85.82,12.22
ITEM-000004216,ORD-00001688,PROD-000187,1,71.53,6.78
ITEM-000004217,ORD-00001689,PROD-000002,3,24.12,1.72
ITEM-000004218,ORD-00001689,PROD-000248,5,206.76,6.04
ITEM-000004219,ORD-00001690,PROD-000164,4,160.68,31.66
ITEM-000004220,ORD-00001690,PROD-000275,2,143.99,23.73
ITEM-000004221,ORD-00001690,PROD-000097,5,186.58,22.58
ITEM-000004222,ORD-00001691,PROD-000032,2,114.8,12.02
ITEM-000004223,ORD-00001691,PROD-000259,3,58.93,2.93
ITEM-000004224,ORD-00001691,PROD-000193,4,177.84,24.92
ITEM-000004225,ORD-00001692,PROD-000153,3,111.79,4.57
ITEM-000004226,ORD-00001693,PROD-000013,1,89.16,11.62
ITEM-000004227,ORD-00001693,PROD-000216,1,179.85,13.26
ITEM-000004228,ORD-00001693,PROD-000076,4,192.0,24.03
ITEM-000004229,ORD-00001694,PROD-000228,3,119.68,2.58
ITEM-000004230,ORD-00001694,PROD-000141,4,197.96,10.93
ITEM-000004231,ORD-00001695,PROD-000146,2,200.24,23.49
ITEM-000004232,ORD-00001695,PROD-000166,1,161.73,4.01
ITEM-000004233,ORD-00001695,PROD-000168,5,145.2,13.86
ITEM-000004234,ORD-00001695,PROD-000073,3,65.08,10.83
ITEM-000004235,ORD-00001696,PROD-000282,1,158.46,19.93
ITEM-000004236,ORD-00001696,PROD-000166,4,161.73,5.76
ITEM-000004237,ORD-00001696,PROD-000018,3,116.66,7.56
ITEM-000004238,ORD-00001696,PROD-000292,1,123.71,21.85
ITEM-000004239,ORD-00001697,PROD-000068,4,284.88,3.64
ITEM-000004240,ORD-00001698,PROD-000072,2,70.42,1.44
ITEM-000004241,ORD-00001699,PROD-000121,1,258.33,38.99
ITEM-000004242,ORD-00001699,PROD-000183,3,197.83,3.21
ITEM-000004243,ORD-00001700,PROD-000036,4,46.08,3.69
ITEM-000004244,ORD-00001700,PROD-000032,5,114.8,9.56
ITEM-000004245,ORD-00001700,PROD-000203,2,217.05,23.79
ITEM-000004246,ORD-00001701,PROD-000107,4,9.55,0.3
ITEM-000004247,ORD-00001702,PROD-000117,2,220.67,2.49
ITEM-000004248,ORD-00001702,PROD-000286,1,239.45,2.51
ITEM-000004249,ORD-00001702,PROD-000116,4,189.39,1.61
ITEM-000004250,ORD-00001703,PROD-000120,2,150.5,28.73
ITEM-000004251,ORD-00001703,PROD-000071,5,48.6,3.11
ITEM-000004252,ORD-00001704,PROD-000203,1,217.05,22.15
ITEM-000004253,ORD-00001704,PROD-000149,4,175.39,0.82
ITEM-000004254,ORD-00001704,PROD-000213,5,151.52,2.06
ITEM-000004255,ORD-00001704,PROD-000103,5,155.54,1.12
ITEM-000004256,ORD-00001705,PROD-000299,4,233.47,0.33
ITEM-000004257,ORD-00001705,PROD-000042,5,20.87,3.68
ITEM-000004258,ORD-00001706,PROD-000204,2,193.75,5.9
ITEM-000004259,ORD-00001706,PROD-000004,5,61.96,3.49
ITEM-000004260,ORD-00001707,PROD-000262,4,149.73,4.79
ITEM-000004261,ORD-00001707,PROD-000104,5,157.98,8.1
ITEM-000004262,ORD-00001707,PROD-000101,3,132.99,23.88
ITEM-000004263,ORD-00001708,PROD-000062,3,155.19,14.02
ITEM-000004264,ORD-00001708,PROD-000229,5,175.01,33.87
ITEM-000004265,ORD-00001708,PROD-000263,4,60.67,2.48
ITEM-000004266,ORD-00001708,PROD-000058,1,86.29,6.69
ITEM-000004267,ORD-00001709,PROD-000106,2,222.78,33.85
ITEM-000004268,ORD-00001710,PROD-000110,5,230.22,37.66
ITEM-000004269,ORD-00001710,PROD-000185,4,183.85,2.0
ITEM-000004270,ORD-00001710,PROD-000118,5,182.0,32.4
ITEM-000004271,ORD-00001711,PROD-000112,5,194.6,0.93
ITEM-000004272,ORD-00001711,PROD-000007,2,234.37,38.89
ITEM-000004273,ORD-00001711,PROD-000171,2,85.33,8.53
ITEM-000004274,ORD-00001712,PROD-000168,4,145.2,28.58
ITEM-000004275,ORD-00001712,PROD-000085,4,65.75,6.31
ITEM-000004276,ORD-00001712,PROD-000147,2,65.7,1.02
ITEM-000004277,ORD-00001712,PROD-000055,1,139.15,23.73
ITEM-000004278,ORD-00001713,PROD-000006,3,20.4,3.8
ITEM-000004279,ORD-00001714,PROD-000228,4,119.68,17.44
ITEM-000004280,ORD-00001714,PROD-000082,1,153.69,1.65
ITEM-000004281,ORD-00001714,PROD-000111,2,8.47,1.64
ITEM-000004282,ORD-00001715,PROD-000039,3,21.15,1.77
ITEM-000004283,ORD-00001715,PROD-000012,3,166.44,25.65
ITEM-000004284,ORD-00001715,PROD-000062,3,155.19,4.4
ITEM-000004285,ORD-00001716,PROD-000105,1,56.39,10.37
ITEM-000004286,ORD-00001716,PROD-000016,4,56.87,1.99
ITEM-000004287,ORD-00001716,PROD-000058,1,86.29,12.51
ITEM-000004288,ORD-00001716,PROD-000234,5,86.25,11.99
ITEM-000004289,ORD-00001717,PROD-000139,1,20.83,2.93
ITEM-000004290,ORD-00001717,PROD-000246,1,42.16,6.17
ITEM-000004291,ORD-00001717,PROD-000079,2,158.41,2.06
ITEM-000004292,ORD-00001718,PROD-000016,1,56.87,5.66
ITEM-000004293,ORD-00001718,PROD-000239,4,261.64,9.16
ITEM-000004294,ORD-00001718,PROD-000007,5,234.37,42.07
ITEM-000004295,ORD-00001718,PROD-000033,3,93.06,13.21
ITEM-000004296,ORD-00001719,PROD-000104,3,157.98,0.77
ITEM-000004297,ORD-00001719,PROD-000140,2,113.52,5.33
ITEM-000004298,ORD-00001719,PROD-000230,1,66.97,13.34
ITEM-000004299,ORD-00001719,PROD-000023,5,61.71,10.31
ITEM-000004300,ORD-00001720,PROD-000287,4,54.46,8.63
ITEM-000004301,ORD-00001720,PROD-000025,3,124.64,9.07
ITEM-000004302,ORD-00001720,PROD-000189,4,238.16,39.09
ITEM-000004303,ORD-00001720,PROD-000279,2,88.92,6.64
ITEM-000004304,ORD-00001721,PROD-000283,5,40.56,1.18
ITEM-000004305,ORD-00001721,PROD-000178,4,192.03,6.68
ITEM-000004306,ORD-00001721,PROD-000206,3,129.81,12.14
ITEM-000004307,ORD-00001722,PROD-000150,2,213.07,34.7
ITEM-000004308,ORD-00001722,PROD-000254,5,59.19,4.83
ITEM-000004309,ORD-00001722,PROD-000222,1,173.52,20.9
ITEM-000004310,ORD-00001723,PROD-000171,3,85.33,11.02
ITEM-000004311,ORD-00001723,PROD-000231,5,126.83,21.86
ITEM-000004312,ORD-00001724,PROD-000022,3,178.72,18.1
ITEM-000004313,ORD-00001724,PROD-000075,5,62.62,4.28
ITEM-000004314,ORD-00001725,PROD-000294,2,268.13,52.41
ITEM-000004315,ORD-00001725,PROD-000106,4,222.78,3.64
ITEM-000004316,ORD-00001726,PROD-000058,5,86.29,9.39
ITEM-000004317,ORD-00001726,PROD-000267,1,237.37,27.32
ITEM-000004318,ORD-00001726,PROD-000131,5,157.33,20.91
ITEM-000004319,ORD-00001726,PROD-000085,2,65.75,8.99
ITEM-000004320,ORD-00001727,PROD-000251,1,149.42,9.73
ITEM-000004321,ORD-00001727,PROD-000192,5,222.13,41.62
ITEM-000004322,ORD-00001727,PROD-000268,4,101.37,4.44
ITEM-000004323,ORD-00001728,PROD-000209,1,179.59,8.11
ITEM-000004324,ORD-00001728,PROD-000233,2,153.78,25.66
ITEM-000004325,ORD-00001728,PROD-000097,1,186.58,33.33
ITEM-000004326,ORD-00001729,PROD-000254,2,59.19,10.84
ITEM-000004327,ORD-00001730,PROD-000124,4,85.6,5.18
ITEM-000004328,ORD-00001730,PROD-000108,5,129.74,16.56
ITEM-000004329,ORD-00001730,PROD-000098,1,54.47,0.18
ITEM-000004330,ORD-00001731,PROD-000062,2,155.19,5.76
ITEM-000004331,ORD-00001731,PROD-000037,1,237.13,12.02
ITEM-000004332,ORD-00001731,PROD-000061,4,156.43,29.56
ITEM-000004333,ORD-00001732,PROD-000006,5,20.4,1.22
ITEM-000004334,ORD-00001732,PROD-000199,3,250.55,10.45
ITEM-000004335,ORD-00001732,PROD-000220,5,23.88,2.82
ITEM-000004336,ORD-00001732,PROD-000245,5,6.0,0.71
ITEM-000004337,ORD-00001733,PROD-000017,4,59.6,3.81
ITEM-000004338,ORD-00001733,PROD-000016,3,56.87,7.97
ITEM-000004339,ORD-00001733,PROD-000197,5,142.58,21.95
ITEM-000004340,ORD-00001733,PROD-000217,5,39.78,4.93
ITEM-000004341,ORD-00001734,PROD-000252,1,138.21,10.5
ITEM-000004342,ORD-00001734,PROD-000250,1,168.52,16.01
ITEM-000004343,ORD-00001734,PROD-000279,1,88.92,1.48
ITEM-000004344,ORD-00001735,PROD-000233,4,153.78,23.04
ITEM-000004345,ORD-00001736,PROD-000241,1,199.27,12.87
ITEM-000004346,ORD-00001736,PROD-000283,4,40.56,1.76
ITEM-000004347,ORD-00001737,PROD-000049,1,162.37,22.21
ITEM-000004348,ORD-00001737,PROD-000015,5,77.71,6.91
ITEM-000004349,ORD-00001737,PROD-000258,2,173.11,16.04
ITEM-000004350,ORD-00001737,PROD-000290,4,96.01,15.39
ITEM-000004351,ORD-00001738,PROD-000130,5,154.33,3.63
ITEM-000004352,ORD-00001739,PROD-000090,4,115.9,6.8
ITEM-000004353,ORD-00001739,PROD-000084,1,138.49,8.04
ITEM-000004354,ORD-00001739,PROD-000170,4,124.7,2.74
ITEM-000004355,ORD-00001739,PROD-000080,1,141.46,5.63
ITEM-000004356,ORD-00001740,PROD-000128,1,144.64,11.2
ITEM-000004357,ORD-00001740,PROD-000091,4,82.4,0.72
ITEM-000004358,ORD-00001740,PROD-000094,2,220.54,15.0
ITEM-000004359,ORD-00001740,PROD-000299,4,233.47,10.68
ITEM-000004360,ORD-00001741,PROD-000060,1,175.48,5.77
ITEM-000004361,ORD-00001741,PROD-000068,5,284.88,32.06
ITEM-000004362,ORD-00001741,PROD-000225,4,155.38,11.39
ITEM-000004363,ORD-00001741,PROD-000221,1,68.23,9.67
ITEM-000004364,ORD-00001742,PROD-000279,1,88.92,7.44
ITEM-000004365,ORD-00001742,PROD-000018,3,116.66,10.18
ITEM-000004366,ORD-00001742,PROD-000217,1,39.78,0.52
ITEM-000004367,ORD-00001743,PROD-000184,4,133.98,10.75
ITEM-000004368,ORD-00001743,PROD-000125,2,191.28,4.63
ITEM-000004369,ORD-00001743,PROD-000083,1,56.68,6.47
ITEM-000004370,ORD-00001744,PROD-000229,5,175.01,13.07
ITEM-000004371,ORD-00001744,PROD-000135,4,164.35,2.2
ITEM-000004372,ORD-00001745,PROD-000299,4,233.47,5.41
ITEM-000004373,ORD-00001745,PROD-000021,2,258.38,10.46
ITEM-000004374,ORD-00001746,PROD-000069,4,294.54,0.66
ITEM-000004375,ORD-00001746,PROD-000031,5,215.03,33.89
ITEM-000004376,ORD-00001746,PROD-000058,5,86.29,11.49
ITEM-000004377,ORD-00001747,PROD-000156,2,108.51,6.93
ITEM-000004378,ORD-00001748,PROD-000246,2,42.16,1.59
ITEM-000004379,ORD-00001748,PROD-000244,4,54.61,5.23
ITEM-000004380,ORD-00001749,PROD-000089,4,64.06,7.09
ITEM-000004381,ORD-00001750,PROD-000075,2,62.62,10.74
ITEM-000004382,ORD-00001751,PROD-000035,4,17.96,1.84
ITEM-000004383,ORD-00001751,PROD-000038,5,87.71,2.89
ITEM-000004384,ORD-00001752,PROD-000186,2,39.92,6.61
ITEM-000004385,ORD-00001752,PROD-000209,1,179.59,27.02
ITEM-000004386,ORD-00001752,PROD-000022,3,178.72,27.9
ITEM-000004387,ORD-00001752,PROD-000015,2,77.71,10.44
ITEM-000004388,ORD-00001753,PROD-000201,4,154.94,18.79
ITEM-000004389,ORD-00001753,PROD-000116,2,189.39,18.16
ITEM-000004390,ORD-00001753,PROD-000261,4,28.24,3.65
ITEM-000004391,ORD-00001754,PROD-000124,5,85.6,8.92
ITEM-000004392,ORD-00001754,PROD-000255,1,36.59,3.17
ITEM-000004393,ORD-00001755,PROD-000214,1,199.19,22.38
ITEM-000004394,ORD-00001756,PROD-000021,3,258.38,14.33
ITEM-000004395,ORD-00001756,PROD-000144,4,184.59,24.0
ITEM-000004396,ORD-00001757,PROD-000156,5,108.51,13.14
ITEM-000004397,ORD-00001757,PROD-000158,4,51.52,5.27
ITEM-000004398,ORD-00001757,PROD-000198,5,196.53,27.33
ITEM-000004399,ORD-00001758,PROD-000241,3,199.27,3.63
ITEM-000004400,ORD-00001758,PROD-000251,3,149.42,15.92
ITEM-000004401,ORD-00001759,PROD-000129,3,145.51,27.19
ITEM-000004402,ORD-00001760,PROD-000263,2,60.67,3.8
ITEM-000004403,ORD-00001760,PROD-000166,2,161.73,18.31
ITEM-000004404,ORD-00001760,PROD-000179,3,215.5,8.27
ITEM-000004405,ORD-00001761,PROD-000266,4,145.38,8.1
ITEM-000004406,ORD-00001761,PROD-000218,2,184.34,28.33
ITEM-000004407,ORD-00001761,PROD-000072,3,70.42,2.68
ITEM-000004408,ORD-00001762,PROD-000278,5,201.25,12.93
ITEM-000004409,ORD-00001762,PROD-000237,5,214.52,22.31
ITEM-000004410,ORD-00001762,PROD-000061,3,156.43,19.98
ITEM-000004411,ORD-00001763,PROD-000173,2,253.18,44.93
ITEM-000004412,ORD-00001763,PROD-000255,3,36.59,1.8
ITEM-000004413,ORD-00001764,PROD-000139,5,20.83,1.91
ITEM-000004414,ORD-00001764,PROD-000175,2,285.03,14.52
ITEM-000004415,ORD-00001764,PROD-000037,3,237.13,5.9
ITEM-000004416,ORD-00001764,PROD-000193,5,177.84,34.99
ITEM-000004417,ORD-00001765,PROD-000035,2,17.96,2.92
ITEM-000004418,ORD-00001766,PROD-000254,4,59.19,11.07
ITEM-000004419,ORD-00001766,PROD-000282,5,158.46,26.02
ITEM-000004420,ORD-00001766,PROD-000262,5,149.73,12.59
ITEM-000004421,ORD-00001767,PROD-000027,4,268.28,33.7
ITEM-000004422,ORD-00001767,PROD-000251,5,149.42,3.23
ITEM-000004423,ORD-00001767,PROD-000224,4,108.39,6.79
ITEM-000004424,ORD-00001768,PROD-000093,1,178.93,12.93
ITEM-000004425,ORD-00001768,PROD-000028,1,283.29,48.0
ITEM-000004426,ORD-00001769,PROD-000056,5,207.38,22.2
ITEM-000004427,ORD-00001769,PROD-000066,1,12.81,2.37
ITEM-000004428,ORD-00001769,PROD-000217,2,39.78,0.32
ITEM-000004429,ORD-00001770,PROD-000006,1,20.4,1.38
ITEM-000004430,ORD-00001771,PROD-000146,4,200.24,9.64
ITEM-000004431,ORD-00001771,PROD-000113,5,38.45,4.64
ITEM-000004432,ORD-00001771,PROD-000137,5,34.68,2.45
ITEM-000004433,ORD-00001772,PROD-000078,1,104.84,11.61
ITEM-000004434,ORD-00001772,PROD-000163,2,87.64,3.01
ITEM-000004435,ORD-00001773,PROD-000105,5,56.39,6.95
ITEM-000004436,ORD-00001773,PROD-000083,1,56.68,6.48
ITEM-000004437,ORD-00001773,PROD-000139,4,20.83,0.52
ITEM-000004438,ORD-00001773,PROD-000127,4,79.49,3.51
ITEM-000004439,ORD-00001774,PROD-000085,2,65.75,12.07
ITEM-000004440,ORD-00001774,PROD-000144,1,184.59,0.12
ITEM-000004441,ORD-00001774,PROD-000158,4,51.52,5.97
ITEM-000004442,ORD-00001774,PROD-000198,4,196.53,8.39
ITEM-000004443,ORD-00001775,PROD-000042,4,20.87,2.97
ITEM-000004444,ORD-00001776,PROD-000077,4,105.6,17.96
ITEM-000004445,ORD-00001776,PROD-000195,1,272.68,29.52
ITEM-000004446,ORD-00001776,PROD-000140,2,113.52,20.02
ITEM-000004447,ORD-00001776,PROD-000252,4,138.21,21.83
ITEM-000004448,ORD-00001777,PROD-000165,1,223.01,22.26
ITEM-000004449,ORD-00001777,PROD-000199,4,250.55,30.39
ITEM-000004450,ORD-00001777,PROD-000191,2,254.19,35.76
ITEM-000004451,ORD-00001778,PROD-000087,4,82.01,3.4
ITEM-000004452,ORD-00001778,PROD-000161,3,9.57,0.78
ITEM-000004453,ORD-00001778,PROD-000128,3,144.64,25.99
ITEM-000004454,ORD-00001778,PROD-000195,5,272.68,47.87
ITEM-000004455,ORD-00001779,PROD-000289,2,86.07,11.11
ITEM-000004456,ORD-00001780,PROD-000232,1,124.85,9.71
ITEM-000004457,ORD-00001781,PROD-000185,4,183.85,0.75
ITEM-000004458,ORD-00001781,PROD-000224,4,108.39,19.71
ITEM-000004459,ORD-00001781,PROD-000046,4,37.28,1.9
ITEM-000004460,ORD-00001782,PROD-000138,3,256.34,46.74
ITEM-000004461,ORD-00001782,PROD-000134,4,240.79,7.61
ITEM-000004462,ORD-00001783,PROD-000300,5,90.24,10.81
ITEM-000004463,ORD-00001783,PROD-000101,1,132.99,26.04
ITEM-000004464,ORD-00001784,PROD-000025,2,124.64,2.24
ITEM-000004465,ORD-00001784,PROD-000082,1,153.69,18.92
ITEM-000004466,ORD-00001784,PROD-000284,1,47.52,2.38
ITEM-000004467,ORD-00001785,PROD-000232,2,124.85,7.32
ITEM-000004468,ORD-00001785,PROD-000224,3,108.39,18.88
ITEM-000004469,ORD-00001785,PROD-000096,2,261.99,21.46
ITEM-000004470,ORD-00001786,PROD-000267,1,237.37,11.01
ITEM-000004471,ORD-00001786,PROD-000048,5,239.02,2.49
ITEM-000004472,ORD-00001787,PROD-000148,5,173.72,16.34
ITEM-000004473,ORD-00001787,PROD-000217,2,39.78,1.88
ITEM-000004474,ORD-00001788,PROD-000040,1,52.71,8.15
ITEM-000004475,ORD-00001788,PROD-000138,2,256.34,27.37
ITEM-000004476,ORD-00001789,PROD-000284,3,47.52,6.87
ITEM-000004477,ORD-00001789,PROD-000079,5,158.41,29.53
ITEM-000004478,ORD-00001789,PROD-000126,1,87.75,5.71
ITEM-000004479,ORD-00001789,PROD-000088,3,144.7,14.85
ITEM-000004480,ORD-00001790,PROD-000257,5,285.25,51.05
ITEM-000004481,ORD-00001791,PROD-000070,2,170.09,1.64
ITEM-000004482,ORD-00001791,PROD-000080,2,141.46,6.84
ITEM-000004483,ORD-00001791,PROD-000189,5,238.16,37.3
ITEM-000004484,ORD-00001791,PROD-000237,2,214.52,19.52
ITEM-000004485,ORD-00001792,PROD-000128,2,144.64,18.52
ITEM-000004486,ORD-00001793,PROD-000035,4,17.96,0.49
ITEM-000004487,ORD-00001794,PROD-000236,5,24.26,3.88
ITEM-000004488,ORD-00001794,PROD-000203,5,217.05,23.51
ITEM-000004489,ORD-00001794,PROD-000207,5,264.8,24.71
ITEM-000004490,ORD-00001795,PROD-000296,4,161.45,24.27
ITEM-000004491,ORD-00001795,PROD-000269,4,116.44,3.89
ITEM-000004492,ORD-00001795,PROD-000256,2,26.12,4.2
ITEM-000004493,ORD-00001796,PROD-000038,5,87.71,17.45
ITEM-000004494,ORD-00001796,PROD-000153,1,111.79,13.51
ITEM-000004495,ORD-00001797,PROD-000196,4,266.04,15.94
ITEM-000004496,ORD-00001797,PROD-000013,3,89.16,8.69
ITEM-000004497,ORD-00001797,PROD-000009,2,38.67,3.37
ITEM-000004498,ORD-00001797,PROD-000076,4,192.0,33.22
ITEM-000004499,ORD-00001798,PROD-000155,4,199.69,9.76
ITEM-000004500,ORD-00001798,PROD-000009,2,38.67,6.99
ITEM-000004501,ORD-00001799,PROD-000250,4,168.52,15.72
ITEM-000004502,ORD-00001799,PROD-000239,3,261.64,46.17
ITEM-000004503,ORD-00001799,PROD-000238,2,67.16,5.59
ITEM-000004504,ORD-00001800,PROD-000126,2,87.75,15.74
ITEM-000004505,ORD-00001801,PROD-000152,3,40.04,0.43
ITEM-000004506,ORD-00001802,PROD-000198,4,196.53,3.07
ITEM-000004507,ORD-00001802,PROD-000151,3,206.31,33.88
ITEM-000004508,ORD-00001802,PROD-000283,4,40.56,0.33
ITEM-000004509,ORD-00001802,PROD-000246,1,42.16,2.97
ITEM-000004510,ORD-00001803,PROD-000159,5,115.09,3.82
ITEM-000004511,ORD-00001803,PROD-000052,2,197.07,29.34
ITEM-000004512,ORD-00001804,PROD-000031,1,215.03,21.91
ITEM-000004513,ORD-00001804,PROD-000267,3,237.37,1.15
ITEM-000004514,ORD-00001804,PROD-000207,3,264.8,42.29
ITEM-000004515,ORD-00001805,PROD-000178,5,192.03,12.54
ITEM-000004516,ORD-00001805,PROD-000189,1,238.16,38.16
ITEM-000004517,ORD-00001805,PROD-000300,1,90.24,15.95
ITEM-000004518,ORD-00001805,PROD-000250,4,168.52,25.74
ITEM-000004519,ORD-00001806,PROD-000281,5,205.29,20.77
ITEM-000004520,ORD-00001807,PROD-000194,3,65.76,8.69
ITEM-000004521,ORD-00001807,PROD-000226,3,148.45,4.27
ITEM-000004522,ORD-00001808,PROD-000048,5,239.02,18.35
ITEM-000004523,ORD-00001808,PROD-000202,2,170.28,1.43
ITEM-000004524,ORD-00001809,PROD-000007,2,234.37,9.12
ITEM-000004525,ORD-00001809,PROD-000292,2,123.71,10.33
ITEM-000004526,ORD-00001809,PROD-000078,4,104.84,11.47
ITEM-000004527,ORD-00001810,PROD-000108,1,129.74,25.72
ITEM-000004528,ORD-00001810,PROD-000084,1,138.49,7.35
ITEM-000004529,ORD-00001810,PROD-000248,1,206.76,9.06
ITEM-000004530,ORD-00001811,PROD-000253,1,14.2,0.23
ITEM-000004531,ORD-00001811,PROD-000236,3,24.26,2.99
ITEM-000004532,ORD-00001812,PROD-000241,3,199.27,23.0
ITEM-000004533,ORD-00001812,PROD-000281,3,205.29,25.93
ITEM-000004534,ORD-00001812,PROD-000168,5,145.2,4.52
ITEM-000004535,ORD-00001813,PROD-000126,2,87.75,14.3
ITEM-000004536,ORD-00001813,PROD-000223,4,37.75,2.06
ITEM-000004537,ORD-00001813,PROD-000261,3,28.24,2.82
ITEM-000004538,ORD-00001814,PROD-000027,5,268.28,16.12
ITEM-000004539,ORD-00001814,PROD-000132,1,261.68,43.13
ITEM-000004540,ORD-00001814,PROD-000285,2,236.26,39.9
ITEM-000004541,ORD-00001814,PROD-000113,2,38.45,3.57
ITEM-000004542,ORD-00001815,PROD-000051,5,151.67,15.34
ITEM-000004543,ORD-00001815,PROD-000212,4,196.7,16.49
ITEM-000004544,ORD-00001816,PROD-000154,1,128.85,6.25
ITEM-000004545,ORD-00001816,PROD-000247,1,95.38,14.78
ITEM-000004546,ORD-00001816,PROD-000030,4,45.68,3.71
ITEM-000004547,ORD-00001817,PROD-000079,4,158.41,14.99
ITEM-000004548,ORD-00001817,PROD-000016,3,56.87,10.66
ITEM-000004549,ORD-00001817,PROD-000061,3,156.43,7.37
ITEM-000004550,ORD-00001817,PROD-000252,4,138.21,16.27
ITEM-000004551,ORD-00001818,PROD-000221,2,68.23,3.91
ITEM-000004552,ORD-00001818,PROD-000085,3,65.75,2.09
ITEM-000004553,ORD-00001818,PROD-000168,5,145.2,10.94
ITEM-000004554,ORD-00001818,PROD-000043,1,44.85,0.74
ITEM-000004555,ORD-00001819,PROD-000077,5,105.6,9.05
ITEM-000004556,ORD-00001820,PROD-000078,1,104.84,0.04
ITEM-000004557,ORD-00001821,PROD-000017,2,59.6,3.47
ITEM-000004558,ORD-00001821,PROD-000188,3,170.88,22.76
ITEM-000004559,ORD-00001822,PROD-000021,2,258.38,46.14
ITEM-000004560,ORD-00001823,PROD-000052,1,197.07,39.27
ITEM-000004561,ORD-00001823,PROD-000043,1,44.85,5.51
ITEM-000004562,ORD-00001823,PROD-000099,2,85.82,15.4
ITEM-000004563,ORD-00001824,PROD-000056,3,207.38,24.61
ITEM-000004564,ORD-00001824,PROD-000270,1,159.71,26.57
ITEM-000004565,ORD-00001824,PROD-000146,2,200.24,2.6
ITEM-000004566,ORD-00001824,PROD-000134,2,240.79,30.99
ITEM-000004567,ORD-00001825,PROD-000255,5,36.59,1.64
ITEM-000004568,ORD-00001826,PROD-000017,4,59.6,10.16
ITEM-000004569,ORD-00001826,PROD-000084,4,138.49,22.44
ITEM-000004570,ORD-00001826,PROD-000184,5,133.98,8.21
ITEM-000004571,ORD-00001827,PROD-000215,2,145.42,23.1
ITEM-000004572,ORD-00001827,PROD-000159,3,115.09,4.85
ITEM-000004573,ORD-00001827,PROD-000237,2,214.52,30.17
ITEM-000004574,ORD-00001827,PROD-000019,1,146.76,1.72
ITEM-000004575,ORD-00001828,PROD-000076,1,192.0,38.33
ITEM-000004576,ORD-00001829,PROD-000077,1,105.6,5.97
ITEM-000004577,ORD-00001829,PROD-000171,3,85.33,9.89
ITEM-000004578,ORD-00001830,PROD-000223,4,37.75,0.93
ITEM-000004579,ORD-00001830,PROD-000283,5,40.56,2.45
ITEM-000004580,ORD-00001830,PROD-000108,4,129.74,17.03
ITEM-000004581,ORD-00001830,PROD-000187,2,71.53,5.59
ITEM-000004582,ORD-00001831,PROD-000034,1,22.91,0.14
ITEM-000004583,ORD-00001831,PROD-000130,4,154.33,5.76
ITEM-000004584,ORD-00001831,PROD-000255,4,36.59,4.82
ITEM-000004585,ORD-00001832,PROD-000166,4,161.73,4.3
ITEM-000004586,ORD-00001832,PROD-000168,4,145.2,19.12
ITEM-000004587,ORD-00001832,PROD-000291,2,181.27,0.27
ITEM-000004588,ORD-00001832,PROD-000085,3,65.75,5.47
ITEM-000004589,ORD-00001833,PROD-000172,2,183.04,1.54
ITEM-000004590,ORD-00001833,PROD-000072,2,70.42,7.22
ITEM-000004591,ORD-00001833,PROD-000254,3,59.19,10.74
ITEM-000004592,ORD-00001833,PROD-000093,4,178.93,1.38
ITEM-000004593,ORD-00001834,PROD-000185,3,183.85,29.42
ITEM-000004594,ORD-00001835,PROD-000173,1,253.18,5.3
ITEM-000004595,ORD-00001835,PROD-000257,2,285.25,12.04
ITEM-000004596,ORD-00001835,PROD-000171,5,85.33,4.67
ITEM-000004597,ORD-00001836,PROD-000271,5,142.48,17.45
ITEM-000004598,ORD-00001836,PROD-000101,4,132.99,20.47
ITEM-000004599,ORD-00001836,PROD-000021,4,258.38,49.82
ITEM-000004600,ORD-00001836,PROD-000281,3,205.29,22.12
ITEM-000004601,ORD-00001837,PROD-000023,3,61.71,4.11
ITEM-000004602,ORD-00001837,PROD-000209,5,179.59,22.52
ITEM-000004603,ORD-00001837,PROD-000033,4,93.06,15.44
ITEM-000004604,ORD-00001837,PROD-000214,4,199.19,36.42
ITEM-000004605,ORD-00001838,PROD-000162,5,263.26,11.74
ITEM-000004606,ORD-00001838,PROD-000136,3,57.07,10.18
ITEM-000004607,ORD-00001839,PROD-000118,5,182.0,9.25
ITEM-000004608,ORD-00001840,PROD-000003,5,94.19,4.32
ITEM-000004609,ORD-00001840,PROD-000114,4,178.3,8.52
ITEM-000004610,ORD-00001840,PROD-000002,4,24.12,0.23
ITEM-000004611,ORD-00001841,PROD-000141,5,197.96,32.24
ITEM-000004612,ORD-00001842,PROD-000009,5,38.67,6.72
ITEM-000004613,ORD-00001842,PROD-000157,5,15.55,2.06
ITEM-000004614,ORD-00001842,PROD-000255,5,36.59,1.56
ITEM-000004615,ORD-00001842,PROD-000283,3,40.56,6.32
ITEM-000004616,ORD-00001843,PROD-000200,5,169.62,24.62
ITEM-000004617,ORD-00001843,PROD-000091,5,82.4,10.81
ITEM-000004618,ORD-00001844,PROD-000220,1,23.88,1.57
ITEM-000004619,ORD-00001845,PROD-000246,1,42.16,0.84
ITEM-000004620,ORD-00001845,PROD-000133,2,67.78,8.91
ITEM-000004621,ORD-00001846,PROD-000213,2,151.52,27.45
ITEM-000004622,ORD-00001846,PROD-000105,2,56.39,4.08
ITEM-000004623,ORD-00001846,PROD-000148,3,173.72,34.67
ITEM-000004624,ORD-00001847,PROD-000040,2,52.71,9.21
ITEM-000004625,ORD-00001848,PROD-000123,1,211.38,32.92
ITEM-000004626,ORD-00001849,PROD-000092,1,68.92,10.54
ITEM-000004627,ORD-00001849,PROD-000173,1,253.18,25.34
ITEM-000004628,ORD-00001849,PROD-000274,4,105.23,10.75
ITEM-000004629,ORD-00001850,PROD-000143,1,136.71,9.74
ITEM-000004630,ORD-00001850,PROD-000048,3,239.02,8.43
ITEM-000004631,ORD-00001850,PROD-000097,5,186.58,35.26
ITEM-000004632,ORD-00001850,PROD-000010,5,265.73,42.75
ITEM-000004633,ORD-00001851,PROD-000033,2,93.06,2.71
ITEM-000004634,ORD-00001852,PROD-000268,5,101.37,3.94
ITEM-000004635,ORD-00001852,PROD-000180,1,175.36,11.93
ITEM-000004636,ORD-00001853,PROD-000222,1,173.52,28.02
ITEM-000004637,ORD-00001853,PROD-000207,2,264.8,8.87
ITEM-000004638,ORD-00001853,PROD-000248,5,206.76,30.92
ITEM-000004639,ORD-00001853,PROD-000035,2,17.96,3.0
ITEM-000004640,ORD-00001854,PROD-000286,4,239.45,18.55
ITEM-000004641,ORD-00001854,PROD-000189,2,238.16,42.87
ITEM-000004642,ORD-00001854,PROD-000019,4,146.76,5.52
ITEM-000004643,ORD-00001854,PROD-000293,3,32.6,0.11
ITEM-000004644,ORD-00001855,PROD-000174,4,92.99,13.94
ITEM-000004645,ORD-00001855,PROD-000004,3,61.96,10.68
ITEM-000004646,ORD-00001855,PROD-000044,2,31.7,5.34
ITEM-000004647,ORD-00001856,PROD-000070,4,170.09,16.82
ITEM-000004648,ORD-00001857,PROD-000062,5,155.19,25.17
ITEM-000004649,ORD-00001857,PROD-000163,2,87.64,5.47
ITEM-000004650,ORD-00001857,PROD-000218,3,184.34,1.44
ITEM-000004651,ORD-00001858,PROD-000029,3,254.26,33.81
ITEM-000004652,ORD-00001859,PROD-000133,4,67.78,13.55
ITEM-000004653,ORD-00001859,PROD-000144,3,184.59,31.37
ITEM-000004654,ORD-00001860,PROD-000272,3,241.9,3.63
ITEM-000004655,ORD-00001861,PROD-000154,4,128.85,0.59
ITEM-000004656,ORD-00001861,PROD-000146,3,200.24,7.4
ITEM-000004657,ORD-00001861,PROD-000048,2,239.02,44.53
ITEM-000004658,ORD-00001862,PROD-000186,1,39.92,0.76
ITEM-000004659,ORD-00001863,PROD-000171,3,85.33,15.16
ITEM-000004660,ORD-00001863,PROD-000094,5,220.54,9.36
ITEM-000004661,ORD-00001863,PROD-000041,2,146.19,1.43
ITEM-000004662,ORD-00001864,PROD-000282,5,158.46,28.93
ITEM-000004663,ORD-00001864,PROD-000041,5,146.19,27.34
ITEM-000004664,ORD-00001864,PROD-000280,3,137.35,24.9
ITEM-000004665,ORD-00001865,PROD-000052,4,197.07,29.65
ITEM-000004666,ORD-00001865,PROD-000021,3,258.38,47.48
ITEM-000004667,ORD-00001865,PROD-000216,1,179.85,23.66
ITEM-000004668,ORD-00001866,PROD-000027,2,268.28,3.69
ITEM-000004669,ORD-00001866,PROD-000003,1,94.19,16.79
ITEM-000004670,ORD-00001866,PROD-000022,4,178.72,28.93
ITEM-000004671,ORD-00001867,PROD-000278,1,201.25,10.64
ITEM-000004672,ORD-00001867,PROD-000288,2,13.25,0.22
ITEM-000004673,ORD-00001867,PROD-000087,2,82.01,10.64
ITEM-000004674,ORD-00001867,PROD-000292,1,123.71,15.61
ITEM-000004675,ORD-00001868,PROD-000241,2,199.27,29.04
ITEM-000004676,ORD-00001869,PROD-000087,5,82.01,3.91
ITEM-000004677,ORD-00001869,PROD-000209,1,179.59,24.47
ITEM-000004678,ORD-00001870,PROD-000296,2,161.45,15.91
ITEM-000004679,ORD-00001870,PROD-000122,1,174.47,14.99
ITEM-000004680,ORD-00001870,PROD-000199,2,250.55,41.34
ITEM-000004681,ORD-00001871,PROD-000177,2,110.22,8.92
ITEM-000004682,ORD-00001871,PROD-000211,5,34.19,1.97
ITEM-000004683,ORD-00001871,PROD-000128,5,144.64,24.77
ITEM-000004684,ORD-00001872,PROD-000216,3,179.85,23.32
ITEM-000004685,ORD-00001873,PROD-000001,1,161.47,13.1
ITEM-000004686,ORD-00001873,PROD-000098,3,54.47,7.53
ITEM-000004687,ORD-00001873,PROD-000296,2,161.45,26.3
ITEM-000004688,ORD-00001873,PROD-000298,1,75.81,14.66
ITEM-000004689,ORD-00001874,PROD-000068,1,284.88,13.15
ITEM-000004690,ORD-00001874,PROD-000128,1,144.64,21.15
ITEM-000004691,ORD-00001875,PROD-000069,2,294.54,16.29
ITEM-000004692,ORD-00001875,PROD-000058,5,86.29,0.05
ITEM-000004693,ORD-00001875,PROD-000108,1,129.74,21.54
ITEM-000004694,ORD-00001875,PROD-000008,4,169.86,3.63
ITEM-000004695,ORD-00001876,PROD-000229,2,175.01,5.14
ITEM-000004696,ORD-00001876,PROD-000064,3,39.81,2.59
ITEM-000004697,ORD-00001877,PROD-000194,5,65.76,8.95
ITEM-000004698,ORD-00001877,PROD-000228,2,119.68,20.53
ITEM-000004699,ORD-00001877,PROD-000075,2,62.62,4.87
ITEM-000004700,ORD-00001877,PROD-000097,2,186.58,18.28
ITEM-000004701,ORD-00001878,PROD-000224,1,108.39,5.47
ITEM-000004702,ORD-00001878,PROD-000222,4,173.52,5.5
ITEM-000004703,ORD-00001878,PROD-000031,4,215.03,22.55
ITEM-000004704,ORD-00001879,PROD-000212,1,196.7,34.67
ITEM-000004705,ORD-00001879,PROD-000073,3,65.08,3.64
ITEM-000004706,ORD-00001880,PROD-000008,4,169.86,26.69
ITEM-000004707,ORD-00001880,PROD-000272,1,241.9,28.37
ITEM-000004708,ORD-00001880,PROD-000179,3,215.5,27.77
ITEM-000004709,ORD-00001880,PROD-000231,2,126.83,17.46
ITEM-000004710,ORD-00001881,PROD-000245,4,6.0,0.32
ITEM-000004711,ORD-00001881,PROD-000246,2,42.16,3.69
ITEM-000004712,ORD-00001881,PROD-000069,1,294.54,46.01
ITEM-000004713,ORD-00001882,PROD-000197,2,142.58,28.13
ITEM-000004714,ORD-00001882,PROD-000283,5,40.56,5.21
ITEM-000004715,ORD-00001882,PROD-000075,1,62.62,3.35
ITEM-000004716,ORD-00001882,PROD-000190,5,66.83,3.41
ITEM-000004717,ORD-00001883,PROD-000140,5,113.52,18.15
ITEM-000004718,ORD-00001884,PROD-000011,1,40.55,4.6
ITEM-000004719,ORD-00001884,PROD-000055,2,139.15,25.01
ITEM-000004720,ORD-00001884,PROD-000130,2,154.33,23.39
ITEM-000004721,ORD-00001884,PROD-000285,5,236.26,27.14
ITEM-000004722,ORD-00001885,PROD-000255,5,36.59,0.02
ITEM-000004723,ORD-00001885,PROD-000011,3,40.55,6.23
ITEM-000004724,ORD-00001886,PROD-000291,3,181.27,0.05
ITEM-000004725,ORD-00001886,PROD-000100,2,199.6,4.33
ITEM-000004726,ORD-00001886,PROD-000157,4,15.55,0.78
ITEM-000004727,ORD-00001886,PROD-000140,5,113.52,4.53
ITEM-000004728,ORD-00001887,PROD-000290,5,96.01,6.85
ITEM-000004729,ORD-00001887,PROD-000195,4,272.68,34.06
ITEM-000004730,ORD-00001887,PROD-000126,3,87.75,0.8
ITEM-000004731,ORD-00001887,PROD-000173,3,253.18,23.87
ITEM-000004732,ORD-00001888,PROD-000273,3,164.42,16.22
ITEM-000004733,ORD-00001888,PROD-000221,5,68.23,0.22
ITEM-000004734,ORD-00001889,PROD-000053,5,113.39,20.32
ITEM-000004735,ORD-00001890,PROD-000211,1,34.19,1.4
ITEM-000004736,ORD-00001890,PROD-000212,5,196.7,39.18
ITEM-000004737,ORD-00001891,PROD-000053,5,113.39,10.01
ITEM-000004738,ORD-00001892,PROD-000114,2,178.3,7.79
ITEM-000004739,ORD-00001892,PROD-000050,1,41.26,2.12
ITEM-000004740,ORD-00001893,PROD-000062,3,155.19,19.96
ITEM-000004741,ORD-00001893,PROD-000231,2,126.83,2.37
ITEM-000004742,ORD-00001893,PROD-000122,5,174.47,4.14
ITEM-000004743,ORD-00001893,PROD-000129,5,145.51,15.62
ITEM-000004744,ORD-00001894,PROD-000023,4,61.71,8.5
ITEM-000004745,ORD-00001894,PROD-000278,2,201.25,26.46
ITEM-000004746,ORD-00001895,PROD-000251,2,149.42,23.78
ITEM-000004747,ORD-00001896,PROD-000052,1,197.07,19.85
ITEM-000004748,ORD-00001896,PROD-000118,5,182.0,10.11
ITEM-000004749,ORD-00001896,PROD-000219,3,170.99,31.96
ITEM-000004750,ORD-00001897,PROD-000285,2,236.26,1.27
ITEM-000004751,ORD-00001897,PROD-000050,5,41.26,0.18
ITEM-000004752,ORD-00001897,PROD-000141,2,197.96,6.81
ITEM-000004753,ORD-00001897,PROD-000081,2,132.7,19.57
ITEM-000004754,ORD-00001898,PROD-000101,2,132.99,5.26
ITEM-000004755,ORD-00001898,PROD-000152,4,40.04,0.49
ITEM-000004756,ORD-00001899,PROD-000116,5,189.39,5.1
ITEM-000004757,ORD-00001899,PROD-000061,2,156.43,11.47
ITEM-000004758,ORD-00001899,PROD-000154,4,128.85,3.97
ITEM-000004759,ORD-00001899,PROD-000033,2,93.06,8.82
ITEM-000004760,ORD-00001900,PROD-000088,3,144.7,1.02
ITEM-000004761,ORD-00001901,PROD-000216,1,179.85,3.05
ITEM-000004762,ORD-00001901,PROD-000081,2,132.7,1.94
ITEM-000004763,ORD-00001902,PROD-000056,4,207.38,9.51
ITEM-000004764,ORD-00001902,PROD-000086,3,126.38,18.04
ITEM-000004765,ORD-00001902,PROD-000285,5,236.26,44.89
ITEM-000004766,ORD-00001902,PROD-000300,3,90.24,16.0
ITEM-000004767,ORD-00001903,PROD-000273,5,164.42,7.09
ITEM-000004768,ORD-00001903,PROD-000230,4,66.97,2.31
ITEM-000004769,ORD-00001904,PROD-000143,3,136.71,7.12
ITEM-000004770,ORD-00001904,PROD-000110,1,230.22,9.04
ITEM-000004771,ORD-00001904,PROD-000152,4,40.04,6.19
ITEM-000004772,ORD-00001904,PROD-000239,1,261.64,45.77
ITEM-000004773,ORD-00001905,PROD-000065,1,11.5,0.53
ITEM-000004774,ORD-00001906,PROD-000287,4,54.46,4.3
ITEM-000004775,ORD-00001907,PROD-000028,5,283.29,10.19
ITEM-000004776,ORD-00001907,PROD-000119,2,241.98,11.64
ITEM-000004777,ORD-00001908,PROD-000261,5,28.24,3.07
ITEM-000004778,ORD-00001909,PROD-000124,5,85.6,9.45
ITEM-000004779,ORD-00001910,PROD-000269,5,116.44,2.18
ITEM-000004780,ORD-00001910,PROD-000134,3,240.79,26.43
ITEM-000004781,ORD-00001910,PROD-000092,1,68.92,5.9
ITEM-000004782,ORD-00001911,PROD-000072,2,70.42,9.84
ITEM-000004783,ORD-00001911,PROD-000046,5,37.28,1.1
ITEM-000004784,ORD-00001912,PROD-000037,4,237.13,34.19
ITEM-000004785,ORD-00001912,PROD-000280,1,137.35,20.27
ITEM-000004786,ORD-00001912,PROD-000165,4,223.01,7.34
ITEM-000004787,ORD-00001912,PROD-000142,3,42.45,0.25
ITEM-000004788,ORD-00001913,PROD-000014,1,250.44,43.22
ITEM-000004789,ORD-00001914,PROD-000043,3,44.85,1.48
ITEM-000004790,ORD-00001915,PROD-000043,2,44.85,4.31
ITEM-000004791,ORD-00001916,PROD-000225,5,155.38,20.12
ITEM-000004792,ORD-00001917,PROD-000014,2,250.44,49.51
ITEM-000004793,ORD-00001918,PROD-000195,1,272.68,43.34
ITEM-000004794,ORD-00001918,PROD-000259,3,58.93,8.87
ITEM-000004795,ORD-00001918,PROD-000134,2,240.79,4.1
ITEM-000004796,ORD-00001919,PROD-000296,5,161.45,15.4
ITEM-000004797,ORD-00001919,PROD-000252,5,138.21,25.16
ITEM-000004798,ORD-00001920,PROD-000078,2,104.84,17.29
ITEM-000004799,ORD-00001921,PROD-000257,5,285.25,44.97
ITEM-000004800,ORD-00001921,PROD-000161,4,9.57,0.9
ITEM-000004801,ORD-00001921,PROD-000260,4,87.01,8.13
ITEM-000004802,ORD-00001922,PROD-000026,1,248.15,32.86
ITEM-000004803,ORD-00001923,PROD-000194,3,65.76,8.37
ITEM-000004804,ORD-00001923,PROD-000046,3,37.28,5.4
ITEM-000004805,ORD-00001924,PROD-000272,2,241.9,19.6
ITEM-000004806,ORD-00001924,PROD-000289,1,86.07,4.06
ITEM-000004807,ORD-00001924,PROD-000077,3,105.6,10.81
ITEM-000004808,ORD-00001925,PROD-000190,1,66.83,4.89
ITEM-000004809,ORD-00001925,PROD-000088,5,144.7,10.86
ITEM-000004810,ORD-00001925,PROD-000022,5,178.72,25.53
ITEM-000004811,ORD-00001926,PROD-000028,4,283.29,11.78
ITEM-000004812,ORD-00001926,PROD-000211,5,34.19,5.85
ITEM-000004813,ORD-00001926,PROD-000286,4,239.45,29.6
ITEM-000004814,ORD-00001926,PROD-000009,5,38.67,6.02
ITEM-000004815,ORD-00001927,PROD-000065,1,11.5,0.14
ITEM-000004816,ORD-00001927,PROD-000025,1,124.64,21.57
ITEM-000004817,ORD-00001928,PROD-000271,1,142.48,25.37
ITEM-000004818,ORD-00001928,PROD-000271,1,142.48,7.45
ITEM-000004819,ORD-00001928,PROD-000133,2,67.78,7.42
ITEM-000004820,ORD-00001929,PROD-000256,2,26.12,2.69
ITEM-000004821,ORD-00001929,PROD-000194,2,65.76,6.95
ITEM-000004822,ORD-00001929,PROD-000033,4,93.06,4.98
ITEM-000004823,ORD-00001929,PROD-000080,1,141.46,4.0
ITEM-000004824,ORD-00001930,PROD-000152,2,40.04,4.18
ITEM-000004825,ORD-00001930,PROD-000158,4,51.52,3.07
ITEM-000004826,ORD-00001930,PROD-000011,2,40.55,7.13
ITEM-000004827,ORD-00001930,PROD-000067,3,47.96,6.93
ITEM-000004828,ORD-00001931,PROD-000110,1,230.22,14.25
ITEM-000004829,ORD-00001931,PROD-000129,1,145.51,13.44
ITEM-000004830,ORD-00001931,PROD-000021,4,258.38,15.07
ITEM-000004831,ORD-00001931,PROD-000200,2,169.62,12.03
ITEM-000004832,ORD-00001932,PROD-000149,1,175.39,6.55
ITEM-000004833,ORD-00001932,PROD-000118,3,182.0,12.37
ITEM-000004834,ORD-00001932,PROD-000096,3,261.99,10.04
ITEM-000004835,ORD-00001933,PROD-000044,4,31.7,2.39
ITEM-000004836,ORD-00001934,PROD-000144,3,184.59,18.94
ITEM-000004837,ORD-00001934,PROD-000272,5,241.9,44.33
ITEM-000004838,ORD-00001934,PROD-000012,2,166.44,24.33
ITEM-000004839,ORD-00001934,PROD-000189,2,238.16,26.49
ITEM-000004840,ORD-00001935,PROD-000142,3,42.45,6.16
ITEM-000004841,ORD-00001935,PROD-000069,4,294.54,35.94
ITEM-000004842,ORD-00001936,PROD-000175,1,285.03,16.51
ITEM-000004843,ORD-00001937,PROD-000150,2,213.07,8.72
ITEM-000004844,ORD-00001938,PROD-000107,3,9.55,0.37
ITEM-000004845,ORD-00001938,PROD-000270,3,159.71,18.75
ITEM-000004846,ORD-00001939,PROD-000203,2,217.05,35.02
ITEM-000004847,ORD-00001940,PROD-000047,1,16.68,2.37
ITEM-000004848,ORD-00001941,PROD-000270,4,159.71,23.04
ITEM-000004849,ORD-00001941,PROD-000064,5,39.81,0.38
ITEM-000004850,ORD-00001941,PROD-000102,2,242.49,28.77
ITEM-000004851,ORD-00001941,PROD-000102,4,242.49,10.51
ITEM-000004852,ORD-00001942,PROD-000166,2,161.73,1.27
ITEM-000004853,ORD-00001942,PROD-000209,1,179.59,25.98
ITEM-000004854,ORD-00001942,PROD-000043,5,44.85,6.83
ITEM-000004855,ORD-00001942,PROD-000255,3,36.59,7.26
ITEM-000004856,ORD-00001943,PROD-000237,5,214.52,36.83
ITEM-000004857,ORD-00001944,PROD-000006,2,20.4,0.85
ITEM-000004858,ORD-00001945,PROD-000016,5,56.87,1.21
ITEM-000004859,ORD-00001946,PROD-000058,5,86.29,2.21
ITEM-000004860,ORD-00001946,PROD-000269,1,116.44,5.69
ITEM-000004861,ORD-00001946,PROD-000194,3,65.76,6.21
ITEM-000004862,ORD-00001946,PROD-000255,3,36.59,5.34
ITEM-000004863,ORD-00001947,PROD-000213,1,151.52,26.74
ITEM-000004864,ORD-00001948,PROD-000201,3,154.94,18.89
ITEM-000004865,ORD-00001948,PROD-000178,2,192.03,34.02
ITEM-000004866,ORD-00001949,PROD-000160,5,96.22,1.36
ITEM-000004867,ORD-00001950,PROD-000270,5,159.71,9.16
ITEM-000004868,ORD-00001951,PROD-000116,2,189.39,15.04
ITEM-000004869,ORD-00001951,PROD-000245,3,6.0,1.01
ITEM-000004870,ORD-00001951,PROD-000072,4,70.42,2.74
ITEM-000004871,ORD-00001952,PROD-000111,5,8.47,1.02
ITEM-000004872,ORD-00001952,PROD-000076,1,192.0,9.22
ITEM-000004873,ORD-00001953,PROD-000172,3,183.04,15.31
ITEM-000004874,ORD-00001953,PROD-000048,3,239.02,44.64
ITEM-000004875,ORD-00001953,PROD-000151,2,206.31,21.44
ITEM-000004876,ORD-00001954,PROD-000022,3,178.72,22.54
ITEM-000004877,ORD-00001954,PROD-000173,2,253.18,24.93
ITEM-000004878,ORD-00001954,PROD-000203,4,217.05,18.9
ITEM-000004879,ORD-00001954,PROD-000024,5,195.99,27.19
ITEM-000004880,ORD-00001955,PROD-000066,4,12.81,2.0
ITEM-000004881,ORD-00001956,PROD-000022,2,178.72,31.27
ITEM-000004882,ORD-00001957,PROD-000267,2,237.37,17.15
ITEM-000004883,ORD-00001958,PROD-000046,1,37.28,2.88
ITEM-000004884,ORD-00001958,PROD-000234,1,86.25,5.53
ITEM-000004885,ORD-00001958,PROD-000109,1,82.03,15.63
ITEM-000004886,ORD-00001958,PROD-000112,3,194.6,34.93
ITEM-000004887,ORD-00001959,PROD-000027,4,268.28,27.31
ITEM-000004888,ORD-00001959,PROD-000094,4,220.54,25.23
ITEM-000004889,ORD-00001959,PROD-000249,4,45.99,3.9
ITEM-000004890,ORD-00001960,PROD-000108,5,129.74,21.57
ITEM-000004891,ORD-00001960,PROD-000149,1,175.39,4.06
ITEM-000004892,ORD-00001961,PROD-000284,1,47.52,7.54
ITEM-000004893,ORD-00001961,PROD-000230,2,66.97,4.59
ITEM-000004894,ORD-00001961,PROD-000122,4,174.47,30.11
ITEM-000004895,ORD-00001962,PROD-000209,1,179.59,7.61
ITEM-000004896,ORD-00001962,PROD-000192,5,222.13,32.16
ITEM-000004897,ORD-00001963,PROD-000053,3,113.39,10.24
ITEM-000004898,ORD-00001964,PROD-000025,5,124.64,9.18
ITEM-000004899,ORD-00001965,PROD-000149,3,175.39,20.14
ITEM-000004900,ORD-00001966,PROD-000232,3,124.85,14.55
ITEM-000004901,ORD-00001967,PROD-000207,5,264.8,37.4
ITEM-000004902,ORD-00001967,PROD-000216,5,179.85,20.6
ITEM-000004903,ORD-00001968,PROD-000152,5,40.04,5.14
ITEM-000004904,ORD-00001968,PROD-000234,1,86.25,15.34
ITEM-000004905,ORD-00001968,PROD-000152,2,40.04,4.29
ITEM-000004906,ORD-00001968,PROD-000188,5,170.88,13.13
ITEM-000004907,ORD-00001969,PROD-000076,3,192.0,21.71
ITEM-000004908,ORD-00001969,PROD-000151,1,206.31,31.87
ITEM-000004909,ORD-00001970,PROD-000292,5,123.71,19.6
ITEM-000004910,ORD-00001970,PROD-000100,2,199.6,35.55
ITEM-000004911,ORD-00001970,PROD-000056,2,207.38,34.81
ITEM-000004912,ORD-00001971,PROD-000151,2,206.31,32.03
ITEM-000004913,ORD-00001971,PROD-000221,4,68.23,7.7
ITEM-000004914,ORD-00001972,PROD-000209,5,179.59,25.13
ITEM-000004915,ORD-00001973,PROD-000080,4,141.46,18.11
ITEM-000004916,ORD-00001973,PROD-000235,4,121.53,23.63
ITEM-000004917,ORD-00001973,PROD-000016,4,56.87,1.98
ITEM-000004918,ORD-00001973,PROD-000111,3,8.47,0.95
ITEM-000004919,ORD-00001974,PROD-000267,5,237.37,10.46
ITEM-000004920,ORD-00001974,PROD-000186,2,39.92,7.17
ITEM-000004921,ORD-00001975,PROD-000288,1,13.25,2.22
ITEM-000004922,ORD-00001975,PROD-000146,1,200.24,35.93
ITEM-000004923,ORD-00001976,PROD-000061,2,156.43,28.23
ITEM-000004924,ORD-00001976,PROD-000290,5,96.01,8.34
ITEM-000004925,ORD-00001976,PROD-000016,5,56.87,9.15
ITEM-000004926,ORD-00001976,PROD-000076,4,192.0,22.68
ITEM-000004927,ORD-00001977,PROD-000279,2,88.92,7.72
ITEM-000004928,ORD-00001977,PROD-000137,1,34.68,5.44
ITEM-000004929,ORD-00001977,PROD-000196,5,266.04,20.13
ITEM-000004930,ORD-00001978,PROD-000038,2,87.71,0.26
ITEM-000004931,ORD-00001978,PROD-000247,4,95.38,1.87
ITEM-000004932,ORD-00001978,PROD-000075,2,62.62,10.11
ITEM-000004933,ORD-00001978,PROD-000161,5,9.57,0.64
ITEM-000004934,ORD-00001979,PROD-000129,2,145.51,22.62
ITEM-000004935,ORD-00001980,PROD-000278,2,201.25,9.68
ITEM-000004936,ORD-00001980,PROD-000160,5,96.22,5.23
ITEM-000004937,ORD-00001980,PROD-000021,1,258.38,43.02
ITEM-000004938,ORD-00001980,PROD-000085,4,65.75,9.89
ITEM-000004939,ORD-00001981,PROD-000004,5,61.96,5.38
ITEM-000004940,ORD-00001982,PROD-000200,1,169.62,33.87
ITEM-000004941,ORD-00001982,PROD-000060,4,175.48,17.68
ITEM-000004942,ORD-00001982,PROD-000039,1,21.15,2.83
ITEM-000004943,ORD-00001982,PROD-000172,1,183.04,1.75
ITEM-000004944,ORD-00001983,PROD-000193,5,177.84,1.99
ITEM-000004945,ORD-00001984,PROD-000042,3,20.87,2.63
ITEM-000004946,ORD-00001984,PROD-000038,3,87.71,0.95
ITEM-000004947,ORD-00001984,PROD-000209,2,179.59,30.99
ITEM-000004948,ORD-00001985,PROD-000299,4,233.47,29.98
ITEM-000004949,ORD-00001985,PROD-000074,1,214.62,31.33
ITEM-000004950,ORD-00001986,PROD-000144,3,184.59,0.62
ITEM-000004951,ORD-00001986,PROD-000254,4,59.19,5.24
ITEM-000004952,ORD-00001987,PROD-000201,2,154.94,1.8
ITEM-000004953,ORD-00001987,PROD-000230,2,66.97,9.72
ITEM-000004954,ORD-00001987,PROD-000211,2,34.19,4.08
ITEM-000004955,ORD-00001988,PROD-000010,5,265.73,42.45
ITEM-000004956,ORD-00001988,PROD-000252,4,138.21,25.51
ITEM-000004957,ORD-00001988,PROD-000025,2,124.64,14.09
ITEM-000004958,ORD-00001989,PROD-000135,1,164.35,13.06
ITEM-000004959,ORD-00001990,PROD-000035,2,17.96,0.71
ITEM-000004960,ORD-00001990,PROD-000233,2,153.78,2.74
ITEM-000004961,ORD-00001990,PROD-000068,3,284.88,20.39
ITEM-000004962,ORD-00001991,PROD-000104,3,157.98,28.94
ITEM-000004963,ORD-00001991,PROD-000206,1,129.81,12.13
ITEM-000004964,ORD-00001992,PROD-000238,1,67.16,2.75
ITEM-000004965,ORD-00001993,PROD-000053,1,113.39,13.67
ITEM-000004966,ORD-00001993,PROD-000001,4,161.47,3.64
ITEM-000004967,ORD-00001994,PROD-000122,5,174.47,34.18
ITEM-000004968,ORD-00001994,PROD-000163,2,87.64,8.2
ITEM-000004969,ORD-00001994,PROD-000280,5,137.35,26.82
ITEM-000004970,ORD-00001994,PROD-000193,1,177.84,6.77
ITEM-000004971,ORD-00001995,PROD-000039,5,21.15,1.26
ITEM-000004972,ORD-00001995,PROD-000136,5,57.07,0.56
ITEM-000004973,ORD-00001995,PROD-000087,5,82.01,5.3
ITEM-000004974,ORD-00001995,PROD-000073,4,65.08,3.83
ITEM-000004975,ORD-00001996,PROD-000049,4,162.37,8.94
ITEM-000004976,ORD-00001997,PROD-000122,4,174.47,7.15
ITEM-000004977,ORD-00001998,PROD-000053,4,113.39,10.67
ITEM-000004978,ORD-00001998,PROD-000056,2,207.38,37.54
ITEM-000004979,ORD-00001998,PROD-000256,5,26.12,0.89
ITEM-000004980,ORD-00001999,PROD-000039,1,21.15,3.53
ITEM-000004981,ORD-00001999,PROD-000048,4,239.02,42.75
ITEM-000004982,ORD-00002000,PROD-000053,2,113.39,5.92
ITEM-000004983,ORD-00002000,PROD-000215,2,145.42,16.65
ITEM-000004984,ORD-00002001,PROD-000252,5,138.21,12.11
ITEM-000004985,ORD-00002001,PROD-000219,2,170.99,29.91
ITEM-000004986,ORD-00002001,PROD-000277,2,89.29,15.66
ITEM-000004987,ORD-00002002,PROD-000279,3,88.92,7.26
ITEM-000004988,ORD-00002002,PROD-000174,2,92.99,10.65
ITEM-000004989,ORD-00002003,PROD-000012,4,166.44,26.15
ITEM-000004990,ORD-00002003,PROD-000279,4,88.92,7.16
ITEM-000004991,ORD-00002003,PROD-000061,4,156.43,14.96
ITEM-000004992,ORD-00002003,PROD-000032,4,114.8,19.77
ITEM-000004993,ORD-00002004,PROD-000121,4,258.33,26.78
ITEM-000004994,ORD-00002004,PROD-000076,1,192.0,14.02
ITEM-000004995,ORD-00002004,PROD-000002,4,24.12,2.61
ITEM-000004996,ORD-00002004,PROD-000044,2,31.7,1.14
ITEM-000004997,ORD-00002005,PROD-000168,2,145.2,2.5
ITEM-000004998,ORD-00002005,PROD-000202,3,170.28,0.51
ITEM-000004999,ORD-00002005,PROD-000172,5,183.04,36.2
ITEM-000005000,ORD-00002006,PROD-000136,4,57.07,6.5
ITEM-000005001,ORD-00002007,PROD-000268,2,101.37,1.48
ITEM-000005002,ORD-00002008,PROD-000168,5,145.2,11.56
ITEM-000005003,ORD-00002008,PROD-000234,5,86.25,16.47
ITEM-000005004,ORD-00002009,PROD-000121,4,258.33,32.21
ITEM-000005005,ORD-00002009,PROD-000278,3,201.25,31.53
ITEM-000005006,ORD-00002009,PROD-000009,2,38.67,0.98
ITEM-000005007,ORD-00002010,PROD-000170,1,124.7,23.73
ITEM-000005008,ORD-00002011,PROD-000278,4,201.25,39.24
ITEM-000005009,ORD-00002011,PROD-000129,5,145.51,28.2
ITEM-000005010,ORD-00002012,PROD-000153,5,111.79,7.55
ITEM-000005011,ORD-00002012,PROD-000263,5,60.67,7.64
ITEM-000005012,ORD-00002013,PROD-000146,3,200.24,18.1
ITEM-000005013,ORD-00002014,PROD-000019,4,146.76,2.69
ITEM-000005014,ORD-00002014,PROD-000092,2,68.92,12.34
ITEM-000005015,ORD-00002014,PROD-000206,4,129.81,10.14
ITEM-000005016,ORD-00002014,PROD-000101,5,132.99,20.46
ITEM-000005017,ORD-00002015,PROD-000014,5,250.44,22.64
ITEM-000005018,ORD-00002015,PROD-000195,1,272.68,52.55
ITEM-000005019,ORD-00002016,PROD-000237,4,214.52,26.19
ITEM-000005020,ORD-00002017,PROD-000197,5,142.58,4.28
ITEM-000005021,ORD-00002017,PROD-000295,4,19.6,1.98
ITEM-000005022,ORD-00002017,PROD-000079,2,158.41,10.14
ITEM-000005023,ORD-00002017,PROD-000296,2,161.45,15.95
ITEM-000005024,ORD-00002018,PROD-000273,3,164.42,22.41
ITEM-000005025,ORD-00002019,PROD-000205,2,111.74,15.25
ITEM-000005026,ORD-00002020,PROD-000189,1,238.16,33.13
ITEM-000005027,ORD-00002020,PROD-000016,3,56.87,8.59
ITEM-000005028,ORD-00002021,PROD-000196,5,266.04,17.66
ITEM-000005029,ORD-00002021,PROD-000234,5,86.25,0.66
ITEM-000005030,ORD-00002021,PROD-000064,2,39.81,2.23
ITEM-000005031,ORD-00002021,PROD-000278,2,201.25,31.33
ITEM-000005032,ORD-00002022,PROD-000192,3,222.13,11.16
ITEM-000005033,ORD-00002022,PROD-000269,4,116.44,10.73
ITEM-000005034,ORD-00002022,PROD-000202,2,170.28,4.78
ITEM-000005035,ORD-00002023,PROD-000096,2,261.99,33.22
ITEM-000005036,ORD-00002023,PROD-000069,5,294.54,43.55
ITEM-000005037,ORD-00002023,PROD-000138,4,256.34,42.57
ITEM-000005038,ORD-00002024,PROD-000100,5,199.6,38.34
ITEM-000005039,ORD-00002024,PROD-000294,1,268.13,18.24
ITEM-000005040,ORD-00002025,PROD-000134,1,240.79,32.96
ITEM-000005041,ORD-00002025,PROD-000168,2,145.2,15.48
ITEM-000005042,ORD-00002026,PROD-000248,2,206.76,37.79
ITEM-000005043,ORD-00002026,PROD-000176,4,207.29,6.95
ITEM-000005044,ORD-00002026,PROD-000295,2,19.6,1.58
ITEM-000005045,ORD-00002027,PROD-000114,3,178.3,18.89
ITEM-000005046,ORD-00002027,PROD-000190,1,66.83,2.99
ITEM-000005047,ORD-00002028,PROD-000287,4,54.46,4.02
ITEM-000005048,ORD-00002029,PROD-000251,5,149.42,7.85
ITEM-000005049,ORD-00002030,PROD-000287,3,54.46,0.17
ITEM-000005050,ORD-00002030,PROD-000165,4,223.01,34.48
ITEM-000005051,ORD-00002030,PROD-000148,3,173.72,7.79
ITEM-000005052,ORD-00002030,PROD-000100,3,199.6,25.07
ITEM-000005053,ORD-00002031,PROD-000263,5,60.67,0.9
ITEM-000005054,ORD-00002032,PROD-000247,5,95.38,9.24
ITEM-000005055,ORD-00002033,PROD-000102,5,242.49,40.4
ITEM-000005056,ORD-00002034,PROD-000298,2,75.81,4.08
ITEM-000005057,ORD-00002034,PROD-000020,1,193.41,32.44
ITEM-000005058,ORD-00002034,PROD-000108,4,129.74,7.98
ITEM-000005059,ORD-00002035,PROD-000151,4,206.31,4.44
ITEM-000005060,ORD-00002035,PROD-000168,2,145.2,3.11
ITEM-000005061,ORD-00002035,PROD-000089,3,64.06,7.94
ITEM-000005062,ORD-00002036,PROD-000215,4,145.42,21.17
ITEM-000005063,ORD-00002036,PROD-000269,1,116.44,5.55
ITEM-000005064,ORD-00002037,PROD-000230,3,66.97,0.61
ITEM-000005065,ORD-00002037,PROD-000137,2,34.68,4.84
ITEM-000005066,ORD-00002037,PROD-000056,3,207.38,39.42
ITEM-000005067,ORD-00002037,PROD-000045,1,139.38,21.64
ITEM-000005068,ORD-00002038,PROD-000234,4,86.25,10.62
ITEM-000005069,ORD-00002038,PROD-000063,5,42.54,4.46
ITEM-000005070,ORD-00002039,PROD-000068,4,284.88,0.38
ITEM-000005071,ORD-00002040,PROD-000067,2,47.96,8.1
ITEM-000005072,ORD-00002040,PROD-000270,5,159.71,27.36
ITEM-000005073,ORD-00002040,PROD-000179,4,215.5,7.02
ITEM-000005074,ORD-00002041,PROD-000170,5,124.7,20.18
ITEM-000005075,ORD-00002041,PROD-000220,4,23.88,0.28
ITEM-000005076,ORD-00002042,PROD-000299,5,233.47,19.4
ITEM-000005077,ORD-00002042,PROD-000231,5,126.83,11.22
ITEM-000005078,ORD-00002042,PROD-000153,2,111.79,3.09
ITEM-000005079,ORD-00002043,PROD-000262,3,149.73,29.44
ITEM-000005080,ORD-00002043,PROD-000144,5,184.59,23.34
ITEM-000005081,ORD-00002043,PROD-000217,3,39.78,6.34
ITEM-000005082,ORD-00002044,PROD-000148,2,173.72,17.44
ITEM-000005083,ORD-00002044,PROD-000156,5,108.51,19.76
ITEM-000005084,ORD-00002044,PROD-000043,4,44.85,8.84
ITEM-000005085,ORD-00002045,PROD-000070,1,170.09,30.02
ITEM-000005086,ORD-00002046,PROD-000080,3,141.46,10.54
ITEM-000005087,ORD-00002047,PROD-000119,1,241.98,46.39
ITEM-000005088,ORD-00002047,PROD-000068,1,284.88,45.54
ITEM-000005089,ORD-00002048,PROD-000036,2,46.08,0.05
ITEM-000005090,ORD-00002048,PROD-000175,4,285.03,1.93
ITEM-000005091,ORD-00002048,PROD-000105,4,56.39,6.27
ITEM-000005092,ORD-00002049,PROD-000052,3,197.07,11.95
ITEM-000005093,ORD-00002049,PROD-000267,5,237.37,29.29
ITEM-000005094,ORD-00002050,PROD-000252,2,138.21,13.81
ITEM-000005095,ORD-00002050,PROD-000114,4,178.3,16.01
ITEM-000005096,ORD-00002050,PROD-000226,3,148.45,19.09
ITEM-000005097,ORD-00002050,PROD-000077,1,105.6,2.74
ITEM-000005098,ORD-00002051,PROD-000189,3,238.16,9.96
ITEM-000005099,ORD-00002051,PROD-000036,5,46.08,2.01
ITEM-000005100,ORD-00002052,PROD-000279,1,88.92,13.11
ITEM-000005101,ORD-00002052,PROD-000098,1,54.47,1.38
ITEM-000005102,ORD-00002053,PROD-000004,3,61.96,7.73
ITEM-000005103,ORD-00002053,PROD-000031,4,215.03,31.75
ITEM-000005104,ORD-00002054,PROD-000267,2,237.37,19.72
ITEM-000005105,ORD-00002055,PROD-000082,2,153.69,22.06
ITEM-000005106,ORD-00002055,PROD-000238,3,67.16,0.33
ITEM-000005107,ORD-00002055,PROD-000085,4,65.75,5.31
ITEM-000005108,ORD-00002055,PROD-000045,4,139.38,4.93
ITEM-000005109,ORD-00002056,PROD-000180,4,175.36,16.28
ITEM-000005110,ORD-00002056,PROD-000134,3,240.79,27.07
ITEM-000005111,ORD-00002057,PROD-000248,2,206.76,15.67
ITEM-000005112,ORD-00002057,PROD-000293,1,32.6,2.12
ITEM-000005113,ORD-00002057,PROD-000047,5,16.68,2.72
ITEM-000005114,ORD-00002058,PROD-000196,5,266.04,12.83
ITEM-000005115,ORD-00002058,PROD-000053,4,113.39,1.2
ITEM-000005116,ORD-00002058,PROD-000094,4,220.54,42.36
ITEM-000005117,ORD-00002058,PROD-000241,2,199.27,2.52
ITEM-000005118,ORD-00002059,PROD-000102,4,242.49,38.18
ITEM-000005119,ORD-00002059,PROD-000112,5,194.6,25.51
ITEM-000005120,ORD-00002060,PROD-000015,3,77.71,2.83
ITEM-000005121,ORD-00002060,PROD-000080,5,141.46,27.02
ITEM-000005122,ORD-00002061,PROD-000211,2,34.19,6.53
ITEM-000005123,ORD-00002061,PROD-000219,3,170.99,22.48
ITEM-000005124,ORD-00002062,PROD-000156,2,108.51,12.0
ITEM-000005125,ORD-00002063,PROD-000122,2,174.47,11.34
ITEM-000005126,ORD-00002063,PROD-000187,2,71.53,11.29
ITEM-000005127,ORD-00002064,PROD-000164,5,160.68,30.2
ITEM-000005128,ORD-00002064,PROD-000137,4,34.68,0.85
ITEM-000005129,ORD-00002065,PROD-000253,2,14.2,0.46
ITEM-000005130,ORD-00002065,PROD-000202,3,170.28,8.42
ITEM-000005131,ORD-00002065,PROD-000011,5,40.55,2.7
ITEM-000005132,ORD-00002065,PROD-000130,5,154.33,25.03
ITEM-000005133,ORD-00002066,PROD-000060,2,175.48,31.35
ITEM-000005134,ORD-00002066,PROD-000299,4,233.47,0.13
ITEM-000005135,ORD-00002066,PROD-000293,2,32.6,2.87
ITEM-000005136,ORD-00002066,PROD-000083,1,56.68,3.75
ITEM-000005137,ORD-00002067,PROD-000270,4,159.71,22.96
ITEM-000005138,ORD-00002067,PROD-000110,4,230.22,32.6
ITEM-000005139,ORD-00002067,PROD-000168,2,145.2,16.83
ITEM-000005140,ORD-00002067,PROD-000286,5,239.45,11.64
ITEM-000005141,ORD-00002068,PROD-000015,1,77.71,2.09
ITEM-000005142,ORD-00002068,PROD-000187,4,71.53,10.43
ITEM-000005143,ORD-00002069,PROD-000281,2,205.29,7.11
ITEM-000005144,ORD-00002070,PROD-000136,5,57.07,5.58
ITEM-000005145,ORD-00002071,PROD-000266,5,145.38,14.71
ITEM-000005146,ORD-00002071,PROD-000292,4,123.71,8.64
ITEM-000005147,ORD-00002071,PROD-000108,3,129.74,17.32
ITEM-000005148,ORD-00002071,PROD-000183,2,197.83,9.37
ITEM-000005149,ORD-00002072,PROD-000032,1,114.8,4.64
ITEM-000005150,ORD-00002072,PROD-000143,3,136.71,6.46
ITEM-000005151,ORD-00002072,PROD-000199,1,250.55,40.82
ITEM-000005152,ORD-00002072,PROD-000294,3,268.13,5.87
ITEM-000005153,ORD-00002073,PROD-000178,2,192.03,36.64
ITEM-000005154,ORD-00002074,PROD-000012,2,166.44,21.4
ITEM-000005155,ORD-00002075,PROD-000179,1,215.5,3.99
ITEM-000005156,ORD-00002075,PROD-000102,4,242.49,13.44
ITEM-000005157,ORD-00002076,PROD-000030,5,45.68,7.52
ITEM-000005158,ORD-00002076,PROD-000003,5,94.19,7.83
ITEM-000005159,ORD-00002077,PROD-000043,2,44.85,6.16
ITEM-000005160,ORD-00002077,PROD-000256,1,26.12,3.18
ITEM-000005161,ORD-00002077,PROD-000059,2,24.94,1.98
ITEM-000005162,ORD-00002077,PROD-000078,2,104.84,2.42
ITEM-000005163,ORD-00002078,PROD-000061,4,156.43,12.83
ITEM-000005164,ORD-00002078,PROD-000072,1,70.42,1.62
ITEM-000005165,ORD-00002079,PROD-000060,1,175.48,13.43
ITEM-000005166,ORD-00002080,PROD-000067,2,47.96,0.4
ITEM-000005167,ORD-00002081,PROD-000229,2,175.01,25.31
ITEM-000005168,ORD-00002082,PROD-000128,2,144.64,26.77
ITEM-000005169,ORD-00002082,PROD-000110,1,230.22,13.52
ITEM-000005170,ORD-00002082,PROD-000099,4,85.82,6.53
ITEM-000005171,ORD-00002082,PROD-000107,5,9.55,0.03
ITEM-000005172,ORD-00002083,PROD-000234,3,86.25,13.4
ITEM-000005173,ORD-00002083,PROD-000054,2,6.16,0.94
ITEM-000005174,ORD-00002084,PROD-000091,1,82.4,1.48
ITEM-000005175,ORD-00002084,PROD-000012,5,166.44,22.74
ITEM-000005176,ORD-00002084,PROD-000269,2,116.44,21.47
ITEM-000005177,ORD-00002085,PROD-000296,3,161.45,31.71
ITEM-000005178,ORD-00002086,PROD-000147,4,65.7,1.69
ITEM-000005179,ORD-00002086,PROD-000100,3,199.6,39.7
ITEM-000005180,ORD-00002087,PROD-000195,1,272.68,44.2
ITEM-000005181,ORD-00002087,PROD-000001,2,161.47,23.11
ITEM-000005182,ORD-00002087,PROD-000292,5,123.71,8.54
ITEM-000005183,ORD-00002088,PROD-000009,1,38.67,1.77
ITEM-000005184,ORD-00002088,PROD-000233,1,153.78,4.36
ITEM-000005185,ORD-00002088,PROD-000098,4,54.47,10.19
ITEM-000005186,ORD-00002088,PROD-000282,3,158.46,17.1
ITEM-000005187,ORD-00002089,PROD-000158,2,51.52,2.18
ITEM-000005188,ORD-00002089,PROD-000014,3,250.44,47.16
ITEM-000005189,ORD-00002089,PROD-000080,1,141.46,3.98
ITEM-000005190,ORD-00002089,PROD-000247,1,95.38,8.06
ITEM-000005191,ORD-00002090,PROD-000083,4,56.68,2.62
ITEM-000005192,ORD-00002090,PROD-000254,3,59.19,0.71
ITEM-000005193,ORD-00002090,PROD-000032,4,114.8,16.5
ITEM-000005194,ORD-00002091,PROD-000221,4,68.23,11.76
ITEM-000005195,ORD-00002092,PROD-000212,2,196.7,5.11
ITEM-000005196,ORD-00002093,PROD-000272,1,241.9,16.56
ITEM-000005197,ORD-00002093,PROD-000134,2,240.79,39.86
ITEM-000005198,ORD-00002093,PROD-000004,2,61.96,8.69
ITEM-000005199,ORD-00002094,PROD-000017,2,59.6,0.7
ITEM-000005200,ORD-00002094,PROD-000009,5,38.67,2.81
ITEM-000005201,ORD-00002094,PROD-000208,4,11.88,1.34
ITEM-000005202,ORD-00002095,PROD-000189,4,238.16,42.54
ITEM-000005203,ORD-00002095,PROD-000158,5,51.52,0.67
ITEM-000005204,ORD-00002095,PROD-000227,5,231.18,31.3
ITEM-000005205,ORD-00002095,PROD-000179,3,215.5,12.29
ITEM-000005206,ORD-00002096,PROD-000127,3,79.49,7.62
ITEM-000005207,ORD-00002096,PROD-000055,2,139.15,23.29
ITEM-000005208,ORD-00002097,PROD-000237,4,214.52,0.12
ITEM-000005209,ORD-00002097,PROD-000023,5,61.71,0.73
ITEM-000005210,ORD-00002097,PROD-000061,5,156.43,3.84
ITEM-000005211,ORD-00002098,PROD-000014,4,250.44,27.74
ITEM-000005212,ORD-00002098,PROD-000052,4,197.07,15.71
ITEM-000005213,ORD-00002099,PROD-000251,2,149.42,12.66
ITEM-000005214,ORD-00002100,PROD-000279,1,88.92,9.19
ITEM-000005215,ORD-00002101,PROD-000230,1,66.97,1.98
ITEM-000005216,ORD-00002101,PROD-000016,1,56.87,11.08
ITEM-000005217,ORD-00002101,PROD-000032,4,114.8,1.94
ITEM-000005218,ORD-00002102,PROD-000210,4,24.0,0.49
ITEM-000005219,ORD-00002103,PROD-000237,2,214.52,14.25
ITEM-000005220,ORD-00002104,PROD-000148,3,173.72,33.7
ITEM-000005221,ORD-00002105,PROD-000252,3,138.21,5.51
ITEM-000005222,ORD-00002105,PROD-000206,2,129.81,2.97
ITEM-000005223,ORD-00002105,PROD-000101,1,132.99,0.46
ITEM-000005224,ORD-00002106,PROD-000094,3,220.54,23.45
ITEM-000005225,ORD-00002106,PROD-000271,3,142.48,12.73
ITEM-000005226,ORD-00002106,PROD-000220,5,23.88,1.21
ITEM-000005227,ORD-00002106,PROD-000016,2,56.87,1.37
ITEM-000005228,ORD-00002107,PROD-000171,2,85.33,17.06
ITEM-000005229,ORD-00002108,PROD-000207,2,264.8,43.56
ITEM-000005230,ORD-00002108,PROD-000226,3,148.45,24.89
ITEM-000005231,ORD-00002109,PROD-000224,2,108.39,1.71
ITEM-000005232,ORD-00002109,PROD-000300,1,90.24,9.47
ITEM-000005233,ORD-00002109,PROD-000071,4,48.6,0.18
ITEM-000005234,ORD-00002109,PROD-000030,3,45.68,3.68
ITEM-000005235,ORD-00002110,PROD-000052,3,197.07,38.04
ITEM-000005236,ORD-00002110,PROD-000013,1,89.16,14.18
ITEM-000005237,ORD-00002110,PROD-000026,4,248.15,29.21
ITEM-000005238,ORD-00002110,PROD-000240,1,62.18,11.37
ITEM-000005239,ORD-00002111,PROD-000011,3,40.55,4.75
ITEM-000005240,ORD-00002112,PROD-000289,3,86.07,9.88
ITEM-000005241,ORD-00002113,PROD-000128,1,144.64,9.16
ITEM-000005242,ORD-00002113,PROD-000089,1,64.06,3.27
ITEM-000005243,ORD-00002113,PROD-000257,1,285.25,46.09
ITEM-000005244,ORD-00002114,PROD-000255,4,36.59,5.73
ITEM-000005245,ORD-00002114,PROD-000271,4,142.48,18.21
ITEM-000005246,ORD-00002114,PROD-000034,2,22.91,2.12
ITEM-000005247,ORD-00002115,PROD-000062,4,155.19,11.86
ITEM-000005248,ORD-00002115,PROD-000285,3,236.26,4.82
ITEM-000005249,ORD-00002115,PROD-000196,1,266.04,7.9
ITEM-000005250,ORD-00002115,PROD-000249,3,45.99,8.76
ITEM-000005251,ORD-00002116,PROD-000246,5,42.16,2.24
ITEM-000005252,ORD-00002116,PROD-000120,2,150.5,22.94
ITEM-000005253,ORD-00002116,PROD-000224,2,108.39,4.57
ITEM-000005254,ORD-00002116,PROD-000264,5,25.07,2.98
ITEM-000005255,ORD-00002117,PROD-000229,1,175.01,2.34
ITEM-000005256,ORD-00002118,PROD-000085,4,65.75,11.15
ITEM-000005257,ORD-00002118,PROD-000072,1,70.42,3.02
ITEM-000005258,ORD-00002118,PROD-000027,5,268.28,24.72
ITEM-000005259,ORD-00002119,PROD-000055,1,139.15,11.43
ITEM-000005260,ORD-00002119,PROD-000082,1,153.69,19.39
ITEM-000005261,ORD-00002120,PROD-000049,5,162.37,30.65
ITEM-000005262,ORD-00002120,PROD-000043,2,44.85,3.31
ITEM-000005263,ORD-00002120,PROD-000293,5,32.6,3.88
ITEM-000005264,ORD-00002121,PROD-000076,1,192.0,3.21
ITEM-000005265,ORD-00002121,PROD-000228,1,119.68,17.5
ITEM-000005266,ORD-00002121,PROD-000276,5,96.15,12.04
ITEM-000005267,ORD-00002121,PROD-000149,5,175.39,1.07
ITEM-000005268,ORD-00002122,PROD-000280,4,137.35,24.56
ITEM-000005269,ORD-00002123,PROD-000274,2,105.23,3.38
ITEM-000005270,ORD-00002123,PROD-000062,4,155.19,29.39
ITEM-000005271,ORD-00002123,PROD-000183,5,197.83,20.3
ITEM-000005272,ORD-00002124,PROD-000293,4,32.6,6.34
ITEM-000005273,ORD-00002124,PROD-000192,4,222.13,41.43
ITEM-000005274,ORD-00002125,PROD-000032,1,114.8,5.96
ITEM-000005275,ORD-00002125,PROD-000024,4,195.99,18.59
ITEM-000005276,ORD-00002126,PROD-000048,2,239.02,40.26
ITEM-000005277,ORD-00002126,PROD-000195,5,272.68,4.64
ITEM-000005278,ORD-00002126,PROD-000207,1,264.8,40.49
ITEM-000005279,ORD-00002126,PROD-000044,2,31.7,3.24
ITEM-000005280,ORD-00002127,PROD-000139,2,20.83,2.5
ITEM-000005281,ORD-00002127,PROD-000217,5,39.78,7.19
ITEM-000005282,ORD-00002127,PROD-000078,4,104.84,15.23
ITEM-000005283,ORD-00002127,PROD-000201,5,154.94,29.23
ITEM-000005284,ORD-00002128,PROD-000026,3,248.15,2.14
ITEM-000005285,ORD-00002128,PROD-000182,2,262.82,37.5
ITEM-000005286,ORD-00002128,PROD-000133,1,67.78,10.71
ITEM-000005287,ORD-00002128,PROD-000217,1,39.78,2.82
ITEM-000005288,ORD-00002129,PROD-000254,5,59.19,7.6
ITEM-000005289,ORD-00002130,PROD-000250,3,168.52,22.72
ITEM-000005290,ORD-00002130,PROD-000284,5,47.52,2.13
ITEM-000005291,ORD-00002131,PROD-000182,1,262.82,40.95
ITEM-000005292,ORD-00002131,PROD-000236,5,24.26,3.87
ITEM-000005293,ORD-00002131,PROD-000204,2,193.75,11.35
ITEM-000005294,ORD-00002131,PROD-000024,5,195.99,36.31
ITEM-000005295,ORD-00002132,PROD-000193,4,177.84,19.45
ITEM-000005296,ORD-00002132,PROD-000136,5,57.07,4.9
ITEM-000005297,ORD-00002132,PROD-000137,4,34.68,3.55
ITEM-000005298,ORD-00002133,PROD-000034,4,22.91,0.05
ITEM-000005299,ORD-00002133,PROD-000288,3,13.25,0.27
ITEM-000005300,ORD-00002134,PROD-000082,3,153.69,17.83
ITEM-000005301,ORD-00002134,PROD-000125,4,191.28,10.53
ITEM-000005302,ORD-00002135,PROD-000001,5,161.47,31.25
ITEM-000005303,ORD-00002135,PROD-000114,3,178.3,19.06
ITEM-000005304,ORD-00002136,PROD-000022,4,178.72,4.91
ITEM-000005305,ORD-00002136,PROD-000133,4,67.78,6.5
ITEM-000005306,ORD-00002137,PROD-000295,1,19.6,1.67
ITEM-000005307,ORD-00002137,PROD-000033,1,93.06,5.58
ITEM-000005308,ORD-00002137,PROD-000110,1,230.22,27.0
ITEM-000005309,ORD-00002137,PROD-000128,3,144.64,19.13
ITEM-000005310,ORD-00002138,PROD-000105,4,56.39,1.22
ITEM-000005311,ORD-00002138,PROD-000110,4,230.22,33.14
ITEM-000005312,ORD-00002139,PROD-000175,2,285.03,55.92
ITEM-000005313,ORD-00002140,PROD-000131,3,157.33,17.5
ITEM-000005314,ORD-00002141,PROD-000206,3,129.81,20.24
ITEM-000005315,ORD-00002142,PROD-000085,3,65.75,11.92
ITEM-000005316,ORD-00002143,PROD-000155,4,199.69,5.78
ITEM-000005317,ORD-00002143,PROD-000064,5,39.81,0.78
ITEM-000005318,ORD-00002143,PROD-000163,1,87.64,15.3
ITEM-000005319,ORD-00002144,PROD-000141,1,197.96,31.19
ITEM-000005320,ORD-00002144,PROD-000214,4,199.19,33.67
ITEM-000005321,ORD-00002144,PROD-000241,4,199.27,35.73
ITEM-000005322,ORD-00002145,PROD-000265,2,55.67,7.8
ITEM-000005323,ORD-00002146,PROD-000280,5,137.35,26.27
ITEM-000005324,ORD-00002147,PROD-000206,4,129.81,21.63
ITEM-000005325,ORD-00002148,PROD-000050,3,41.26,0.66
ITEM-000005326,ORD-00002148,PROD-000139,4,20.83,2.15
ITEM-000005327,ORD-00002149,PROD-000116,3,189.39,23.58
ITEM-000005328,ORD-00002150,PROD-000193,3,177.84,19.42
ITEM-000005329,ORD-00002150,PROD-000276,5,96.15,15.48
ITEM-000005330,ORD-00002150,PROD-000128,5,144.64,11.45
ITEM-000005331,ORD-00002150,PROD-000282,4,158.46,9.88
ITEM-000005332,ORD-00002151,PROD-000291,3,181.27,24.97
ITEM-000005333,ORD-00002151,PROD-000047,3,16.68,1.14
ITEM-000005334,ORD-00002151,PROD-000134,3,240.79,38.7
ITEM-000005335,ORD-00002151,PROD-000026,1,248.15,6.16
ITEM-000005336,ORD-00002152,PROD-000093,1,178.93,30.23
ITEM-000005337,ORD-00002152,PROD-000245,3,6.0,0.3
ITEM-000005338,ORD-00002153,PROD-000023,3,61.71,1.4
ITEM-000005339,ORD-00002153,PROD-000243,1,179.01,15.13
ITEM-000005340,ORD-00002153,PROD-000032,2,114.8,19.11
ITEM-000005341,ORD-00002153,PROD-000276,5,96.15,15.53
ITEM-000005342,ORD-00002154,PROD-000216,3,179.85,8.94
ITEM-000005343,ORD-00002154,PROD-000065,1,11.5,1.18
ITEM-000005344,ORD-00002155,PROD-000168,3,145.2,17.41
ITEM-000005345,ORD-00002155,PROD-000195,4,272.68,0.42
ITEM-000005346,ORD-00002155,PROD-000013,5,89.16,11.7
ITEM-000005347,ORD-00002156,PROD-000070,3,170.09,18.04
ITEM-000005348,ORD-00002156,PROD-000298,3,75.81,2.71
ITEM-000005349,ORD-00002156,PROD-000151,4,206.31,41.21
ITEM-000005350,ORD-00002157,PROD-000286,5,239.45,20.83
ITEM-000005351,ORD-00002157,PROD-000255,4,36.59,0.37
ITEM-000005352,ORD-00002157,PROD-000224,3,108.39,3.51
ITEM-000005353,ORD-00002158,PROD-000162,4,263.26,45.55
ITEM-000005354,ORD-00002158,PROD-000251,4,149.42,10.16
ITEM-000005355,ORD-00002158,PROD-000015,5,77.71,7.0
ITEM-000005356,ORD-00002159,PROD-000164,2,160.68,6.18
ITEM-000005357,ORD-00002159,PROD-000260,5,87.01,0.5
ITEM-000005358,ORD-00002159,PROD-000067,2,47.96,8.22
ITEM-000005359,ORD-00002160,PROD-000133,4,67.78,11.87
ITEM-000005360,ORD-00002160,PROD-000067,2,47.96,7.39
ITEM-000005361,ORD-00002160,PROD-000173,3,253.18,2.74
ITEM-000005362,ORD-00002161,PROD-000172,5,183.04,22.27
ITEM-000005363,ORD-00002161,PROD-000118,1,182.0,0.33
ITEM-000005364,ORD-00002161,PROD-000218,2,184.34,31.54
ITEM-000005365,ORD-00002161,PROD-000061,2,156.43,4.76
ITEM-000005366,ORD-00002162,PROD-000232,4,124.85,24.08
ITEM-000005367,ORD-00002162,PROD-000245,4,6.0,0.37
ITEM-000005368,ORD-00002163,PROD-000162,5,263.26,3.55
ITEM-000005369,ORD-00002163,PROD-000015,1,77.71,1.23
ITEM-000005370,ORD-00002164,PROD-000052,1,197.07,14.68
ITEM-000005371,ORD-00002164,PROD-000258,3,173.11,18.47
ITEM-000005372,ORD-00002164,PROD-000265,4,55.67,11.06
ITEM-000005373,ORD-00002165,PROD-000275,1,143.99,3.12
ITEM-000005374,ORD-00002166,PROD-000247,4,95.38,18.92
ITEM-000005375,ORD-00002166,PROD-000066,2,12.81,2.24
ITEM-000005376,ORD-00002166,PROD-000089,5,64.06,7.63
ITEM-000005377,ORD-00002166,PROD-000184,4,133.98,24.94
ITEM-000005378,ORD-00002167,PROD-000140,4,113.52,3.06
ITEM-000005379,ORD-00002168,PROD-000135,2,164.35,20.99
ITEM-000005380,ORD-00002168,PROD-000218,1,184.34,5.43
ITEM-000005381,ORD-00002168,PROD-000057,2,202.38,2.16
ITEM-000005382,ORD-00002168,PROD-000271,3,142.48,6.52
ITEM-000005383,ORD-00002169,PROD-000176,2,207.29,17.83
ITEM-000005384,ORD-00002169,PROD-000198,5,196.53,1.89
ITEM-000005385,ORD-00002169,PROD-000284,3,47.52,9.25
ITEM-000005386,ORD-00002169,PROD-000087,3,82.01,16.13
ITEM-000005387,ORD-00002170,PROD-000159,2,115.09,2.84
ITEM-000005388,ORD-00002170,PROD-000286,2,239.45,24.11
ITEM-000005389,ORD-00002171,PROD-000186,3,39.92,0.38
ITEM-000005390,ORD-00002171,PROD-000220,3,23.88,1.46
ITEM-000005391,ORD-00002171,PROD-000189,3,238.16,31.07
ITEM-000005392,ORD-00002172,PROD-000075,2,62.62,10.59
ITEM-000005393,ORD-00002172,PROD-000040,1,52.71,1.48
ITEM-000005394,ORD-00002172,PROD-000100,2,199.6,37.31
ITEM-000005395,ORD-00002173,PROD-000147,5,65.7,8.08
ITEM-000005396,ORD-00002173,PROD-000252,5,138.21,20.27
ITEM-000005397,ORD-00002173,PROD-000044,4,31.7,2.78
ITEM-000005398,ORD-00002173,PROD-000204,2,193.75,9.41
ITEM-000005399,ORD-00002174,PROD-000086,4,126.38,4.29
ITEM-000005400,ORD-00002174,PROD-000099,5,85.82,9.25
ITEM-000005401,ORD-00002174,PROD-000087,1,82.01,14.72
ITEM-000005402,ORD-00002175,PROD-000007,5,234.37,2.85
ITEM-000005403,ORD-00002175,PROD-000035,5,17.96,2.82
ITEM-000005404,ORD-00002175,PROD-000127,1,79.49,4.05
ITEM-000005405,ORD-00002176,PROD-000017,4,59.6,7.26
ITEM-000005406,ORD-00002176,PROD-000118,3,182.0,26.18
ITEM-000005407,ORD-00002177,PROD-000137,5,34.68,6.2
ITEM-000005408,ORD-00002177,PROD-000170,2,124.7,21.97
ITEM-000005409,ORD-00002178,PROD-000019,1,146.76,15.11
ITEM-000005410,ORD-00002179,PROD-000226,4,148.45,15.0
ITEM-000005411,ORD-00002179,PROD-000264,1,25.07,4.22
ITEM-000005412,ORD-00002179,PROD-000177,2,110.22,6.15
ITEM-000005413,ORD-00002179,PROD-000131,3,157.33,8.23
ITEM-000005414,ORD-00002180,PROD-000028,5,283.29,11.91
ITEM-000005415,ORD-00002180,PROD-000274,3,105.23,14.49
ITEM-000005416,ORD-00002180,PROD-000244,5,54.61,6.77
ITEM-000005417,ORD-00002180,PROD-000231,5,126.83,2.72
ITEM-000005418,ORD-00002181,PROD-000124,5,85.6,2.11
ITEM-000005419,ORD-00002181,PROD-000275,4,143.99,27.66
ITEM-000005420,ORD-00002181,PROD-000263,3,60.67,10.61
ITEM-000005421,ORD-00002182,PROD-000291,5,181.27,15.43
ITEM-000005422,ORD-00002182,PROD-000271,5,142.48,22.12
ITEM-000005423,ORD-00002182,PROD-000032,3,114.8,22.8
ITEM-000005424,ORD-00002182,PROD-000162,4,263.26,30.47
ITEM-000005425,ORD-00002183,PROD-000246,1,42.16,2.31
ITEM-000005426,ORD-00002183,PROD-000231,2,126.83,6.44
ITEM-000005427,ORD-00002184,PROD-000019,1,146.76,25.3
ITEM-000005428,ORD-00002184,PROD-000277,4,89.29,12.69
ITEM-000005429,ORD-00002185,PROD-000138,2,256.34,46.37
ITEM-000005430,ORD-00002185,PROD-000286,2,239.45,28.37
ITEM-000005431,ORD-00002186,PROD-000267,2,237.37,11.31
ITEM-000005432,ORD-00002186,PROD-000053,2,113.39,22.13
ITEM-000005433,ORD-00002187,PROD-000016,4,56.87,10.46
ITEM-000005434,ORD-00002187,PROD-000081,5,132.7,5.58
ITEM-000005435,ORD-00002187,PROD-000089,5,64.06,11.11
ITEM-000005436,ORD-00002187,PROD-000026,5,248.15,27.65
ITEM-000005437,ORD-00002188,PROD-000086,2,126.38,3.06
ITEM-000005438,ORD-00002188,PROD-000060,1,175.48,6.5
ITEM-000005439,ORD-00002189,PROD-000002,1,24.12,0.3
ITEM-000005440,ORD-00002189,PROD-000268,4,101.37,9.35
ITEM-000005441,ORD-00002190,PROD-000059,1,24.94,4.54
ITEM-000005442,ORD-00002190,PROD-000261,5,28.24,3.79
ITEM-000005443,ORD-00002190,PROD-000286,4,239.45,34.23
ITEM-000005444,ORD-00002190,PROD-000063,1,42.54,4.66
ITEM-000005445,ORD-00002191,PROD-000097,3,186.58,14.32
ITEM-000005446,ORD-00002191,PROD-000048,3,239.02,2.95
ITEM-000005447,ORD-00002191,PROD-000121,5,258.33,14.95
ITEM-000005448,ORD-00002192,PROD-000125,1,191.28,22.56
ITEM-000005449,ORD-00002192,PROD-000025,4,124.64,6.89
ITEM-000005450,ORD-00002192,PROD-000282,2,158.46,6.18
ITEM-000005451,ORD-00002193,PROD-000210,5,24.0,1.52
ITEM-000005452,ORD-00002193,PROD-000051,1,151.67,0.11
ITEM-000005453,ORD-00002193,PROD-000009,4,38.67,6.46
ITEM-000005454,ORD-00002194,PROD-000094,1,220.54,16.32
ITEM-000005455,ORD-00002194,PROD-000143,3,136.71,26.04
ITEM-000005456,ORD-00002194,PROD-000195,4,272.68,45.49
ITEM-000005457,ORD-00002194,PROD-000170,1,124.7,22.52
ITEM-000005458,ORD-00002195,PROD-000224,4,108.39,21.08
ITEM-000005459,ORD-00002196,PROD-000217,3,39.78,0.73
ITEM-000005460,ORD-00002196,PROD-000007,4,234.37,42.94
ITEM-000005461,ORD-00002196,PROD-000154,1,128.85,18.27
ITEM-000005462,ORD-00002196,PROD-000116,3,189.39,0.06
ITEM-000005463,ORD-00002197,PROD-000278,3,201.25,4.05
ITEM-000005464,ORD-00002197,PROD-000138,5,256.34,24.07
ITEM-000005465,ORD-00002197,PROD-000268,5,101.37,0.31
ITEM-000005466,ORD-00002197,PROD-000288,2,13.25,1.14
ITEM-000005467,ORD-00002198,PROD-000151,5,206.31,5.81
ITEM-000005468,ORD-00002198,PROD-000274,5,105.23,11.88
ITEM-000005469,ORD-00002199,PROD-000082,4,153.69,18.66
ITEM-000005470,ORD-00002199,PROD-000008,5,169.86,7.95
ITEM-000005471,ORD-00002199,PROD-000222,5,173.52,19.28
ITEM-000005472,ORD-00002199,PROD-000290,1,96.01,9.07
ITEM-000005473,ORD-00002200,PROD-000038,3,87.71,0.54
ITEM-000005474,ORD-00002200,PROD-000220,2,23.88,1.73
ITEM-000005475,ORD-00002200,PROD-000040,5,52.71,4.79
ITEM-000005476,ORD-00002200,PROD-000194,1,65.76,9.12
ITEM-000005477,ORD-00002201,PROD-000065,1,11.5,2.17
ITEM-000005478,ORD-00002201,PROD-000068,4,284.88,50.21
ITEM-000005479,ORD-00002202,PROD-000233,5,153.78,17.76
ITEM-000005480,ORD-00002202,PROD-000096,4,261.99,0.77
ITEM-000005481,ORD-00002202,PROD-000041,5,146.19,24.99
ITEM-000005482,ORD-00002203,PROD-000072,1,70.42,11.04
ITEM-000005483,ORD-00002203,PROD-000185,3,183.85,18.77
ITEM-000005484,ORD-00002203,PROD-000061,4,156.43,15.23
ITEM-000005485,ORD-00002204,PROD-000047,2,16.68,1.63
ITEM-000005486,ORD-00002204,PROD-000198,5,196.53,7.27
ITEM-000005487,ORD-00002204,PROD-000039,1,21.15,2.29
ITEM-000005488,ORD-00002205,PROD-000144,1,184.59,22.47
ITEM-000005489,ORD-00002205,PROD-000207,2,264.8,23.08
ITEM-000005490,ORD-00002206,PROD-000084,2,138.49,16.71
ITEM-000005491,ORD-00002206,PROD-000245,3,6.0,0.61
ITEM-000005492,ORD-00002207,PROD-000231,1,126.83,20.58
ITEM-000005493,ORD-00002208,PROD-000188,3,170.88,31.31
ITEM-000005494,ORD-00002208,PROD-000054,5,6.16,0.43
ITEM-000005495,ORD-00002208,PROD-000151,3,206.31,20.06
ITEM-000005496,ORD-00002209,PROD-000164,4,160.68,25.05
ITEM-000005497,ORD-00002210,PROD-000002,5,24.12,0.68
ITEM-000005498,ORD-00002210,PROD-000188,4,170.88,28.38
ITEM-000005499,ORD-00002211,PROD-000026,1,248.15,31.37
ITEM-000005500,ORD-00002212,PROD-000176,4,207.29,11.41
ITEM-000005501,ORD-00002212,PROD-000028,4,283.29,9.73
ITEM-000005502,ORD-00002213,PROD-000143,4,136.71,27.12
ITEM-000005503,ORD-00002213,PROD-000258,2,173.11,31.84
ITEM-000005504,ORD-00002214,PROD-000144,1,184.59,2.16
ITEM-000005505,ORD-00002214,PROD-000249,5,45.99,6.0
ITEM-000005506,ORD-00002214,PROD-000265,2,55.67,1.79
ITEM-000005507,ORD-00002215,PROD-000232,2,124.85,2.25
ITEM-000005508,ORD-00002215,PROD-000215,1,145.42,11.33
ITEM-000005509,ORD-00002215,PROD-000278,3,201.25,0.25
ITEM-000005510,ORD-00002216,PROD-000031,3,215.03,40.55
ITEM-000005511,ORD-00002217,PROD-000047,1,16.68,1.92
ITEM-000005512,ORD-00002218,PROD-000092,4,68.92,12.21
ITEM-000005513,ORD-00002219,PROD-000045,3,139.38,5.18
ITEM-000005514,ORD-00002220,PROD-000023,3,61.71,2.81
ITEM-000005515,ORD-00002221,PROD-000028,5,283.29,7.71
ITEM-000005516,ORD-00002221,PROD-000023,1,61.71,5.71
ITEM-000005517,ORD-00002221,PROD-000221,5,68.23,4.28
ITEM-000005518,ORD-00002221,PROD-000008,1,169.86,32.51
ITEM-000005519,ORD-00002222,PROD-000045,5,139.38,16.0
ITEM-000005520,ORD-00002222,PROD-000160,5,96.22,13.69
ITEM-000005521,ORD-00002222,PROD-000151,2,206.31,33.45
ITEM-000005522,ORD-00002223,PROD-000291,5,181.27,16.98
ITEM-000005523,ORD-00002223,PROD-000285,5,236.26,10.08
ITEM-000005524,ORD-00002224,PROD-000177,2,110.22,13.12
ITEM-000005525,ORD-00002224,PROD-000143,4,136.71,20.94
ITEM-000005526,ORD-00002224,PROD-000212,1,196.7,37.74
ITEM-000005527,ORD-00002224,PROD-000264,2,25.07,4.9
ITEM-000005528,ORD-00002225,PROD-000160,5,96.22,1.59
ITEM-000005529,ORD-00002225,PROD-000037,1,237.13,12.23
ITEM-000005530,ORD-00002226,PROD-000079,3,158.41,24.54
ITEM-000005531,ORD-00002227,PROD-000114,2,178.3,2.45
ITEM-000005532,ORD-00002227,PROD-000152,2,40.04,7.77
ITEM-000005533,ORD-00002227,PROD-000185,4,183.85,9.41
ITEM-000005534,ORD-00002227,PROD-000124,3,85.6,14.92
ITEM-000005535,ORD-00002228,PROD-000216,5,179.85,2.18
ITEM-000005536,ORD-00002228,PROD-000140,5,113.52,9.89
ITEM-000005537,ORD-00002229,PROD-000230,2,66.97,7.88
ITEM-000005538,ORD-00002229,PROD-000113,3,38.45,6.85
ITEM-000005539,ORD-00002229,PROD-000278,5,201.25,7.86
ITEM-000005540,ORD-00002229,PROD-000156,2,108.51,6.9
ITEM-000005541,ORD-00002230,PROD-000196,3,266.04,21.6
ITEM-000005542,ORD-00002230,PROD-000071,5,48.6,0.46
ITEM-000005543,ORD-00002231,PROD-000028,4,283.29,46.25
ITEM-000005544,ORD-00002231,PROD-000142,1,42.45,3.34
ITEM-000005545,ORD-00002231,PROD-000230,5,66.97,4.49
ITEM-000005546,ORD-00002232,PROD-000187,4,71.53,2.28
ITEM-000005547,ORD-00002233,PROD-000005,5,162.22,1.1
ITEM-000005548,ORD-00002233,PROD-000171,3,85.33,1.83
ITEM-000005549,ORD-00002234,PROD-000159,1,115.09,15.33
ITEM-000005550,ORD-00002234,PROD-000053,2,113.39,2.26
ITEM-000005551,ORD-00002234,PROD-000043,1,44.85,4.15
ITEM-000005552,ORD-00002234,PROD-000260,4,87.01,1.65
ITEM-000005553,ORD-00002235,PROD-000073,3,65.08,10.48
ITEM-000005554,ORD-00002236,PROD-000200,1,169.62,23.3
ITEM-000005555,ORD-00002236,PROD-000091,2,82.4,10.45
ITEM-000005556,ORD-00002236,PROD-000208,5,11.88,0.88
ITEM-000005557,ORD-00002236,PROD-000120,3,150.5,24.61
ITEM-000005558,ORD-00002237,PROD-000043,2,44.85,8.95
ITEM-000005559,ORD-00002237,PROD-000043,2,44.85,1.63
ITEM-000005560,ORD-00002237,PROD-000161,5,9.57,0.68
ITEM-000005561,ORD-00002238,PROD-000006,2,20.4,3.51
ITEM-000005562,ORD-00002239,PROD-000041,3,146.19,3.25
ITEM-000005563,ORD-00002240,PROD-000094,3,220.54,42.64
ITEM-000005564,ORD-00002240,PROD-000133,4,67.78,8.59
ITEM-000005565,ORD-00002241,PROD-000017,4,59.6,3.37
ITEM-000005566,ORD-00002241,PROD-000253,1,14.2,2.17
ITEM-000005567,ORD-00002241,PROD-000098,2,54.47,5.05
ITEM-000005568,ORD-00002242,PROD-000182,5,262.82,35.43
ITEM-000005569,ORD-00002243,PROD-000119,1,241.98,2.33
ITEM-000005570,ORD-00002244,PROD-000148,5,173.72,7.51
ITEM-000005571,ORD-00002244,PROD-000156,1,108.51,4.41
ITEM-000005572,ORD-00002244,PROD-000297,1,225.62,0.14
ITEM-000005573,ORD-00002244,PROD-000179,2,215.5,40.41
ITEM-000005574,ORD-00002245,PROD-000220,1,23.88,2.42
ITEM-000005575,ORD-00002245,PROD-000146,1,200.24,2.88
ITEM-000005576,ORD-00002246,PROD-000049,2,162.37,32.17
ITEM-000005577,ORD-00002246,PROD-000173,5,253.18,31.22
ITEM-000005578,ORD-00002246,PROD-000090,5,115.9,8.33
ITEM-000005579,ORD-00002247,PROD-000192,5,222.13,15.13
ITEM-000005580,ORD-00002247,PROD-000024,3,195.99,15.21
ITEM-000005581,ORD-00002248,PROD-000031,4,215.03,41.45
ITEM-000005582,ORD-00002249,PROD-000010,4,265.73,30.36
ITEM-000005583,ORD-00002250,PROD-000038,5,87.71,6.79
ITEM-000005584,ORD-00002251,PROD-000245,3,6.0,0.05
ITEM-000005585,ORD-00002251,PROD-000124,4,85.6,8.58
ITEM-000005586,ORD-00002251,PROD-000065,2,11.5,1.52
ITEM-000005587,ORD-00002251,PROD-000292,3,123.71,7.59
ITEM-000005588,ORD-00002252,PROD-000116,1,189.39,0.11
ITEM-000005589,ORD-00002252,PROD-000252,4,138.21,10.42
ITEM-000005590,ORD-00002252,PROD-000081,3,132.7,8.71
ITEM-000005591,ORD-00002253,PROD-000083,3,56.68,9.39
ITEM-000005592,ORD-00002253,PROD-000038,4,87.71,3.73
ITEM-000005593,ORD-00002254,PROD-000161,3,9.57,0.25
ITEM-000005594,ORD-00002254,PROD-000201,2,154.94,8.86
ITEM-000005595,ORD-00002254,PROD-000236,5,24.26,1.24
ITEM-000005596,ORD-00002254,PROD-000299,1,233.47,29.31
ITEM-000005597,ORD-00002255,PROD-000113,2,38.45,2.37
ITEM-000005598,ORD-00002255,PROD-000049,1,162.37,0.49
ITEM-000005599,ORD-00002256,PROD-000293,1,32.6,4.19
ITEM-000005600,ORD-00002257,PROD-000024,3,195.99,9.58
ITEM-000005601,ORD-00002257,PROD-000277,5,89.29,16.31
ITEM-000005602,ORD-00002257,PROD-000262,3,149.73,7.28
ITEM-000005603,ORD-00002257,PROD-000078,1,104.84,1.85
ITEM-000005604,ORD-00002258,PROD-000228,2,119.68,19.02
ITEM-000005605,ORD-00002258,PROD-000004,3,61.96,11.11
ITEM-000005606,ORD-00002258,PROD-000172,4,183.04,12.23
ITEM-000005607,ORD-00002258,PROD-000289,5,86.07,13.6
ITEM-000005608,ORD-00002259,PROD-000166,5,161.73,27.84
ITEM-000005609,ORD-00002259,PROD-000045,2,139.38,16.54
ITEM-000005610,ORD-00002259,PROD-000217,3,39.78,1.33
ITEM-000005611,ORD-00002259,PROD-000024,2,195.99,37.37
ITEM-000005612,ORD-00002260,PROD-000215,2,145.42,23.19
ITEM-000005613,ORD-00002260,PROD-000073,4,65.08,4.82
ITEM-000005614,ORD-00002261,PROD-000040,3,52.71,4.87
ITEM-000005615,ORD-00002261,PROD-000238,1,67.16,9.33
ITEM-000005616,ORD-00002262,PROD-000001,4,161.47,3.7
ITEM-000005617,ORD-00002262,PROD-000177,2,110.22,4.97
ITEM-000005618,ORD-00002263,PROD-000093,2,178.93,15.44
ITEM-000005619,ORD-00002264,PROD-000051,5,151.67,22.01
ITEM-000005620,ORD-00002264,PROD-000088,1,144.7,10.2
ITEM-000005621,ORD-00002265,PROD-000268,5,101.37,18.45
ITEM-000005622,ORD-00002266,PROD-000188,5,170.88,3.23
ITEM-000005623,ORD-00002267,PROD-000058,5,86.29,7.53
ITEM-000005624,ORD-00002268,PROD-000171,5,85.33,9.4
ITEM-000005625,ORD-00002268,PROD-000161,5,9.57,1.43
ITEM-000005626,ORD-00002268,PROD-000241,2,199.27,28.06
ITEM-000005627,ORD-00002269,PROD-000196,5,266.04,27.5
ITEM-000005628,ORD-00002270,PROD-000174,2,92.99,8.9
ITEM-000005629,ORD-00002271,PROD-000035,5,17.96,3.52
ITEM-000005630,ORD-00002271,PROD-000080,5,141.46,25.71
ITEM-000005631,ORD-00002272,PROD-000089,5,64.06,3.54
ITEM-000005632,ORD-00002272,PROD-000160,1,96.22,12.65
ITEM-000005633,ORD-00002272,PROD-000264,2,25.07,0.84
ITEM-000005634,ORD-00002272,PROD-000245,2,6.0,0.0
ITEM-000005635,ORD-00002273,PROD-000283,2,40.56,4.99
ITEM-000005636,ORD-00002273,PROD-000275,2,143.99,18.01
ITEM-000005637,ORD-00002274,PROD-000070,2,170.09,2.01
ITEM-000005638,ORD-00002274,PROD-000046,3,37.28,2.08
ITEM-000005639,ORD-00002275,PROD-000109,2,82.03,15.17
ITEM-000005640,ORD-00002275,PROD-000269,1,116.44,1.54
ITEM-000005641,ORD-00002275,PROD-000185,5,183.85,22.15
ITEM-000005642,ORD-00002276,PROD-000006,2,20.4,3.0
ITEM-000005643,ORD-00002276,PROD-000007,2,234.37,1.69
ITEM-000005644,ORD-00002277,PROD-000026,3,248.15,46.51
ITEM-000005645,ORD-00002277,PROD-000077,2,105.6,18.0
ITEM-000005646,ORD-00002278,PROD-000225,4,155.38,11.16
ITEM-000005647,ORD-00002278,PROD-000066,1,12.81,0.62
ITEM-000005648,ORD-00002279,PROD-000022,2,178.72,17.99
ITEM-000005649,ORD-00002279,PROD-000214,3,199.19,35.31
ITEM-000005650,ORD-00002280,PROD-000130,4,154.33,6.08
ITEM-000005651,ORD-00002280,PROD-000030,3,45.68,6.53
ITEM-000005652,ORD-00002280,PROD-000119,4,241.98,22.11
ITEM-000005653,ORD-00002280,PROD-000183,4,197.83,35.73
ITEM-000005654,ORD-00002281,PROD-000276,2,96.15,2.54
ITEM-000005655,ORD-00002282,PROD-000012,2,166.44,32.98
ITEM-000005656,ORD-00002283,PROD-000213,1,151.52,14.23
ITEM-000005657,ORD-00002284,PROD-000021,2,258.38,30.08
ITEM-000005658,ORD-00002284,PROD-000272,2,241.9,5.77
ITEM-000005659,ORD-00002284,PROD-000015,3,77.71,3.85
ITEM-000005660,ORD-00002284,PROD-000278,3,201.25,2.69
ITEM-000005661,ORD-00002285,PROD-000201,2,154.94,4.67
ITEM-000005662,ORD-00002285,PROD-000042,2,20.87,3.92
ITEM-000005663,ORD-00002285,PROD-000215,4,145.42,0.41
ITEM-000005664,ORD-00002285,PROD-000029,3,254.26,20.64
ITEM-000005665,ORD-00002286,PROD-000214,4,199.19,18.35
ITEM-000005666,ORD-00002286,PROD-000021,4,258.38,12.09
ITEM-000005667,ORD-00002286,PROD-000202,2,170.28,2.86
ITEM-000005668,ORD-00002287,PROD-000186,3,39.92,0.48
ITEM-000005669,ORD-00002287,PROD-000298,3,75.81,11.81
ITEM-000005670,ORD-00002287,PROD-000131,3,157.33,20.64
ITEM-000005671,ORD-00002287,PROD-000226,4,148.45,11.62
ITEM-000005672,ORD-00002288,PROD-000157,5,15.55,2.4
ITEM-000005673,ORD-00002288,PROD-000116,5,189.39,15.79
ITEM-000005674,ORD-00002289,PROD-000155,5,199.69,15.05
ITEM-000005675,ORD-00002290,PROD-000098,2,54.47,9.22
ITEM-000005676,ORD-00002290,PROD-000198,2,196.53,17.05
ITEM-000005677,ORD-00002290,PROD-000061,1,156.43,9.25
ITEM-000005678,ORD-00002290,PROD-000076,3,192.0,8.31
ITEM-000005679,ORD-00002291,PROD-000071,3,48.6,9.14
ITEM-000005680,ORD-00002291,PROD-000285,3,236.26,12.6
ITEM-000005681,ORD-00002291,PROD-000078,1,104.84,14.24
ITEM-000005682,ORD-00002291,PROD-000263,1,60.67,6.48
ITEM-000005683,ORD-00002292,PROD-000051,5,151.67,28.22
ITEM-000005684,ORD-00002292,PROD-000076,2,192.0,27.82
ITEM-000005685,ORD-00002292,PROD-000044,5,31.7,3.62
ITEM-000005686,ORD-00002292,PROD-000195,3,272.68,12.03
ITEM-000005687,ORD-00002293,PROD-000123,2,211.38,30.45
ITEM-000005688,ORD-00002293,PROD-000145,4,223.58,43.56
ITEM-000005689,ORD-00002293,PROD-000096,3,261.99,34.93
ITEM-000005690,ORD-00002294,PROD-000273,2,164.42,7.4
ITEM-000005691,ORD-00002294,PROD-000134,2,240.79,45.72
ITEM-000005692,ORD-00002294,PROD-000018,2,116.66,1.81
ITEM-000005693,ORD-00002295,PROD-000271,4,142.48,11.56
ITEM-000005694,ORD-00002295,PROD-000192,3,222.13,16.43
ITEM-000005695,ORD-00002295,PROD-000240,4,62.18,11.39
ITEM-000005696,ORD-00002296,PROD-000256,3,26.12,4.16
ITEM-000005697,ORD-00002296,PROD-000206,5,129.81,18.49
ITEM-000005698,ORD-00002296,PROD-000138,3,256.34,48.55
ITEM-000005699,ORD-00002297,PROD-000123,4,211.38,15.67
ITEM-000005700,ORD-00002297,PROD-000242,3,248.42,19.53
ITEM-000005701,ORD-00002297,PROD-000258,4,173.11,33.32
ITEM-000005702,ORD-00002298,PROD-000221,2,68.23,12.36
ITEM-000005703,ORD-00002299,PROD-000041,2,146.19,10.04
ITEM-000005704,ORD-00002299,PROD-000190,1,66.83,7.16
ITEM-000005705,ORD-00002300,PROD-000294,3,268.13,49.62
ITEM-000005706,ORD-00002301,PROD-000261,1,28.24,4.6
ITEM-000005707,ORD-00002301,PROD-000095,4,256.52,30.57
ITEM-000005708,ORD-00002301,PROD-000166,3,161.73,18.62
ITEM-000005709,ORD-00002302,PROD-000155,4,199.69,7.26
ITEM-000005710,ORD-00002302,PROD-000123,1,211.38,19.16
ITEM-000005711,ORD-00002302,PROD-000142,2,42.45,2.03
ITEM-000005712,ORD-00002302,PROD-000061,3,156.43,5.68
ITEM-000005713,ORD-00002303,PROD-000147,1,65.7,13.11
ITEM-000005714,ORD-00002304,PROD-000279,5,88.92,3.48
ITEM-000005715,ORD-00002304,PROD-000081,4,132.7,21.67
ITEM-000005716,ORD-00002304,PROD-000155,3,199.69,35.39
ITEM-000005717,ORD-00002305,PROD-000029,4,254.26,28.81
ITEM-000005718,ORD-00002305,PROD-000113,4,38.45,1.74
ITEM-000005719,ORD-00002306,PROD-000016,5,56.87,7.34
ITEM-000005720,ORD-00002307,PROD-000254,5,59.19,9.73
ITEM-000005721,ORD-00002308,PROD-000073,1,65.08,1.03
ITEM-000005722,ORD-00002308,PROD-000282,4,158.46,2.93
ITEM-000005723,ORD-00002309,PROD-000163,2,87.64,3.67
ITEM-000005724,ORD-00002309,PROD-000144,2,184.59,15.98
ITEM-000005725,ORD-00002309,PROD-000259,4,58.93,3.06
ITEM-000005726,ORD-00002310,PROD-000025,1,124.64,12.39
ITEM-000005727,ORD-00002310,PROD-000084,1,138.49,19.15
ITEM-000005728,ORD-00002310,PROD-000211,3,34.19,5.99
ITEM-000005729,ORD-00002310,PROD-000076,2,192.0,34.75
ITEM-000005730,ORD-00002311,PROD-000232,2,124.85,14.42
ITEM-000005731,ORD-00002311,PROD-000205,3,111.74,9.09
ITEM-000005732,ORD-00002311,PROD-000100,4,199.6,0.14
ITEM-000005733,ORD-00002311,PROD-000143,1,136.71,17.65
ITEM-000005734,ORD-00002312,PROD-000183,2,197.83,32.19
ITEM-000005735,ORD-00002313,PROD-000013,3,89.16,5.8
ITEM-000005736,ORD-00002314,PROD-000019,1,146.76,27.03
ITEM-000005737,ORD-00002315,PROD-000092,2,68.92,0.91
ITEM-000005738,ORD-00002315,PROD-000096,3,261.99,24.27
ITEM-000005739,ORD-00002315,PROD-000100,1,199.6,16.98
ITEM-000005740,ORD-00002315,PROD-000155,2,199.69,38.65
ITEM-000005741,ORD-00002316,PROD-000112,4,194.6,20.59
ITEM-000005742,ORD-00002317,PROD-000254,2,59.19,10.75
ITEM-000005743,ORD-00002318,PROD-000063,2,42.54,3.22
ITEM-000005744,ORD-00002318,PROD-000178,3,192.03,27.24
ITEM-000005745,ORD-00002319,PROD-000091,1,82.4,9.9
ITEM-000005746,ORD-00002319,PROD-000096,5,261.99,38.05
ITEM-000005747,ORD-00002319,PROD-000249,2,45.99,3.16
ITEM-000005748,ORD-00002319,PROD-000192,5,222.13,15.65
ITEM-000005749,ORD-00002320,PROD-000121,2,258.33,8.73
ITEM-000005750,ORD-00002320,PROD-000227,2,231.18,32.33
ITEM-000005751,ORD-00002321,PROD-000268,5,101.37,12.33
ITEM-000005752,ORD-00002321,PROD-000001,3,161.47,11.74
ITEM-000005753,ORD-00002322,PROD-000114,3,178.3,8.04
ITEM-000005754,ORD-00002322,PROD-000117,4,220.67,18.84
ITEM-000005755,ORD-00002322,PROD-000260,3,87.01,16.91
ITEM-000005756,ORD-00002322,PROD-000241,4,199.27,3.65
ITEM-000005757,ORD-00002323,PROD-000283,4,40.56,0.37
ITEM-000005758,ORD-00002324,PROD-000200,5,169.62,16.89
ITEM-000005759,ORD-00002324,PROD-000062,5,155.19,25.05
ITEM-000005760,ORD-00002325,PROD-000196,1,266.04,5.25
ITEM-000005761,ORD-00002325,PROD-000252,1,138.21,4.31
ITEM-000005762,ORD-00002326,PROD-000182,5,262.82,11.68
ITEM-000005763,ORD-00002327,PROD-000046,4,37.28,4.97
ITEM-000005764,ORD-00002327,PROD-000223,3,37.75,4.03
ITEM-000005765,ORD-00002328,PROD-000207,4,264.8,10.61
ITEM-000005766,ORD-00002328,PROD-000227,3,231.18,6.06
ITEM-000005767,ORD-00002328,PROD-000108,2,129.74,25.48
ITEM-000005768,ORD-00002329,PROD-000073,2,65.08,11.97
ITEM-000005769,ORD-00002329,PROD-000261,1,28.24,3.59
ITEM-000005770,ORD-00002330,PROD-000130,2,154.33,10.68
ITEM-000005771,ORD-00002330,PROD-000290,2,96.01,13.77
ITEM-000005772,ORD-00002330,PROD-000095,2,256.52,37.67
ITEM-000005773,ORD-00002331,PROD-000208,1,11.88,0.9
ITEM-000005774,ORD-00002331,PROD-000173,2,253.18,18.82
ITEM-000005775,ORD-00002331,PROD-000026,4,248.15,12.02
ITEM-000005776,ORD-00002332,PROD-000126,1,87.75,15.01
ITEM-000005777,ORD-00002332,PROD-000059,5,24.94,0.28
ITEM-000005778,ORD-00002332,PROD-000204,4,193.75,10.69
ITEM-000005779,ORD-00002332,PROD-000121,1,258.33,25.09
ITEM-000005780,ORD-00002333,PROD-000118,5,182.0,34.57
ITEM-000005781,ORD-00002333,PROD-000063,5,42.54,2.76
ITEM-000005782,ORD-00002333,PROD-000007,1,234.37,10.3
ITEM-000005783,ORD-00002334,PROD-000090,4,115.9,15.32
ITEM-000005784,ORD-00002334,PROD-000261,3,28.24,3.75
ITEM-000005785,ORD-00002334,PROD-000118,5,182.0,30.15
ITEM-000005786,ORD-00002334,PROD-000243,3,179.01,13.82
ITEM-000005787,ORD-00002335,PROD-000142,4,42.45,0.38
ITEM-000005788,ORD-00002335,PROD-000164,3,160.68,18.28
ITEM-000005789,ORD-00002335,PROD-000090,1,115.9,8.54
ITEM-000005790,ORD-00002336,PROD-000138,1,256.34,3.97
ITEM-000005791,ORD-00002336,PROD-000176,3,207.29,17.76
ITEM-000005792,ORD-00002336,PROD-000009,5,38.67,7.22
ITEM-000005793,ORD-00002336,PROD-000047,5,16.68,2.4
ITEM-000005794,ORD-00002337,PROD-000165,4,223.01,24.4
ITEM-000005795,ORD-00002337,PROD-000184,2,133.98,1.61
ITEM-000005796,ORD-00002338,PROD-000071,1,48.6,2.47
ITEM-000005797,ORD-00002339,PROD-000082,1,153.69,2.19
ITEM-000005798,ORD-00002339,PROD-000255,1,36.59,0.99
ITEM-000005799,ORD-00002339,PROD-000046,2,37.28,2.29
ITEM-000005800,ORD-00002339,PROD-000104,5,157.98,7.7
ITEM-000005801,ORD-00002340,PROD-000207,4,264.8,28.17
ITEM-000005802,ORD-00002340,PROD-000233,4,153.78,1.12
ITEM-000005803,ORD-00002340,PROD-000268,4,101.37,4.37
ITEM-000005804,ORD-00002340,PROD-000085,4,65.75,6.45
ITEM-000005805,ORD-00002341,PROD-000119,1,241.98,38.61
ITEM-000005806,ORD-00002341,PROD-000095,2,256.52,22.46
ITEM-000005807,ORD-00002341,PROD-000200,1,169.62,15.62
ITEM-000005808,ORD-00002341,PROD-000174,5,92.99,17.93
ITEM-000005809,ORD-00002342,PROD-000279,4,88.92,6.27
ITEM-000005810,ORD-00002342,PROD-000107,5,9.55,1.72
ITEM-000005811,ORD-00002342,PROD-000159,2,115.09,2.65
ITEM-000005812,ORD-00002342,PROD-000047,4,16.68,1.1
ITEM-000005813,ORD-00002343,PROD-000016,5,56.87,7.64
ITEM-000005814,ORD-00002343,PROD-000297,3,225.62,8.2
ITEM-000005815,ORD-00002344,PROD-000075,1,62.62,1.99
ITEM-000005816,ORD-00002345,PROD-000181,1,155.05,24.02
ITEM-000005817,ORD-00002346,PROD-000194,3,65.76,13.06
ITEM-000005818,ORD-00002346,PROD-000289,4,86.07,13.76
ITEM-000005819,ORD-00002346,PROD-000146,4,200.24,0.28
ITEM-000005820,ORD-00002346,PROD-000026,1,248.15,6.96
ITEM-000005821,ORD-00002347,PROD-000203,3,217.05,13.42
ITEM-000005822,ORD-00002347,PROD-000223,4,37.75,3.03
ITEM-000005823,ORD-00002347,PROD-000294,4,268.13,31.8
ITEM-000005824,ORD-00002347,PROD-000159,1,115.09,9.66
ITEM-000005825,ORD-00002348,PROD-000198,3,196.53,16.77
ITEM-000005826,ORD-00002348,PROD-000018,3,116.66,20.02
ITEM-000005827,ORD-00002349,PROD-000012,4,166.44,8.13
ITEM-000005828,ORD-00002350,PROD-000113,4,38.45,1.53
ITEM-000005829,ORD-00002350,PROD-000198,3,196.53,22.21
ITEM-000005830,ORD-00002350,PROD-000096,4,261.99,23.13
ITEM-000005831,ORD-00002351,PROD-000290,3,96.01,2.64
ITEM-000005832,ORD-00002352,PROD-000115,3,48.49,2.0
ITEM-000005833,ORD-00002352,PROD-000190,5,66.83,6.23
ITEM-000005834,ORD-00002352,PROD-000005,2,162.22,11.94
ITEM-000005835,ORD-00002352,PROD-000057,2,202.38,21.41
ITEM-000005836,ORD-00002353,PROD-000212,2,196.7,16.78
ITEM-000005837,ORD-00002353,PROD-000121,1,258.33,44.09
ITEM-000005838,ORD-00002353,PROD-000149,5,175.39,21.78
ITEM-000005839,ORD-00002353,PROD-000287,5,54.46,8.32
ITEM-000005840,ORD-00002354,PROD-000179,3,215.5,17.84
ITEM-000005841,ORD-00002354,PROD-000223,2,37.75,2.25
ITEM-000005842,ORD-00002354,PROD-000170,3,124.7,21.81
ITEM-000005843,ORD-00002354,PROD-000150,2,213.07,13.1
ITEM-000005844,ORD-00002355,PROD-000038,3,87.71,10.74
ITEM-000005845,ORD-00002355,PROD-000203,5,217.05,40.28
ITEM-000005846,ORD-00002355,PROD-000126,5,87.75,4.26
ITEM-000005847,ORD-00002356,PROD-000142,5,42.45,3.83
ITEM-000005848,ORD-00002356,PROD-000116,5,189.39,33.37
ITEM-000005849,ORD-00002356,PROD-000210,3,24.0,0.08
ITEM-000005850,ORD-00002357,PROD-000075,2,62.62,0.6
ITEM-000005851,ORD-00002357,PROD-000169,5,273.71,23.0
ITEM-000005852,ORD-00002358,PROD-000112,5,194.6,26.04
ITEM-000005853,ORD-00002358,PROD-000273,5,164.42,19.16
ITEM-000005854,ORD-00002358,PROD-000139,1,20.83,1.04
ITEM-000005855,ORD-00002358,PROD-000054,1,6.16,1.23
ITEM-000005856,ORD-00002359,PROD-000067,1,47.96,6.63
ITEM-000005857,ORD-00002359,PROD-000059,4,24.94,3.8
ITEM-000005858,ORD-00002359,PROD-000246,3,42.16,2.54
ITEM-000005859,ORD-00002359,PROD-000266,3,145.38,5.6
ITEM-000005860,ORD-00002360,PROD-000190,3,66.83,6.32
ITEM-000005861,ORD-00002360,PROD-000300,2,90.24,15.51
ITEM-000005862,ORD-00002360,PROD-000065,1,11.5,0.56
ITEM-000005863,ORD-00002360,PROD-000022,3,178.72,9.94
ITEM-000005864,ORD-00002361,PROD-000156,4,108.51,20.16
ITEM-000005865,ORD-00002361,PROD-000076,5,192.0,8.58
ITEM-000005866,ORD-00002361,PROD-000028,1,283.29,8.01
ITEM-000005867,ORD-00002361,PROD-000183,1,197.83,5.4
ITEM-000005868,ORD-00002362,PROD-000105,4,56.39,3.76
ITEM-000005869,ORD-00002363,PROD-000183,5,197.83,27.97
ITEM-000005870,ORD-00002363,PROD-000201,2,154.94,10.25
ITEM-000005871,ORD-00002363,PROD-000173,4,253.18,48.81
ITEM-000005872,ORD-00002363,PROD-000285,4,236.26,45.87
ITEM-000005873,ORD-00002364,PROD-000294,5,268.13,11.71
ITEM-000005874,ORD-00002365,PROD-000134,3,240.79,26.61
ITEM-000005875,ORD-00002366,PROD-000133,3,67.78,5.38
ITEM-000005876,ORD-00002366,PROD-000114,1,178.3,2.58
ITEM-000005877,ORD-00002367,PROD-000025,2,124.64,7.39
ITEM-000005878,ORD-00002367,PROD-000094,2,220.54,36.56
ITEM-000005879,ORD-00002367,PROD-000081,2,132.7,0.89
ITEM-000005880,ORD-00002368,PROD-000100,3,199.6,18.26
ITEM-000005881,ORD-00002368,PROD-000094,3,220.54,17.93
ITEM-000005882,ORD-00002369,PROD-000010,3,265.73,12.33
ITEM-000005883,ORD-00002370,PROD-000297,4,225.62,22.76
ITEM-000005884,ORD-00002370,PROD-000203,5,217.05,36.08
ITEM-000005885,ORD-00002370,PROD-000017,5,59.6,9.43
ITEM-000005886,ORD-00002370,PROD-000161,2,9.57,1.09
ITEM-000005887,ORD-00002371,PROD-000196,5,266.04,51.04
ITEM-000005888,ORD-00002371,PROD-000079,1,158.41,20.49
ITEM-000005889,ORD-00002371,PROD-000250,4,168.52,29.97
ITEM-000005890,ORD-00002372,PROD-000239,3,261.64,9.85
ITEM-000005891,ORD-00002373,PROD-000155,2,199.69,33.61
ITEM-000005892,ORD-00002374,PROD-000080,2,141.46,15.18
ITEM-000005893,ORD-00002375,PROD-000025,2,124.64,4.04
ITEM-000005894,ORD-00002375,PROD-000287,5,54.46,10.29
ITEM-000005895,ORD-00002375,PROD-000217,4,39.78,2.69
ITEM-000005896,ORD-00002376,PROD-000173,2,253.18,10.08
ITEM-000005897,ORD-00002376,PROD-000069,5,294.54,58.56
ITEM-000005898,ORD-00002376,PROD-000120,1,150.5,4.1
ITEM-000005899,ORD-00002376,PROD-000069,3,294.54,23.64
ITEM-000005900,ORD-00002377,PROD-000111,2,8.47,1.49
ITEM-000005901,ORD-00002378,PROD-000012,2,166.44,6.57
ITEM-000005902,ORD-00002378,PROD-000210,4,24.0,2.12
ITEM-000005903,ORD-00002379,PROD-000220,4,23.88,1.74
ITEM-000005904,ORD-00002380,PROD-000225,4,155.38,4.41
ITEM-000005905,ORD-00002381,PROD-000178,3,192.03,9.57
ITEM-000005906,ORD-00002381,PROD-000030,2,45.68,2.54
ITEM-000005907,ORD-00002381,PROD-000190,2,66.83,0.75
ITEM-000005908,ORD-00002381,PROD-000089,2,64.06,9.41
ITEM-000005909,ORD-00002382,PROD-000250,2,168.52,7.92
ITEM-000005910,ORD-00002382,PROD-000111,3,8.47,1.21
ITEM-000005911,ORD-00002382,PROD-000068,1,284.88,7.24
ITEM-000005912,ORD-00002383,PROD-000235,1,121.53,23.01
ITEM-000005913,ORD-00002383,PROD-000298,1,75.81,1.38
ITEM-000005914,ORD-00002383,PROD-000084,2,138.49,18.33
ITEM-000005915,ORD-00002384,PROD-000150,1,213.07,37.55
ITEM-000005916,ORD-00002384,PROD-000030,4,45.68,7.44
ITEM-000005917,ORD-00002385,PROD-000133,5,67.78,6.27
ITEM-000005918,ORD-00002385,PROD-000053,4,113.39,14.56
ITEM-000005919,ORD-00002385,PROD-000254,3,59.19,9.76
ITEM-000005920,ORD-00002385,PROD-000212,1,196.7,24.48
ITEM-000005921,ORD-00002386,PROD-000136,1,57.07,4.41
ITEM-000005922,ORD-00002386,PROD-000278,2,201.25,21.61
ITEM-000005923,ORD-00002387,PROD-000079,4,158.41,19.93
ITEM-000005924,ORD-00002387,PROD-000174,5,92.99,16.22
ITEM-000005925,ORD-00002387,PROD-000033,2,93.06,2.9
ITEM-000005926,ORD-00002387,PROD-000021,5,258.38,40.41
ITEM-000005927,ORD-00002388,PROD-000198,4,196.53,29.8
ITEM-000005928,ORD-00002388,PROD-000145,3,223.58,40.91
ITEM-000005929,ORD-00002388,PROD-000076,2,192.0,18.64
ITEM-000005930,ORD-00002389,PROD-000232,5,124.85,19.21
ITEM-000005931,ORD-00002389,PROD-000040,2,52.71,1.05
ITEM-000005932,ORD-00002390,PROD-000045,1,139.38,3.32
ITEM-000005933,ORD-00002391,PROD-000263,1,60.67,2.86
ITEM-000005934,ORD-00002391,PROD-000178,5,192.03,15.97
ITEM-000005935,ORD-00002391,PROD-000026,1,248.15,22.55
ITEM-000005936,ORD-00002391,PROD-000026,4,248.15,14.46
ITEM-000005937,ORD-00002392,PROD-000116,5,189.39,5.72
ITEM-000005938,ORD-00002393,PROD-000129,3,145.51,5.19
ITEM-000005939,ORD-00002394,PROD-000057,4,202.38,4.13
ITEM-000005940,ORD-00002394,PROD-000090,2,115.9,20.99
ITEM-000005941,ORD-00002394,PROD-000199,3,250.55,12.52
ITEM-000005942,ORD-00002395,PROD-000094,2,220.54,0.95
ITEM-000005943,ORD-00002395,PROD-000149,2,175.39,5.06
ITEM-000005944,ORD-00002395,PROD-000193,2,177.84,13.41
ITEM-000005945,ORD-00002395,PROD-000165,3,223.01,26.36
ITEM-000005946,ORD-00002396,PROD-000099,2,85.82,12.7
ITEM-000005947,ORD-00002396,PROD-000001,5,161.47,26.37
ITEM-000005948,ORD-00002396,PROD-000104,3,157.98,9.3
ITEM-000005949,ORD-00002396,PROD-000227,1,231.18,14.09
ITEM-000005950,ORD-00002397,PROD-000261,5,28.24,3.28
ITEM-000005951,ORD-00002397,PROD-000170,1,124.7,6.76
ITEM-000005952,ORD-00002397,PROD-000011,2,40.55,0.08
ITEM-000005953,ORD-00002397,PROD-000192,5,222.13,30.35
ITEM-000005954,ORD-00002398,PROD-000037,5,237.13,36.33
ITEM-000005955,ORD-00002398,PROD-000161,2,9.57,1.51
ITEM-000005956,ORD-00002398,PROD-000230,4,66.97,3.45
ITEM-000005957,ORD-00002399,PROD-000204,4,193.75,24.59
ITEM-000005958,ORD-00002399,PROD-000108,2,129.74,24.59
ITEM-000005959,ORD-00002400,PROD-000213,2,151.52,8.12
ITEM-000005960,ORD-00002400,PROD-000232,4,124.85,11.84
ITEM-000005961,ORD-00002400,PROD-000088,2,144.7,26.39
ITEM-000005962,ORD-00002401,PROD-000009,4,38.67,0.62
ITEM-000005963,ORD-00002401,PROD-000205,3,111.74,12.13
ITEM-000005964,ORD-00002402,PROD-000069,1,294.54,38.53
ITEM-000005965,ORD-00002402,PROD-000294,2,268.13,8.09
ITEM-000005966,ORD-00002403,PROD-000060,1,175.48,11.32
ITEM-000005967,ORD-00002403,PROD-000211,2,34.19,0.29
ITEM-000005968,ORD-00002403,PROD-000163,3,87.64,13.28
ITEM-000005969,ORD-00002404,PROD-000120,4,150.5,7.36
ITEM-000005970,ORD-00002404,PROD-000079,4,158.41,5.46
ITEM-000005971,ORD-00002404,PROD-000152,2,40.04,0.34
ITEM-000005972,ORD-00002404,PROD-000194,1,65.76,4.41
ITEM-000005973,ORD-00002405,PROD-000264,1,25.07,3.24
ITEM-000005974,ORD-00002405,PROD-000283,3,40.56,0.79
ITEM-000005975,ORD-00002405,PROD-000105,1,56.39,2.52
ITEM-000005976,ORD-00002406,PROD-000023,3,61.71,7.08
ITEM-000005977,ORD-00002407,PROD-000081,1,132.7,21.73
ITEM-000005978,ORD-00002407,PROD-000043,2,44.85,7.63
ITEM-000005979,ORD-00002408,PROD-000089,1,64.06,4.77
ITEM-000005980,ORD-00002409,PROD-000262,1,149.73,21.3
ITEM-000005981,ORD-00002409,PROD-000276,2,96.15,16.72
ITEM-000005982,ORD-00002409,PROD-000279,4,88.92,9.53
ITEM-000005983,ORD-00002410,PROD-000153,1,111.79,2.32
ITEM-000005984,ORD-00002410,PROD-000299,1,233.47,24.79
ITEM-000005985,ORD-00002410,PROD-000135,5,164.35,17.66
ITEM-000005986,ORD-00002410,PROD-000200,3,169.62,33.54
ITEM-000005987,ORD-00002411,PROD-000001,1,161.47,25.66
ITEM-000005988,ORD-00002411,PROD-000091,5,82.4,15.29
ITEM-000005989,ORD-00002412,PROD-000227,5,231.18,22.21
ITEM-000005990,ORD-00002412,PROD-000161,5,9.57,0.63
ITEM-000005991,ORD-00002412,PROD-000199,4,250.55,14.12
ITEM-000005992,ORD-00002412,PROD-000205,3,111.74,17.32
ITEM-000005993,ORD-00002413,PROD-000223,2,37.75,1.64
ITEM-000005994,ORD-00002414,PROD-000058,5,86.29,2.43
ITEM-000005995,ORD-00002414,PROD-000224,2,108.39,3.88
ITEM-000005996,ORD-00002415,PROD-000094,1,220.54,13.48
ITEM-000005997,ORD-00002415,PROD-000033,1,93.06,5.29
ITEM-000005998,ORD-00002416,PROD-000273,2,164.42,26.17
ITEM-000005999,ORD-00002416,PROD-000058,3,86.29,12.65
ITEM-000006000,ORD-00002416,PROD-000262,5,149.73,23.13
ITEM-000006001,ORD-00002417,PROD-000047,4,16.68,2.88
ITEM-000006002,ORD-00002418,PROD-000079,4,158.41,18.63
ITEM-000006003,ORD-00002418,PROD-000143,5,136.71,18.88
ITEM-000006004,ORD-00002418,PROD-000050,2,41.26,4.24
ITEM-000006005,ORD-00002418,PROD-000102,1,242.49,35.66
ITEM-000006006,ORD-00002419,PROD-000030,2,45.68,8.0
ITEM-000006007,ORD-00002420,PROD-000210,1,24.0,3.54
ITEM-000006008,ORD-00002420,PROD-000087,1,82.01,1.02
ITEM-000006009,ORD-00002420,PROD-000179,2,215.5,32.24
ITEM-000006010,ORD-00002420,PROD-000277,3,89.29,3.45
ITEM-000006011,ORD-00002421,PROD-000097,1,186.58,0.14
ITEM-000006012,ORD-00002421,PROD-000024,3,195.99,31.74
ITEM-000006013,ORD-00002421,PROD-000139,2,20.83,3.69
ITEM-000006014,ORD-00002421,PROD-000121,5,258.33,36.67
ITEM-000006015,ORD-00002422,PROD-000284,2,47.52,8.79
ITEM-000006016,ORD-00002422,PROD-000088,5,144.7,22.21
ITEM-000006017,ORD-00002422,PROD-000032,1,114.8,10.36
ITEM-000006018,ORD-00002423,PROD-000084,4,138.49,20.95
ITEM-000006019,ORD-00002423,PROD-000125,2,191.28,6.78
ITEM-000006020,ORD-00002423,PROD-000285,2,236.26,41.68
ITEM-000006021,ORD-00002423,PROD-000257,5,285.25,50.94
ITEM-000006022,ORD-00002424,PROD-000110,4,230.22,18.76
ITEM-000006023,ORD-00002424,PROD-000043,5,44.85,3.02
ITEM-000006024,ORD-00002425,PROD-000278,4,201.25,7.13
ITEM-000006025,ORD-00002426,PROD-000054,2,6.16,0.53
ITEM-000006026,ORD-00002426,PROD-000157,1,15.55,0.0
ITEM-000006027,ORD-00002426,PROD-000039,2,21.15,0.66
ITEM-000006028,ORD-00002426,PROD-000259,2,58.93,2.37
ITEM-000006029,ORD-00002427,PROD-000079,1,158.41,21.32
ITEM-000006030,ORD-00002427,PROD-000261,2,28.24,1.97
ITEM-000006031,ORD-00002428,PROD-000237,5,214.52,31.25
ITEM-000006032,ORD-00002428,PROD-000033,5,93.06,8.88
ITEM-000006033,ORD-00002429,PROD-000208,4,11.88,1.17
ITEM-000006034,ORD-00002430,PROD-000023,4,61.71,9.32
ITEM-000006035,ORD-00002431,PROD-000298,2,75.81,0.1
ITEM-000006036,ORD-00002431,PROD-000276,5,96.15,1.93
ITEM-000006037,ORD-00002431,PROD-000137,2,34.68,5.34
ITEM-000006038,ORD-00002432,PROD-000240,5,62.18,5.53
ITEM-000006039,ORD-00002432,PROD-000210,1,24.0,2.21
ITEM-000006040,ORD-00002433,PROD-000181,5,155.05,12.99
ITEM-000006041,ORD-00002434,PROD-000278,3,201.25,14.09
ITEM-000006042,ORD-00002434,PROD-000255,2,36.59,5.37
ITEM-000006043,ORD-00002435,PROD-000078,4,104.84,7.9
ITEM-000006044,ORD-00002436,PROD-000274,4,105.23,16.07
ITEM-000006045,ORD-00002436,PROD-000182,5,262.82,43.6
ITEM-000006046,ORD-00002436,PROD-000071,3,48.6,4.36
ITEM-000006047,ORD-00002436,PROD-000158,5,51.52,5.23
ITEM-000006048,ORD-00002437,PROD-000176,3,207.29,9.27
ITEM-000006049,ORD-00002437,PROD-000140,4,113.52,14.26
ITEM-000006050,ORD-00002438,PROD-000228,3,119.68,21.22
ITEM-000006051,ORD-00002439,PROD-000228,3,119.68,15.02
ITEM-000006052,ORD-00002440,PROD-000211,4,34.19,4.04
ITEM-000006053,ORD-00002440,PROD-000156,1,108.51,16.59
ITEM-000006054,ORD-00002441,PROD-000249,1,45.99,5.17
ITEM-000006055,ORD-00002441,PROD-000284,5,47.52,4.35
ITEM-000006056,ORD-00002441,PROD-000255,3,36.59,4.09
ITEM-000006057,ORD-00002441,PROD-000293,3,32.6,2.64
ITEM-000006058,ORD-00002442,PROD-000261,2,28.24,4.53
ITEM-000006059,ORD-00002443,PROD-000058,4,86.29,7.97
ITEM-000006060,ORD-00002443,PROD-000148,4,173.72,18.03
ITEM-000006061,ORD-00002443,PROD-000176,2,207.29,16.53
ITEM-000006062,ORD-00002444,PROD-000195,3,272.68,42.34
ITEM-000006063,ORD-00002445,PROD-000136,3,57.07,3.61
ITEM-000006064,ORD-00002446,PROD-000264,4,25.07,4.39
ITEM-000006065,ORD-00002446,PROD-000168,2,145.2,3.43
ITEM-000006066,ORD-00002447,PROD-000084,4,138.49,3.87
ITEM-000006067,ORD-00002448,PROD-000021,4,258.38,20.68
ITEM-000006068,ORD-00002448,PROD-000284,5,47.52,8.57
ITEM-000006069,ORD-00002448,PROD-000010,5,265.73,9.52
ITEM-000006070,ORD-00002448,PROD-000274,3,105.23,7.55
ITEM-000006071,ORD-00002449,PROD-000114,1,178.3,19.84
ITEM-000006072,ORD-00002450,PROD-000022,3,178.72,17.25
ITEM-000006073,ORD-00002450,PROD-000277,5,89.29,4.23
ITEM-000006074,ORD-00002451,PROD-000135,1,164.35,18.19
ITEM-000006075,ORD-00002451,PROD-000213,2,151.52,0.44
ITEM-000006076,ORD-00002451,PROD-000229,3,175.01,32.03
ITEM-000006077,ORD-00002451,PROD-000025,1,124.64,5.31
ITEM-000006078,ORD-00002452,PROD-000200,4,169.62,3.45
ITEM-000006079,ORD-00002452,PROD-000183,2,197.83,0.68
ITEM-000006080,ORD-00002452,PROD-000184,4,133.98,7.85
ITEM-000006081,ORD-00002453,PROD-000290,2,96.01,15.85
ITEM-000006082,ORD-00002453,PROD-000278,3,201.25,17.39
ITEM-000006083,ORD-00002453,PROD-000292,1,123.71,12.44
ITEM-000006084,ORD-00002454,PROD-000010,1,265.73,28.21
ITEM-000006085,ORD-00002454,PROD-000083,4,56.68,9.96
ITEM-000006086,ORD-00002454,PROD-000018,1,116.66,2.64
ITEM-000006087,ORD-00002454,PROD-000105,4,56.39,4.2
ITEM-000006088,ORD-00002455,PROD-000025,2,124.64,6.77
ITEM-000006089,ORD-00002456,PROD-000156,3,108.51,2.85
ITEM-000006090,ORD-00002456,PROD-000023,4,61.71,5.97
ITEM-000006091,ORD-00002456,PROD-000176,4,207.29,23.16
ITEM-000006092,ORD-00002457,PROD-000192,2,222.13,13.37
ITEM-000006093,ORD-00002457,PROD-000020,4,193.41,5.48
ITEM-000006094,ORD-00002457,PROD-000065,1,11.5,0.74
ITEM-000006095,ORD-00002457,PROD-000177,5,110.22,13.17
ITEM-000006096,ORD-00002458,PROD-000071,3,48.6,9.06
ITEM-000006097,ORD-00002458,PROD-000092,2,68.92,12.94
ITEM-000006098,ORD-00002458,PROD-000093,1,178.93,21.79
ITEM-000006099,ORD-00002458,PROD-000170,2,124.7,5.37
ITEM-000006100,ORD-00002459,PROD-000226,1,148.45,7.68
ITEM-000006101,ORD-00002459,PROD-000158,4,51.52,9.28
ITEM-000006102,ORD-00002459,PROD-000156,5,108.51,6.26
ITEM-000006103,ORD-00002460,PROD-000191,5,254.19,11.33
ITEM-000006104,ORD-00002460,PROD-000224,3,108.39,3.7
ITEM-000006105,ORD-00002460,PROD-000119,5,241.98,10.9
ITEM-000006106,ORD-00002461,PROD-000251,1,149.42,28.97
ITEM-000006107,ORD-00002462,PROD-000171,3,85.33,3.72
ITEM-000006108,ORD-00002462,PROD-000086,5,126.38,1.42
ITEM-000006109,ORD-00002462,PROD-000128,4,144.64,3.69
ITEM-000006110,ORD-00002463,PROD-000047,1,16.68,3.1
ITEM-000006111,ORD-00002463,PROD-000242,2,248.42,45.87
ITEM-000006112,ORD-00002464,PROD-000238,4,67.16,2.11
ITEM-000006113,ORD-00002464,PROD-000139,5,20.83,2.68
ITEM-000006114,ORD-00002465,PROD-000178,5,192.03,12.33
ITEM-000006115,ORD-00002465,PROD-000165,5,223.01,14.48
ITEM-000006116,ORD-00002466,PROD-000300,3,90.24,3.07
ITEM-000006117,ORD-00002466,PROD-000178,2,192.03,27.38
ITEM-000006118,ORD-00002467,PROD-000052,4,197.07,4.56
ITEM-000006119,ORD-00002467,PROD-000258,3,173.11,16.94
ITEM-000006120,ORD-00002467,PROD-000044,4,31.7,0.42
ITEM-000006121,ORD-00002468,PROD-000027,5,268.28,45.7
ITEM-000006122,ORD-00002468,PROD-000025,3,124.64,7.69
ITEM-000006123,ORD-00002468,PROD-000048,3,239.02,21.43
ITEM-000006124,ORD-00002469,PROD-000138,4,256.34,11.81
ITEM-000006125,ORD-00002469,PROD-000188,2,170.88,12.19
ITEM-000006126,ORD-00002469,PROD-000073,3,65.08,5.71
ITEM-000006127,ORD-00002470,PROD-000058,4,86.29,2.06
ITEM-000006128,ORD-00002470,PROD-000298,3,75.81,10.65
ITEM-000006129,ORD-00002470,PROD-000293,4,32.6,1.3
ITEM-000006130,ORD-00002471,PROD-000105,1,56.39,3.76
ITEM-000006131,ORD-00002471,PROD-000251,5,149.42,15.97
ITEM-000006132,ORD-00002471,PROD-000114,2,178.3,4.45
ITEM-000006133,ORD-00002472,PROD-000216,1,179.85,31.43
ITEM-000006134,ORD-00002472,PROD-000036,2,46.08,2.21
ITEM-000006135,ORD-00002473,PROD-000219,1,170.99,17.54
ITEM-000006136,ORD-00002473,PROD-000260,5,87.01,15.48
ITEM-000006137,ORD-00002474,PROD-000181,2,155.05,14.88
ITEM-000006138,ORD-00002475,PROD-000101,1,132.99,7.59
ITEM-000006139,ORD-00002475,PROD-000285,4,236.26,8.69
ITEM-000006140,ORD-00002475,PROD-000033,3,93.06,3.38
ITEM-000006141,ORD-00002475,PROD-000228,3,119.68,9.78
ITEM-000006142,ORD-00002476,PROD-000168,2,145.2,14.02
ITEM-000006143,ORD-00002476,PROD-000263,1,60.67,1.23
ITEM-000006144,ORD-00002477,PROD-000183,4,197.83,27.12
ITEM-000006145,ORD-00002478,PROD-000150,3,213.07,37.05
ITEM-000006146,ORD-00002478,PROD-000255,1,36.59,5.38
ITEM-000006147,ORD-00002479,PROD-000194,2,65.76,7.79
ITEM-000006148,ORD-00002479,PROD-000204,5,193.75,36.12
ITEM-000006149,ORD-00002479,PROD-000159,2,115.09,4.83
ITEM-000006150,ORD-00002479,PROD-000203,2,217.05,25.51
ITEM-000006151,ORD-00002480,PROD-000193,4,177.84,9.32
ITEM-000006152,ORD-00002480,PROD-000175,1,285.03,34.75
ITEM-000006153,ORD-00002480,PROD-000295,5,19.6,3.1
ITEM-000006154,ORD-00002481,PROD-000058,1,86.29,9.19
ITEM-000006155,ORD-00002482,PROD-000246,2,42.16,4.87
ITEM-000006156,ORD-00002482,PROD-000273,2,164.42,27.38
ITEM-000006157,ORD-00002482,PROD-000175,2,285.03,5.43
ITEM-000006158,ORD-00002483,PROD-000277,5,89.29,7.31
ITEM-000006159,ORD-00002484,PROD-000148,2,173.72,22.6
ITEM-000006160,ORD-00002484,PROD-000200,3,169.62,24.97
ITEM-000006161,ORD-00002484,PROD-000264,5,25.07,1.49
ITEM-000006162,ORD-00002485,PROD-000299,3,233.47,20.45
ITEM-000006163,ORD-00002485,PROD-000288,3,13.25,2.18
ITEM-000006164,ORD-00002485,PROD-000252,3,138.21,17.56
ITEM-000006165,ORD-00002485,PROD-000293,3,32.6,4.92
ITEM-000006166,ORD-00002486,PROD-000266,1,145.38,24.5
ITEM-000006167,ORD-00002486,PROD-000027,2,268.28,7.7
ITEM-000006168,ORD-00002487,PROD-000299,4,233.47,34.14
ITEM-000006169,ORD-00002487,PROD-000038,2,87.71,5.25
ITEM-000006170,ORD-00002487,PROD-000277,2,89.29,11.42
ITEM-000006171,ORD-00002487,PROD-000232,1,124.85,11.54
ITEM-000006172,ORD-00002488,PROD-000298,5,75.81,4.54
ITEM-000006173,ORD-00002488,PROD-000135,3,164.35,26.65
ITEM-000006174,ORD-00002488,PROD-000137,2,34.68,2.95
ITEM-000006175,ORD-00002489,PROD-000268,4,101.37,19.91
ITEM-000006176,ORD-00002489,PROD-000054,1,6.16,0.22
ITEM-000006177,ORD-00002490,PROD-000016,2,56.87,6.01
ITEM-000006178,ORD-00002490,PROD-000175,4,285.03,48.39
ITEM-000006179,ORD-00002491,PROD-000042,5,20.87,1.03
ITEM-000006180,ORD-00002492,PROD-000276,1,96.15,5.29
ITEM-000006181,ORD-00002492,PROD-000173,5,253.18,0.58
ITEM-000006182,ORD-00002492,PROD-000012,5,166.44,21.86
ITEM-000006183,ORD-00002492,PROD-000294,2,268.13,44.69
ITEM-000006184,ORD-00002493,PROD-000240,5,62.18,0.58
ITEM-000006185,ORD-00002493,PROD-000162,2,263.26,29.5
ITEM-000006186,ORD-00002493,PROD-000218,4,184.34,21.58
ITEM-000006187,ORD-00002493,PROD-000114,3,178.3,3.19
ITEM-000006188,ORD-00002494,PROD-000259,5,58.93,8.85
ITEM-000006189,ORD-00002494,PROD-000238,1,67.16,10.33
ITEM-000006190,ORD-00002494,PROD-000164,2,160.68,4.07
ITEM-000006191,ORD-00002495,PROD-000011,1,40.55,0.99
ITEM-000006192,ORD-00002495,PROD-000124,5,85.6,1.37
ITEM-000006193,ORD-00002495,PROD-000128,5,144.64,3.63
ITEM-000006194,ORD-00002495,PROD-000294,4,268.13,16.48
ITEM-000006195,ORD-00002496,PROD-000179,1,215.5,10.49
ITEM-000006196,ORD-00002496,PROD-000219,1,170.99,19.63
ITEM-000006197,ORD-00002496,PROD-000272,3,241.9,39.98
ITEM-000006198,ORD-00002497,PROD-000258,1,173.11,1.48
ITEM-000006199,ORD-00002498,PROD-000032,2,114.8,6.87
ITEM-000006200,ORD-00002498,PROD-000237,2,214.52,17.18
ITEM-000006201,ORD-00002498,PROD-000176,5,207.29,20.57
ITEM-000006202,ORD-00002499,PROD-000206,2,129.81,23.76
ITEM-000006203,ORD-00002499,PROD-000041,2,146.19,20.18
ITEM-000006204,ORD-00002499,PROD-000261,5,28.24,2.26
ITEM-000006205,ORD-00002499,PROD-000126,2,87.75,6.2
ITEM-000006206,ORD-00002500,PROD-000004,3,61.96,6.75
ITEM-000006207,ORD-00002501,PROD-000047,3,16.68,2.11
ITEM-000006208,ORD-00002501,PROD-000150,4,213.07,28.37
ITEM-000006209,ORD-00002501,PROD-000045,3,139.38,23.99
ITEM-000006210,ORD-00002501,PROD-000193,2,177.84,20.8
ITEM-000006211,ORD-00002502,PROD-000183,3,197.83,31.25
ITEM-000006212,ORD-00002502,PROD-000060,1,175.48,13.33
ITEM-000006213,ORD-00002503,PROD-000202,5,170.28,1.45
ITEM-000006214,ORD-00002503,PROD-000069,5,294.54,53.67
ITEM-000006215,ORD-00002504,PROD-000249,2,45.99,4.2
ITEM-000006216,ORD-00002504,PROD-000082,5,153.69,18.27
ITEM-000006217,ORD-00002504,PROD-000194,4,65.76,0.06
ITEM-000006218,ORD-00002504,PROD-000128,3,144.64,5.12
ITEM-000006219,ORD-00002505,PROD-000194,3,65.76,3.37
ITEM-000006220,ORD-00002506,PROD-000040,1,52.71,9.42
ITEM-000006221,ORD-00002506,PROD-000237,3,214.52,27.23
ITEM-000006222,ORD-00002506,PROD-000105,3,56.39,6.04
ITEM-000006223,ORD-00002506,PROD-000154,4,128.85,21.34
ITEM-000006224,ORD-00002507,PROD-000192,1,222.13,1.66
ITEM-000006225,ORD-00002508,PROD-000070,4,170.09,33.34
ITEM-000006226,ORD-00002509,PROD-000136,2,57.07,5.55
ITEM-000006227,ORD-00002510,PROD-000217,2,39.78,7.43
ITEM-000006228,ORD-00002510,PROD-000261,1,28.24,1.49
ITEM-000006229,ORD-00002511,PROD-000139,4,20.83,0.48
ITEM-000006230,ORD-00002511,PROD-000297,2,225.62,26.71
ITEM-000006231,ORD-00002511,PROD-000109,1,82.03,9.44
ITEM-000006232,ORD-00002512,PROD-000215,4,145.42,11.7
ITEM-000006233,ORD-00002513,PROD-000292,2,123.71,4.28
ITEM-000006234,ORD-00002514,PROD-000261,4,28.24,4.32
ITEM-000006235,ORD-00002514,PROD-000164,3,160.68,3.6
ITEM-000006236,ORD-00002514,PROD-000122,3,174.47,18.76
ITEM-000006237,ORD-00002515,PROD-000070,4,170.09,4.19
ITEM-000006238,ORD-00002515,PROD-000137,2,34.68,0.15
ITEM-000006239,ORD-00002515,PROD-000218,5,184.34,35.39
ITEM-000006240,ORD-00002515,PROD-000062,1,155.19,23.51
ITEM-000006241,ORD-00002516,PROD-000018,2,116.66,7.12
ITEM-000006242,ORD-00002516,PROD-000107,5,9.55,0.96
ITEM-000006243,ORD-00002516,PROD-000268,1,101.37,10.28
ITEM-000006244,ORD-00002517,PROD-000281,4,205.29,18.2
ITEM-000006245,ORD-00002517,PROD-000184,5,133.98,5.96
ITEM-000006246,ORD-00002518,PROD-000110,4,230.22,13.07
ITEM-000006247,ORD-00002518,PROD-000244,4,54.61,0.15
ITEM-000006248,ORD-00002519,PROD-000049,2,162.37,23.3
ITEM-000006249,ORD-00002519,PROD-000007,5,234.37,42.8
ITEM-000006250,ORD-00002519,PROD-000179,2,215.5,22.1
ITEM-000006251,ORD-00002520,PROD-000012,2,166.44,18.14
ITEM-000006252,ORD-00002520,PROD-000203,2,217.05,15.14
ITEM-000006253,ORD-00002520,PROD-000086,1,126.38,23.35
ITEM-000006254,ORD-00002520,PROD-000035,2,17.96,3.1
ITEM-000006255,ORD-00002521,PROD-000044,5,31.7,0.22
ITEM-000006256,ORD-00002521,PROD-000183,4,197.83,18.27
ITEM-000006257,ORD-00002522,PROD-000138,3,256.34,3.4
ITEM-000006258,ORD-00002523,PROD-000254,5,59.19,9.93
ITEM-000006259,ORD-00002524,PROD-000052,5,197.07,8.48
ITEM-000006260,ORD-00002524,PROD-000139,3,20.83,4.16
ITEM-000006261,ORD-00002524,PROD-000123,5,211.38,27.19
ITEM-000006262,ORD-00002525,PROD-000248,5,206.76,12.8
ITEM-000006263,ORD-00002526,PROD-000074,3,214.62,23.35
ITEM-000006264,ORD-00002526,PROD-000239,1,261.64,30.74
ITEM-000006265,ORD-00002527,PROD-000078,4,104.84,20.61
ITEM-000006266,ORD-00002527,PROD-000295,4,19.6,0.8
ITEM-000006267,ORD-00002527,PROD-000091,3,82.4,1.29
ITEM-000006268,ORD-00002527,PROD-000254,3,59.19,9.39
ITEM-000006269,ORD-00002528,PROD-000149,1,175.39,9.3
ITEM-000006270,ORD-00002528,PROD-000110,2,230.22,19.3
ITEM-000006271,ORD-00002529,PROD-000274,5,105.23,1.09
ITEM-000006272,ORD-00002530,PROD-000157,4,15.55,1.64
ITEM-000006273,ORD-00002530,PROD-000051,4,151.67,6.53
ITEM-000006274,ORD-00002531,PROD-000007,2,234.37,25.6
ITEM-000006275,ORD-00002531,PROD-000230,2,66.97,0.75
ITEM-000006276,ORD-00002531,PROD-000078,1,104.84,0.67
ITEM-000006277,ORD-00002531,PROD-000172,2,183.04,14.31
ITEM-000006278,ORD-00002532,PROD-000070,1,170.09,19.43
ITEM-000006279,ORD-00002532,PROD-000101,4,132.99,25.49
ITEM-000006280,ORD-00002532,PROD-000299,1,233.47,0.47
ITEM-000006281,ORD-00002532,PROD-000239,4,261.64,31.65
ITEM-000006282,ORD-00002533,PROD-000031,1,215.03,21.29
ITEM-000006283,ORD-00002534,PROD-000171,5,85.33,16.48
ITEM-000006284,ORD-00002534,PROD-000014,4,250.44,10.83
ITEM-000006285,ORD-00002535,PROD-000046,2,37.28,5.61
ITEM-000006286,ORD-00002535,PROD-000018,4,116.66,4.01
ITEM-000006287,ORD-00002535,PROD-000048,1,239.02,9.76
ITEM-000006288,ORD-00002535,PROD-000195,5,272.68,2.25
ITEM-000006289,ORD-00002536,PROD-000039,4,21.15,2.1
ITEM-000006290,ORD-00002536,PROD-000096,1,261.99,1.31
ITEM-000006291,ORD-00002536,PROD-000130,3,154.33,26.86
ITEM-000006292,ORD-00002536,PROD-000144,4,184.59,29.25
ITEM-000006293,ORD-00002537,PROD-000057,5,202.38,6.77
ITEM-000006294,ORD-00002537,PROD-000036,4,46.08,7.69
ITEM-000006295,ORD-00002537,PROD-000233,3,153.78,9.42
ITEM-000006296,ORD-00002537,PROD-000209,1,179.59,35.32
ITEM-000006297,ORD-00002538,PROD-000116,3,189.39,11.1
ITEM-000006298,ORD-00002538,PROD-000068,2,284.88,20.54
ITEM-000006299,ORD-00002539,PROD-000204,1,193.75,5.58
ITEM-000006300,ORD-00002540,PROD-000110,5,230.22,12.43
ITEM-000006301,ORD-00002540,PROD-000043,2,44.85,8.56
ITEM-000006302,ORD-00002541,PROD-000299,3,233.47,14.25
ITEM-000006303,ORD-00002542,PROD-000243,2,179.01,13.46
ITEM-000006304,ORD-00002542,PROD-000012,2,166.44,22.45
ITEM-000006305,ORD-00002542,PROD-000216,3,179.85,11.36
ITEM-000006306,ORD-00002542,PROD-000116,2,189.39,17.81
ITEM-000006307,ORD-00002543,PROD-000239,5,261.64,42.82
ITEM-000006308,ORD-00002544,PROD-000069,3,294.54,55.85
ITEM-000006309,ORD-00002545,PROD-000300,5,90.24,6.33
ITEM-000006310,ORD-00002545,PROD-000196,1,266.04,6.99
ITEM-000006311,ORD-00002545,PROD-000055,5,139.15,18.57
ITEM-000006312,ORD-00002546,PROD-000275,5,143.99,26.56
ITEM-000006313,ORD-00002546,PROD-000047,2,16.68,2.69
ITEM-000006314,ORD-00002546,PROD-000277,4,89.29,17.74
ITEM-000006315,ORD-00002547,PROD-000275,4,143.99,7.35
ITEM-000006316,ORD-00002547,PROD-000285,4,236.26,37.38
ITEM-000006317,ORD-00002547,PROD-000264,4,25.07,0.64
ITEM-000006318,ORD-00002548,PROD-000195,1,272.68,49.51
ITEM-000006319,ORD-00002548,PROD-000257,5,285.25,15.36
ITEM-000006320,ORD-00002548,PROD-000234,3,86.25,0.41
ITEM-000006321,ORD-00002548,PROD-000119,4,241.98,39.73
ITEM-000006322,ORD-00002549,PROD-000290,1,96.01,10.98
ITEM-000006323,ORD-00002550,PROD-000150,5,213.07,36.07
ITEM-000006324,ORD-00002550,PROD-000067,1,47.96,4.19
ITEM-000006325,ORD-00002550,PROD-000023,1,61.71,4.98
ITEM-000006326,ORD-00002550,PROD-000271,2,142.48,11.2
ITEM-000006327,ORD-00002551,PROD-000102,3,242.49,47.51
ITEM-000006328,ORD-00002551,PROD-000143,5,136.71,7.36
ITEM-000006329,ORD-00002552,PROD-000139,4,20.83,3.93
ITEM-000006330,ORD-00002552,PROD-000021,5,258.38,8.15
ITEM-000006331,ORD-00002552,PROD-000115,5,48.49,9.36
ITEM-000006332,ORD-00002552,PROD-000211,3,34.19,1.88
ITEM-000006333,ORD-00002553,PROD-000076,1,192.0,6.46
ITEM-000006334,ORD-00002553,PROD-000086,2,126.38,18.79
ITEM-000006335,ORD-00002554,PROD-000076,1,192.0,13.8
ITEM-000006336,ORD-00002554,PROD-000169,1,273.71,48.1
ITEM-000006337,ORD-00002554,PROD-000112,1,194.6,2.37
ITEM-000006338,ORD-00002554,PROD-000010,5,265.73,27.58
ITEM-000006339,ORD-00002555,PROD-000150,4,213.07,19.32
ITEM-000006340,ORD-00002555,PROD-000057,5,202.38,0.2
ITEM-000006341,ORD-00002556,PROD-000063,3,42.54,1.01
ITEM-000006342,ORD-00002557,PROD-000012,5,166.44,31.79
ITEM-000006343,ORD-00002558,PROD-000197,5,142.58,21.47
ITEM-000006344,ORD-00002559,PROD-000121,2,258.33,35.42
ITEM-000006345,ORD-00002559,PROD-000104,4,157.98,23.45
ITEM-000006346,ORD-00002560,PROD-000023,4,61.71,0.11
ITEM-000006347,ORD-00002560,PROD-000173,3,253.18,27.51
ITEM-000006348,ORD-00002560,PROD-000043,5,44.85,3.81
ITEM-000006349,ORD-00002560,PROD-000133,4,67.78,3.32
ITEM-000006350,ORD-00002561,PROD-000012,5,166.44,27.16
ITEM-000006351,ORD-00002562,PROD-000113,2,38.45,3.34
ITEM-000006352,ORD-00002562,PROD-000050,2,41.26,7.86
ITEM-000006353,ORD-00002562,PROD-000043,1,44.85,4.69
ITEM-000006354,ORD-00002563,PROD-000163,1,87.64,11.61
ITEM-000006355,ORD-00002564,PROD-000133,3,67.78,6.79
ITEM-000006356,ORD-00002564,PROD-000294,3,268.13,8.05
ITEM-000006357,ORD-00002564,PROD-000010,2,265.73,33.8
ITEM-000006358,ORD-00002565,PROD-000036,3,46.08,1.88
ITEM-000006359,ORD-00002566,PROD-000143,4,136.71,11.24
ITEM-000006360,ORD-00002566,PROD-000229,3,175.01,13.13
ITEM-000006361,ORD-00002567,PROD-000146,5,200.24,35.67
ITEM-000006362,ORD-00002567,PROD-000140,4,113.52,9.81
ITEM-000006363,ORD-00002567,PROD-000076,1,192.0,3.67
ITEM-000006364,ORD-00002568,PROD-000137,1,34.68,5.62
ITEM-000006365,ORD-00002568,PROD-000277,1,89.29,12.3
ITEM-000006366,ORD-00002569,PROD-000071,2,48.6,4.99
ITEM-000006367,ORD-00002569,PROD-000148,1,173.72,5.19
ITEM-000006368,ORD-00002570,PROD-000073,1,65.08,6.91
ITEM-000006369,ORD-00002570,PROD-000257,1,285.25,28.35
ITEM-000006370,ORD-00002570,PROD-000167,2,71.98,6.73
ITEM-000006371,ORD-00002570,PROD-000184,2,133.98,11.03
ITEM-000006372,ORD-00002571,PROD-000114,3,178.3,35.51
ITEM-000006373,ORD-00002571,PROD-000009,1,38.67,2.28
ITEM-000006374,ORD-00002572,PROD-000049,5,162.37,30.86
ITEM-000006375,ORD-00002572,PROD-000283,3,40.56,0.87
ITEM-000006376,ORD-00002573,PROD-000215,1,145.42,18.27
ITEM-000006377,ORD-00002574,PROD-000178,5,192.03,0.69
ITEM-000006378,ORD-00002574,PROD-000204,1,193.75,34.23
ITEM-000006379,ORD-00002574,PROD-000032,4,114.8,13.81
ITEM-000006380,ORD-00002575,PROD-000029,3,254.26,21.69
ITEM-000006381,ORD-00002575,PROD-000013,1,89.16,1.52
ITEM-000006382,ORD-00002576,PROD-000268,2,101.37,9.29
ITEM-000006383,ORD-00002576,PROD-000016,1,56.87,8.23
ITEM-000006384,ORD-00002577,PROD-000103,2,155.54,17.66
ITEM-000006385,ORD-00002577,PROD-000219,1,170.99,12.0
ITEM-000006386,ORD-00002578,PROD-000016,3,56.87,10.77
ITEM-000006387,ORD-00002578,PROD-000192,1,222.13,22.11
ITEM-000006388,ORD-00002579,PROD-000223,3,37.75,1.69
ITEM-000006389,ORD-00002579,PROD-000133,3,67.78,5.18
ITEM-000006390,ORD-00002579,PROD-000024,3,195.99,25.68
ITEM-000006391,ORD-00002579,PROD-000074,4,214.62,17.98
ITEM-000006392,ORD-00002580,PROD-000154,4,128.85,21.27
ITEM-000006393,ORD-00002580,PROD-000013,1,89.16,11.09
ITEM-000006394,ORD-00002581,PROD-000122,1,174.47,12.77
ITEM-000006395,ORD-00002581,PROD-000105,3,56.39,5.55
ITEM-000006396,ORD-00002581,PROD-000077,3,105.6,4.96
ITEM-000006397,ORD-00002582,PROD-000043,4,44.85,8.96
ITEM-000006398,ORD-00002582,PROD-000274,2,105.23,3.43
ITEM-000006399,ORD-00002582,PROD-000163,1,87.64,13.14
ITEM-000006400,ORD-00002582,PROD-000065,4,11.5,1.54
ITEM-000006401,ORD-00002583,PROD-000202,4,170.28,33.61
ITEM-000006402,ORD-00002583,PROD-000261,4,28.24,4.79
ITEM-000006403,ORD-00002584,PROD-000180,4,175.36,33.41
ITEM-000006404,ORD-00002584,PROD-000067,3,47.96,9.43
ITEM-000006405,ORD-00002584,PROD-000227,4,231.18,39.41
ITEM-000006406,ORD-00002584,PROD-000227,5,231.18,39.59
ITEM-000006407,ORD-00002585,PROD-000151,4,206.31,19.27
ITEM-000006408,ORD-00002585,PROD-000042,2,20.87,2.41
ITEM-000006409,ORD-00002585,PROD-000107,3,9.55,0.03
ITEM-000006410,ORD-00002586,PROD-000056,5,207.38,12.58
ITEM-000006411,ORD-00002586,PROD-000290,4,96.01,19.08
ITEM-000006412,ORD-00002586,PROD-000075,2,62.62,2.95
ITEM-000006413,ORD-00002586,PROD-000140,2,113.52,6.98
ITEM-000006414,ORD-00002587,PROD-000215,4,145.42,15.93
ITEM-000006415,ORD-00002587,PROD-000057,2,202.38,3.52
ITEM-000006416,ORD-00002587,PROD-000222,3,173.52,20.98
ITEM-000006417,ORD-00002588,PROD-000084,3,138.49,7.11
ITEM-000006418,ORD-00002588,PROD-000089,1,64.06,12.43
ITEM-000006419,ORD-00002588,PROD-000142,3,42.45,5.46
ITEM-000006420,ORD-00002589,PROD-000064,1,39.81,5.34
ITEM-000006421,ORD-00002590,PROD-000101,5,132.99,14.64
ITEM-000006422,ORD-00002590,PROD-000272,2,241.9,22.43
ITEM-000006423,ORD-00002590,PROD-000002,4,24.12,1.13
ITEM-000006424,ORD-00002590,PROD-000116,3,189.39,25.65
ITEM-000006425,ORD-00002591,PROD-000257,5,285.25,46.0
ITEM-000006426,ORD-00002591,PROD-000034,5,22.91,2.37
ITEM-000006427,ORD-00002591,PROD-000215,5,145.42,0.67
ITEM-000006428,ORD-00002592,PROD-000208,3,11.88,2.06
ITEM-000006429,ORD-00002592,PROD-000010,3,265.73,45.0
ITEM-000006430,ORD-00002592,PROD-000052,1,197.07,7.16
ITEM-000006431,ORD-00002592,PROD-000083,3,56.68,3.53
ITEM-000006432,ORD-00002593,PROD-000043,2,44.85,2.22
ITEM-000006433,ORD-00002593,PROD-000016,1,56.87,8.06
ITEM-000006434,ORD-00002593,PROD-000027,3,268.28,32.8
ITEM-000006435,ORD-00002594,PROD-000003,2,94.19,9.36
ITEM-000006436,ORD-00002594,PROD-000052,5,197.07,15.18
ITEM-000006437,ORD-00002594,PROD-000030,2,45.68,1.49
ITEM-000006438,ORD-00002594,PROD-000104,1,157.98,18.79
ITEM-000006439,ORD-00002595,PROD-000042,1,20.87,3.37
ITEM-000006440,ORD-00002596,PROD-000007,2,234.37,13.96
ITEM-000006441,ORD-00002597,PROD-000060,2,175.48,3.75
ITEM-000006442,ORD-00002597,PROD-000255,1,36.59,4.32
ITEM-000006443,ORD-00002597,PROD-000239,5,261.64,21.71
ITEM-000006444,ORD-00002597,PROD-000054,4,6.16,1.09
ITEM-000006445,ORD-00002598,PROD-000182,5,262.82,51.4
ITEM-000006446,ORD-00002598,PROD-000027,5,268.28,13.86
ITEM-000006447,ORD-00002599,PROD-000239,5,261.64,17.2
ITEM-000006448,ORD-00002599,PROD-000187,1,71.53,8.99
ITEM-000006449,ORD-00002599,PROD-000040,2,52.71,10.1
ITEM-000006450,ORD-00002600,PROD-000115,3,48.49,5.14
ITEM-000006451,ORD-00002600,PROD-000062,1,155.19,14.67
ITEM-000006452,ORD-00002600,PROD-000086,5,126.38,13.36
ITEM-000006453,ORD-00002601,PROD-000268,1,101.37,9.56
ITEM-000006454,ORD-00002601,PROD-000240,5,62.18,9.46
ITEM-000006455,ORD-00002601,PROD-000117,4,220.67,4.94
ITEM-000006456,ORD-00002601,PROD-000213,1,151.52,12.93
ITEM-000006457,ORD-00002602,PROD-000241,2,199.27,5.17
ITEM-000006458,ORD-00002603,PROD-000197,3,142.58,13.72
ITEM-000006459,ORD-00002603,PROD-000062,5,155.19,6.14
ITEM-000006460,ORD-00002604,PROD-000117,1,220.67,19.75
ITEM-000006461,ORD-00002604,PROD-000215,5,145.42,25.11
ITEM-000006462,ORD-00002604,PROD-000004,2,61.96,9.89
ITEM-000006463,ORD-00002605,PROD-000282,3,158.46,24.86
ITEM-000006464,ORD-00002606,PROD-000257,1,285.25,0.84
ITEM-000006465,ORD-00002606,PROD-000132,3,261.68,10.16
ITEM-000006466,ORD-00002606,PROD-000070,2,170.09,29.81
ITEM-000006467,ORD-00002606,PROD-000096,2,261.99,50.84
ITEM-000006468,ORD-00002607,PROD-000201,5,154.94,1.18
ITEM-000006469,ORD-00002608,PROD-000196,5,266.04,18.75
ITEM-000006470,ORD-00002608,PROD-000234,3,86.25,6.87
ITEM-000006471,ORD-00002608,PROD-000242,1,248.42,19.32
ITEM-000006472,ORD-00002608,PROD-000227,3,231.18,3.07
ITEM-000006473,ORD-00002609,PROD-000126,5,87.75,14.91
ITEM-000006474,ORD-00002610,PROD-000073,1,65.08,4.19
ITEM-000006475,ORD-00002610,PROD-000060,4,175.48,31.4
ITEM-000006476,ORD-00002610,PROD-000075,4,62.62,0.91
ITEM-000006477,ORD-00002611,PROD-000005,2,162.22,6.41
ITEM-000006478,ORD-00002611,PROD-000024,5,195.99,30.06
ITEM-000006479,ORD-00002611,PROD-000081,3,132.7,22.52
ITEM-000006480,ORD-00002611,PROD-000058,5,86.29,9.29
ITEM-000006481,ORD-00002612,PROD-000296,2,161.45,9.32
ITEM-000006482,ORD-00002612,PROD-000150,5,213.07,2.81
ITEM-000006483,ORD-00002613,PROD-000006,3,20.4,3.72
ITEM-000006484,ORD-00002614,PROD-000039,1,21.15,1.34
ITEM-000006485,ORD-00002614,PROD-000118,1,182.0,5.36
ITEM-000006486,ORD-00002614,PROD-000189,1,238.16,17.96
ITEM-000006487,ORD-00002614,PROD-000187,5,71.53,14.15
ITEM-000006488,ORD-00002615,PROD-000207,2,264.8,12.24
ITEM-000006489,ORD-00002615,PROD-000169,2,273.71,16.96
ITEM-000006490,ORD-00002615,PROD-000047,1,16.68,0.01
ITEM-000006491,ORD-00002616,PROD-000061,3,156.43,28.54
ITEM-000006492,ORD-00002617,PROD-000133,2,67.78,6.65
ITEM-000006493,ORD-00002617,PROD-000300,4,90.24,15.44
ITEM-000006494,ORD-00002617,PROD-000063,3,42.54,4.02
ITEM-000006495,ORD-00002617,PROD-000283,3,40.56,2.6
ITEM-000006496,ORD-00002618,PROD-000071,5,48.6,7.49
ITEM-000006497,ORD-00002619,PROD-000253,3,14.2,2.29
ITEM-000006498,ORD-00002619,PROD-000069,2,294.54,34.89
ITEM-000006499,ORD-00002619,PROD-000289,4,86.07,8.72
ITEM-000006500,ORD-00002619,PROD-000175,3,285.03,14.8
ITEM-000006501,ORD-00002620,PROD-000024,5,195.99,18.1
ITEM-000006502,ORD-00002620,PROD-000117,4,220.67,0.83
ITEM-000006503,ORD-00002620,PROD-000152,3,40.04,3.48
ITEM-000006504,ORD-00002620,PROD-000190,3,66.83,5.65
ITEM-000006505,ORD-00002621,PROD-000240,2,62.18,0.46
ITEM-000006506,ORD-00002621,PROD-000034,4,22.91,0.47
ITEM-000006507,ORD-00002621,PROD-000236,2,24.26,0.3
ITEM-000006508,ORD-00002621,PROD-000257,4,285.25,6.99
ITEM-000006509,ORD-00002622,PROD-000135,4,164.35,17.47
ITEM-000006510,ORD-00002622,PROD-000118,4,182.0,24.19
ITEM-000006511,ORD-00002622,PROD-000032,2,114.8,2.24
ITEM-000006512,ORD-00002622,PROD-000163,3,87.64,17.15
ITEM-000006513,ORD-00002623,PROD-000096,4,261.99,15.54
ITEM-000006514,ORD-00002624,PROD-000155,5,199.69,33.81
ITEM-000006515,ORD-00002625,PROD-000093,4,178.93,1.78
ITEM-000006516,ORD-00002625,PROD-000289,2,86.07,5.72
ITEM-000006517,ORD-00002625,PROD-000202,5,170.28,13.72
ITEM-000006518,ORD-00002625,PROD-000076,4,192.0,7.14
ITEM-000006519,ORD-00002626,PROD-000024,4,195.99,16.33
ITEM-000006520,ORD-00002626,PROD-000129,2,145.51,0.3
ITEM-000006521,ORD-00002626,PROD-000194,2,65.76,1.89
ITEM-000006522,ORD-00002627,PROD-000106,3,222.78,9.28
ITEM-000006523,ORD-00002628,PROD-000244,4,54.61,7.55
ITEM-000006524,ORD-00002628,PROD-000184,5,133.98,3.36
ITEM-000006525,ORD-00002628,PROD-000271,4,142.48,20.58
ITEM-000006526,ORD-00002628,PROD-000244,5,54.61,0.57
ITEM-000006527,ORD-00002629,PROD-000135,5,164.35,30.19
ITEM-000006528,ORD-00002630,PROD-000120,2,150.5,1.73
ITEM-000006529,ORD-00002630,PROD-000172,3,183.04,28.46
ITEM-000006530,ORD-00002630,PROD-000133,1,67.78,4.7
ITEM-000006531,ORD-00002630,PROD-000014,5,250.44,47.26
ITEM-000006532,ORD-00002631,PROD-000243,2,179.01,20.68
ITEM-000006533,ORD-00002631,PROD-000043,3,44.85,5.35
ITEM-000006534,ORD-00002632,PROD-000220,3,23.88,3.71
ITEM-000006535,ORD-00002632,PROD-000161,2,9.57,1.3
ITEM-000006536,ORD-00002632,PROD-000165,4,223.01,20.08
ITEM-000006537,ORD-00002632,PROD-000243,5,179.01,21.32
ITEM-000006538,ORD-00002633,PROD-000256,3,26.12,1.8
ITEM-000006539,ORD-00002633,PROD-000082,4,153.69,26.14
ITEM-000006540,ORD-00002633,PROD-000015,2,77.71,12.92
ITEM-000006541,ORD-00002633,PROD-000270,3,159.71,4.7
ITEM-000006542,ORD-00002634,PROD-000245,2,6.0,1.03
ITEM-000006543,ORD-00002634,PROD-000067,4,47.96,6.99
ITEM-000006544,ORD-00002635,PROD-000031,2,215.03,7.55
ITEM-000006545,ORD-00002635,PROD-000076,4,192.0,3.97
ITEM-000006546,ORD-00002636,PROD-000238,3,67.16,8.75
ITEM-000006547,ORD-00002637,PROD-000219,5,170.99,4.13
ITEM-000006548,ORD-00002637,PROD-000252,1,138.21,11.69
ITEM-000006549,ORD-00002637,PROD-000030,3,45.68,1.44
ITEM-000006550,ORD-00002637,PROD-000279,3,88.92,2.03
ITEM-000006551,ORD-00002638,PROD-000283,4,40.56,4.68
ITEM-000006552,ORD-00002638,PROD-000120,1,150.5,11.28
ITEM-000006553,ORD-00002638,PROD-000054,4,6.16,1.18
ITEM-000006554,ORD-00002639,PROD-000107,5,9.55,1.64
ITEM-000006555,ORD-00002640,PROD-000096,1,261.99,47.08
ITEM-000006556,ORD-00002640,PROD-000212,5,196.7,31.26
ITEM-000006557,ORD-00002641,PROD-000049,3,162.37,5.99
ITEM-000006558,ORD-00002642,PROD-000138,4,256.34,42.49
ITEM-000006559,ORD-00002642,PROD-000032,4,114.8,12.54
ITEM-000006560,ORD-00002642,PROD-000037,4,237.13,22.03
ITEM-000006561,ORD-00002642,PROD-000010,2,265.73,42.85
ITEM-000006562,ORD-00002643,PROD-000205,2,111.74,9.96
ITEM-000006563,ORD-00002644,PROD-000176,1,207.29,39.03
ITEM-000006564,ORD-00002645,PROD-000299,2,233.47,9.74
ITEM-000006565,ORD-00002645,PROD-000212,4,196.7,7.22
ITEM-000006566,ORD-00002645,PROD-000144,4,184.59,21.32
ITEM-000006567,ORD-00002646,PROD-000226,2,148.45,16.72
ITEM-000006568,ORD-00002647,PROD-000222,2,173.52,31.78
ITEM-000006569,ORD-00002647,PROD-000003,5,94.19,4.19
ITEM-000006570,ORD-00002647,PROD-000289,1,86.07,12.76
ITEM-000006571,ORD-00002647,PROD-000167,3,71.98,0.88
ITEM-000006572,ORD-00002648,PROD-000282,3,158.46,3.45
ITEM-000006573,ORD-00002648,PROD-000113,5,38.45,1.73
ITEM-000006574,ORD-00002648,PROD-000237,2,214.52,42.53
ITEM-000006575,ORD-00002649,PROD-000093,5,178.93,30.82
ITEM-000006576,ORD-00002649,PROD-000082,5,153.69,3.62
ITEM-000006577,ORD-00002649,PROD-000199,2,250.55,17.44
ITEM-000006578,ORD-00002649,PROD-000025,3,124.64,24.3
ITEM-000006579,ORD-00002650,PROD-000031,2,215.03,35.71
ITEM-000006580,ORD-00002650,PROD-000215,4,145.42,11.49
ITEM-000006581,ORD-00002650,PROD-000170,2,124.7,11.31
ITEM-000006582,ORD-00002650,PROD-000086,5,126.38,16.29
ITEM-000006583,ORD-00002651,PROD-000106,5,222.78,21.8
ITEM-000006584,ORD-00002651,PROD-000192,1,222.13,20.11
ITEM-000006585,ORD-00002651,PROD-000001,5,161.47,27.75
ITEM-000006586,ORD-00002652,PROD-000155,1,199.69,16.72
ITEM-000006587,ORD-00002652,PROD-000254,3,59.19,8.92
ITEM-000006588,ORD-00002652,PROD-000012,2,166.44,1.48
ITEM-000006589,ORD-00002652,PROD-000006,1,20.4,2.31
ITEM-000006590,ORD-00002653,PROD-000024,2,195.99,7.3
ITEM-000006591,ORD-00002653,PROD-000040,3,52.71,8.19
ITEM-000006592,ORD-00002654,PROD-000122,5,174.47,1.14
ITEM-000006593,ORD-00002654,PROD-000133,5,67.78,7.76
ITEM-000006594,ORD-00002654,PROD-000018,5,116.66,5.25
ITEM-000006595,ORD-00002655,PROD-000179,2,215.5,10.66
ITEM-000006596,ORD-00002655,PROD-000089,1,64.06,12.27
ITEM-000006597,ORD-00002656,PROD-000184,1,133.98,1.09
ITEM-000006598,ORD-00002656,PROD-000192,3,222.13,15.28
ITEM-000006599,ORD-00002657,PROD-000059,5,24.94,4.41
ITEM-000006600,ORD-00002658,PROD-000173,3,253.18,16.64
ITEM-000006601,ORD-00002658,PROD-000018,2,116.66,19.96
ITEM-000006602,ORD-00002659,PROD-000107,5,9.55,0.37
ITEM-000006603,ORD-00002659,PROD-000126,2,87.75,15.36
ITEM-000006604,ORD-00002659,PROD-000151,2,206.31,16.26
ITEM-000006605,ORD-00002660,PROD-000219,2,170.99,0.25
ITEM-000006606,ORD-00002660,PROD-000276,1,96.15,6.67
ITEM-000006607,ORD-00002661,PROD-000063,2,42.54,7.08
ITEM-000006608,ORD-00002661,PROD-000138,3,256.34,4.64
ITEM-000006609,ORD-00002662,PROD-000228,3,119.68,17.98
ITEM-000006610,ORD-00002663,PROD-000161,5,9.57,1.15
ITEM-000006611,ORD-00002663,PROD-000069,1,294.54,6.95
ITEM-000006612,ORD-00002663,PROD-000125,4,191.28,15.36
ITEM-000006613,ORD-00002663,PROD-000039,4,21.15,1.94
ITEM-000006614,ORD-00002664,PROD-000143,2,136.71,1.79
ITEM-000006615,ORD-00002664,PROD-000008,4,169.86,6.19
ITEM-000006616,ORD-00002664,PROD-000138,1,256.34,29.04
ITEM-000006617,ORD-00002665,PROD-000176,5,207.29,40.88
ITEM-000006618,ORD-00002665,PROD-000051,5,151.67,4.02
ITEM-000006619,ORD-00002665,PROD-000203,4,217.05,3.3
ITEM-000006620,ORD-00002665,PROD-000118,1,182.0,17.53
ITEM-000006621,ORD-00002666,PROD-000206,2,129.81,24.51
ITEM-000006622,ORD-00002666,PROD-000141,4,197.96,12.61
ITEM-000006623,ORD-00002667,PROD-000129,4,145.51,2.99
ITEM-000006624,ORD-00002667,PROD-000073,1,65.08,11.59
ITEM-000006625,ORD-00002667,PROD-000218,1,184.34,16.54
ITEM-000006626,ORD-00002667,PROD-000118,1,182.0,0.16
ITEM-000006627,ORD-00002668,PROD-000273,3,164.42,10.37
ITEM-000006628,ORD-00002668,PROD-000071,3,48.6,0.59
ITEM-000006629,ORD-00002669,PROD-000055,1,139.15,9.85
ITEM-000006630,ORD-00002669,PROD-000118,3,182.0,12.91
ITEM-000006631,ORD-00002670,PROD-000049,3,162.37,6.82
ITEM-000006632,ORD-00002670,PROD-000072,1,70.42,8.2
ITEM-000006633,ORD-00002670,PROD-000054,3,6.16,0.29
ITEM-000006634,ORD-00002671,PROD-000265,4,55.67,5.4
ITEM-000006635,ORD-00002672,PROD-000072,3,70.42,6.57
ITEM-000006636,ORD-00002672,PROD-000065,3,11.5,1.59
ITEM-000006637,ORD-00002672,PROD-000129,2,145.51,4.46
ITEM-000006638,ORD-00002672,PROD-000048,5,239.02,26.07
ITEM-000006639,ORD-00002673,PROD-000165,5,223.01,35.29
ITEM-000006640,ORD-00002673,PROD-000093,1,178.93,10.83
ITEM-000006641,ORD-00002673,PROD-000278,4,201.25,19.83
ITEM-000006642,ORD-00002674,PROD-000253,4,14.2,2.36
ITEM-000006643,ORD-00002674,PROD-000102,2,242.49,42.71
ITEM-000006644,ORD-00002674,PROD-000088,5,144.7,17.06
ITEM-000006645,ORD-00002674,PROD-000286,4,239.45,16.97
ITEM-000006646,ORD-00002675,PROD-000030,2,45.68,3.11
ITEM-000006647,ORD-00002675,PROD-000278,3,201.25,38.64
ITEM-000006648,ORD-00002675,PROD-000141,1,197.96,34.98
ITEM-000006649,ORD-00002676,PROD-000258,3,173.11,25.46
ITEM-000006650,ORD-00002676,PROD-000272,2,241.9,40.13
ITEM-000006651,ORD-00002676,PROD-000278,2,201.25,39.15
ITEM-000006652,ORD-00002677,PROD-000224,4,108.39,2.93
ITEM-000006653,ORD-00002677,PROD-000089,1,64.06,9.48
ITEM-000006654,ORD-00002677,PROD-000137,4,34.68,3.34
ITEM-000006655,ORD-00002678,PROD-000186,3,39.92,7.38
ITEM-000006656,ORD-00002678,PROD-000164,3,160.68,2.58
ITEM-000006657,ORD-00002679,PROD-000087,5,82.01,2.61
ITEM-000006658,ORD-00002679,PROD-000094,3,220.54,0.38
ITEM-000006659,ORD-00002679,PROD-000055,5,139.15,5.1
ITEM-000006660,ORD-00002679,PROD-000208,2,11.88,1.8
ITEM-000006661,ORD-00002680,PROD-000229,2,175.01,19.34
ITEM-000006662,ORD-00002680,PROD-000097,5,186.58,28.38
ITEM-000006663,ORD-00002680,PROD-000093,1,178.93,3.24
ITEM-000006664,ORD-00002681,PROD-000084,2,138.49,25.54
ITEM-000006665,ORD-00002681,PROD-000045,3,139.38,15.88
ITEM-000006666,ORD-00002682,PROD-000006,1,20.4,2.47
ITEM-000006667,ORD-00002682,PROD-000214,4,199.19,6.78
ITEM-000006668,ORD-00002683,PROD-000021,2,258.38,21.18
ITEM-000006669,ORD-00002683,PROD-000001,3,161.47,29.66
ITEM-000006670,ORD-00002683,PROD-000176,1,207.29,39.92
ITEM-000006671,ORD-00002683,PROD-000185,4,183.85,7.14
ITEM-000006672,ORD-00002684,PROD-000245,3,6.0,0.78
ITEM-000006673,ORD-00002685,PROD-000119,5,241.98,3.62
ITEM-000006674,ORD-00002686,PROD-000295,2,19.6,0.96
ITEM-000006675,ORD-00002687,PROD-000276,5,96.15,3.42
ITEM-000006676,ORD-00002687,PROD-000083,3,56.68,9.48
ITEM-000006677,ORD-00002688,PROD-000045,5,139.38,6.19
ITEM-000006678,ORD-00002689,PROD-000024,4,195.99,37.83
ITEM-000006679,ORD-00002690,PROD-000237,4,214.52,28.28
ITEM-000006680,ORD-00002690,PROD-000165,4,223.01,12.53
ITEM-000006681,ORD-00002691,PROD-000215,1,145.42,13.79
ITEM-000006682,ORD-00002692,PROD-000067,4,47.96,2.7
ITEM-000006683,ORD-00002692,PROD-000270,3,159.71,0.33
ITEM-000006684,ORD-00002692,PROD-000294,3,268.13,12.24
ITEM-000006685,ORD-00002692,PROD-000089,2,64.06,3.48
ITEM-000006686,ORD-00002693,PROD-000228,4,119.68,15.77
ITEM-000006687,ORD-00002694,PROD-000057,2,202.38,39.79
ITEM-000006688,ORD-00002694,PROD-000102,4,242.49,5.56
ITEM-000006689,ORD-00002695,PROD-000145,1,223.58,43.15
ITEM-000006690,ORD-00002695,PROD-000154,2,128.85,24.19
ITEM-000006691,ORD-00002695,PROD-000051,4,151.67,10.59
ITEM-000006692,ORD-00002696,PROD-000060,2,175.48,16.14
ITEM-000006693,ORD-00002696,PROD-000238,4,67.16,8.84
ITEM-000006694,ORD-00002696,PROD-000199,5,250.55,18.14
ITEM-000006695,ORD-00002697,PROD-000017,4,59.6,10.24
ITEM-000006696,ORD-00002697,PROD-000107,3,9.55,1.15
ITEM-000006697,ORD-00002697,PROD-000093,5,178.93,34.88
ITEM-000006698,ORD-00002697,PROD-000143,4,136.71,22.12
ITEM-000006699,ORD-00002698,PROD-000168,3,145.2,2.91
ITEM-000006700,ORD-00002698,PROD-000282,4,158.46,0.63
ITEM-000006701,ORD-00002698,PROD-000045,4,139.38,17.28
ITEM-000006702,ORD-00002698,PROD-000290,2,96.01,3.31
ITEM-000006703,ORD-00002699,PROD-000022,2,178.72,10.26
ITEM-000006704,ORD-00002699,PROD-000113,4,38.45,2.37
ITEM-000006705,ORD-00002700,PROD-000040,4,52.71,1.77
ITEM-000006706,ORD-00002700,PROD-000138,3,256.34,21.96
ITEM-000006707,ORD-00002700,PROD-000172,2,183.04,18.34
ITEM-000006708,ORD-00002701,PROD-000294,3,268.13,24.06
ITEM-000006709,ORD-00002701,PROD-000006,2,20.4,1.46
ITEM-000006710,ORD-00002701,PROD-000151,5,206.31,15.26
ITEM-000006711,ORD-00002701,PROD-000116,4,189.39,31.9
ITEM-000006712,ORD-00002702,PROD-000215,5,145.42,16.51
ITEM-000006713,ORD-00002702,PROD-000144,4,184.59,6.39
ITEM-000006714,ORD-00002703,PROD-000137,1,34.68,4.53
ITEM-000006715,ORD-00002703,PROD-000002,5,24.12,1.63
ITEM-000006716,ORD-00002703,PROD-000257,3,285.25,35.7
ITEM-000006717,ORD-00002703,PROD-000161,4,9.57,1.42
ITEM-000006718,ORD-00002704,PROD-000090,1,115.9,9.06
ITEM-000006719,ORD-00002704,PROD-000143,2,136.71,8.78
ITEM-000006720,ORD-00002704,PROD-000009,1,38.67,4.5
ITEM-000006721,ORD-00002705,PROD-000245,5,6.0,0.09
ITEM-000006722,ORD-00002705,PROD-000219,1,170.99,10.42
ITEM-000006723,ORD-00002706,PROD-000049,3,162.37,7.21
ITEM-000006724,ORD-00002706,PROD-000259,5,58.93,3.09
ITEM-000006725,ORD-00002706,PROD-000109,4,82.03,0.84
ITEM-000006726,ORD-00002706,PROD-000193,1,177.84,19.29
ITEM-000006727,ORD-00002707,PROD-000180,4,175.36,8.99
ITEM-000006728,ORD-00002707,PROD-000213,4,151.52,3.98
ITEM-000006729,ORD-00002707,PROD-000199,2,250.55,20.25
ITEM-000006730,ORD-00002707,PROD-000035,3,17.96,2.37
ITEM-000006731,ORD-00002708,PROD-000266,3,145.38,23.74
ITEM-000006732,ORD-00002709,PROD-000031,2,215.03,19.47
ITEM-000006733,ORD-00002710,PROD-000296,1,161.45,0.36
ITEM-000006734,ORD-00002710,PROD-000265,3,55.67,3.72
ITEM-000006735,ORD-00002711,PROD-000288,4,13.25,0.05
ITEM-000006736,ORD-00002711,PROD-000121,3,258.33,21.28
ITEM-000006737,ORD-00002711,PROD-000220,1,23.88,1.61
ITEM-000006738,ORD-00002711,PROD-000019,2,146.76,20.72
ITEM-000006739,ORD-00002712,PROD-000137,4,34.68,4.11
ITEM-000006740,ORD-00002712,PROD-000126,2,87.75,0.47
ITEM-000006741,ORD-00002712,PROD-000248,4,206.76,27.54
ITEM-000006742,ORD-00002712,PROD-000012,4,166.44,15.68
ITEM-000006743,ORD-00002713,PROD-000281,2,205.29,7.52
ITEM-000006744,ORD-00002714,PROD-000216,4,179.85,31.94
ITEM-000006745,ORD-00002714,PROD-000244,5,54.61,7.02
ITEM-000006746,ORD-00002715,PROD-000009,5,38.67,3.5
ITEM-000006747,ORD-00002716,PROD-000169,2,273.71,27.5
ITEM-000006748,ORD-00002716,PROD-000169,5,273.71,44.25
ITEM-000006749,ORD-00002716,PROD-000024,4,195.99,18.45
ITEM-000006750,ORD-00002716,PROD-000106,5,222.78,18.48
ITEM-000006751,ORD-00002717,PROD-000087,5,82.01,11.38
ITEM-000006752,ORD-00002717,PROD-000258,4,173.11,34.19
ITEM-000006753,ORD-00002717,PROD-000013,3,89.16,14.24
ITEM-000006754,ORD-00002718,PROD-000012,3,166.44,19.01
ITEM-000006755,ORD-00002718,PROD-000072,1,70.42,9.78
ITEM-000006756,ORD-00002718,PROD-000031,3,215.03,27.86
ITEM-000006757,ORD-00002719,PROD-000040,5,52.71,9.11
ITEM-000006758,ORD-00002719,PROD-000227,1,231.18,18.82
ITEM-000006759,ORD-00002719,PROD-000106,2,222.78,37.38
ITEM-000006760,ORD-00002719,PROD-000036,4,46.08,7.03
ITEM-000006761,ORD-00002720,PROD-000243,2,179.01,33.78
ITEM-000006762,ORD-00002721,PROD-000261,5,28.24,0.45
ITEM-000006763,ORD-00002721,PROD-000291,5,181.27,33.73
ITEM-000006764,ORD-00002722,PROD-000062,5,155.19,4.78
ITEM-000006765,ORD-00002722,PROD-000166,2,161.73,24.99
ITEM-000006766,ORD-00002722,PROD-000120,4,150.5,2.72
ITEM-000006767,ORD-00002722,PROD-000004,5,61.96,5.24
ITEM-000006768,ORD-00002723,PROD-000135,2,164.35,13.32
ITEM-000006769,ORD-00002723,PROD-000150,2,213.07,1.29
ITEM-000006770,ORD-00002723,PROD-000275,2,143.99,28.01
ITEM-000006771,ORD-00002724,PROD-000122,3,174.47,10.55
ITEM-000006772,ORD-00002725,PROD-000058,3,86.29,6.19
ITEM-000006773,ORD-00002726,PROD-000231,1,126.83,25.21
ITEM-000006774,ORD-00002726,PROD-000092,1,68.92,8.5
ITEM-000006775,ORD-00002726,PROD-000276,4,96.15,3.65
ITEM-000006776,ORD-00002726,PROD-000189,3,238.16,47.45
ITEM-000006777,ORD-00002727,PROD-000140,2,113.52,12.75
ITEM-000006778,ORD-00002727,PROD-000263,3,60.67,7.99
ITEM-000006779,ORD-00002728,PROD-000028,2,283.29,44.35
ITEM-000006780,ORD-00002728,PROD-000039,4,21.15,3.07
ITEM-000006781,ORD-00002729,PROD-000213,4,151.52,15.21
ITEM-000006782,ORD-00002730,PROD-000198,4,196.53,37.49
ITEM-000006783,ORD-00002731,PROD-000114,1,178.3,12.26
ITEM-000006784,ORD-00002731,PROD-000271,5,142.48,24.61
ITEM-000006785,ORD-00002731,PROD-000027,1,268.28,20.37
ITEM-000006786,ORD-00002732,PROD-000298,2,75.81,13.66
ITEM-000006787,ORD-00002732,PROD-000262,1,149.73,9.84
ITEM-000006788,ORD-00002732,PROD-000103,4,155.54,24.1
ITEM-000006789,ORD-00002733,PROD-000244,1,54.61,10.23
ITEM-000006790,ORD-00002734,PROD-000212,3,196.7,1.67
ITEM-000006791,ORD-00002734,PROD-000025,2,124.64,0.77
ITEM-000006792,ORD-00002735,PROD-000266,1,145.38,13.21
ITEM-000006793,ORD-00002736,PROD-000077,5,105.6,3.5
ITEM-000006794,ORD-00002736,PROD-000213,5,151.52,5.27
ITEM-000006795,ORD-00002736,PROD-000152,3,40.04,6.75
ITEM-000006796,ORD-00002736,PROD-000168,1,145.2,19.18
ITEM-000006797,ORD-00002737,PROD-000235,2,121.53,12.55
ITEM-000006798,ORD-00002738,PROD-000290,2,96.01,12.32
ITEM-000006799,ORD-00002738,PROD-000240,3,62.18,1.1
ITEM-000006800,ORD-00002738,PROD-000215,5,145.42,0.06
ITEM-000006801,ORD-00002739,PROD-000198,1,196.53,6.74
ITEM-000006802,ORD-00002740,PROD-000208,4,11.88,0.31
ITEM-000006803,ORD-00002740,PROD-000286,1,239.45,25.4
ITEM-000006804,ORD-00002740,PROD-000009,2,38.67,4.83
ITEM-000006805,ORD-00002740,PROD-000234,1,86.25,10.96
ITEM-000006806,ORD-00002741,PROD-000216,2,179.85,24.19
ITEM-000006807,ORD-00002741,PROD-000136,3,57.07,3.07
ITEM-000006808,ORD-00002742,PROD-000196,2,266.04,34.16
ITEM-000006809,ORD-00002742,PROD-000172,5,183.04,24.91
ITEM-000006810,ORD-00002742,PROD-000249,1,45.99,0.75
ITEM-000006811,ORD-00002743,PROD-000152,2,40.04,2.39
ITEM-000006812,ORD-00002744,PROD-000111,4,8.47,1.01
ITEM-000006813,ORD-00002744,PROD-000300,1,90.24,16.94
ITEM-000006814,ORD-00002744,PROD-000080,2,141.46,12.97
ITEM-000006815,ORD-00002745,PROD-000005,2,162.22,17.89
ITEM-000006816,ORD-00002745,PROD-000137,5,34.68,3.13
ITEM-000006817,ORD-00002746,PROD-000128,5,144.64,10.9
ITEM-000006818,ORD-00002747,PROD-000001,2,161.47,29.66
ITEM-000006819,ORD-00002747,PROD-000151,2,206.31,15.49
ITEM-000006820,ORD-00002747,PROD-000069,3,294.54,2.48
ITEM-000006821,ORD-00002747,PROD-000182,2,262.82,36.71
ITEM-000006822,ORD-00002748,PROD-000131,5,157.33,23.72
ITEM-000006823,ORD-00002748,PROD-000273,4,164.42,25.97
ITEM-000006824,ORD-00002748,PROD-000143,1,136.71,26.55
ITEM-000006825,ORD-00002748,PROD-000205,3,111.74,18.78
ITEM-000006826,ORD-00002749,PROD-000061,3,156.43,27.35
ITEM-000006827,ORD-00002749,PROD-000292,4,123.71,24.69
ITEM-000006828,ORD-00002750,PROD-000266,3,145.38,8.04
ITEM-000006829,ORD-00002750,PROD-000205,4,111.74,3.4
ITEM-000006830,ORD-00002751,PROD-000066,2,12.81,1.1
ITEM-000006831,ORD-00002751,PROD-000196,4,266.04,42.93
ITEM-000006832,ORD-00002752,PROD-000146,5,200.24,2.95
ITEM-000006833,ORD-00002752,PROD-000191,5,254.19,15.78
ITEM-000006834,ORD-00002752,PROD-000249,2,45.99,1.24
ITEM-000006835,ORD-00002752,PROD-000026,3,248.15,9.23
ITEM-000006836,ORD-00002753,PROD-000095,2,256.52,49.32
ITEM-000006837,ORD-00002753,PROD-000289,5,86.07,2.22
ITEM-000006838,ORD-00002753,PROD-000197,4,142.58,11.35
ITEM-000006839,ORD-00002753,PROD-000233,5,153.78,17.94
ITEM-000006840,ORD-00002754,PROD-000097,3,186.58,14.07
ITEM-000006841,ORD-00002754,PROD-000080,5,141.46,25.88
ITEM-000006842,ORD-00002755,PROD-000111,3,8.47,1.27
ITEM-000006843,ORD-00002755,PROD-000245,4,6.0,0.67
ITEM-000006844,ORD-00002756,PROD-000254,4,59.19,7.23
ITEM-000006845,ORD-00002756,PROD-000191,4,254.19,0.63
ITEM-000006846,ORD-00002756,PROD-000063,2,42.54,2.17
ITEM-000006847,ORD-00002756,PROD-000089,1,64.06,6.7
ITEM-000006848,ORD-00002757,PROD-000127,1,79.49,5.2
ITEM-000006849,ORD-00002757,PROD-000271,2,142.48,27.81
ITEM-000006850,ORD-00002757,PROD-000044,2,31.7,6.28
ITEM-000006851,ORD-00002758,PROD-000006,1,20.4,0.02
ITEM-000006852,ORD-00002758,PROD-000035,3,17.96,1.07
ITEM-000006853,ORD-00002758,PROD-000239,4,261.64,7.68
ITEM-000006854,ORD-00002758,PROD-000035,3,17.96,2.66
ITEM-000006855,ORD-00002759,PROD-000018,3,116.66,17.06
ITEM-000006856,ORD-00002759,PROD-000289,1,86.07,3.75
ITEM-000006857,ORD-00002760,PROD-000009,2,38.67,4.0
ITEM-000006858,ORD-00002761,PROD-000165,2,223.01,40.19
ITEM-000006859,ORD-00002761,PROD-000279,4,88.92,2.35
ITEM-000006860,ORD-00002761,PROD-000277,4,89.29,11.51
ITEM-000006861,ORD-00002761,PROD-000197,3,142.58,4.56
ITEM-000006862,ORD-00002762,PROD-000152,1,40.04,2.64
ITEM-000006863,ORD-00002762,PROD-000078,1,104.84,10.87
ITEM-000006864,ORD-00002763,PROD-000173,2,253.18,1.57
ITEM-000006865,ORD-00002763,PROD-000249,4,45.99,3.94
ITEM-000006866,ORD-00002764,PROD-000134,5,240.79,43.62
ITEM-000006867,ORD-00002765,PROD-000065,5,11.5,2.16
ITEM-000006868,ORD-00002765,PROD-000280,1,137.35,17.83
ITEM-000006869,ORD-00002765,PROD-000190,4,66.83,7.14
ITEM-000006870,ORD-00002765,PROD-000003,1,94.19,8.93
ITEM-000006871,ORD-00002766,PROD-000126,1,87.75,7.87
ITEM-000006872,ORD-00002766,PROD-000210,4,24.0,0.48
ITEM-000006873,ORD-00002766,PROD-000270,4,159.71,18.27
ITEM-000006874,ORD-00002767,PROD-000079,3,158.41,26.92
ITEM-000006875,ORD-00002767,PROD-000004,3,61.96,3.07
ITEM-000006876,ORD-00002767,PROD-000158,4,51.52,2.65
ITEM-000006877,ORD-00002767,PROD-000084,3,138.49,6.25
ITEM-000006878,ORD-00002768,PROD-000100,4,199.6,26.37
ITEM-000006879,ORD-00002769,PROD-000208,1,11.88,0.03
ITEM-000006880,ORD-00002769,PROD-000255,4,36.59,3.63
ITEM-000006881,ORD-00002769,PROD-000087,1,82.01,8.14
ITEM-000006882,ORD-00002770,PROD-000032,2,114.8,9.62
ITEM-000006883,ORD-00002770,PROD-000295,2,19.6,3.79
ITEM-000006884,ORD-00002770,PROD-000076,3,192.0,32.0
ITEM-000006885,ORD-00002771,PROD-000102,5,242.49,23.49
ITEM-000006886,ORD-00002772,PROD-000236,1,24.26,0.92
ITEM-000006887,ORD-00002772,PROD-000095,3,256.52,43.7
ITEM-000006888,ORD-00002773,PROD-000141,4,197.96,11.35
ITEM-000006889,ORD-00002773,PROD-000001,3,161.47,15.93
ITEM-000006890,ORD-00002773,PROD-000014,4,250.44,37.56
ITEM-000006891,ORD-00002774,PROD-000066,2,12.81,0.81
ITEM-000006892,ORD-00002774,PROD-000034,1,22.91,3.17
ITEM-000006893,ORD-00002774,PROD-000241,4,199.27,12.81
ITEM-000006894,ORD-00002774,PROD-000037,4,237.13,29.87
ITEM-000006895,ORD-00002775,PROD-000046,4,37.28,5.18
ITEM-000006896,ORD-00002775,PROD-000086,5,126.38,14.99
ITEM-000006897,ORD-00002775,PROD-000041,3,146.19,10.28
ITEM-000006898,ORD-00002776,PROD-000131,1,157.33,19.04
ITEM-000006899,ORD-00002776,PROD-000038,5,87.71,13.94
ITEM-000006900,ORD-00002777,PROD-000177,3,110.22,12.01
ITEM-000006901,ORD-00002778,PROD-000049,3,162.37,29.07
ITEM-000006902,ORD-00002779,PROD-000134,3,240.79,34.59
ITEM-000006903,ORD-00002779,PROD-000201,3,154.94,7.71
ITEM-000006904,ORD-00002779,PROD-000060,4,175.48,1.65
ITEM-000006905,ORD-00002779,PROD-000252,4,138.21,0.07
ITEM-000006906,ORD-00002780,PROD-000006,5,20.4,1.0
ITEM-000006907,ORD-00002780,PROD-000007,3,234.37,14.95
ITEM-000006908,ORD-00002780,PROD-000160,1,96.22,10.38
ITEM-000006909,ORD-00002781,PROD-000128,5,144.64,26.7
ITEM-000006910,ORD-00002782,PROD-000092,1,68.92,11.09
ITEM-000006911,ORD-00002782,PROD-000013,2,89.16,10.5
ITEM-000006912,ORD-00002783,PROD-000083,1,56.68,2.7
ITEM-000006913,ORD-00002783,PROD-000191,5,254.19,28.2
ITEM-000006914,ORD-00002783,PROD-000143,1,136.71,18.05
ITEM-000006915,ORD-00002783,PROD-000274,5,105.23,0.26
ITEM-000006916,ORD-00002784,PROD-000165,2,223.01,27.12
ITEM-000006917,ORD-00002784,PROD-000174,1,92.99,18.06
ITEM-000006918,ORD-00002784,PROD-000196,3,266.04,36.82
ITEM-000006919,ORD-00002784,PROD-000106,2,222.78,32.19
ITEM-000006920,ORD-00002785,PROD-000214,2,199.19,7.97
ITEM-000006921,ORD-00002785,PROD-000098,5,54.47,10.74
ITEM-000006922,ORD-00002785,PROD-000154,3,128.85,21.9
ITEM-000006923,ORD-00002786,PROD-000222,4,173.52,1.48
ITEM-000006924,ORD-00002787,PROD-000022,5,178.72,6.01
ITEM-000006925,ORD-00002787,PROD-000061,5,156.43,21.88
ITEM-000006926,ORD-00002787,PROD-000048,5,239.02,40.11
ITEM-000006927,ORD-00002787,PROD-000145,2,223.58,3.53
ITEM-000006928,ORD-00002788,PROD-000075,4,62.62,4.74
ITEM-000006929,ORD-00002788,PROD-000050,3,41.26,4.43
ITEM-000006930,ORD-00002789,PROD-000288,1,13.25,0.91
ITEM-000006931,ORD-00002789,PROD-000205,2,111.74,4.17
ITEM-000006932,ORD-00002789,PROD-000062,1,155.19,18.44
ITEM-000006933,ORD-00002790,PROD-000017,3,59.6,11.85
ITEM-000006934,ORD-00002790,PROD-000082,2,153.69,0.56
ITEM-000006935,ORD-00002790,PROD-000116,5,189.39,34.28
ITEM-000006936,ORD-00002790,PROD-000004,4,61.96,5.92
ITEM-000006937,ORD-00002791,PROD-000187,3,71.53,4.24
ITEM-000006938,ORD-00002791,PROD-000030,5,45.68,6.2
ITEM-000006939,ORD-00002791,PROD-000071,2,48.6,0.78
ITEM-000006940,ORD-00002792,PROD-000149,4,175.39,26.16
ITEM-000006941,ORD-00002793,PROD-000125,5,191.28,10.42
ITEM-000006942,ORD-00002793,PROD-000249,4,45.99,9.18
ITEM-000006943,ORD-00002793,PROD-000068,4,284.88,10.24
ITEM-000006944,ORD-00002794,PROD-000296,4,161.45,29.8
ITEM-000006945,ORD-00002794,PROD-000187,2,71.53,13.97
ITEM-000006946,ORD-00002794,PROD-000071,4,48.6,0.72
ITEM-000006947,ORD-00002795,PROD-000009,2,38.67,2.89
ITEM-000006948,ORD-00002795,PROD-000285,4,236.26,0.28
ITEM-000006949,ORD-00002795,PROD-000199,5,250.55,20.11
ITEM-000006950,ORD-00002796,PROD-000027,4,268.28,12.69
ITEM-000006951,ORD-00002796,PROD-000203,4,217.05,10.36
ITEM-000006952,ORD-00002796,PROD-000005,3,162.22,1.43
ITEM-000006953,ORD-00002797,PROD-000220,3,23.88,4.0
ITEM-000006954,ORD-00002798,PROD-000006,2,20.4,2.39
ITEM-000006955,ORD-00002799,PROD-000085,1,65.75,10.59
ITEM-000006956,ORD-00002800,PROD-000015,2,77.71,5.67
ITEM-000006957,ORD-00002800,PROD-000012,5,166.44,8.73
ITEM-000006958,ORD-00002801,PROD-000103,4,155.54,23.55
ITEM-000006959,ORD-00002801,PROD-000292,4,123.71,17.22
ITEM-000006960,ORD-00002802,PROD-000119,1,241.98,27.8
ITEM-000006961,ORD-00002802,PROD-000096,4,261.99,2.18
ITEM-000006962,ORD-00002802,PROD-000274,4,105.23,0.9
ITEM-000006963,ORD-00002803,PROD-000179,4,215.5,40.27
ITEM-000006964,ORD-00002803,PROD-000165,3,223.01,36.19
ITEM-000006965,ORD-00002803,PROD-000071,1,48.6,3.1
ITEM-000006966,ORD-00002803,PROD-000286,5,239.45,13.48
ITEM-000006967,ORD-00002804,PROD-000169,2,273.71,28.13
ITEM-000006968,ORD-00002804,PROD-000064,5,39.81,0.13
ITEM-000006969,ORD-00002804,PROD-000288,1,13.25,1.9
ITEM-000006970,ORD-00002805,PROD-000179,3,215.5,22.82
ITEM-000006971,ORD-00002805,PROD-000146,3,200.24,30.52
ITEM-000006972,ORD-00002805,PROD-000204,4,193.75,6.08
ITEM-000006973,ORD-00002805,PROD-000086,5,126.38,20.07
ITEM-000006974,ORD-00002806,PROD-000077,1,105.6,10.42
ITEM-000006975,ORD-00002806,PROD-000254,1,59.19,3.73
ITEM-000006976,ORD-00002806,PROD-000209,4,179.59,0.43
ITEM-000006977,ORD-00002807,PROD-000053,4,113.39,19.06
ITEM-000006978,ORD-00002807,PROD-000159,5,115.09,9.74
ITEM-000006979,ORD-00002807,PROD-000230,1,66.97,3.97
ITEM-000006980,ORD-00002807,PROD-000079,4,158.41,28.57
ITEM-000006981,ORD-00002808,PROD-000009,2,38.67,1.52
ITEM-000006982,ORD-00002808,PROD-000033,3,93.06,9.38
ITEM-000006983,ORD-00002808,PROD-000014,1,250.44,18.76
ITEM-000006984,ORD-00002808,PROD-000102,1,242.49,3.29
ITEM-000006985,ORD-00002809,PROD-000047,4,16.68,1.66
ITEM-000006986,ORD-00002809,PROD-000049,3,162.37,13.74
ITEM-000006987,ORD-00002810,PROD-000270,4,159.71,18.27
ITEM-000006988,ORD-00002810,PROD-000192,2,222.13,7.96
ITEM-000006989,ORD-00002810,PROD-000155,1,199.69,8.35
ITEM-000006990,ORD-00002811,PROD-000158,4,51.52,5.84
ITEM-000006991,ORD-00002811,PROD-000029,4,254.26,49.26
ITEM-000006992,ORD-00002811,PROD-000188,2,170.88,3.32
ITEM-000006993,ORD-00002812,PROD-000240,5,62.18,0.68
ITEM-000006994,ORD-00002812,PROD-000236,1,24.26,2.78
ITEM-000006995,ORD-00002812,PROD-000041,5,146.19,18.63
ITEM-000006996,ORD-00002813,PROD-000223,3,37.75,6.4
ITEM-000006997,ORD-00002813,PROD-000208,5,11.88,0.51
ITEM-000006998,ORD-00002813,PROD-000170,4,124.7,22.08
ITEM-000006999,ORD-00002813,PROD-000284,2,47.52,1.85
ITEM-000007000,ORD-00002814,PROD-000254,3,59.19,7.42
ITEM-000007001,ORD-00002814,PROD-000287,4,54.46,4.31
ITEM-000007002,ORD-00002814,PROD-000004,3,61.96,8.51
ITEM-000007003,ORD-00002815,PROD-000096,2,261.99,52.07
ITEM-000007004,ORD-00002816,PROD-000243,1,179.01,19.41
ITEM-000007005,ORD-00002816,PROD-000126,1,87.75,14.14
ITEM-000007006,ORD-00002816,PROD-000052,5,197.07,7.32
ITEM-000007007,ORD-00002816,PROD-000014,5,250.44,18.03
ITEM-000007008,ORD-00002817,PROD-000124,2,85.6,3.25
ITEM-000007009,ORD-00002817,PROD-000074,5,214.62,29.99
ITEM-000007010,ORD-00002817,PROD-000109,2,82.03,3.45
ITEM-000007011,ORD-00002817,PROD-000208,3,11.88,0.62
ITEM-000007012,ORD-00002818,PROD-000288,2,13.25,0.85
ITEM-000007013,ORD-00002818,PROD-000084,4,138.49,25.89
ITEM-000007014,ORD-00002819,PROD-000193,5,177.84,30.57
ITEM-000007015,ORD-00002819,PROD-000096,3,261.99,8.66
ITEM-000007016,ORD-00002819,PROD-000243,2,179.01,22.27
ITEM-000007017,ORD-00002819,PROD-000082,2,153.69,22.16
ITEM-000007018,ORD-00002820,PROD-000073,1,65.08,1.78
ITEM-000007019,ORD-00002820,PROD-000094,1,220.54,25.37
ITEM-000007020,ORD-00002820,PROD-000129,1,145.51,1.9
ITEM-000007021,ORD-00002821,PROD-000117,2,220.67,22.78
ITEM-000007022,ORD-00002821,PROD-000151,2,206.31,8.76
ITEM-000007023,ORD-00002822,PROD-000254,1,59.19,7.16
ITEM-000007024,ORD-00002822,PROD-000269,2,116.44,20.71
ITEM-000007025,ORD-00002822,PROD-000005,4,162.22,10.75
ITEM-000007026,ORD-00002823,PROD-000044,3,31.7,5.34
ITEM-000007027,ORD-00002823,PROD-000176,2,207.29,37.18
ITEM-000007028,ORD-00002823,PROD-000030,4,45.68,2.96
ITEM-000007029,ORD-00002824,PROD-000104,5,157.98,30.31
ITEM-000007030,ORD-00002825,PROD-000016,1,56.87,8.15
ITEM-000007031,ORD-00002826,PROD-000146,2,200.24,8.55
ITEM-000007032,ORD-00002826,PROD-000080,2,141.46,21.88
ITEM-000007033,ORD-00002826,PROD-000222,2,173.52,31.71
ITEM-000007034,ORD-00002826,PROD-000253,4,14.2,1.33
ITEM-000007035,ORD-00002827,PROD-000105,1,56.39,4.67
ITEM-000007036,ORD-00002827,PROD-000260,1,87.01,16.62
ITEM-000007037,ORD-00002828,PROD-000153,4,111.79,0.63
ITEM-000007038,ORD-00002828,PROD-000227,1,231.18,9.59
ITEM-000007039,ORD-00002828,PROD-000186,1,39.92,1.9
ITEM-000007040,ORD-00002828,PROD-000018,3,116.66,14.33
ITEM-000007041,ORD-00002829,PROD-000258,3,173.11,4.68
ITEM-000007042,ORD-00002829,PROD-000148,1,173.72,25.29
ITEM-000007043,ORD-00002830,PROD-000243,3,179.01,26.06
ITEM-000007044,ORD-00002831,PROD-000254,3,59.19,0.22
ITEM-000007045,ORD-00002831,PROD-000223,4,37.75,5.9
ITEM-000007046,ORD-00002832,PROD-000260,2,87.01,7.45
ITEM-000007047,ORD-00002832,PROD-000216,2,179.85,13.35
ITEM-000007048,ORD-00002832,PROD-000002,4,24.12,4.01
ITEM-000007049,ORD-00002833,PROD-000021,2,258.38,36.51
ITEM-000007050,ORD-00002834,PROD-000261,3,28.24,3.58
ITEM-000007051,ORD-00002834,PROD-000207,3,264.8,50.09
ITEM-000007052,ORD-00002835,PROD-000145,5,223.58,20.02
ITEM-000007053,ORD-00002836,PROD-000249,5,45.99,1.92
ITEM-000007054,ORD-00002836,PROD-000268,2,101.37,19.89
ITEM-000007055,ORD-00002836,PROD-000293,4,32.6,4.88
ITEM-000007056,ORD-00002837,PROD-000040,3,52.71,6.31
ITEM-000007057,ORD-00002837,PROD-000260,4,87.01,0.6
ITEM-000007058,ORD-00002837,PROD-000162,3,263.26,0.75
ITEM-000007059,ORD-00002838,PROD-000107,2,9.55,1.57
ITEM-000007060,ORD-00002838,PROD-000224,3,108.39,4.69
ITEM-000007061,ORD-00002838,PROD-000068,2,284.88,55.57
ITEM-000007062,ORD-00002839,PROD-000196,1,266.04,6.96
ITEM-000007063,ORD-00002839,PROD-000081,5,132.7,15.55
ITEM-000007064,ORD-00002839,PROD-000274,1,105.23,13.9
ITEM-000007065,ORD-00002840,PROD-000169,5,273.71,15.78
ITEM-000007066,ORD-00002841,PROD-000117,3,220.67,0.72
ITEM-000007067,ORD-00002841,PROD-000038,2,87.71,12.02
ITEM-000007068,ORD-00002841,PROD-000224,2,108.39,2.98
ITEM-000007069,ORD-00002842,PROD-000272,3,241.9,45.43
ITEM-000007070,ORD-00002842,PROD-000154,2,128.85,21.3
ITEM-000007071,ORD-00002843,PROD-000175,4,285.03,40.77
ITEM-000007072,ORD-00002843,PROD-000259,4,58.93,0.76
ITEM-000007073,ORD-00002844,PROD-000066,2,12.81,1.15
ITEM-000007074,ORD-00002844,PROD-000280,4,137.35,1.59
ITEM-000007075,ORD-00002845,PROD-000035,4,17.96,1.88
ITEM-000007076,ORD-00002845,PROD-000197,1,142.58,28.16
ITEM-000007077,ORD-00002845,PROD-000103,3,155.54,17.9
ITEM-000007078,ORD-00002846,PROD-000206,3,129.81,12.14
ITEM-000007079,ORD-00002846,PROD-000295,5,19.6,2.1
ITEM-000007080,ORD-00002846,PROD-000139,4,20.83,0.1
ITEM-000007081,ORD-00002847,PROD-000264,4,25.07,3.44
ITEM-000007082,ORD-00002847,PROD-000138,5,256.34,39.73
ITEM-000007083,ORD-00002847,PROD-000199,2,250.55,44.28
ITEM-000007084,ORD-00002848,PROD-000002,5,24.12,4.14
ITEM-000007085,ORD-00002848,PROD-000228,2,119.68,4.82
ITEM-000007086,ORD-00002849,PROD-000026,5,248.15,2.95
ITEM-000007087,ORD-00002850,PROD-000214,1,199.19,15.31
ITEM-000007088,ORD-00002850,PROD-000068,1,284.88,5.64
ITEM-000007089,ORD-00002851,PROD-000183,3,197.83,28.98
ITEM-000007090,ORD-00002851,PROD-000260,4,87.01,16.55
ITEM-000007091,ORD-00002851,PROD-000170,4,124.7,16.6
ITEM-000007092,ORD-00002852,PROD-000166,3,161.73,24.31
ITEM-000007093,ORD-00002852,PROD-000184,4,133.98,9.43
ITEM-000007094,ORD-00002852,PROD-000089,3,64.06,6.02
ITEM-000007095,ORD-00002852,PROD-000141,1,197.96,0.27
ITEM-000007096,ORD-00002853,PROD-000269,4,116.44,7.86
ITEM-000007097,ORD-00002853,PROD-000213,5,151.52,25.94
ITEM-000007098,ORD-00002853,PROD-000150,1,213.07,15.23
ITEM-000007099,ORD-00002853,PROD-000213,4,151.52,10.69
ITEM-000007100,ORD-00002854,PROD-000055,2,139.15,4.87
ITEM-000007101,ORD-00002854,PROD-000132,3,261.68,13.61
ITEM-000007102,ORD-00002854,PROD-000263,5,60.67,7.42
ITEM-000007103,ORD-00002855,PROD-000003,2,94.19,15.1
ITEM-000007104,ORD-00002855,PROD-000104,2,157.98,16.72
ITEM-000007105,ORD-00002855,PROD-000274,4,105.23,0.36
ITEM-000007106,ORD-00002856,PROD-000163,4,87.64,15.2
ITEM-000007107,ORD-00002856,PROD-000033,4,93.06,0.37
ITEM-000007108,ORD-00002857,PROD-000210,2,24.0,0.22
ITEM-000007109,ORD-00002857,PROD-000153,3,111.79,3.44
ITEM-000007110,ORD-00002858,PROD-000263,4,60.67,0.74
ITEM-000007111,ORD-00002858,PROD-000024,3,195.99,28.67
ITEM-000007112,ORD-00002859,PROD-000016,5,56.87,8.84
ITEM-000007113,ORD-00002859,PROD-000143,1,136.71,5.81
ITEM-000007114,ORD-00002860,PROD-000299,4,233.47,29.79
ITEM-000007115,ORD-00002861,PROD-000249,5,45.99,8.07
ITEM-000007116,ORD-00002861,PROD-000070,3,170.09,11.45
ITEM-000007117,ORD-00002861,PROD-000079,5,158.41,8.51
ITEM-000007118,ORD-00002861,PROD-000108,3,129.74,10.1
ITEM-000007119,ORD-00002862,PROD-000270,1,159.71,9.55
ITEM-000007120,ORD-00002862,PROD-000022,4,178.72,7.31
ITEM-000007121,ORD-00002862,PROD-000194,4,65.76,3.93
ITEM-000007122,ORD-00002863,PROD-000294,3,268.13,26.72
ITEM-000007123,ORD-00002864,PROD-000294,3,268.13,36.3
ITEM-000007124,ORD-00002864,PROD-000173,5,253.18,41.95
ITEM-000007125,ORD-00002865,PROD-000072,4,70.42,0.02
ITEM-000007126,ORD-00002866,PROD-000139,2,20.83,2.71
ITEM-000007127,ORD-00002866,PROD-000023,2,61.71,11.96
ITEM-000007128,ORD-00002866,PROD-000182,5,262.82,31.56
ITEM-000007129,ORD-00002867,PROD-000171,5,85.33,4.78
ITEM-000007130,ORD-00002867,PROD-000009,4,38.67,1.48
ITEM-000007131,ORD-00002868,PROD-000079,1,158.41,7.2
ITEM-000007132,ORD-00002868,PROD-000289,4,86.07,11.45
ITEM-000007133,ORD-00002868,PROD-000242,3,248.42,26.46
ITEM-000007134,ORD-00002869,PROD-000186,5,39.92,2.92
ITEM-000007135,ORD-00002869,PROD-000059,3,24.94,0.33
ITEM-000007136,ORD-00002869,PROD-000218,3,184.34,36.63
ITEM-000007137,ORD-00002869,PROD-000268,2,101.37,4.08
ITEM-000007138,ORD-00002870,PROD-000164,5,160.68,28.08
ITEM-000007139,ORD-00002870,PROD-000264,3,25.07,0.53
ITEM-000007140,ORD-00002871,PROD-000082,2,153.69,19.88
ITEM-000007141,ORD-00002871,PROD-000113,2,38.45,7.47
ITEM-000007142,ORD-00002871,PROD-000220,1,23.88,3.52
ITEM-000007143,ORD-00002871,PROD-000185,5,183.85,13.85
ITEM-000007144,ORD-00002872,PROD-000085,4,65.75,5.52
ITEM-000007145,ORD-00002872,PROD-000247,3,95.38,17.7
ITEM-000007146,ORD-00002872,PROD-000108,1,129.74,22.04
ITEM-000007147,ORD-00002873,PROD-000099,1,85.82,6.59
ITEM-000007148,ORD-00002873,PROD-000094,5,220.54,9.42
ITEM-000007149,ORD-00002873,PROD-000045,3,139.38,2.57
ITEM-000007150,ORD-00002873,PROD-000272,1,241.9,22.68
ITEM-000007151,ORD-00002874,PROD-000151,2,206.31,36.57
ITEM-000007152,ORD-00002874,PROD-000186,3,39.92,4.5
ITEM-000007153,ORD-00002875,PROD-000281,5,205.29,34.32
ITEM-000007154,ORD-00002875,PROD-000216,2,179.85,8.47
ITEM-000007155,ORD-00002875,PROD-000236,2,24.26,1.07
ITEM-000007156,ORD-00002875,PROD-000243,1,179.01,16.12
ITEM-000007157,ORD-00002876,PROD-000078,2,104.84,4.78
ITEM-000007158,ORD-00002877,PROD-000019,4,146.76,9.29
ITEM-000007159,ORD-00002878,PROD-000278,4,201.25,2.24
ITEM-000007160,ORD-00002878,PROD-000283,3,40.56,6.57
ITEM-000007161,ORD-00002878,PROD-000229,5,175.01,11.3
ITEM-000007162,ORD-00002879,PROD-000037,4,237.13,19.95
ITEM-000007163,ORD-00002879,PROD-000161,3,9.57,0.39
ITEM-000007164,ORD-00002879,PROD-000269,1,116.44,23.03
ITEM-000007165,ORD-00002880,PROD-000232,2,124.85,11.56
ITEM-000007166,ORD-00002881,PROD-000181,5,155.05,2.01
ITEM-000007167,ORD-00002882,PROD-000030,5,45.68,5.31
ITEM-000007168,ORD-00002882,PROD-000190,5,66.83,13.2
ITEM-000007169,ORD-00002882,PROD-000200,2,169.62,13.74
ITEM-000007170,ORD-00002882,PROD-000282,2,158.46,16.02
ITEM-000007171,ORD-00002883,PROD-000211,2,34.19,3.59
ITEM-000007172,ORD-00002883,PROD-000080,1,141.46,19.39
ITEM-000007173,ORD-00002883,PROD-000205,1,111.74,3.37
ITEM-000007174,ORD-00002883,PROD-000205,1,111.74,4.03
ITEM-000007175,ORD-00002884,PROD-000171,1,85.33,9.34
ITEM-000007176,ORD-00002885,PROD-000080,5,141.46,18.31
ITEM-000007177,ORD-00002886,PROD-000051,5,151.67,23.27
ITEM-000007178,ORD-00002886,PROD-000014,4,250.44,0.35
ITEM-000007179,ORD-00002886,PROD-000206,4,129.81,18.57
ITEM-000007180,ORD-00002886,PROD-000019,1,146.76,1.38
ITEM-000007181,ORD-00002887,PROD-000113,4,38.45,5.99
ITEM-000007182,ORD-00002887,PROD-000285,2,236.26,18.32
ITEM-000007183,ORD-00002888,PROD-000115,3,48.49,8.78
ITEM-000007184,ORD-00002888,PROD-000262,4,149.73,19.8
ITEM-000007185,ORD-00002889,PROD-000024,2,195.99,27.98
ITEM-000007186,ORD-00002889,PROD-000023,4,61.71,6.06
ITEM-000007187,ORD-00002889,PROD-000236,5,24.26,2.98
ITEM-000007188,ORD-00002889,PROD-000266,2,145.38,28.98
ITEM-000007189,ORD-00002890,PROD-000174,3,92.99,12.84
ITEM-000007190,ORD-00002890,PROD-000007,4,234.37,20.73
ITEM-000007191,ORD-00002891,PROD-000088,2,144.7,2.9
ITEM-000007192,ORD-00002892,PROD-000175,1,285.03,38.84
ITEM-000007193,ORD-00002892,PROD-000163,4,87.64,11.85
ITEM-000007194,ORD-00002892,PROD-000017,3,59.6,1.51
ITEM-000007195,ORD-00002893,PROD-000269,4,116.44,14.39
ITEM-000007196,ORD-00002894,PROD-000265,3,55.67,7.92
ITEM-000007197,ORD-00002894,PROD-000144,3,184.59,1.65
ITEM-000007198,ORD-00002895,PROD-000261,5,28.24,1.18
ITEM-000007199,ORD-00002895,PROD-000040,3,52.71,0.67
ITEM-000007200,ORD-00002895,PROD-000248,1,206.76,26.94
ITEM-000007201,ORD-00002896,PROD-000079,2,158.41,30.98
ITEM-000007202,ORD-00002897,PROD-000026,2,248.15,19.88
ITEM-000007203,ORD-00002897,PROD-000228,1,119.68,7.76
ITEM-000007204,ORD-00002897,PROD-000202,5,170.28,20.49
ITEM-000007205,ORD-00002898,PROD-000299,4,233.47,41.01
ITEM-000007206,ORD-00002899,PROD-000229,5,175.01,1.87
ITEM-000007207,ORD-00002899,PROD-000073,2,65.08,8.31
ITEM-000007208,ORD-00002899,PROD-000155,3,199.69,14.26
ITEM-000007209,ORD-00002899,PROD-000263,3,60.67,3.2
ITEM-000007210,ORD-00002900,PROD-000295,3,19.6,0.1
ITEM-000007211,ORD-00002900,PROD-000119,4,241.98,35.12
ITEM-000007212,ORD-00002900,PROD-000219,3,170.99,27.85
ITEM-000007213,ORD-00002900,PROD-000034,4,22.91,1.0
ITEM-000007214,ORD-00002901,PROD-000164,4,160.68,7.03
ITEM-000007215,ORD-00002901,PROD-000256,5,26.12,3.46
ITEM-000007216,ORD-00002902,PROD-000182,5,262.82,49.67
ITEM-000007217,ORD-00002903,PROD-000232,2,124.85,15.02
ITEM-000007218,ORD-00002903,PROD-000076,4,192.0,8.97
ITEM-000007219,ORD-00002903,PROD-000261,4,28.24,5.43
ITEM-000007220,ORD-00002904,PROD-000020,2,193.41,21.85
ITEM-000007221,ORD-00002904,PROD-000046,3,37.28,4.17
ITEM-000007222,ORD-00002905,PROD-000084,2,138.49,6.28
ITEM-000007223,ORD-00002905,PROD-000154,1,128.85,9.69
ITEM-000007224,ORD-00002905,PROD-000191,1,254.19,27.96
ITEM-000007225,ORD-00002906,PROD-000276,2,96.15,11.21
ITEM-000007226,ORD-00002906,PROD-000200,1,169.62,32.12
ITEM-000007227,ORD-00002906,PROD-000107,3,9.55,0.56
ITEM-000007228,ORD-00002907,PROD-000242,3,248.42,19.32
ITEM-000007229,ORD-00002907,PROD-000063,3,42.54,6.32
ITEM-000007230,ORD-00002907,PROD-000294,3,268.13,29.21
ITEM-000007231,ORD-00002907,PROD-000043,4,44.85,2.4
ITEM-000007232,ORD-00002908,PROD-000218,1,184.34,16.29
ITEM-000007233,ORD-00002909,PROD-000007,2,234.37,42.07
ITEM-000007234,ORD-00002909,PROD-000040,5,52.71,7.0
ITEM-000007235,ORD-00002909,PROD-000208,5,11.88,1.31
ITEM-000007236,ORD-00002910,PROD-000051,2,151.67,23.9
ITEM-000007237,ORD-00002910,PROD-000154,3,128.85,17.21
ITEM-000007238,ORD-00002910,PROD-000198,1,196.53,27.72
ITEM-000007239,ORD-00002911,PROD-000288,2,13.25,1.84
ITEM-000007240,ORD-00002911,PROD-000231,3,126.83,0.66
ITEM-000007241,ORD-00002911,PROD-000066,5,12.81,2.08
ITEM-000007242,ORD-00002912,PROD-000275,4,143.99,8.31
ITEM-000007243,ORD-00002912,PROD-000124,2,85.6,13.19
ITEM-000007244,ORD-00002913,PROD-000078,4,104.84,20.17
ITEM-000007245,ORD-00002914,PROD-000016,5,56.87,8.26
ITEM-000007246,ORD-00002914,PROD-000300,4,90.24,12.76
ITEM-000007247,ORD-00002914,PROD-000096,1,261.99,29.23
ITEM-000007248,ORD-00002915,PROD-000213,4,151.52,13.71
ITEM-000007249,ORD-00002915,PROD-000064,5,39.81,5.94
ITEM-000007250,ORD-00002916,PROD-000212,4,196.7,37.47
ITEM-000007251,ORD-00002916,PROD-000001,2,161.47,32.21
ITEM-000007252,ORD-00002916,PROD-000202,2,170.28,9.46
ITEM-000007253,ORD-00002916,PROD-000017,2,59.6,9.46
ITEM-000007254,ORD-00002917,PROD-000069,2,294.54,15.83
ITEM-000007255,ORD-00002917,PROD-000279,1,88.92,1.29
ITEM-000007256,ORD-00002918,PROD-000225,4,155.38,17.21
ITEM-000007257,ORD-00002918,PROD-000216,4,179.85,12.88
ITEM-000007258,ORD-00002919,PROD-000049,4,162.37,28.07
ITEM-000007259,ORD-00002920,PROD-000168,2,145.2,18.46
ITEM-000007260,ORD-00002921,PROD-000207,1,264.8,14.53
ITEM-000007261,ORD-00002921,PROD-000014,5,250.44,8.22
ITEM-000007262,ORD-00002921,PROD-000126,3,87.75,1.1
ITEM-000007263,ORD-00002922,PROD-000203,3,217.05,18.85
ITEM-000007264,ORD-00002922,PROD-000158,2,51.52,8.95
ITEM-000007265,ORD-00002922,PROD-000193,1,177.84,3.91
ITEM-000007266,ORD-00002923,PROD-000127,4,79.49,11.95
ITEM-000007267,ORD-00002923,PROD-000195,2,272.68,3.63
ITEM-000007268,ORD-00002923,PROD-000300,3,90.24,13.27
ITEM-000007269,ORD-00002923,PROD-000196,5,266.04,33.72
ITEM-000007270,ORD-00002924,PROD-000299,2,233.47,29.85
ITEM-000007271,ORD-00002924,PROD-000249,4,45.99,3.46
ITEM-000007272,ORD-00002924,PROD-000135,1,164.35,9.82
ITEM-000007273,ORD-00002925,PROD-000014,2,250.44,46.45
ITEM-000007274,ORD-00002926,PROD-000002,2,24.12,3.58
ITEM-000007275,ORD-00002926,PROD-000172,3,183.04,2.33
ITEM-000007276,ORD-00002926,PROD-000107,3,9.55,1.49
ITEM-000007277,ORD-00002927,PROD-000282,4,158.46,15.25
ITEM-000007278,ORD-00002927,PROD-000093,5,178.93,32.59
ITEM-000007279,ORD-00002927,PROD-000118,5,182.0,0.03
ITEM-000007280,ORD-00002928,PROD-000124,2,85.6,1.13
ITEM-000007281,ORD-00002928,PROD-000185,3,183.85,13.9
ITEM-000007282,ORD-00002928,PROD-000043,3,44.85,6.16
ITEM-000007283,ORD-00002928,PROD-000150,5,213.07,35.35
ITEM-000007284,ORD-00002929,PROD-000184,1,133.98,3.07
ITEM-000007285,ORD-00002929,PROD-000235,5,121.53,12.57
ITEM-000007286,ORD-00002930,PROD-000110,1,230.22,6.17
ITEM-000007287,ORD-00002930,PROD-000005,3,162.22,0.45
ITEM-000007288,ORD-00002930,PROD-000165,3,223.01,10.88
ITEM-000007289,ORD-00002931,PROD-000223,4,37.75,0.72
ITEM-000007290,ORD-00002931,PROD-000100,1,199.6,27.88
ITEM-000007291,ORD-00002931,PROD-000192,5,222.13,2.29
ITEM-000007292,ORD-00002931,PROD-000052,5,197.07,18.94
ITEM-000007293,ORD-00002932,PROD-000044,3,31.7,1.31
ITEM-000007294,ORD-00002932,PROD-000044,3,31.7,0.58
ITEM-000007295,ORD-00002933,PROD-000129,2,145.51,12.61
ITEM-000007296,ORD-00002934,PROD-000088,1,144.7,27.36
ITEM-000007297,ORD-00002934,PROD-000008,4,169.86,27.12
ITEM-000007298,ORD-00002934,PROD-000040,5,52.71,4.81
ITEM-000007299,ORD-00002934,PROD-000024,5,195.99,26.32
ITEM-000007300,ORD-00002935,PROD-000217,3,39.78,1.03
ITEM-000007301,ORD-00002935,PROD-000233,1,153.78,12.5
ITEM-000007302,ORD-00002935,PROD-000281,1,205.29,5.86
ITEM-000007303,ORD-00002936,PROD-000297,2,225.62,11.03
ITEM-000007304,ORD-00002936,PROD-000037,3,237.13,44.68
ITEM-000007305,ORD-00002936,PROD-000092,2,68.92,0.17
ITEM-000007306,ORD-00002936,PROD-000018,1,116.66,4.31
ITEM-000007307,ORD-00002937,PROD-000095,5,256.52,22.15
ITEM-000007308,ORD-00002938,PROD-000172,1,183.04,24.72
ITEM-000007309,ORD-00002938,PROD-000071,2,48.6,2.8
ITEM-000007310,ORD-00002938,PROD-000049,1,162.37,9.39
ITEM-000007311,ORD-00002939,PROD-000014,4,250.44,20.48
ITEM-000007312,ORD-00002939,PROD-000019,1,146.76,9.25
ITEM-000007313,ORD-00002940,PROD-000164,5,160.68,18.2
ITEM-000007314,ORD-00002940,PROD-000010,1,265.73,52.25
ITEM-000007315,ORD-00002940,PROD-000206,4,129.81,23.18
ITEM-000007316,ORD-00002941,PROD-000266,2,145.38,3.74
ITEM-000007317,ORD-00002941,PROD-000070,3,170.09,1.27
ITEM-000007318,ORD-00002942,PROD-000119,5,241.98,6.32
ITEM-000007319,ORD-00002942,PROD-000091,1,82.4,6.14
ITEM-000007320,ORD-00002942,PROD-000072,1,70.42,1.35
ITEM-000007321,ORD-00002943,PROD-000039,1,21.15,3.21
ITEM-000007322,ORD-00002944,PROD-000274,3,105.23,4.4
ITEM-000007323,ORD-00002944,PROD-000295,1,19.6,0.75
ITEM-000007324,ORD-00002944,PROD-000090,3,115.9,4.21
ITEM-000007325,ORD-00002945,PROD-000060,2,175.48,5.56
ITEM-000007326,ORD-00002945,PROD-000131,3,157.33,26.19
ITEM-000007327,ORD-00002945,PROD-000211,3,34.19,2.28
ITEM-000007328,ORD-00002945,PROD-000111,3,8.47,0.31
ITEM-000007329,ORD-00002946,PROD-000153,3,111.79,13.63
ITEM-000007330,ORD-00002946,PROD-000220,1,23.88,0.83
ITEM-000007331,ORD-00002946,PROD-000299,5,233.47,20.08
ITEM-000007332,ORD-00002946,PROD-000099,3,85.82,2.98
ITEM-000007333,ORD-00002947,PROD-000299,3,233.47,11.56
ITEM-000007334,ORD-00002948,PROD-000243,2,179.01,9.91
ITEM-000007335,ORD-00002948,PROD-000294,5,268.13,34.16
ITEM-000007336,ORD-00002948,PROD-000185,2,183.85,22.86
ITEM-000007337,ORD-00002948,PROD-000119,3,241.98,19.59
ITEM-000007338,ORD-00002949,PROD-000172,2,183.04,36.51
ITEM-000007339,ORD-00002950,PROD-000190,3,66.83,7.52
ITEM-000007340,ORD-00002950,PROD-000034,3,22.91,2.24
ITEM-000007341,ORD-00002950,PROD-000200,2,169.62,12.54
ITEM-000007342,ORD-00002950,PROD-000127,5,79.49,0.96
ITEM-000007343,ORD-00002951,PROD-000214,3,199.19,4.19
ITEM-000007344,ORD-00002951,PROD-000243,3,179.01,7.85
ITEM-000007345,ORD-00002951,PROD-000208,5,11.88,1.66
ITEM-000007346,ORD-00002951,PROD-000082,3,153.69,26.99
ITEM-000007347,ORD-00002952,PROD-000202,4,170.28,24.51
ITEM-000007348,ORD-00002952,PROD-000120,3,150.5,6.27
ITEM-000007349,ORD-00002952,PROD-000298,4,75.81,1.93
ITEM-000007350,ORD-00002953,PROD-000128,2,144.64,8.38
ITEM-000007351,ORD-00002953,PROD-000199,4,250.55,46.29
ITEM-000007352,ORD-00002953,PROD-000078,3,104.84,2.17
ITEM-000007353,ORD-00002954,PROD-000042,2,20.87,2.68
ITEM-000007354,ORD-00002954,PROD-000215,2,145.42,21.67
ITEM-000007355,ORD-00002954,PROD-000281,2,205.29,13.3
ITEM-000007356,ORD-00002954,PROD-000109,3,82.03,6.74
ITEM-000007357,ORD-00002955,PROD-000257,4,285.25,14.05
ITEM-000007358,ORD-00002955,PROD-000296,1,161.45,13.33
ITEM-000007359,ORD-00002955,PROD-000052,4,197.07,28.8
ITEM-000007360,ORD-00002956,PROD-000152,5,40.04,3.77
ITEM-000007361,ORD-00002956,PROD-000122,5,174.47,21.23
ITEM-000007362,ORD-00002957,PROD-000213,1,151.52,10.74
ITEM-000007363,ORD-00002958,PROD-000257,1,285.25,5.79
ITEM-000007364,ORD-00002958,PROD-000264,2,25.07,3.48
ITEM-000007365,ORD-00002959,PROD-000015,2,77.71,0.36
ITEM-000007366,ORD-00002960,PROD-000243,2,179.01,13.59
ITEM-000007367,ORD-00002960,PROD-000242,2,248.42,38.51
ITEM-000007368,ORD-00002961,PROD-000049,3,162.37,17.42
ITEM-000007369,ORD-00002962,PROD-000247,5,95.38,17.24
ITEM-000007370,ORD-00002962,PROD-000010,5,265.73,47.63
ITEM-000007371,ORD-00002962,PROD-000198,3,196.53,22.56
ITEM-000007372,ORD-00002962,PROD-000061,2,156.43,30.64
ITEM-000007373,ORD-00002963,PROD-000204,2,193.75,22.95
ITEM-000007374,ORD-00002963,PROD-000153,4,111.79,8.87
ITEM-000007375,ORD-00002963,PROD-000166,3,161.73,27.12
ITEM-000007376,ORD-00002964,PROD-000199,3,250.55,17.26
ITEM-000007377,ORD-00002964,PROD-000208,2,11.88,2.18
ITEM-000007378,ORD-00002965,PROD-000056,4,207.38,5.75
ITEM-000007379,ORD-00002965,PROD-000300,5,90.24,11.38
ITEM-000007380,ORD-00002966,PROD-000006,2,20.4,1.61
ITEM-000007381,ORD-00002966,PROD-000294,3,268.13,27.11
ITEM-000007382,ORD-00002966,PROD-000041,1,146.19,5.31
ITEM-000007383,ORD-00002967,PROD-000197,3,142.58,16.17
ITEM-000007384,ORD-00002967,PROD-000046,5,37.28,3.06
ITEM-000007385,ORD-00002967,PROD-000014,4,250.44,34.16
ITEM-000007386,ORD-00002967,PROD-000282,2,158.46,6.92
ITEM-000007387,ORD-00002968,PROD-000057,1,202.38,4.25
ITEM-000007388,ORD-00002968,PROD-000200,1,169.62,5.76
ITEM-000007389,ORD-00002969,PROD-000059,4,24.94,3.87
ITEM-000007390,ORD-00002970,PROD-000291,5,181.27,9.87
ITEM-000007391,ORD-00002970,PROD-000300,1,90.24,13.74
ITEM-000007392,ORD-00002971,PROD-000100,2,199.6,9.25
ITEM-000007393,ORD-00002972,PROD-000111,4,8.47,1.55
ITEM-000007394,ORD-00002972,PROD-000215,4,145.42,19.1
ITEM-000007395,ORD-00002972,PROD-000106,3,222.78,23.77
ITEM-000007396,ORD-00002973,PROD-000145,1,223.58,36.91
ITEM-000007397,ORD-00002974,PROD-000046,1,37.28,7.12
ITEM-000007398,ORD-00002974,PROD-000223,4,37.75,4.53
ITEM-000007399,ORD-00002974,PROD-000020,1,193.41,38.45
ITEM-000007400,ORD-00002975,PROD-000054,4,6.16,0.01
ITEM-000007401,ORD-00002976,PROD-000297,5,225.62,29.91
ITEM-000007402,ORD-00002976,PROD-000043,1,44.85,0.43
ITEM-000007403,ORD-00002976,PROD-000160,2,96.22,17.2
ITEM-000007404,ORD-00002977,PROD-000078,5,104.84,11.78
ITEM-000007405,ORD-00002978,PROD-000214,1,199.19,16.1
ITEM-000007406,ORD-00002978,PROD-000279,1,88.92,13.3
ITEM-000007407,ORD-00002978,PROD-000038,5,87.71,10.56
ITEM-000007408,ORD-00002978,PROD-000127,3,79.49,2.3
ITEM-000007409,ORD-00002979,PROD-000133,5,67.78,12.14
ITEM-000007410,ORD-00002979,PROD-000169,3,273.71,30.3
ITEM-000007411,ORD-00002980,PROD-000031,2,215.03,13.73
ITEM-000007412,ORD-00002980,PROD-000039,4,21.15,0.26
ITEM-000007413,ORD-00002981,PROD-000290,1,96.01,9.33
ITEM-000007414,ORD-00002981,PROD-000052,2,197.07,36.29
ITEM-000007415,ORD-00002981,PROD-000196,1,266.04,4.25
ITEM-000007416,ORD-00002981,PROD-000247,1,95.38,16.31
ITEM-000007417,ORD-00002982,PROD-000254,1,59.19,2.41
ITEM-000007418,ORD-00002983,PROD-000051,5,151.67,20.68
ITEM-000007419,ORD-00002983,PROD-000009,2,38.67,2.35
ITEM-000007420,ORD-00002984,PROD-000003,2,94.19,18.29
ITEM-000007421,ORD-00002984,PROD-000267,5,237.37,38.12
ITEM-000007422,ORD-00002984,PROD-000046,3,37.28,0.69
ITEM-000007423,ORD-00002984,PROD-000068,5,284.88,26.17
ITEM-000007424,ORD-00002985,PROD-000163,2,87.64,15.93
ITEM-000007425,ORD-00002985,PROD-000039,5,21.15,0.9
ITEM-000007426,ORD-00002985,PROD-000224,4,108.39,18.41
ITEM-000007427,ORD-00002986,PROD-000252,4,138.21,8.14
ITEM-000007428,ORD-00002986,PROD-000220,2,23.88,2.89
ITEM-000007429,ORD-00002986,PROD-000123,5,211.38,33.34
ITEM-000007430,ORD-00002987,PROD-000020,4,193.41,11.67
ITEM-000007431,ORD-00002988,PROD-000195,1,272.68,42.67
ITEM-000007432,ORD-00002989,PROD-000087,2,82.01,10.52
ITEM-000007433,ORD-00002989,PROD-000061,3,156.43,8.88
ITEM-000007434,ORD-00002989,PROD-000025,1,124.64,17.7
ITEM-000007435,ORD-00002990,PROD-000172,2,183.04,12.14
ITEM-000007436,ORD-00002991,PROD-000222,2,173.52,13.48
ITEM-000007437,ORD-00002991,PROD-000209,5,179.59,9.1
ITEM-000007438,ORD-00002991,PROD-000177,3,110.22,3.69
ITEM-000007439,ORD-00002991,PROD-000166,2,161.73,24.51
ITEM-000007440,ORD-00002992,PROD-000160,1,96.22,0.04
ITEM-000007441,ORD-00002992,PROD-000187,3,71.53,6.96
ITEM-000007442,ORD-00002992,PROD-000034,4,22.91,2.67
ITEM-000007443,ORD-00002992,PROD-000142,5,42.45,4.46
ITEM-000007444,ORD-00002993,PROD-000219,4,170.99,20.67
ITEM-000007445,ORD-00002993,PROD-000260,5,87.01,17.09
ITEM-000007446,ORD-00002993,PROD-000114,1,178.3,1.09
ITEM-000007447,ORD-00002994,PROD-000175,4,285.03,25.73
ITEM-000007448,ORD-00002995,PROD-000107,3,9.55,0.7
ITEM-000007449,ORD-00002995,PROD-000259,3,58.93,10.45
ITEM-000007450,ORD-00002995,PROD-000095,4,256.52,32.74
ITEM-000007451,ORD-00002995,PROD-000045,4,139.38,4.35
ITEM-000007452,ORD-00002996,PROD-000069,3,294.54,23.86
ITEM-000007453,ORD-00002996,PROD-000014,3,250.44,19.17
ITEM-000007454,ORD-00002996,PROD-000005,4,162.22,0.73
ITEM-000007455,ORD-00002996,PROD-000022,1,178.72,10.51
ITEM-000007456,ORD-00002997,PROD-000057,2,202.38,0.21
ITEM-000007457,ORD-00002997,PROD-000194,5,65.76,8.53
ITEM-000007458,ORD-00002997,PROD-000216,2,179.85,9.38
ITEM-000007459,ORD-00002998,PROD-000053,1,113.39,0.08
ITEM-000007460,ORD-00002998,PROD-000211,4,34.19,3.7
ITEM-000007461,ORD-00002998,PROD-000031,3,215.03,42.5
ITEM-000007462,ORD-00002998,PROD-000052,4,197.07,5.34
ITEM-000007463,ORD-00002999,PROD-000004,4,61.96,5.05
ITEM-000007464,ORD-00002999,PROD-000099,5,85.82,12.36
ITEM-000007465,ORD-00003000,PROD-000180,2,175.36,4.91
ITEM-000007466,ORD-00003001,PROD-000283,2,40.56,1.47
ITEM-000007467,ORD-00003001,PROD-000285,2,236.26,13.42
ITEM-000007468,ORD-00003002,PROD-000242,3,248.42,43.04
ITEM-000007469,ORD-00003002,PROD-000270,2,159.71,11.43
ITEM-000007470,ORD-00003002,PROD-000153,1,111.79,0.03
ITEM-000007471,ORD-00003003,PROD-000020,5,193.41,10.37
ITEM-000007472,ORD-00003004,PROD-000117,3,220.67,39.28
ITEM-000007473,ORD-00003005,PROD-000060,2,175.48,12.18
ITEM-000007474,ORD-00003006,PROD-000161,2,9.57,0.61
ITEM-000007475,ORD-00003007,PROD-000075,2,62.62,9.6
ITEM-000007476,ORD-00003007,PROD-000272,5,241.9,6.35
ITEM-000007477,ORD-00003007,PROD-000004,4,61.96,3.58
ITEM-000007478,ORD-00003007,PROD-000185,4,183.85,20.46
ITEM-000007479,ORD-00003008,PROD-000238,5,67.16,3.23
ITEM-000007480,ORD-00003009,PROD-000277,1,89.29,15.21
ITEM-000007481,ORD-00003009,PROD-000013,3,89.16,1.82
ITEM-000007482,ORD-00003010,PROD-000169,2,273.71,16.49
ITEM-000007483,ORD-00003010,PROD-000171,2,85.33,13.42
ITEM-000007484,ORD-00003010,PROD-000262,1,149.73,27.84
ITEM-000007485,ORD-00003011,PROD-000148,4,173.72,19.31
ITEM-000007486,ORD-00003011,PROD-000233,3,153.78,22.54
ITEM-000007487,ORD-00003011,PROD-000066,5,12.81,0.09
ITEM-000007488,ORD-00003012,PROD-000262,5,149.73,27.74
ITEM-000007489,ORD-00003013,PROD-000012,4,166.44,7.39
ITEM-000007490,ORD-00003013,PROD-000177,4,110.22,21.63
ITEM-000007491,ORD-00003014,PROD-000117,4,220.67,24.64
ITEM-000007492,ORD-00003015,PROD-000075,1,62.62,2.78
ITEM-000007493,ORD-00003016,PROD-000129,2,145.51,23.92
ITEM-000007494,ORD-00003016,PROD-000207,5,264.8,30.49
ITEM-000007495,ORD-00003016,PROD-000164,3,160.68,17.76
ITEM-000007496,ORD-00003016,PROD-000177,4,110.22,17.29
ITEM-000007497,ORD-00003017,PROD-000011,5,40.55,6.16
ITEM-000007498,ORD-00003017,PROD-000096,5,261.99,46.89
ITEM-000007499,ORD-00003017,PROD-000001,4,161.47,19.46
ITEM-000007500,ORD-00003018,PROD-000291,1,181.27,25.0
ITEM-000007501,ORD-00003018,PROD-000184,2,133.98,13.93
ITEM-000007502,ORD-00003018,PROD-000279,4,88.92,0.26
ITEM-000007503,ORD-00003018,PROD-000035,1,17.96,1.4
ITEM-000007504,ORD-00003019,PROD-000236,2,24.26,1.13
ITEM-000007505,ORD-00003019,PROD-000140,3,113.52,10.08
ITEM-000007506,ORD-00003019,PROD-000023,1,61.71,4.93
ITEM-000007507,ORD-00003019,PROD-000074,4,214.62,17.79
ITEM-000007508,ORD-00003020,PROD-000215,5,145.42,2.01
ITEM-000007509,ORD-00003020,PROD-000283,1,40.56,1.14
ITEM-000007510,ORD-00003021,PROD-000011,5,40.55,2.27
ITEM-000007511,ORD-00003021,PROD-000246,4,42.16,5.19
ITEM-000007512,ORD-00003022,PROD-000204,3,193.75,10.44
ITEM-000007513,ORD-00003022,PROD-000236,4,24.26,4.17
ITEM-000007514,ORD-00003023,PROD-000166,1,161.73,17.19
ITEM-000007515,ORD-00003023,PROD-000095,2,256.52,38.17
ITEM-000007516,ORD-00003024,PROD-000090,2,115.9,6.99
ITEM-000007517,ORD-00003024,PROD-000003,1,94.19,5.16
ITEM-000007518,ORD-00003024,PROD-000233,2,153.78,9.47
ITEM-000007519,ORD-00003025,PROD-000176,2,207.29,39.07
ITEM-000007520,ORD-00003025,PROD-000204,5,193.75,4.19
ITEM-000007521,ORD-00003025,PROD-000274,3,105.23,6.64
ITEM-000007522,ORD-00003026,PROD-000300,1,90.24,6.93
ITEM-000007523,ORD-00003026,PROD-000256,5,26.12,4.23
ITEM-000007524,ORD-00003026,PROD-000008,2,169.86,9.43
ITEM-000007525,ORD-00003027,PROD-000232,1,124.85,5.97
ITEM-000007526,ORD-00003027,PROD-000110,2,230.22,30.26
ITEM-000007527,ORD-00003027,PROD-000174,5,92.99,5.41
ITEM-000007528,ORD-00003028,PROD-000114,1,178.3,11.49
ITEM-000007529,ORD-00003028,PROD-000276,2,96.15,10.1
ITEM-000007530,ORD-00003029,PROD-000024,3,195.99,0.79
ITEM-000007531,ORD-00003029,PROD-000072,5,70.42,6.13
ITEM-000007532,ORD-00003030,PROD-000047,4,16.68,0.53
ITEM-000007533,ORD-00003030,PROD-000249,3,45.99,8.75
ITEM-000007534,ORD-00003031,PROD-000068,1,284.88,17.21
ITEM-000007535,ORD-00003031,PROD-000209,4,179.59,19.45
ITEM-000007536,ORD-00003032,PROD-000062,3,155.19,21.25
ITEM-000007537,ORD-00003032,PROD-000091,4,82.4,6.3
ITEM-000007538,ORD-00003033,PROD-000244,1,54.61,4.33
ITEM-000007539,ORD-00003033,PROD-000065,3,11.5,1.73
ITEM-000007540,ORD-00003034,PROD-000063,2,42.54,4.99
ITEM-000007541,ORD-00003034,PROD-000257,1,285.25,17.23
ITEM-000007542,ORD-00003035,PROD-000004,2,61.96,1.87
ITEM-000007543,ORD-00003035,PROD-000215,1,145.42,19.53
ITEM-000007544,ORD-00003035,PROD-000025,1,124.64,14.37
ITEM-000007545,ORD-00003036,PROD-000109,3,82.03,10.16
ITEM-000007546,ORD-00003036,PROD-000251,5,149.42,14.56
ITEM-000007547,ORD-00003037,PROD-000002,1,24.12,3.12
ITEM-000007548,ORD-00003038,PROD-000298,3,75.81,6.52
ITEM-000007549,ORD-00003038,PROD-000193,2,177.84,6.55
ITEM-000007550,ORD-00003039,PROD-000193,3,177.84,24.9
ITEM-000007551,ORD-00003039,PROD-000033,5,93.06,13.77
ITEM-000007552,ORD-00003039,PROD-000182,5,262.82,16.25
ITEM-000007553,ORD-00003040,PROD-000297,5,225.62,36.64
ITEM-000007554,ORD-00003040,PROD-000074,2,214.62,0.02
ITEM-000007555,ORD-00003040,PROD-000177,2,110.22,3.01
ITEM-000007556,ORD-00003040,PROD-000120,1,150.5,28.97
ITEM-000007557,ORD-00003041,PROD-000239,5,261.64,40.21
ITEM-000007558,ORD-00003041,PROD-000146,3,200.24,15.09
ITEM-000007559,ORD-00003041,PROD-000226,3,148.45,24.88
ITEM-000007560,ORD-00003041,PROD-000228,1,119.68,18.73
ITEM-000007561,ORD-00003042,PROD-000152,3,40.04,1.57
ITEM-000007562,ORD-00003043,PROD-000042,4,20.87,4.07
ITEM-000007563,ORD-00003044,PROD-000216,4,179.85,12.23
ITEM-000007564,ORD-00003044,PROD-000177,2,110.22,14.52
ITEM-000007565,ORD-00003044,PROD-000215,1,145.42,3.64
ITEM-000007566,ORD-00003044,PROD-000295,2,19.6,2.17
ITEM-000007567,ORD-00003045,PROD-000245,5,6.0,0.07
ITEM-000007568,ORD-00003045,PROD-000038,5,87.71,1.05
ITEM-000007569,ORD-00003045,PROD-000068,2,284.88,3.95
ITEM-000007570,ORD-00003046,PROD-000201,4,154.94,19.4
ITEM-000007571,ORD-00003047,PROD-000013,4,89.16,11.22
ITEM-000007572,ORD-00003047,PROD-000245,4,6.0,0.25
ITEM-000007573,ORD-00003047,PROD-000126,2,87.75,2.65
ITEM-000007574,ORD-00003047,PROD-000249,1,45.99,4.96
ITEM-000007575,ORD-00003048,PROD-000037,2,237.13,17.95
ITEM-000007576,ORD-00003048,PROD-000265,3,55.67,7.21
ITEM-000007577,ORD-00003049,PROD-000213,2,151.52,27.63
ITEM-000007578,ORD-00003049,PROD-000043,1,44.85,2.57
ITEM-000007579,ORD-00003049,PROD-000078,5,104.84,6.53
ITEM-000007580,ORD-00003050,PROD-000021,1,258.38,48.52
ITEM-000007581,ORD-00003051,PROD-000233,3,153.78,23.77
ITEM-000007582,ORD-00003051,PROD-000126,5,87.75,13.2
ITEM-000007583,ORD-00003052,PROD-000125,1,191.28,7.93
ITEM-000007584,ORD-00003052,PROD-000133,4,67.78,4.67
ITEM-000007585,ORD-00003053,PROD-000195,5,272.68,11.38
ITEM-000007586,ORD-00003053,PROD-000246,5,42.16,6.02
ITEM-000007587,ORD-00003053,PROD-000053,4,113.39,14.95
ITEM-000007588,ORD-00003053,PROD-000104,4,157.98,13.04
ITEM-000007589,ORD-00003054,PROD-000175,2,285.03,52.41
ITEM-000007590,ORD-00003055,PROD-000022,1,178.72,3.52
ITEM-000007591,ORD-00003055,PROD-000141,1,197.96,32.25
ITEM-000007592,ORD-00003056,PROD-000084,4,138.49,10.88
ITEM-000007593,ORD-00003056,PROD-000095,4,256.52,22.84
ITEM-000007594,ORD-00003056,PROD-000113,3,38.45,0.49
ITEM-000007595,ORD-00003057,PROD-000250,2,168.52,33.48
ITEM-000007596,ORD-00003057,PROD-000162,3,263.26,11.62
ITEM-000007597,ORD-00003058,PROD-000251,3,149.42,20.1
ITEM-000007598,ORD-00003058,PROD-000161,4,9.57,1.17
ITEM-000007599,ORD-00003059,PROD-000134,5,240.79,21.25
ITEM-000007600,ORD-00003059,PROD-000151,5,206.31,17.57
ITEM-000007601,ORD-00003059,PROD-000085,3,65.75,10.71
ITEM-000007602,ORD-00003059,PROD-000296,3,161.45,22.87
ITEM-000007603,ORD-00003060,PROD-000012,3,166.44,13.54
ITEM-000007604,ORD-00003061,PROD-000162,1,263.26,50.47
ITEM-000007605,ORD-00003061,PROD-000297,2,225.62,43.8
ITEM-000007606,ORD-00003062,PROD-000168,4,145.2,15.5
ITEM-000007607,ORD-00003062,PROD-000171,1,85.33,2.44
ITEM-000007608,ORD-00003062,PROD-000028,4,283.29,43.4
ITEM-000007609,ORD-00003062,PROD-000230,4,66.97,9.52
ITEM-000007610,ORD-00003063,PROD-000119,3,241.98,33.98
ITEM-000007611,ORD-00003063,PROD-000226,5,148.45,23.09
ITEM-000007612,ORD-00003064,PROD-000138,2,256.34,3.74
ITEM-000007613,ORD-00003064,PROD-000295,1,19.6,1.18
ITEM-000007614,ORD-00003064,PROD-000191,1,254.19,9.46
ITEM-000007615,ORD-00003065,PROD-000150,4,213.07,19.67
ITEM-000007616,ORD-00003065,PROD-000004,3,61.96,11.29
ITEM-000007617,ORD-00003066,PROD-000291,4,181.27,31.1
ITEM-000007618,ORD-00003066,PROD-000071,3,48.6,1.13
ITEM-000007619,ORD-00003066,PROD-000267,3,237.37,33.14
ITEM-000007620,ORD-00003066,PROD-000027,4,268.28,1.3
ITEM-000007621,ORD-00003067,PROD-000272,2,241.9,4.53
ITEM-000007622,ORD-00003067,PROD-000232,5,124.85,17.0
ITEM-000007623,ORD-00003068,PROD-000125,2,191.28,17.01
ITEM-000007624,ORD-00003068,PROD-000080,1,141.46,26.21
ITEM-000007625,ORD-00003069,PROD-000163,1,87.64,12.58
ITEM-000007626,ORD-00003069,PROD-000203,4,217.05,17.37
ITEM-000007627,ORD-00003069,PROD-000228,1,119.68,9.46
ITEM-000007628,ORD-00003070,PROD-000113,2,38.45,6.53
ITEM-000007629,ORD-00003070,PROD-000267,4,237.37,9.52
ITEM-000007630,ORD-00003070,PROD-000058,1,86.29,17.06
ITEM-000007631,ORD-00003070,PROD-000078,1,104.84,17.23
ITEM-000007632,ORD-00003071,PROD-000266,3,145.38,14.64
ITEM-000007633,ORD-00003072,PROD-000065,4,11.5,1.88
ITEM-000007634,ORD-00003072,PROD-000279,2,88.92,3.64
ITEM-000007635,ORD-00003072,PROD-000109,4,82.03,13.93
ITEM-000007636,ORD-00003073,PROD-000012,5,166.44,5.54
ITEM-000007637,ORD-00003073,PROD-000277,5,89.29,7.24
ITEM-000007638,ORD-00003073,PROD-000044,2,31.7,2.42
ITEM-000007639,ORD-00003073,PROD-000172,3,183.04,22.21
ITEM-000007640,ORD-00003074,PROD-000223,5,37.75,1.0
ITEM-000007641,ORD-00003074,PROD-000288,3,13.25,2.43
ITEM-000007642,ORD-00003074,PROD-000144,5,184.59,26.4
ITEM-000007643,ORD-00003075,PROD-000059,2,24.94,0.73
ITEM-000007644,ORD-00003076,PROD-000048,5,239.02,44.48
ITEM-000007645,ORD-00003076,PROD-000192,1,222.13,36.65
ITEM-000007646,ORD-00003076,PROD-000001,1,161.47,3.5
ITEM-000007647,ORD-00003077,PROD-000150,4,213.07,4.68
ITEM-000007648,ORD-00003077,PROD-000177,5,110.22,15.77
ITEM-000007649,ORD-00003077,PROD-000031,5,215.03,37.75
ITEM-000007650,ORD-00003078,PROD-000269,5,116.44,13.44
ITEM-000007651,ORD-00003078,PROD-000019,3,146.76,7.49
ITEM-000007652,ORD-00003079,PROD-000032,3,114.8,1.41
ITEM-000007653,ORD-00003080,PROD-000033,3,93.06,7.55
ITEM-000007654,ORD-00003080,PROD-000261,3,28.24,0.43
ITEM-000007655,ORD-00003081,PROD-000170,2,124.7,13.03
ITEM-000007656,ORD-00003081,PROD-000053,3,113.39,11.68
ITEM-000007657,ORD-00003082,PROD-000245,3,6.0,0.55
ITEM-000007658,ORD-00003082,PROD-000181,5,155.05,1.55
ITEM-000007659,ORD-00003083,PROD-000007,1,234.37,43.23
ITEM-000007660,ORD-00003084,PROD-000196,3,266.04,23.8
ITEM-000007661,ORD-00003084,PROD-000250,4,168.52,18.5
ITEM-000007662,ORD-00003084,PROD-000019,1,146.76,28.24
ITEM-000007663,ORD-00003085,PROD-000080,4,141.46,22.36
ITEM-000007664,ORD-00003086,PROD-000208,5,11.88,1.25
ITEM-000007665,ORD-00003087,PROD-000248,1,206.76,18.03
ITEM-000007666,ORD-00003087,PROD-000055,3,139.15,14.36
ITEM-000007667,ORD-00003088,PROD-000218,5,184.34,36.05
ITEM-000007668,ORD-00003088,PROD-000058,1,86.29,9.82
ITEM-000007669,ORD-00003088,PROD-000241,4,199.27,17.48
ITEM-000007670,ORD-00003088,PROD-000297,5,225.62,9.11
ITEM-000007671,ORD-00003089,PROD-000082,4,153.69,2.02
ITEM-000007672,ORD-00003089,PROD-000022,3,178.72,30.91
ITEM-000007673,ORD-00003090,PROD-000275,2,143.99,10.8
ITEM-000007674,ORD-00003090,PROD-000131,3,157.33,20.25
ITEM-000007675,ORD-00003090,PROD-000035,5,17.96,1.25
ITEM-000007676,ORD-00003091,PROD-000226,2,148.45,16.19
ITEM-000007677,ORD-00003091,PROD-000127,3,79.49,15.13
ITEM-000007678,ORD-00003091,PROD-000127,5,79.49,10.43
ITEM-000007679,ORD-00003092,PROD-000145,2,223.58,17.35
ITEM-000007680,ORD-00003092,PROD-000073,1,65.08,6.09
ITEM-000007681,ORD-00003093,PROD-000172,5,183.04,1.59
ITEM-000007682,ORD-00003093,PROD-000170,5,124.7,20.31
ITEM-000007683,ORD-00003093,PROD-000218,4,184.34,20.21
ITEM-000007684,ORD-00003093,PROD-000107,1,9.55,1.56
ITEM-000007685,ORD-00003094,PROD-000004,2,61.96,9.77
ITEM-000007686,ORD-00003094,PROD-000175,2,285.03,8.98
ITEM-000007687,ORD-00003095,PROD-000092,4,68.92,10.39
ITEM-000007688,ORD-00003095,PROD-000221,5,68.23,7.64
ITEM-000007689,ORD-00003095,PROD-000114,3,178.3,11.29
ITEM-000007690,ORD-00003095,PROD-000190,1,66.83,2.2
ITEM-000007691,ORD-00003096,PROD-000266,3,145.38,27.43
ITEM-000007692,ORD-00003096,PROD-000219,1,170.99,33.11
ITEM-000007693,ORD-00003097,PROD-000279,4,88.92,14.55
ITEM-000007694,ORD-00003098,PROD-000275,5,143.99,26.61
ITEM-000007695,ORD-00003099,PROD-000005,4,162.22,24.84
ITEM-000007696,ORD-00003099,PROD-000115,5,48.49,8.39
ITEM-000007697,ORD-00003100,PROD-000248,4,206.76,19.4
ITEM-000007698,ORD-00003100,PROD-000060,1,175.48,30.84
ITEM-000007699,ORD-00003101,PROD-000072,3,70.42,1.81
ITEM-000007700,ORD-00003101,PROD-000247,5,95.38,17.58
ITEM-000007701,ORD-00003101,PROD-000102,1,242.49,37.84
ITEM-000007702,ORD-00003102,PROD-000005,4,162.22,29.44
ITEM-000007703,ORD-00003103,PROD-000038,1,87.71,14.51
ITEM-000007704,ORD-00003103,PROD-000143,2,136.71,5.29
ITEM-000007705,ORD-00003104,PROD-000251,2,149.42,26.55
ITEM-000007706,ORD-00003104,PROD-000027,3,268.28,39.64
ITEM-000007707,ORD-00003104,PROD-000248,4,206.76,40.75
ITEM-000007708,ORD-00003105,PROD-000219,1,170.99,23.18
ITEM-000007709,ORD-00003106,PROD-000056,4,207.38,15.13
ITEM-000007710,ORD-00003106,PROD-000223,3,37.75,5.83
ITEM-000007711,ORD-00003106,PROD-000207,4,264.8,21.54
ITEM-000007712,ORD-00003106,PROD-000021,5,258.38,31.49
ITEM-000007713,ORD-00003107,PROD-000269,2,116.44,4.54
ITEM-000007714,ORD-00003107,PROD-000137,1,34.68,0.12
ITEM-000007715,ORD-00003107,PROD-000188,2,170.88,5.52
ITEM-000007716,ORD-00003107,PROD-000145,2,223.58,44.11
ITEM-000007717,ORD-00003108,PROD-000187,2,71.53,11.16
ITEM-000007718,ORD-00003108,PROD-000103,2,155.54,3.96
ITEM-000007719,ORD-00003108,PROD-000046,5,37.28,0.57
ITEM-000007720,ORD-00003108,PROD-000133,2,67.78,13.34
ITEM-000007721,ORD-00003109,PROD-000235,1,121.53,8.8
ITEM-000007722,ORD-00003110,PROD-000245,2,6.0,0.51
ITEM-000007723,ORD-00003110,PROD-000059,3,24.94,2.46
ITEM-000007724,ORD-00003110,PROD-000059,1,24.94,4.53
ITEM-000007725,ORD-00003111,PROD-000020,1,193.41,1.7
ITEM-000007726,ORD-00003111,PROD-000204,2,193.75,16.24
ITEM-000007727,ORD-00003111,PROD-000016,5,56.87,0.37
ITEM-000007728,ORD-00003112,PROD-000179,5,215.5,24.65
ITEM-000007729,ORD-00003112,PROD-000107,3,9.55,1.61
ITEM-000007730,ORD-00003112,PROD-000173,5,253.18,23.08
ITEM-000007731,ORD-00003112,PROD-000285,2,236.26,10.43
ITEM-000007732,ORD-00003113,PROD-000260,5,87.01,12.42
ITEM-000007733,ORD-00003113,PROD-000184,4,133.98,23.97
ITEM-000007734,ORD-00003113,PROD-000096,1,261.99,14.86
ITEM-000007735,ORD-00003114,PROD-000242,5,248.42,4.54
ITEM-000007736,ORD-00003114,PROD-000130,4,154.33,7.48
ITEM-000007737,ORD-00003114,PROD-000259,4,58.93,11.61
ITEM-000007738,ORD-00003114,PROD-000199,3,250.55,34.01
ITEM-000007739,ORD-00003115,PROD-000080,1,141.46,24.8
ITEM-000007740,ORD-00003115,PROD-000047,4,16.68,2.31
ITEM-000007741,ORD-00003116,PROD-000217,3,39.78,1.16
ITEM-000007742,ORD-00003116,PROD-000266,2,145.38,9.02
ITEM-000007743,ORD-00003116,PROD-000276,3,96.15,5.07
ITEM-000007744,ORD-00003116,PROD-000086,4,126.38,16.93
ITEM-000007745,ORD-00003117,PROD-000002,1,24.12,3.91
ITEM-000007746,ORD-00003117,PROD-000073,1,65.08,7.11
ITEM-000007747,ORD-00003117,PROD-000026,1,248.15,15.1
ITEM-000007748,ORD-00003118,PROD-000009,3,38.67,0.67
ITEM-000007749,ORD-00003118,PROD-000013,5,89.16,13.65
ITEM-000007750,ORD-00003118,PROD-000144,2,184.59,30.42
ITEM-000007751,ORD-00003118,PROD-000254,1,59.19,4.74
ITEM-000007752,ORD-00003119,PROD-000030,2,45.68,9.03
ITEM-000007753,ORD-00003119,PROD-000164,4,160.68,27.16
ITEM-000007754,ORD-00003120,PROD-000196,5,266.04,37.92
ITEM-000007755,ORD-00003120,PROD-000103,1,155.54,2.78
ITEM-000007756,ORD-00003121,PROD-000030,1,45.68,5.38
ITEM-000007757,ORD-00003122,PROD-000034,5,22.91,2.03
ITEM-000007758,ORD-00003122,PROD-000059,1,24.94,4.04
ITEM-000007759,ORD-00003123,PROD-000273,1,164.42,5.71
ITEM-000007760,ORD-00003123,PROD-000119,3,241.98,33.83
ITEM-000007761,ORD-00003123,PROD-000143,1,136.71,9.16
ITEM-000007762,ORD-00003124,PROD-000026,5,248.15,36.71
ITEM-000007763,ORD-00003124,PROD-000026,3,248.15,35.05
ITEM-000007764,ORD-00003125,PROD-000214,4,199.19,3.53
ITEM-000007765,ORD-00003125,PROD-000214,4,199.19,6.79
ITEM-000007766,ORD-00003125,PROD-000013,5,89.16,14.07
ITEM-000007767,ORD-00003125,PROD-000043,2,44.85,8.84
ITEM-000007768,ORD-00003126,PROD-000267,1,237.37,16.56
ITEM-000007769,ORD-00003126,PROD-000293,3,32.6,5.08
ITEM-000007770,ORD-00003126,PROD-000132,4,261.68,44.32
ITEM-000007771,ORD-00003126,PROD-000178,2,192.03,2.83
ITEM-000007772,ORD-00003127,PROD-000019,3,146.76,19.99
ITEM-000007773,ORD-00003128,PROD-000126,1,87.75,15.13
ITEM-000007774,ORD-00003128,PROD-000222,4,173.52,32.27
ITEM-000007775,ORD-00003129,PROD-000258,3,173.11,33.89
ITEM-000007776,ORD-00003129,PROD-000049,5,162.37,18.98
ITEM-000007777,ORD-00003129,PROD-000064,3,39.81,1.11
ITEM-000007778,ORD-00003129,PROD-000217,5,39.78,1.85
ITEM-000007779,ORD-00003130,PROD-000183,1,197.83,29.97
ITEM-000007780,ORD-00003130,PROD-000054,4,6.16,1.0
ITEM-000007781,ORD-00003130,PROD-000219,4,170.99,23.6
ITEM-000007782,ORD-00003130,PROD-000051,5,151.67,15.02
ITEM-000007783,ORD-00003131,PROD-000065,5,11.5,1.25
ITEM-000007784,ORD-00003131,PROD-000111,4,8.47,1.57
ITEM-000007785,ORD-00003131,PROD-000222,5,173.52,18.25
ITEM-000007786,ORD-00003131,PROD-000184,1,133.98,2.35
ITEM-000007787,ORD-00003132,PROD-000083,4,56.68,10.48
ITEM-000007788,ORD-00003132,PROD-000089,5,64.06,2.04
ITEM-000007789,ORD-00003132,PROD-000218,4,184.34,16.04
ITEM-000007790,ORD-00003132,PROD-000264,5,25.07,0.06
ITEM-000007791,ORD-00003133,PROD-000230,4,66.97,1.15
ITEM-000007792,ORD-00003133,PROD-000203,3,217.05,7.34
ITEM-000007793,ORD-00003134,PROD-000238,3,67.16,7.8
ITEM-000007794,ORD-00003135,PROD-000163,5,87.64,9.39
ITEM-000007795,ORD-00003135,PROD-000070,3,170.09,11.61
ITEM-000007796,ORD-00003136,PROD-000246,4,42.16,1.28
ITEM-000007797,ORD-00003136,PROD-000166,5,161.73,27.04
ITEM-000007798,ORD-00003136,PROD-000195,3,272.68,1.36
ITEM-000007799,ORD-00003136,PROD-000097,5,186.58,13.78
ITEM-000007800,ORD-00003137,PROD-000163,1,87.64,16.2
ITEM-000007801,ORD-00003138,PROD-000064,4,39.81,0.87
ITEM-000007802,ORD-00003138,PROD-000199,3,250.55,24.2
ITEM-000007803,ORD-00003138,PROD-000299,2,233.47,26.69
ITEM-000007804,ORD-00003139,PROD-000181,4,155.05,10.88
ITEM-000007805,ORD-00003139,PROD-000048,5,239.02,25.47
ITEM-000007806,ORD-00003140,PROD-000059,3,24.94,2.62
ITEM-000007807,ORD-00003141,PROD-000029,3,254.26,39.35
ITEM-000007808,ORD-00003142,PROD-000095,3,256.52,13.84
ITEM-000007809,ORD-00003143,PROD-000268,4,101.37,11.38
ITEM-000007810,ORD-00003143,PROD-000252,3,138.21,17.68
ITEM-000007811,ORD-00003144,PROD-000120,1,150.5,23.3
ITEM-000007812,ORD-00003145,PROD-000010,1,265.73,5.4
ITEM-000007813,ORD-00003145,PROD-000077,3,105.6,13.38
ITEM-000007814,ORD-00003146,PROD-000260,4,87.01,14.54
ITEM-000007815,ORD-00003147,PROD-000253,3,14.2,0.49
ITEM-000007816,ORD-00003148,PROD-000206,5,129.81,8.95
ITEM-000007817,ORD-00003149,PROD-000083,2,56.68,9.65
ITEM-000007818,ORD-00003149,PROD-000209,5,179.59,7.57
ITEM-000007819,ORD-00003150,PROD-000288,1,13.25,1.02
ITEM-000007820,ORD-00003151,PROD-000007,4,234.37,29.95
ITEM-000007821,ORD-00003152,PROD-000070,3,170.09,26.72
ITEM-000007822,ORD-00003153,PROD-000217,2,39.78,2.07
ITEM-000007823,ORD-00003153,PROD-000294,4,268.13,19.49
ITEM-000007824,ORD-00003153,PROD-000241,3,199.27,39.62
ITEM-000007825,ORD-00003153,PROD-000168,4,145.2,25.68
ITEM-000007826,ORD-00003154,PROD-000142,3,42.45,3.32
ITEM-000007827,ORD-00003155,PROD-000209,4,179.59,9.18
ITEM-000007828,ORD-00003155,PROD-000195,5,272.68,49.26
ITEM-000007829,ORD-00003155,PROD-000107,3,9.55,1.23
ITEM-000007830,ORD-00003156,PROD-000191,2,254.19,12.93
ITEM-000007831,ORD-00003156,PROD-000034,3,22.91,1.74
ITEM-000007832,ORD-00003156,PROD-000220,5,23.88,4.66
ITEM-000007833,ORD-00003157,PROD-000182,5,262.82,10.44
ITEM-000007834,ORD-00003157,PROD-000138,5,256.34,10.17
ITEM-000007835,ORD-00003157,PROD-000152,5,40.04,5.94
ITEM-000007836,ORD-00003157,PROD-000118,3,182.0,23.84
ITEM-000007837,ORD-00003158,PROD-000082,4,153.69,25.58
ITEM-000007838,ORD-00003158,PROD-000111,4,8.47,1.66
ITEM-000007839,ORD-00003158,PROD-000154,5,128.85,8.07
ITEM-000007840,ORD-00003158,PROD-000079,1,158.41,27.27
ITEM-000007841,ORD-00003159,PROD-000243,3,179.01,18.78
ITEM-000007842,ORD-00003159,PROD-000003,5,94.19,16.97
ITEM-000007843,ORD-00003159,PROD-000149,2,175.39,5.58
ITEM-000007844,ORD-00003159,PROD-000210,5,24.0,2.69
ITEM-000007845,ORD-00003160,PROD-000154,2,128.85,22.45
ITEM-000007846,ORD-00003160,PROD-000221,5,68.23,9.42
ITEM-000007847,ORD-00003160,PROD-000275,1,143.99,10.25
ITEM-000007848,ORD-00003161,PROD-000164,1,160.68,11.61
ITEM-000007849,ORD-00003161,PROD-000017,5,59.6,2.08
ITEM-000007850,ORD-00003161,PROD-000138,4,256.34,23.76
ITEM-000007851,ORD-00003162,PROD-000027,4,268.28,10.57
ITEM-000007852,ORD-00003163,PROD-000101,5,132.99,1.21
ITEM-000007853,ORD-00003163,PROD-000240,4,62.18,2.83
ITEM-000007854,ORD-00003164,PROD-000073,5,65.08,4.1
ITEM-000007855,ORD-00003164,PROD-000177,1,110.22,5.33
ITEM-000007856,ORD-00003164,PROD-000015,1,77.71,6.55
ITEM-000007857,ORD-00003164,PROD-000172,5,183.04,36.34
ITEM-000007858,ORD-00003165,PROD-000182,1,262.82,35.56
ITEM-000007859,ORD-00003166,PROD-000154,3,128.85,0.6
ITEM-000007860,ORD-00003167,PROD-000288,1,13.25,0.83
ITEM-000007861,ORD-00003167,PROD-000176,2,207.29,36.68
ITEM-000007862,ORD-00003168,PROD-000238,5,67.16,3.56
ITEM-000007863,ORD-00003168,PROD-000120,2,150.5,22.59
ITEM-000007864,ORD-00003169,PROD-000097,1,186.58,29.76
ITEM-000007865,ORD-00003169,PROD-000052,1,197.07,5.61
ITEM-000007866,ORD-00003169,PROD-000181,5,155.05,0.91
ITEM-000007867,ORD-00003170,PROD-000206,3,129.81,4.79
ITEM-000007868,ORD-00003170,PROD-000236,3,24.26,0.72
ITEM-000007869,ORD-00003171,PROD-000195,2,272.68,43.96
ITEM-000007870,ORD-00003171,PROD-000177,1,110.22,15.25
ITEM-000007871,ORD-00003171,PROD-000269,3,116.44,11.55
ITEM-000007872,ORD-00003171,PROD-000271,2,142.48,15.79
ITEM-000007873,ORD-00003172,PROD-000179,3,215.5,14.75
ITEM-000007874,ORD-00003172,PROD-000042,3,20.87,2.64
ITEM-000007875,ORD-00003172,PROD-000221,1,68.23,10.89
ITEM-000007876,ORD-00003173,PROD-000300,2,90.24,5.85
ITEM-000007877,ORD-00003174,PROD-000245,3,6.0,0.41
ITEM-000007878,ORD-00003175,PROD-000161,2,9.57,1.32
ITEM-000007879,ORD-00003175,PROD-000017,4,59.6,1.62
ITEM-000007880,ORD-00003175,PROD-000096,5,261.99,44.29
ITEM-000007881,ORD-00003176,PROD-000234,2,86.25,4.27
ITEM-000007882,ORD-00003176,PROD-000129,4,145.51,2.78
ITEM-000007883,ORD-00003176,PROD-000072,1,70.42,9.41
ITEM-000007884,ORD-00003176,PROD-000244,3,54.61,10.52
ITEM-000007885,ORD-00003177,PROD-000218,3,184.34,32.55
ITEM-000007886,ORD-00003177,PROD-000089,4,64.06,0.37
ITEM-000007887,ORD-00003178,PROD-000270,1,159.71,16.33
ITEM-000007888,ORD-00003178,PROD-000227,4,231.18,7.39
ITEM-000007889,ORD-00003178,PROD-000031,4,215.03,24.56
ITEM-000007890,ORD-00003179,PROD-000221,2,68.23,0.28
ITEM-000007891,ORD-00003180,PROD-000173,1,253.18,22.07
ITEM-000007892,ORD-00003180,PROD-000253,1,14.2,0.88
ITEM-000007893,ORD-00003181,PROD-000169,5,273.71,44.97
ITEM-000007894,ORD-00003182,PROD-000065,4,11.5,1.01
ITEM-000007895,ORD-00003182,PROD-000052,2,197.07,37.53
ITEM-000007896,ORD-00003183,PROD-000144,2,184.59,30.56
ITEM-000007897,ORD-00003183,PROD-000272,5,241.9,25.67
ITEM-000007898,ORD-00003184,PROD-000158,5,51.52,3.55
ITEM-000007899,ORD-00003185,PROD-000150,2,213.07,2.44
ITEM-000007900,ORD-00003186,PROD-000125,4,191.28,11.39
ITEM-000007901,ORD-00003186,PROD-000024,2,195.99,21.68
ITEM-000007902,ORD-00003186,PROD-000122,1,174.47,8.59
ITEM-000007903,ORD-00003187,PROD-000242,3,248.42,38.11
ITEM-000007904,ORD-00003187,PROD-000227,4,231.18,21.57
ITEM-000007905,ORD-00003188,PROD-000057,3,202.38,11.85
ITEM-000007906,ORD-00003189,PROD-000147,3,65.7,2.55
ITEM-000007907,ORD-00003190,PROD-000267,2,237.37,30.71
ITEM-000007908,ORD-00003191,PROD-000224,5,108.39,8.08
ITEM-000007909,ORD-00003191,PROD-000044,1,31.7,4.35
ITEM-000007910,ORD-00003192,PROD-000300,4,90.24,8.73
ITEM-000007911,ORD-00003192,PROD-000055,3,139.15,0.44
ITEM-000007912,ORD-00003193,PROD-000300,1,90.24,17.12
ITEM-000007913,ORD-00003193,PROD-000240,5,62.18,1.57
ITEM-000007914,ORD-00003194,PROD-000033,4,93.06,3.98
ITEM-000007915,ORD-00003194,PROD-000083,5,56.68,1.26
ITEM-000007916,ORD-00003194,PROD-000219,2,170.99,23.44
ITEM-000007917,ORD-00003195,PROD-000028,5,283.29,27.72
ITEM-000007918,ORD-00003196,PROD-000081,1,132.7,15.76
ITEM-000007919,ORD-00003196,PROD-000127,4,79.49,9.02
ITEM-000007920,ORD-00003197,PROD-000165,4,223.01,9.72
ITEM-000007921,ORD-00003198,PROD-000223,4,37.75,0.86
ITEM-000007922,ORD-00003198,PROD-000014,3,250.44,6.86
ITEM-000007923,ORD-00003198,PROD-000264,4,25.07,2.44
ITEM-000007924,ORD-00003198,PROD-000227,3,231.18,16.01
ITEM-000007925,ORD-00003199,PROD-000192,2,222.13,2.51
ITEM-000007926,ORD-00003200,PROD-000163,1,87.64,0.18
ITEM-000007927,ORD-00003200,PROD-000091,1,82.4,2.16
ITEM-000007928,ORD-00003200,PROD-000194,5,65.76,3.21
ITEM-000007929,ORD-00003201,PROD-000285,5,236.26,1.62
ITEM-000007930,ORD-00003201,PROD-000110,3,230.22,29.37
ITEM-000007931,ORD-00003201,PROD-000029,2,254.26,30.23
ITEM-000007932,ORD-00003201,PROD-000258,4,173.11,15.67
ITEM-000007933,ORD-00003202,PROD-000025,2,124.64,16.17
ITEM-000007934,ORD-00003202,PROD-000025,3,124.64,0.21
ITEM-000007935,ORD-00003202,PROD-000106,3,222.78,18.18
ITEM-000007936,ORD-00003202,PROD-000236,3,24.26,1.44
ITEM-000007937,ORD-00003203,PROD-000275,2,143.99,6.91
ITEM-000007938,ORD-00003204,PROD-000278,5,201.25,3.87
ITEM-000007939,ORD-00003204,PROD-000039,2,21.15,3.51
ITEM-000007940,ORD-00003204,PROD-000068,4,284.88,9.83
ITEM-000007941,ORD-00003204,PROD-000025,3,124.64,2.5
ITEM-000007942,ORD-00003205,PROD-000144,4,184.59,2.22
ITEM-000007943,ORD-00003205,PROD-000280,3,137.35,4.39
ITEM-000007944,ORD-00003206,PROD-000051,2,151.67,16.24
ITEM-000007945,ORD-00003207,PROD-000186,2,39.92,1.39
ITEM-000007946,ORD-00003207,PROD-000282,2,158.46,21.71
ITEM-000007947,ORD-00003208,PROD-000199,5,250.55,6.09
ITEM-000007948,ORD-00003209,PROD-000114,4,178.3,29.99
ITEM-000007949,ORD-00003209,PROD-000122,5,174.47,19.73
ITEM-000007950,ORD-00003209,PROD-000045,4,139.38,27.61
ITEM-000007951,ORD-00003209,PROD-000195,5,272.68,0.69
ITEM-000007952,ORD-00003210,PROD-000249,4,45.99,4.43
ITEM-000007953,ORD-00003210,PROD-000024,1,195.99,0.91
ITEM-000007954,ORD-00003210,PROD-000067,1,47.96,2.46
ITEM-000007955,ORD-00003211,PROD-000026,4,248.15,45.33
ITEM-000007956,ORD-00003212,PROD-000059,4,24.94,1.2
ITEM-000007957,ORD-00003212,PROD-000288,3,13.25,2.31
ITEM-000007958,ORD-00003212,PROD-000015,5,77.71,13.02
ITEM-000007959,ORD-00003212,PROD-000165,1,223.01,8.04
ITEM-000007960,ORD-00003213,PROD-000004,5,61.96,4.6
ITEM-000007961,ORD-00003213,PROD-000057,5,202.38,30.5
ITEM-000007962,ORD-00003213,PROD-000136,3,57.07,4.13
ITEM-000007963,ORD-00003213,PROD-000187,4,71.53,8.66
ITEM-000007964,ORD-00003214,PROD-000203,3,217.05,14.69
ITEM-000007965,ORD-00003214,PROD-000059,5,24.94,0.93
ITEM-000007966,ORD-00003215,PROD-000256,1,26.12,1.23
ITEM-000007967,ORD-00003215,PROD-000229,1,175.01,24.08
ITEM-000007968,ORD-00003215,PROD-000257,5,285.25,23.69
ITEM-000007969,ORD-00003215,PROD-000073,4,65.08,3.13
ITEM-000007970,ORD-00003216,PROD-000206,1,129.81,3.49
ITEM-000007971,ORD-00003216,PROD-000206,4,129.81,23.98
ITEM-000007972,ORD-00003216,PROD-000226,5,148.45,6.49
ITEM-000007973,ORD-00003217,PROD-000191,3,254.19,25.14
ITEM-000007974,ORD-00003218,PROD-000051,2,151.67,16.52
ITEM-000007975,ORD-00003218,PROD-000269,4,116.44,17.41
ITEM-000007976,ORD-00003218,PROD-000024,2,195.99,28.59
ITEM-000007977,ORD-00003218,PROD-000112,3,194.6,25.97
ITEM-000007978,ORD-00003219,PROD-000155,3,199.69,31.45
ITEM-000007979,ORD-00003220,PROD-000091,4,82.4,6.99
ITEM-000007980,ORD-00003220,PROD-000112,1,194.6,11.55
ITEM-000007981,ORD-00003220,PROD-000057,1,202.38,32.6
ITEM-000007982,ORD-00003220,PROD-000214,1,199.19,27.26
ITEM-000007983,ORD-00003221,PROD-000053,3,113.39,4.21
ITEM-000007984,ORD-00003221,PROD-000262,2,149.73,3.37
ITEM-000007985,ORD-00003222,PROD-000273,4,164.42,6.81
ITEM-000007986,ORD-00003222,PROD-000213,3,151.52,14.52
ITEM-000007987,ORD-00003222,PROD-000129,4,145.51,9.11
ITEM-000007988,ORD-00003222,PROD-000276,5,96.15,7.45
ITEM-000007989,ORD-00003223,PROD-000012,2,166.44,12.56
ITEM-000007990,ORD-00003223,PROD-000287,2,54.46,0.03
ITEM-000007991,ORD-00003223,PROD-000143,5,136.71,6.01
ITEM-000007992,ORD-00003223,PROD-000117,4,220.67,32.17
ITEM-000007993,ORD-00003224,PROD-000177,5,110.22,21.5
ITEM-000007994,ORD-00003225,PROD-000059,2,24.94,2.41
ITEM-000007995,ORD-00003225,PROD-000030,4,45.68,3.01
ITEM-000007996,ORD-00003226,PROD-000144,1,184.59,1.61
ITEM-000007997,ORD-00003226,PROD-000136,1,57.07,4.3
ITEM-000007998,ORD-00003227,PROD-000297,1,225.62,3.7
ITEM-000007999,ORD-00003227,PROD-000232,2,124.85,3.2
ITEM-000008000,ORD-00003228,PROD-000144,4,184.59,4.58
ITEM-000008001,ORD-00003228,PROD-000099,1,85.82,1.5
ITEM-000008002,ORD-00003229,PROD-000229,5,175.01,27.05
ITEM-000008003,ORD-00003230,PROD-000028,4,283.29,18.96
ITEM-000008004,ORD-00003230,PROD-000230,5,66.97,8.21
ITEM-000008005,ORD-00003230,PROD-000267,3,237.37,39.53
ITEM-000008006,ORD-00003230,PROD-000245,3,6.0,0.7
ITEM-000008007,ORD-00003231,PROD-000030,3,45.68,1.47
ITEM-000008008,ORD-00003231,PROD-000070,1,170.09,16.68
ITEM-000008009,ORD-00003231,PROD-000057,3,202.38,22.11
ITEM-000008010,ORD-00003231,PROD-000210,3,24.0,4.74
ITEM-000008011,ORD-00003232,PROD-000265,1,55.67,6.16
ITEM-000008012,ORD-00003232,PROD-000274,1,105.23,20.94
ITEM-000008013,ORD-00003232,PROD-000005,4,162.22,2.5
ITEM-000008014,ORD-00003233,PROD-000161,4,9.57,1.65
ITEM-000008015,ORD-00003233,PROD-000049,4,162.37,6.5
ITEM-000008016,ORD-00003234,PROD-000087,5,82.01,7.56
ITEM-000008017,ORD-00003235,PROD-000181,4,155.05,25.37
ITEM-000008018,ORD-00003235,PROD-000213,1,151.52,12.68
ITEM-000008019,ORD-00003235,PROD-000157,5,15.55,1.28
ITEM-000008020,ORD-00003236,PROD-000288,5,13.25,0.19
ITEM-000008021,ORD-00003236,PROD-000294,2,268.13,28.18
ITEM-000008022,ORD-00003236,PROD-000298,5,75.81,0.81
ITEM-000008023,ORD-00003236,PROD-000272,2,241.9,33.75
ITEM-000008024,ORD-00003237,PROD-000107,1,9.55,0.95
ITEM-000008025,ORD-00003238,PROD-000253,3,14.2,0.54
ITEM-000008026,ORD-00003238,PROD-000088,1,144.7,11.26
ITEM-000008027,ORD-00003238,PROD-000100,4,199.6,36.76
ITEM-000008028,ORD-00003238,PROD-000124,1,85.6,8.05
ITEM-000008029,ORD-00003239,PROD-000138,5,256.34,1.88
ITEM-000008030,ORD-00003239,PROD-000024,3,195.99,27.02
ITEM-000008031,ORD-00003239,PROD-000029,2,254.26,24.22
ITEM-000008032,ORD-00003240,PROD-000183,3,197.83,14.7
ITEM-000008033,ORD-00003240,PROD-000171,5,85.33,3.84
ITEM-000008034,ORD-00003241,PROD-000121,5,258.33,47.38
ITEM-000008035,ORD-00003241,PROD-000281,1,205.29,6.29
ITEM-000008036,ORD-00003241,PROD-000143,2,136.71,16.51
ITEM-000008037,ORD-00003241,PROD-000079,2,158.41,28.86
ITEM-000008038,ORD-00003242,PROD-000055,4,139.15,22.51
ITEM-000008039,ORD-00003242,PROD-000036,5,46.08,6.46
ITEM-000008040,ORD-00003242,PROD-000095,3,256.52,28.61
ITEM-000008041,ORD-00003243,PROD-000131,4,157.33,27.3
ITEM-000008042,ORD-00003244,PROD-000055,2,139.15,19.67
ITEM-000008043,ORD-00003244,PROD-000208,1,11.88,0.29
ITEM-000008044,ORD-00003245,PROD-000120,5,150.5,18.01
ITEM-000008045,ORD-00003245,PROD-000184,3,133.98,2.62
ITEM-000008046,ORD-00003245,PROD-000107,5,9.55,0.48
ITEM-000008047,ORD-00003245,PROD-000120,1,150.5,9.45
ITEM-000008048,ORD-00003246,PROD-000027,5,268.28,13.0
ITEM-000008049,ORD-00003246,PROD-000241,5,199.27,15.94
ITEM-000008050,ORD-00003247,PROD-000024,5,195.99,16.8
ITEM-000008051,ORD-00003247,PROD-000157,3,15.55,2.74
ITEM-000008052,ORD-00003247,PROD-000297,5,225.62,20.97
ITEM-000008053,ORD-00003248,PROD-000017,5,59.6,11.74
ITEM-000008054,ORD-00003248,PROD-000091,1,82.4,7.6
ITEM-000008055,ORD-00003248,PROD-000097,3,186.58,24.29
ITEM-000008056,ORD-00003249,PROD-000215,4,145.42,14.78
ITEM-000008057,ORD-00003250,PROD-000106,2,222.78,42.91
ITEM-000008058,ORD-00003251,PROD-000099,4,85.82,7.77
ITEM-000008059,ORD-00003251,PROD-000245,2,6.0,0.15
ITEM-000008060,ORD-00003251,PROD-000116,3,189.39,36.92
ITEM-000008061,ORD-00003251,PROD-000093,3,178.93,4.75
ITEM-000008062,ORD-00003252,PROD-000088,3,144.7,2.72
ITEM-000008063,ORD-00003252,PROD-000269,2,116.44,18.88
ITEM-000008064,ORD-00003253,PROD-000211,2,34.19,1.26
ITEM-000008065,ORD-00003254,PROD-000223,3,37.75,2.33
ITEM-000008066,ORD-00003254,PROD-000008,1,169.86,30.29
ITEM-000008067,ORD-00003255,PROD-000159,3,115.09,6.18
ITEM-000008068,ORD-00003256,PROD-000284,3,47.52,1.48
ITEM-000008069,ORD-00003256,PROD-000016,2,56.87,7.88
ITEM-000008070,ORD-00003256,PROD-000126,3,87.75,0.13
ITEM-000008071,ORD-00003257,PROD-000225,4,155.38,10.91
ITEM-000008072,ORD-00003257,PROD-000047,1,16.68,2.23
ITEM-000008073,ORD-00003257,PROD-000264,4,25.07,3.3
ITEM-000008074,ORD-00003258,PROD-000214,3,199.19,0.32
ITEM-000008075,ORD-00003258,PROD-000295,3,19.6,0.4
ITEM-000008076,ORD-00003258,PROD-000254,3,59.19,2.28
ITEM-000008077,ORD-00003259,PROD-000099,4,85.82,0.67
ITEM-000008078,ORD-00003260,PROD-000069,3,294.54,49.41
ITEM-000008079,ORD-00003260,PROD-000048,5,239.02,2.67
ITEM-000008080,ORD-00003260,PROD-000092,4,68.92,11.86
ITEM-000008081,ORD-00003261,PROD-000014,2,250.44,15.94
ITEM-000008082,ORD-00003262,PROD-000137,2,34.68,5.2
ITEM-000008083,ORD-00003262,PROD-000090,1,115.9,14.7
ITEM-000008084,ORD-00003262,PROD-000090,2,115.9,11.13
ITEM-000008085,ORD-00003263,PROD-000222,5,173.52,23.04
ITEM-000008086,ORD-00003263,PROD-000217,5,39.78,1.38
ITEM-000008087,ORD-00003263,PROD-000086,5,126.38,8.77
ITEM-000008088,ORD-00003263,PROD-000119,5,241.98,18.57
ITEM-000008089,ORD-00003264,PROD-000048,1,239.02,29.88
ITEM-000008090,ORD-00003264,PROD-000278,2,201.25,24.51
ITEM-000008091,ORD-00003264,PROD-000009,5,38.67,6.13
ITEM-000008092,ORD-00003265,PROD-000065,3,11.5,1.5
ITEM-000008093,ORD-00003265,PROD-000077,3,105.6,0.05
ITEM-000008094,ORD-00003265,PROD-000218,2,184.34,18.89
ITEM-000008095,ORD-00003266,PROD-000139,4,20.83,0.8
ITEM-000008096,ORD-00003266,PROD-000154,5,128.85,13.88
ITEM-000008097,ORD-00003267,PROD-000122,3,174.47,7.28
ITEM-000008098,ORD-00003267,PROD-000190,1,66.83,12.55
ITEM-000008099,ORD-00003268,PROD-000224,5,108.39,5.51
ITEM-000008100,ORD-00003268,PROD-000020,5,193.41,16.81
ITEM-000008101,ORD-00003268,PROD-000186,3,39.92,1.4
ITEM-000008102,ORD-00003268,PROD-000128,5,144.64,5.11
ITEM-000008103,ORD-00003269,PROD-000284,3,47.52,3.26
ITEM-000008104,ORD-00003269,PROD-000231,3,126.83,5.18
ITEM-000008105,ORD-00003270,PROD-000296,3,161.45,5.27
ITEM-000008106,ORD-00003271,PROD-000140,4,113.52,19.15
ITEM-000008107,ORD-00003271,PROD-000005,2,162.22,18.47
ITEM-000008108,ORD-00003271,PROD-000217,3,39.78,2.6
ITEM-000008109,ORD-00003272,PROD-000050,4,41.26,3.34
ITEM-000008110,ORD-00003272,PROD-000023,3,61.71,5.65
ITEM-000008111,ORD-00003272,PROD-000282,5,158.46,6.38
ITEM-000008112,ORD-00003273,PROD-000175,3,285.03,7.77
ITEM-000008113,ORD-00003274,PROD-000109,3,82.03,16.18
ITEM-000008114,ORD-00003274,PROD-000206,4,129.81,13.41
ITEM-000008115,ORD-00003274,PROD-000223,4,37.75,3.4
ITEM-000008116,ORD-00003274,PROD-000276,5,96.15,11.14
ITEM-000008117,ORD-00003275,PROD-000009,4,38.67,5.42
ITEM-000008118,ORD-00003275,PROD-000235,1,121.53,21.2
ITEM-000008119,ORD-00003275,PROD-000222,5,173.52,1.79
ITEM-000008120,ORD-00003275,PROD-000134,5,240.79,21.2
ITEM-000008121,ORD-00003276,PROD-000042,1,20.87,4.02
ITEM-000008122,ORD-00003277,PROD-000269,3,116.44,18.54
ITEM-000008123,ORD-00003277,PROD-000230,1,66.97,4.51
ITEM-000008124,ORD-00003278,PROD-000184,4,133.98,11.58
ITEM-000008125,ORD-00003278,PROD-000167,1,71.98,9.4
ITEM-000008126,ORD-00003278,PROD-000040,5,52.71,7.67
ITEM-000008127,ORD-00003278,PROD-000217,1,39.78,5.46
ITEM-000008128,ORD-00003279,PROD-000252,3,138.21,7.21
ITEM-000008129,ORD-00003279,PROD-000093,2,178.93,10.17
ITEM-000008130,ORD-00003279,PROD-000107,3,9.55,1.17
ITEM-000008131,ORD-00003279,PROD-000223,5,37.75,3.9
ITEM-000008132,ORD-00003280,PROD-000143,3,136.71,20.77
ITEM-000008133,ORD-00003281,PROD-000172,4,183.04,14.96
ITEM-000008134,ORD-00003282,PROD-000249,3,45.99,2.86
ITEM-000008135,ORD-00003282,PROD-000070,3,170.09,30.66
ITEM-000008136,ORD-00003283,PROD-000037,4,237.13,39.43
ITEM-000008137,ORD-00003283,PROD-000275,5,143.99,4.83
ITEM-000008138,ORD-00003283,PROD-000170,4,124.7,3.1
ITEM-000008139,ORD-00003283,PROD-000018,2,116.66,7.71
ITEM-000008140,ORD-00003284,PROD-000276,3,96.15,16.75
ITEM-000008141,ORD-00003284,PROD-000252,4,138.21,20.58
ITEM-000008142,ORD-00003285,PROD-000155,5,199.69,39.65
ITEM-000008143,ORD-00003285,PROD-000037,4,237.13,36.07
ITEM-000008144,ORD-00003285,PROD-000128,5,144.64,18.71
ITEM-000008145,ORD-00003285,PROD-000294,2,268.13,40.69
ITEM-000008146,ORD-00003286,PROD-000287,1,54.46,7.31
ITEM-000008147,ORD-00003286,PROD-000101,3,132.99,13.62
ITEM-000008148,ORD-00003286,PROD-000114,1,178.3,25.68
ITEM-000008149,ORD-00003286,PROD-000044,1,31.7,4.88
ITEM-000008150,ORD-00003287,PROD-000225,5,155.38,17.97
ITEM-000008151,ORD-00003287,PROD-000171,1,85.33,16.5
ITEM-000008152,ORD-00003288,PROD-000001,3,161.47,20.76
ITEM-000008153,ORD-00003288,PROD-000258,3,173.11,5.1
ITEM-000008154,ORD-00003289,PROD-000236,3,24.26,2.54
ITEM-000008155,ORD-00003289,PROD-000244,1,54.61,9.74
ITEM-000008156,ORD-00003289,PROD-000199,3,250.55,20.79
ITEM-000008157,ORD-00003289,PROD-000027,2,268.28,40.1
ITEM-000008158,ORD-00003290,PROD-000130,3,154.33,20.99
ITEM-000008159,ORD-00003290,PROD-000109,5,82.03,4.24
ITEM-000008160,ORD-00003291,PROD-000126,2,87.75,1.84
ITEM-000008161,ORD-00003291,PROD-000037,2,237.13,9.3
ITEM-000008162,ORD-00003291,PROD-000190,4,66.83,9.08
ITEM-000008163,ORD-00003291,PROD-000046,4,37.28,5.32
ITEM-000008164,ORD-00003292,PROD-000230,2,66.97,11.23
ITEM-000008165,ORD-00003293,PROD-000155,3,199.69,34.6
ITEM-000008166,ORD-00003293,PROD-000237,4,214.52,38.02
ITEM-000008167,ORD-00003293,PROD-000089,4,64.06,11.41
ITEM-000008168,ORD-00003293,PROD-000199,2,250.55,47.26
ITEM-000008169,ORD-00003294,PROD-000276,3,96.15,13.4
ITEM-000008170,ORD-00003294,PROD-000261,5,28.24,5.09
ITEM-000008171,ORD-00003294,PROD-000284,5,47.52,4.64
ITEM-000008172,ORD-00003294,PROD-000254,3,59.19,9.28
ITEM-000008173,ORD-00003295,PROD-000140,3,113.52,14.76
ITEM-000008174,ORD-00003295,PROD-000147,5,65.7,9.37
ITEM-000008175,ORD-00003295,PROD-000071,5,48.6,3.44
ITEM-000008176,ORD-00003296,PROD-000229,4,175.01,27.55
ITEM-000008177,ORD-00003296,PROD-000015,2,77.71,7.4
ITEM-000008178,ORD-00003297,PROD-000215,5,145.42,13.82
ITEM-000008179,ORD-00003297,PROD-000013,3,89.16,15.55
ITEM-000008180,ORD-00003297,PROD-000012,4,166.44,14.02
ITEM-000008181,ORD-00003297,PROD-000182,1,262.82,16.2
ITEM-000008182,ORD-00003298,PROD-000180,2,175.36,10.45
ITEM-000008183,ORD-00003298,PROD-000039,3,21.15,3.19
ITEM-000008184,ORD-00003298,PROD-000107,2,9.55,0.11
ITEM-000008185,ORD-00003298,PROD-000030,1,45.68,5.88
ITEM-000008186,ORD-00003299,PROD-000293,3,32.6,4.81
ITEM-000008187,ORD-00003300,PROD-000191,4,254.19,18.15
ITEM-000008188,ORD-00003300,PROD-000260,2,87.01,4.21
ITEM-000008189,ORD-00003300,PROD-000149,3,175.39,12.05
ITEM-000008190,ORD-00003300,PROD-000269,3,116.44,15.25
ITEM-000008191,ORD-00003301,PROD-000188,2,170.88,11.69
ITEM-000008192,ORD-00003301,PROD-000093,2,178.93,30.95
ITEM-000008193,ORD-00003301,PROD-000067,4,47.96,4.12
ITEM-000008194,ORD-00003301,PROD-000017,1,59.6,10.27
ITEM-000008195,ORD-00003302,PROD-000134,4,240.79,1.39
ITEM-000008196,ORD-00003303,PROD-000036,1,46.08,6.78
ITEM-000008197,ORD-00003304,PROD-000300,3,90.24,14.88
ITEM-000008198,ORD-00003304,PROD-000040,1,52.71,6.33
ITEM-000008199,ORD-00003304,PROD-000257,5,285.25,33.75
ITEM-000008200,ORD-00003305,PROD-000161,1,9.57,0.17
ITEM-000008201,ORD-00003305,PROD-000053,3,113.39,11.39
ITEM-000008202,ORD-00003305,PROD-000230,3,66.97,5.38
ITEM-000008203,ORD-00003305,PROD-000040,3,52.71,7.7
ITEM-000008204,ORD-00003306,PROD-000230,4,66.97,12.37
ITEM-000008205,ORD-00003306,PROD-000262,4,149.73,15.31
ITEM-000008206,ORD-00003306,PROD-000001,3,161.47,23.27
ITEM-000008207,ORD-00003306,PROD-000299,4,233.47,18.67
ITEM-000008208,ORD-00003307,PROD-000281,2,205.29,29.08
ITEM-000008209,ORD-00003307,PROD-000009,3,38.67,5.51
ITEM-000008210,ORD-00003307,PROD-000189,4,238.16,16.34
ITEM-000008211,ORD-00003307,PROD-000192,1,222.13,23.4
ITEM-000008212,ORD-00003308,PROD-000142,2,42.45,5.95
ITEM-000008213,ORD-00003309,PROD-000002,2,24.12,2.77
ITEM-000008214,ORD-00003309,PROD-000096,4,261.99,22.15
ITEM-000008215,ORD-00003310,PROD-000009,3,38.67,2.15
ITEM-000008216,ORD-00003310,PROD-000247,2,95.38,11.89
ITEM-000008217,ORD-00003310,PROD-000217,2,39.78,7.28
ITEM-000008218,ORD-00003311,PROD-000130,1,154.33,10.94
ITEM-000008219,ORD-00003312,PROD-000046,5,37.28,2.9
ITEM-000008220,ORD-00003312,PROD-000017,3,59.6,5.78
ITEM-000008221,ORD-00003313,PROD-000125,2,191.28,21.11
ITEM-000008222,ORD-00003313,PROD-000047,3,16.68,1.51
ITEM-000008223,ORD-00003313,PROD-000257,3,285.25,9.56
ITEM-000008224,ORD-00003313,PROD-000234,3,86.25,14.92
ITEM-000008225,ORD-00003314,PROD-000002,2,24.12,1.58
ITEM-000008226,ORD-00003314,PROD-000135,3,164.35,3.39
ITEM-000008227,ORD-00003315,PROD-000116,5,189.39,18.21
ITEM-000008228,ORD-00003315,PROD-000116,3,189.39,37.58
ITEM-000008229,ORD-00003316,PROD-000212,3,196.7,36.42
ITEM-000008230,ORD-00003316,PROD-000255,4,36.59,2.21
ITEM-000008231,ORD-00003316,PROD-000105,1,56.39,10.93
ITEM-000008232,ORD-00003316,PROD-000188,1,170.88,17.28
ITEM-000008233,ORD-00003317,PROD-000005,2,162.22,11.53
ITEM-000008234,ORD-00003317,PROD-000192,2,222.13,11.89
ITEM-000008235,ORD-00003318,PROD-000163,5,87.64,14.28
ITEM-000008236,ORD-00003318,PROD-000179,2,215.5,40.98
ITEM-000008237,ORD-00003318,PROD-000270,5,159.71,11.65
ITEM-000008238,ORD-00003318,PROD-000086,1,126.38,12.36
ITEM-000008239,ORD-00003319,PROD-000176,5,207.29,33.45
ITEM-000008240,ORD-00003319,PROD-000030,5,45.68,4.77
ITEM-000008241,ORD-00003319,PROD-000039,2,21.15,4.11
ITEM-000008242,ORD-00003320,PROD-000170,3,124.7,20.14
ITEM-000008243,ORD-00003320,PROD-000057,4,202.38,18.65
ITEM-000008244,ORD-00003320,PROD-000092,2,68.92,7.42
ITEM-000008245,ORD-00003320,PROD-000050,5,41.26,1.82
ITEM-000008246,ORD-00003321,PROD-000281,1,205.29,30.07
ITEM-000008247,ORD-00003322,PROD-000273,1,164.42,26.94
ITEM-000008248,ORD-00003322,PROD-000198,2,196.53,10.18
ITEM-000008249,ORD-00003323,PROD-000160,2,96.22,1.98
ITEM-000008250,ORD-00003323,PROD-000190,5,66.83,6.19
ITEM-000008251,ORD-00003324,PROD-000027,5,268.28,39.46
ITEM-000008252,ORD-00003324,PROD-000053,2,113.39,1.44
ITEM-000008253,ORD-00003325,PROD-000080,4,141.46,25.59
ITEM-000008254,ORD-00003325,PROD-000152,1,40.04,7.93
ITEM-000008255,ORD-00003325,PROD-000152,4,40.04,0.71
ITEM-000008256,ORD-00003326,PROD-000043,3,44.85,7.92
ITEM-000008257,ORD-00003326,PROD-000183,3,197.83,7.75
ITEM-000008258,ORD-00003327,PROD-000033,3,93.06,4.16
ITEM-000008259,ORD-00003328,PROD-000031,3,215.03,12.77
ITEM-000008260,ORD-00003328,PROD-000231,4,126.83,13.52
ITEM-000008261,ORD-00003329,PROD-000025,5,124.64,24.92
ITEM-000008262,ORD-00003330,PROD-000185,5,183.85,20.19
ITEM-000008263,ORD-00003330,PROD-000161,3,9.57,0.87
ITEM-000008264,ORD-00003330,PROD-000222,2,173.52,26.0
ITEM-000008265,ORD-00003330,PROD-000157,3,15.55,3.07
ITEM-000008266,ORD-00003331,PROD-000062,5,155.19,23.03
ITEM-000008267,ORD-00003331,PROD-000095,5,256.52,30.32
ITEM-000008268,ORD-00003331,PROD-000073,4,65.08,12.22
ITEM-000008269,ORD-00003332,PROD-000175,2,285.03,3.14
ITEM-000008270,ORD-00003332,PROD-000158,1,51.52,9.63
ITEM-000008271,ORD-00003332,PROD-000053,1,113.39,9.51
ITEM-000008272,ORD-00003333,PROD-000196,4,266.04,36.71
ITEM-000008273,ORD-00003334,PROD-000009,1,38.67,6.92
ITEM-000008274,ORD-00003335,PROD-000082,3,153.69,4.12
ITEM-000008275,ORD-00003335,PROD-000064,4,39.81,4.26
ITEM-000008276,ORD-00003336,PROD-000258,2,173.11,5.26
ITEM-000008277,ORD-00003336,PROD-000043,4,44.85,3.19
ITEM-000008278,ORD-00003336,PROD-000206,2,129.81,16.89
ITEM-000008279,ORD-00003336,PROD-000196,5,266.04,30.25
ITEM-000008280,ORD-00003337,PROD-000075,1,62.62,6.63
ITEM-000008281,ORD-00003337,PROD-000139,4,20.83,2.39
ITEM-000008282,ORD-00003337,PROD-000045,1,139.38,0.31
ITEM-000008283,ORD-00003337,PROD-000292,2,123.71,3.44
ITEM-000008284,ORD-00003338,PROD-000253,2,14.2,2.16
ITEM-000008285,ORD-00003338,PROD-000283,4,40.56,0.4
ITEM-000008286,ORD-00003338,PROD-000104,2,157.98,4.61
ITEM-000008287,ORD-00003339,PROD-000238,3,67.16,7.51
ITEM-000008288,ORD-00003340,PROD-000066,3,12.81,2.06
ITEM-000008289,ORD-00003340,PROD-000285,4,236.26,44.38
ITEM-000008290,ORD-00003340,PROD-000075,5,62.62,4.38
ITEM-000008291,ORD-00003340,PROD-000152,3,40.04,1.49
ITEM-000008292,ORD-00003341,PROD-000170,5,124.7,22.06
ITEM-000008293,ORD-00003342,PROD-000076,5,192.0,15.34
ITEM-000008294,ORD-00003343,PROD-000023,3,61.71,6.82
ITEM-000008295,ORD-00003343,PROD-000089,2,64.06,3.36
ITEM-000008296,ORD-00003343,PROD-000215,3,145.42,24.64
ITEM-000008297,ORD-00003343,PROD-000245,3,6.0,0.54
ITEM-000008298,ORD-00003344,PROD-000175,1,285.03,40.93
ITEM-000008299,ORD-00003344,PROD-000012,3,166.44,28.98
ITEM-000008300,ORD-00003344,PROD-000258,5,173.11,17.49
ITEM-000008301,ORD-00003344,PROD-000224,4,108.39,20.87
ITEM-000008302,ORD-00003345,PROD-000105,1,56.39,1.06
ITEM-000008303,ORD-00003345,PROD-000200,3,169.62,21.27
ITEM-000008304,ORD-00003345,PROD-000182,4,262.82,42.33
ITEM-000008305,ORD-00003346,PROD-000264,5,25.07,2.47
ITEM-000008306,ORD-00003346,PROD-000261,5,28.24,2.5
ITEM-000008307,ORD-00003347,PROD-000178,4,192.03,26.78
ITEM-000008308,ORD-00003347,PROD-000122,1,174.47,7.19
ITEM-000008309,ORD-00003347,PROD-000027,4,268.28,34.72
ITEM-000008310,ORD-00003347,PROD-000071,5,48.6,0.22
ITEM-000008311,ORD-00003348,PROD-000051,2,151.67,16.87
ITEM-000008312,ORD-00003349,PROD-000144,4,184.59,30.67
ITEM-000008313,ORD-00003350,PROD-000229,1,175.01,26.38
ITEM-000008314,ORD-00003350,PROD-000008,2,169.86,17.29
ITEM-000008315,ORD-00003350,PROD-000107,3,9.55,0.23
ITEM-000008316,ORD-00003351,PROD-000267,5,237.37,37.87
ITEM-000008317,ORD-00003351,PROD-000166,2,161.73,18.12
ITEM-000008318,ORD-00003351,PROD-000292,3,123.71,7.62
ITEM-000008319,ORD-00003352,PROD-000133,4,67.78,10.97
ITEM-000008320,ORD-00003353,PROD-000186,2,39.92,2.46
ITEM-000008321,ORD-00003354,PROD-000288,2,13.25,1.56
ITEM-000008322,ORD-00003354,PROD-000048,4,239.02,22.67
ITEM-000008323,ORD-00003355,PROD-000289,3,86.07,12.54
ITEM-000008324,ORD-00003356,PROD-000202,4,170.28,0.27
ITEM-000008325,ORD-00003356,PROD-000285,3,236.26,40.85
ITEM-000008326,ORD-00003357,PROD-000271,4,142.48,23.79
ITEM-000008327,ORD-00003357,PROD-000170,4,124.7,17.18
ITEM-000008328,ORD-00003357,PROD-000077,5,105.6,18.82
ITEM-000008329,ORD-00003357,PROD-000189,5,238.16,31.61
ITEM-000008330,ORD-00003358,PROD-000270,2,159.71,22.9
ITEM-000008331,ORD-00003358,PROD-000001,1,161.47,17.02
ITEM-000008332,ORD-00003359,PROD-000126,3,87.75,3.68
ITEM-000008333,ORD-00003359,PROD-000224,5,108.39,11.15
ITEM-000008334,ORD-00003360,PROD-000275,3,143.99,19.63
ITEM-000008335,ORD-00003360,PROD-000217,4,39.78,7.21
ITEM-000008336,ORD-00003360,PROD-000254,5,59.19,0.22
ITEM-000008337,ORD-00003360,PROD-000205,3,111.74,7.24
ITEM-000008338,ORD-00003361,PROD-000246,3,42.16,6.19
ITEM-000008339,ORD-00003361,PROD-000295,3,19.6,3.26
ITEM-000008340,ORD-00003362,PROD-000172,2,183.04,2.9
ITEM-000008341,ORD-00003362,PROD-000183,2,197.83,3.21
ITEM-000008342,ORD-00003362,PROD-000245,3,6.0,1.08
ITEM-000008343,ORD-00003362,PROD-000169,5,273.71,34.41
ITEM-000008344,ORD-00003363,PROD-000141,5,197.96,28.05
ITEM-000008345,ORD-00003363,PROD-000142,1,42.45,8.21
ITEM-000008346,ORD-00003363,PROD-000033,3,93.06,18.07
ITEM-000008347,ORD-00003363,PROD-000198,2,196.53,16.84
ITEM-000008348,ORD-00003364,PROD-000062,1,155.19,24.52
ITEM-000008349,ORD-00003364,PROD-000253,4,14.2,0.73
ITEM-000008350,ORD-00003364,PROD-000115,3,48.49,5.95
ITEM-000008351,ORD-00003365,PROD-000163,1,87.64,13.45
ITEM-000008352,ORD-00003365,PROD-000224,3,108.39,19.22
ITEM-000008353,ORD-00003365,PROD-000207,4,264.8,28.04
ITEM-000008354,ORD-00003366,PROD-000122,1,174.47,31.88
ITEM-000008355,ORD-00003366,PROD-000026,5,248.15,47.42
ITEM-000008356,ORD-00003366,PROD-000180,5,175.36,28.7
ITEM-000008357,ORD-00003366,PROD-000032,1,114.8,9.09
ITEM-000008358,ORD-00003367,PROD-000020,1,193.41,29.34
ITEM-000008359,ORD-00003367,PROD-000168,5,145.2,13.81
ITEM-000008360,ORD-00003368,PROD-000089,3,64.06,1.85
ITEM-000008361,ORD-00003368,PROD-000269,3,116.44,17.68
ITEM-000008362,ORD-00003369,PROD-000157,5,15.55,0.52
ITEM-000008363,ORD-00003369,PROD-000196,4,266.04,29.44
ITEM-000008364,ORD-00003370,PROD-000224,1,108.39,20.7
ITEM-000008365,ORD-00003370,PROD-000260,1,87.01,4.78
ITEM-000008366,ORD-00003370,PROD-000105,2,56.39,10.26
ITEM-000008367,ORD-00003371,PROD-000037,3,237.13,41.28
ITEM-000008368,ORD-00003372,PROD-000124,3,85.6,13.6
ITEM-000008369,ORD-00003372,PROD-000270,4,159.71,12.78
ITEM-000008370,ORD-00003372,PROD-000249,1,45.99,8.54
ITEM-000008371,ORD-00003372,PROD-000168,3,145.2,7.92
ITEM-000008372,ORD-00003373,PROD-000177,2,110.22,12.91
ITEM-000008373,ORD-00003374,PROD-000021,5,258.38,46.02
ITEM-000008374,ORD-00003374,PROD-000249,3,45.99,8.57
ITEM-000008375,ORD-00003374,PROD-000207,2,264.8,26.26
ITEM-000008376,ORD-00003374,PROD-000025,3,124.64,18.68
ITEM-000008377,ORD-00003375,PROD-000154,5,128.85,14.78
ITEM-000008378,ORD-00003375,PROD-000055,5,139.15,19.23
ITEM-000008379,ORD-00003375,PROD-000272,3,241.9,19.78
ITEM-000008380,ORD-00003375,PROD-000079,5,158.41,11.55
ITEM-000008381,ORD-00003376,PROD-000088,1,144.7,25.45
ITEM-000008382,ORD-00003377,PROD-000165,2,223.01,24.85
ITEM-000008383,ORD-00003377,PROD-000011,4,40.55,3.68
ITEM-000008384,ORD-00003377,PROD-000164,5,160.68,4.46
ITEM-000008385,ORD-00003378,PROD-000198,2,196.53,16.38
ITEM-000008386,ORD-00003378,PROD-000112,5,194.6,14.43
ITEM-000008387,ORD-00003379,PROD-000263,3,60.67,3.5
ITEM-000008388,ORD-00003379,PROD-000203,1,217.05,19.35
ITEM-000008389,ORD-00003379,PROD-000012,4,166.44,27.63
ITEM-000008390,ORD-00003379,PROD-000043,5,44.85,6.25
ITEM-000008391,ORD-00003380,PROD-000259,1,58.93,5.38
ITEM-000008392,ORD-00003381,PROD-000190,1,66.83,2.05
ITEM-000008393,ORD-00003381,PROD-000142,3,42.45,0.81
ITEM-000008394,ORD-00003381,PROD-000158,5,51.52,8.04
ITEM-000008395,ORD-00003382,PROD-000106,1,222.78,19.13
ITEM-000008396,ORD-00003382,PROD-000142,5,42.45,4.6
ITEM-000008397,ORD-00003382,PROD-000267,2,237.37,24.56
ITEM-000008398,ORD-00003383,PROD-000293,4,32.6,1.77
ITEM-000008399,ORD-00003383,PROD-000228,4,119.68,8.39
ITEM-000008400,ORD-00003383,PROD-000164,5,160.68,28.85
ITEM-000008401,ORD-00003384,PROD-000010,3,265.73,17.33
ITEM-000008402,ORD-00003384,PROD-000135,2,164.35,20.99
ITEM-000008403,ORD-00003384,PROD-000157,2,15.55,3.06
ITEM-000008404,ORD-00003384,PROD-000222,5,173.52,16.34
ITEM-000008405,ORD-00003385,PROD-000053,3,113.39,19.5
ITEM-000008406,ORD-00003385,PROD-000289,2,86.07,16.37
ITEM-000008407,ORD-00003385,PROD-000002,5,24.12,1.28
ITEM-000008408,ORD-00003385,PROD-000028,4,283.29,22.94
ITEM-000008409,ORD-00003386,PROD-000153,1,111.79,7.73
ITEM-000008410,ORD-00003386,PROD-000185,5,183.85,17.05
ITEM-000008411,ORD-00003387,PROD-000027,1,268.28,5.89
ITEM-000008412,ORD-00003388,PROD-000130,4,154.33,14.04
ITEM-000008413,ORD-00003388,PROD-000118,3,182.0,22.37
ITEM-000008414,ORD-00003388,PROD-000135,2,164.35,21.8
ITEM-000008415,ORD-00003389,PROD-000275,4,143.99,3.84
ITEM-000008416,ORD-00003389,PROD-000181,3,155.05,14.52
ITEM-000008417,ORD-00003389,PROD-000257,3,285.25,22.89
ITEM-000008418,ORD-00003390,PROD-000115,3,48.49,2.62
ITEM-000008419,ORD-00003391,PROD-000159,1,115.09,9.06
ITEM-000008420,ORD-00003391,PROD-000169,3,273.71,25.6
ITEM-000008421,ORD-00003391,PROD-000161,2,9.57,0.46
ITEM-000008422,ORD-00003391,PROD-000075,5,62.62,4.59
ITEM-000008423,ORD-00003392,PROD-000179,5,215.5,0.76
ITEM-000008424,ORD-00003392,PROD-000299,3,233.47,22.69
ITEM-000008425,ORD-00003392,PROD-000155,4,199.69,14.46
ITEM-000008426,ORD-00003393,PROD-000210,4,24.0,0.21
ITEM-000008427,ORD-00003394,PROD-000061,2,156.43,12.84
ITEM-000008428,ORD-00003394,PROD-000123,2,211.38,31.35
ITEM-000008429,ORD-00003394,PROD-000155,4,199.69,0.08
ITEM-000008430,ORD-00003395,PROD-000239,1,261.64,13.17
ITEM-000008431,ORD-00003396,PROD-000050,3,41.26,6.02
ITEM-000008432,ORD-00003396,PROD-000253,5,14.2,1.39
ITEM-000008433,ORD-00003396,PROD-000126,3,87.75,2.18
ITEM-000008434,ORD-00003396,PROD-000179,3,215.5,24.65
ITEM-000008435,ORD-00003397,PROD-000266,2,145.38,14.52
ITEM-000008436,ORD-00003398,PROD-000191,4,254.19,1.89
ITEM-000008437,ORD-00003398,PROD-000237,1,214.52,8.19
ITEM-000008438,ORD-00003398,PROD-000199,1,250.55,0.97
ITEM-000008439,ORD-00003399,PROD-000179,5,215.5,29.21
ITEM-000008440,ORD-00003399,PROD-000021,1,258.38,22.65
ITEM-000008441,ORD-00003399,PROD-000019,4,146.76,13.5
ITEM-000008442,ORD-00003399,PROD-000139,5,20.83,0.14
ITEM-000008443,ORD-00003400,PROD-000092,5,68.92,4.31
ITEM-000008444,ORD-00003400,PROD-000051,4,151.67,27.42
ITEM-000008445,ORD-00003400,PROD-000080,1,141.46,21.2
ITEM-000008446,ORD-00003400,PROD-000187,5,71.53,11.59
ITEM-000008447,ORD-00003401,PROD-000282,5,158.46,13.44
ITEM-000008448,ORD-00003401,PROD-000206,2,129.81,9.16
ITEM-000008449,ORD-00003402,PROD-000220,4,23.88,4.78
ITEM-000008450,ORD-00003402,PROD-000189,3,238.16,33.5
ITEM-000008451,ORD-00003403,PROD-000024,4,195.99,2.27
ITEM-000008452,ORD-00003403,PROD-000066,2,12.81,1.37
ITEM-000008453,ORD-00003403,PROD-000110,3,230.22,35.87
ITEM-000008454,ORD-00003403,PROD-000110,2,230.22,36.87
ITEM-000008455,ORD-00003404,PROD-000100,5,199.6,0.29
ITEM-000008456,ORD-00003405,PROD-000098,1,54.47,6.58
ITEM-000008457,ORD-00003405,PROD-000159,2,115.09,11.34
ITEM-000008458,ORD-00003405,PROD-000159,5,115.09,5.22
ITEM-000008459,ORD-00003406,PROD-000116,3,189.39,18.17
ITEM-000008460,ORD-00003406,PROD-000291,4,181.27,16.01
ITEM-000008461,ORD-00003406,PROD-000033,3,93.06,9.68
ITEM-000008462,ORD-00003406,PROD-000012,2,166.44,23.42
ITEM-000008463,ORD-00003407,PROD-000027,4,268.28,36.14
ITEM-000008464,ORD-00003408,PROD-000187,4,71.53,12.07
ITEM-000008465,ORD-00003408,PROD-000288,2,13.25,1.03
ITEM-000008466,ORD-00003409,PROD-000263,2,60.67,11.82
ITEM-000008467,ORD-00003410,PROD-000093,4,178.93,8.49
ITEM-000008468,ORD-00003410,PROD-000242,5,248.42,47.0
ITEM-000008469,ORD-00003410,PROD-000035,2,17.96,3.18
ITEM-000008470,ORD-00003411,PROD-000220,5,23.88,0.5
ITEM-000008471,ORD-00003411,PROD-000065,2,11.5,2.2
ITEM-000008472,ORD-00003411,PROD-000086,1,126.38,6.67
ITEM-000008473,ORD-00003411,PROD-000086,3,126.38,21.91
ITEM-000008474,ORD-00003412,PROD-000043,1,44.85,5.25
ITEM-000008475,ORD-00003412,PROD-000280,5,137.35,22.14
ITEM-000008476,ORD-00003412,PROD-000076,3,192.0,31.1
ITEM-000008477,ORD-00003412,PROD-000157,4,15.55,3.04
ITEM-000008478,ORD-00003413,PROD-000232,3,124.85,15.71
ITEM-000008479,ORD-00003413,PROD-000140,4,113.52,20.77
ITEM-000008480,ORD-00003413,PROD-000110,2,230.22,17.26
ITEM-000008481,ORD-00003414,PROD-000144,3,184.59,34.13
ITEM-000008482,ORD-00003414,PROD-000057,5,202.38,3.95
ITEM-000008483,ORD-00003414,PROD-000273,3,164.42,2.81
ITEM-000008484,ORD-00003415,PROD-000231,2,126.83,12.97
ITEM-000008485,ORD-00003415,PROD-000010,3,265.73,7.67
ITEM-000008486,ORD-00003415,PROD-000106,5,222.78,36.78
ITEM-000008487,ORD-00003415,PROD-000277,1,89.29,12.32
ITEM-000008488,ORD-00003416,PROD-000228,4,119.68,12.28
ITEM-000008489,ORD-00003416,PROD-000052,5,197.07,30.69
ITEM-000008490,ORD-00003417,PROD-000255,1,36.59,1.9
ITEM-000008491,ORD-00003417,PROD-000069,2,294.54,1.64
ITEM-000008492,ORD-00003417,PROD-000039,3,21.15,2.8
ITEM-000008493,ORD-00003418,PROD-000102,2,242.49,15.7
ITEM-000008494,ORD-00003418,PROD-000031,1,215.03,4.79
ITEM-000008495,ORD-00003419,PROD-000087,5,82.01,3.4
ITEM-000008496,ORD-00003419,PROD-000200,1,169.62,6.64
ITEM-000008497,ORD-00003419,PROD-000261,4,28.24,4.96
ITEM-000008498,ORD-00003419,PROD-000203,3,217.05,20.35
ITEM-000008499,ORD-00003420,PROD-000024,5,195.99,0.41
ITEM-000008500,ORD-00003420,PROD-000216,4,179.85,15.66
ITEM-000008501,ORD-00003420,PROD-000279,2,88.92,13.79
ITEM-000008502,ORD-00003420,PROD-000194,2,65.76,9.74
ITEM-000008503,ORD-00003421,PROD-000002,4,24.12,2.03
ITEM-000008504,ORD-00003421,PROD-000248,1,206.76,26.32
ITEM-000008505,ORD-00003421,PROD-000095,1,256.52,25.6
ITEM-000008506,ORD-00003422,PROD-000145,5,223.58,23.41
ITEM-000008507,ORD-00003423,PROD-000288,1,13.25,1.74
ITEM-000008508,ORD-00003423,PROD-000053,5,113.39,8.84
ITEM-000008509,ORD-00003423,PROD-000295,2,19.6,0.18
ITEM-000008510,ORD-00003423,PROD-000083,4,56.68,9.58
ITEM-000008511,ORD-00003424,PROD-000206,3,129.81,15.96
ITEM-000008512,ORD-00003424,PROD-000240,3,62.18,1.36
ITEM-000008513,ORD-00003424,PROD-000043,4,44.85,0.33
ITEM-000008514,ORD-00003425,PROD-000011,4,40.55,6.36
ITEM-000008515,ORD-00003425,PROD-000129,5,145.51,0.97
ITEM-000008516,ORD-00003426,PROD-000008,2,169.86,10.14
ITEM-000008517,ORD-00003426,PROD-000173,1,253.18,35.71
ITEM-000008518,ORD-00003426,PROD-000231,1,126.83,3.13
ITEM-000008519,ORD-00003426,PROD-000036,3,46.08,5.15
ITEM-000008520,ORD-00003427,PROD-000097,4,186.58,37.07
ITEM-000008521,ORD-00003428,PROD-000297,4,225.62,20.96
ITEM-000008522,ORD-00003428,PROD-000006,4,20.4,1.13
ITEM-000008523,ORD-00003429,PROD-000171,2,85.33,1.14
ITEM-000008524,ORD-00003430,PROD-000204,2,193.75,30.26
ITEM-000008525,ORD-00003430,PROD-000175,2,285.03,22.89
ITEM-000008526,ORD-00003431,PROD-000072,2,70.42,1.59
ITEM-000008527,ORD-00003432,PROD-000282,5,158.46,14.44
ITEM-000008528,ORD-00003433,PROD-000264,1,25.07,0.71
ITEM-000008529,ORD-00003433,PROD-000119,2,241.98,37.4
ITEM-000008530,ORD-00003433,PROD-000189,5,238.16,10.99
ITEM-000008531,ORD-00003434,PROD-000099,5,85.82,10.96
ITEM-000008532,ORD-00003434,PROD-000003,4,94.19,6.82
ITEM-000008533,ORD-00003434,PROD-000123,3,211.38,35.99
ITEM-000008534,ORD-00003435,PROD-000160,3,96.22,17.67
ITEM-000008535,ORD-00003435,PROD-000194,5,65.76,2.86
ITEM-000008536,ORD-00003435,PROD-000177,1,110.22,0.57
ITEM-000008537,ORD-00003435,PROD-000084,1,138.49,8.43
ITEM-000008538,ORD-00003436,PROD-000078,5,104.84,5.13
ITEM-000008539,ORD-00003437,PROD-000293,3,32.6,2.4
ITEM-000008540,ORD-00003438,PROD-000290,5,96.01,0.23
ITEM-000008541,ORD-00003438,PROD-000113,3,38.45,6.21
ITEM-000008542,ORD-00003438,PROD-000233,1,153.78,15.16
ITEM-000008543,ORD-00003438,PROD-000253,1,14.2,2.43
ITEM-000008544,ORD-00003439,PROD-000099,1,85.82,5.93
ITEM-000008545,ORD-00003440,PROD-000030,5,45.68,2.77
ITEM-000008546,ORD-00003440,PROD-000067,3,47.96,8.73
ITEM-000008547,ORD-00003440,PROD-000196,1,266.04,17.56
ITEM-000008548,ORD-00003440,PROD-000201,3,154.94,16.76
ITEM-000008549,ORD-00003441,PROD-000285,5,236.26,15.16
ITEM-000008550,ORD-00003441,PROD-000123,4,211.38,16.28
ITEM-000008551,ORD-00003442,PROD-000060,5,175.48,15.92
ITEM-000008552,ORD-00003442,PROD-000207,4,264.8,24.62
ITEM-000008553,ORD-00003442,PROD-000224,1,108.39,0.2
ITEM-000008554,ORD-00003443,PROD-000115,3,48.49,3.15
ITEM-000008555,ORD-00003443,PROD-000233,2,153.78,25.92
ITEM-000008556,ORD-00003443,PROD-000242,2,248.42,2.22
ITEM-000008557,ORD-00003444,PROD-000091,3,82.4,9.56
ITEM-000008558,ORD-00003444,PROD-000216,4,179.85,11.99
ITEM-000008559,ORD-00003445,PROD-000136,3,57.07,1.33
ITEM-000008560,ORD-00003445,PROD-000001,3,161.47,17.53
ITEM-000008561,ORD-00003445,PROD-000274,1,105.23,12.35
ITEM-000008562,ORD-00003445,PROD-000225,2,155.38,26.22
ITEM-000008563,ORD-00003446,PROD-000177,4,110.22,0.43
ITEM-000008564,ORD-00003447,PROD-000149,2,175.39,16.97
ITEM-000008565,ORD-00003447,PROD-000233,5,153.78,23.97
ITEM-000008566,ORD-00003447,PROD-000299,3,233.47,38.18
ITEM-000008567,ORD-00003448,PROD-000245,4,6.0,1.0
ITEM-000008568,ORD-00003448,PROD-000054,1,6.16,0.06
ITEM-000008569,ORD-00003448,PROD-000295,4,19.6,1.54
ITEM-000008570,ORD-00003449,PROD-000186,3,39.92,5.38
ITEM-000008571,ORD-00003449,PROD-000180,4,175.36,11.97
ITEM-000008572,ORD-00003449,PROD-000077,5,105.6,11.94
ITEM-000008573,ORD-00003449,PROD-000234,2,86.25,2.87
ITEM-000008574,ORD-00003450,PROD-000152,5,40.04,2.71
ITEM-000008575,ORD-00003450,PROD-000013,2,89.16,10.34
ITEM-000008576,ORD-00003451,PROD-000195,5,272.68,46.81
ITEM-000008577,ORD-00003451,PROD-000214,1,199.19,33.58
ITEM-000008578,ORD-00003451,PROD-000195,5,272.68,39.75
ITEM-000008579,ORD-00003452,PROD-000209,1,179.59,7.85
ITEM-000008580,ORD-00003452,PROD-000068,4,284.88,44.54
ITEM-000008581,ORD-00003453,PROD-000018,5,116.66,17.91
ITEM-000008582,ORD-00003453,PROD-000227,4,231.18,41.17
ITEM-000008583,ORD-00003453,PROD-000225,5,155.38,11.64
ITEM-000008584,ORD-00003453,PROD-000021,2,258.38,29.43
ITEM-000008585,ORD-00003454,PROD-000074,4,214.62,9.56
ITEM-000008586,ORD-00003454,PROD-000240,5,62.18,2.28
ITEM-000008587,ORD-00003454,PROD-000228,1,119.68,16.04
ITEM-000008588,ORD-00003454,PROD-000044,1,31.7,6.0
ITEM-000008589,ORD-00003455,PROD-000184,1,133.98,3.48
ITEM-000008590,ORD-00003455,PROD-000215,2,145.42,5.45
ITEM-000008591,ORD-00003456,PROD-000209,5,179.59,34.73
ITEM-000008592,ORD-00003457,PROD-000148,2,173.72,5.7
ITEM-000008593,ORD-00003457,PROD-000099,2,85.82,0.89
ITEM-000008594,ORD-00003458,PROD-000111,5,8.47,1.0
ITEM-000008595,ORD-00003458,PROD-000118,3,182.0,10.19
ITEM-000008596,ORD-00003459,PROD-000206,1,129.81,21.67
ITEM-000008597,ORD-00003460,PROD-000290,3,96.01,13.59
ITEM-000008598,ORD-00003460,PROD-000002,4,24.12,2.95
ITEM-000008599,ORD-00003460,PROD-000067,2,47.96,3.27
ITEM-000008600,ORD-00003460,PROD-000276,4,96.15,6.21
ITEM-000008601,ORD-00003461,PROD-000157,1,15.55,0.42
ITEM-000008602,ORD-00003461,PROD-000176,2,207.29,20.0
ITEM-000008603,ORD-00003462,PROD-000017,4,59.6,10.27
ITEM-000008604,ORD-00003463,PROD-000130,5,154.33,27.34
ITEM-000008605,ORD-00003463,PROD-000285,3,236.26,13.57
ITEM-000008606,ORD-00003463,PROD-000246,3,42.16,2.07
ITEM-000008607,ORD-00003464,PROD-000297,5,225.62,35.35
ITEM-000008608,ORD-00003465,PROD-000086,3,126.38,8.85
ITEM-000008609,ORD-00003465,PROD-000160,2,96.22,10.19
ITEM-000008610,ORD-00003465,PROD-000004,3,61.96,3.07
ITEM-000008611,ORD-00003466,PROD-000211,3,34.19,6.64
ITEM-000008612,ORD-00003466,PROD-000187,3,71.53,11.46
ITEM-000008613,ORD-00003466,PROD-000246,5,42.16,7.25
ITEM-000008614,ORD-00003466,PROD-000218,5,184.34,19.54
ITEM-000008615,ORD-00003467,PROD-000279,4,88.92,0.49
ITEM-000008616,ORD-00003467,PROD-000093,1,178.93,8.18
ITEM-000008617,ORD-00003467,PROD-000067,2,47.96,1.17
ITEM-000008618,ORD-00003467,PROD-000039,4,21.15,0.14
ITEM-000008619,ORD-00003468,PROD-000167,5,71.98,5.78
ITEM-000008620,ORD-00003469,PROD-000107,5,9.55,1.48
ITEM-000008621,ORD-00003469,PROD-000068,5,284.88,46.21
ITEM-000008622,ORD-00003469,PROD-000290,5,96.01,14.91
ITEM-000008623,ORD-00003469,PROD-000082,5,153.69,15.28
ITEM-000008624,ORD-00003470,PROD-000129,2,145.51,23.44
ITEM-000008625,ORD-00003471,PROD-000210,2,24.0,2.77
ITEM-000008626,ORD-00003471,PROD-000058,4,86.29,15.8
ITEM-000008627,ORD-00003471,PROD-000296,4,161.45,10.0
ITEM-000008628,ORD-00003472,PROD-000219,1,170.99,8.02
ITEM-000008629,ORD-00003473,PROD-000278,5,201.25,20.39
ITEM-000008630,ORD-00003473,PROD-000242,1,248.42,0.96
ITEM-000008631,ORD-00003474,PROD-000022,2,178.72,18.84
ITEM-000008632,ORD-00003475,PROD-000174,1,92.99,2.79
ITEM-000008633,ORD-00003475,PROD-000011,2,40.55,5.52
ITEM-000008634,ORD-00003475,PROD-000002,1,24.12,3.49
ITEM-000008635,ORD-00003476,PROD-000185,3,183.85,13.48
ITEM-000008636,ORD-00003476,PROD-000140,1,113.52,9.04
ITEM-000008637,ORD-00003476,PROD-000272,4,241.9,29.97
ITEM-000008638,ORD-00003476,PROD-000035,1,17.96,3.12
ITEM-000008639,ORD-00003477,PROD-000208,4,11.88,0.31
ITEM-000008640,ORD-00003477,PROD-000239,3,261.64,34.03
ITEM-000008641,ORD-00003477,PROD-000010,1,265.73,18.89
ITEM-000008642,ORD-00003478,PROD-000293,4,32.6,1.65
ITEM-000008643,ORD-00003478,PROD-000088,1,144.7,6.65
ITEM-000008644,ORD-00003478,PROD-000204,1,193.75,18.65
ITEM-000008645,ORD-00003478,PROD-000175,3,285.03,41.9
ITEM-000008646,ORD-00003479,PROD-000104,1,157.98,18.1
ITEM-000008647,ORD-00003479,PROD-000191,5,254.19,48.42
ITEM-000008648,ORD-00003480,PROD-000122,5,174.47,7.54
ITEM-000008649,ORD-00003480,PROD-000274,1,105.23,8.97
ITEM-000008650,ORD-00003481,PROD-000133,3,67.78,6.04
ITEM-000008651,ORD-00003482,PROD-000118,2,182.0,14.61
ITEM-000008652,ORD-00003482,PROD-000039,3,21.15,3.14
ITEM-000008653,ORD-00003483,PROD-000257,1,285.25,35.43
ITEM-000008654,ORD-00003483,PROD-000236,1,24.26,0.46
ITEM-000008655,ORD-00003483,PROD-000023,1,61.71,6.98
ITEM-000008656,ORD-00003484,PROD-000248,2,206.76,1.15
ITEM-000008657,ORD-00003484,PROD-000067,3,47.96,0.71
ITEM-000008658,ORD-00003484,PROD-000067,1,47.96,1.14
ITEM-000008659,ORD-00003484,PROD-000288,2,13.25,1.46
ITEM-000008660,ORD-00003485,PROD-000065,2,11.5,0.52
ITEM-000008661,ORD-00003485,PROD-000077,5,105.6,9.5
ITEM-000008662,ORD-00003485,PROD-000002,3,24.12,2.78
ITEM-000008663,ORD-00003486,PROD-000245,5,6.0,0.41
ITEM-000008664,ORD-00003486,PROD-000083,5,56.68,10.31
ITEM-000008665,ORD-00003487,PROD-000275,3,143.99,26.34
ITEM-000008666,ORD-00003487,PROD-000064,1,39.81,3.42
ITEM-000008667,ORD-00003487,PROD-000109,5,82.03,10.6
ITEM-000008668,ORD-00003488,PROD-000145,5,223.58,7.37
ITEM-000008669,ORD-00003489,PROD-000239,3,261.64,43.46
ITEM-000008670,ORD-00003490,PROD-000155,1,199.69,39.74
ITEM-000008671,ORD-00003490,PROD-000159,2,115.09,6.88
ITEM-000008672,ORD-00003490,PROD-000240,2,62.18,7.25
ITEM-000008673,ORD-00003490,PROD-000082,4,153.69,4.0
ITEM-000008674,ORD-00003491,PROD-000265,5,55.67,2.65
ITEM-000008675,ORD-00003492,PROD-000092,3,68.92,9.0
ITEM-000008676,ORD-00003493,PROD-000231,2,126.83,19.27
ITEM-000008677,ORD-00003493,PROD-000223,4,37.75,3.62
ITEM-000008678,ORD-00003493,PROD-000133,3,67.78,2.59
ITEM-000008679,ORD-00003493,PROD-000157,2,15.55,1.96
ITEM-000008680,ORD-00003494,PROD-000156,5,108.51,19.46
ITEM-000008681,ORD-00003494,PROD-000266,4,145.38,4.79
ITEM-000008682,ORD-00003494,PROD-000193,3,177.84,16.95
ITEM-000008683,ORD-00003495,PROD-000208,3,11.88,0.53
ITEM-000008684,ORD-00003495,PROD-000266,1,145.38,24.28
ITEM-000008685,ORD-00003495,PROD-000293,1,32.6,4.97
ITEM-000008686,ORD-00003496,PROD-000139,5,20.83,2.7
ITEM-000008687,ORD-00003496,PROD-000152,2,40.04,2.35
ITEM-000008688,ORD-00003497,PROD-000026,1,248.15,35.78
ITEM-000008689,ORD-00003497,PROD-000291,3,181.27,0.34
ITEM-000008690,ORD-00003497,PROD-000034,4,22.91,3.2
ITEM-000008691,ORD-00003497,PROD-000248,2,206.76,19.76
ITEM-000008692,ORD-00003498,PROD-000148,2,173.72,14.09
ITEM-000008693,ORD-00003498,PROD-000071,2,48.6,3.56
ITEM-000008694,ORD-00003499,PROD-000017,2,59.6,4.92
ITEM-000008695,ORD-00003499,PROD-000119,1,241.98,28.82
ITEM-000008696,ORD-00003500,PROD-000138,1,256.34,46.78
ITEM-000008697,ORD-00003501,PROD-000076,4,192.0,9.28
ITEM-000008698,ORD-00003501,PROD-000059,4,24.94,0.92
ITEM-000008699,ORD-00003501,PROD-000094,4,220.54,13.71
ITEM-000008700,ORD-00003502,PROD-000133,4,67.78,13.01
ITEM-000008701,ORD-00003503,PROD-000216,5,179.85,34.88
ITEM-000008702,ORD-00003503,PROD-000007,1,234.37,29.72
ITEM-000008703,ORD-00003503,PROD-000268,3,101.37,2.55
ITEM-000008704,ORD-00003504,PROD-000112,3,194.6,23.77
ITEM-000008705,ORD-00003504,PROD-000140,4,113.52,18.19
ITEM-000008706,ORD-00003505,PROD-000081,5,132.7,14.3
ITEM-000008707,ORD-00003505,PROD-000125,3,191.28,23.58
ITEM-000008708,ORD-00003506,PROD-000247,4,95.38,15.21
ITEM-000008709,ORD-00003506,PROD-000043,3,44.85,2.24
ITEM-000008710,ORD-00003506,PROD-000011,2,40.55,1.35
ITEM-000008711,ORD-00003506,PROD-000084,3,138.49,12.88
ITEM-000008712,ORD-00003507,PROD-000207,3,264.8,0.56
ITEM-000008713,ORD-00003507,PROD-000104,2,157.98,19.12
ITEM-000008714,ORD-00003508,PROD-000295,1,19.6,2.76
ITEM-000008715,ORD-00003509,PROD-000222,3,173.52,29.24
ITEM-000008716,ORD-00003510,PROD-000035,3,17.96,1.08
ITEM-000008717,ORD-00003510,PROD-000232,5,124.85,12.21
ITEM-000008718,ORD-00003510,PROD-000167,3,71.98,3.74
ITEM-000008719,ORD-00003510,PROD-000027,3,268.28,9.45
ITEM-000008720,ORD-00003511,PROD-000064,4,39.81,4.93
ITEM-000008721,ORD-00003511,PROD-000074,1,214.62,31.54
ITEM-000008722,ORD-00003512,PROD-000187,3,71.53,13.53
ITEM-000008723,ORD-00003512,PROD-000116,5,189.39,7.44
ITEM-000008724,ORD-00003512,PROD-000119,5,241.98,19.37
ITEM-000008725,ORD-00003512,PROD-000010,3,265.73,16.98
ITEM-000008726,ORD-00003513,PROD-000094,3,220.54,7.7
ITEM-000008727,ORD-00003513,PROD-000241,5,199.27,27.66
ITEM-000008728,ORD-00003514,PROD-000234,2,86.25,4.28
ITEM-000008729,ORD-00003514,PROD-000262,1,149.73,26.71
ITEM-000008730,ORD-00003514,PROD-000127,1,79.49,14.85
ITEM-000008731,ORD-00003515,PROD-000142,3,42.45,2.11
ITEM-000008732,ORD-00003515,PROD-000107,1,9.55,0.35
ITEM-000008733,ORD-00003516,PROD-000217,3,39.78,0.81
ITEM-000008734,ORD-00003516,PROD-000092,2,68.92,4.04
ITEM-000008735,ORD-00003517,PROD-000130,1,154.33,19.55
ITEM-000008736,ORD-00003517,PROD-000276,3,96.15,3.67
ITEM-000008737,ORD-00003517,PROD-000235,2,121.53,1.34
ITEM-000008738,ORD-00003517,PROD-000118,3,182.0,1.63
ITEM-000008739,ORD-00003518,PROD-000205,1,111.74,2.8
ITEM-000008740,ORD-00003519,PROD-000168,1,145.2,23.78
ITEM-000008741,ORD-00003519,PROD-000250,1,168.52,12.32
ITEM-000008742,ORD-00003520,PROD-000167,5,71.98,12.37
ITEM-000008743,ORD-00003520,PROD-000028,5,283.29,54.17
ITEM-000008744,ORD-00003520,PROD-000137,1,34.68,1.9
ITEM-000008745,ORD-00003521,PROD-000154,3,128.85,10.13
ITEM-000008746,ORD-00003521,PROD-000037,1,237.13,28.16
ITEM-000008747,ORD-00003522,PROD-000191,3,254.19,43.51
ITEM-000008748,ORD-00003522,PROD-000068,3,284.88,13.25
ITEM-000008749,ORD-00003523,PROD-000249,5,45.99,0.69
ITEM-000008750,ORD-00003524,PROD-000128,3,144.64,26.13
ITEM-000008751,ORD-00003525,PROD-000115,3,48.49,5.93
ITEM-000008752,ORD-00003525,PROD-000131,1,157.33,19.4
ITEM-000008753,ORD-00003525,PROD-000241,1,199.27,13.28
ITEM-000008754,ORD-00003526,PROD-000161,3,9.57,0.95
ITEM-000008755,ORD-00003526,PROD-000063,4,42.54,3.68
ITEM-000008756,ORD-00003526,PROD-000119,2,241.98,46.4
ITEM-000008757,ORD-00003526,PROD-000068,3,284.88,23.34
ITEM-000008758,ORD-00003527,PROD-000221,1,68.23,10.17
ITEM-000008759,ORD-00003528,PROD-000039,5,21.15,2.78
ITEM-000008760,ORD-00003528,PROD-000222,2,173.52,10.96
ITEM-000008761,ORD-00003529,PROD-000001,4,161.47,14.07
ITEM-000008762,ORD-00003530,PROD-000161,1,9.57,0.55
ITEM-000008763,ORD-00003531,PROD-000161,5,9.57,1.08
ITEM-000008764,ORD-00003532,PROD-000257,3,285.25,38.09
ITEM-000008765,ORD-00003532,PROD-000216,5,179.85,16.02
ITEM-000008766,ORD-00003532,PROD-000040,3,52.71,2.0
ITEM-000008767,ORD-00003532,PROD-000111,4,8.47,0.04
ITEM-000008768,ORD-00003533,PROD-000020,1,193.41,1.71
ITEM-000008769,ORD-00003534,PROD-000214,1,199.19,33.85
ITEM-000008770,ORD-00003534,PROD-000111,5,8.47,0.25
ITEM-000008771,ORD-00003534,PROD-000263,5,60.67,6.08
ITEM-000008772,ORD-00003535,PROD-000276,5,96.15,3.98
ITEM-000008773,ORD-00003536,PROD-000201,1,154.94,11.96
ITEM-000008774,ORD-00003536,PROD-000125,5,191.28,20.01
ITEM-000008775,ORD-00003536,PROD-000209,5,179.59,16.99
ITEM-000008776,ORD-00003537,PROD-000046,5,37.28,6.09
ITEM-000008777,ORD-00003537,PROD-000181,4,155.05,28.87
ITEM-000008778,ORD-00003537,PROD-000024,3,195.99,24.6
ITEM-000008779,ORD-00003538,PROD-000172,4,183.04,27.78
ITEM-000008780,ORD-00003538,PROD-000275,2,143.99,10.95
ITEM-000008781,ORD-00003538,PROD-000091,5,82.4,0.56
ITEM-000008782,ORD-00003538,PROD-000246,2,42.16,6.02
ITEM-000008783,ORD-00003539,PROD-000001,5,161.47,3.63
ITEM-000008784,ORD-00003539,PROD-000149,4,175.39,5.41
ITEM-000008785,ORD-00003540,PROD-000235,2,121.53,8.55
ITEM-000008786,ORD-00003540,PROD-000145,1,223.58,20.84
ITEM-000008787,ORD-00003541,PROD-000015,5,77.71,3.45
ITEM-000008788,ORD-00003541,PROD-000205,5,111.74,9.91
ITEM-000008789,ORD-00003542,PROD-000053,3,113.39,7.86
ITEM-000008790,ORD-00003542,PROD-000146,5,200.24,21.97
ITEM-000008791,ORD-00003542,PROD-000211,4,34.19,6.1
ITEM-000008792,ORD-00003543,PROD-000199,4,250.55,13.2
ITEM-000008793,ORD-00003543,PROD-000019,4,146.76,11.12
ITEM-000008794,ORD-00003543,PROD-000264,4,25.07,2.25
ITEM-000008795,ORD-00003544,PROD-000288,3,13.25,2.02
ITEM-000008796,ORD-00003545,PROD-000044,4,31.7,1.93
ITEM-000008797,ORD-00003546,PROD-000024,3,195.99,26.22
ITEM-000008798,ORD-00003546,PROD-000188,4,170.88,7.08
ITEM-000008799,ORD-00003546,PROD-000156,2,108.51,20.1
ITEM-000008800,ORD-00003546,PROD-000046,5,37.28,0.36
ITEM-000008801,ORD-00003547,PROD-000108,5,129.74,24.18
ITEM-000008802,ORD-00003547,PROD-000009,1,38.67,1.04
ITEM-000008803,ORD-00003547,PROD-000271,3,142.48,12.21
ITEM-000008804,ORD-00003547,PROD-000110,2,230.22,35.48
ITEM-000008805,ORD-00003548,PROD-000247,2,95.38,0.35
ITEM-000008806,ORD-00003548,PROD-000103,1,155.54,11.78
ITEM-000008807,ORD-00003548,PROD-000286,4,239.45,5.18
ITEM-000008808,ORD-00003548,PROD-000083,4,56.68,1.22
ITEM-000008809,ORD-00003549,PROD-000281,4,205.29,27.64
ITEM-000008810,ORD-00003549,PROD-000007,1,234.37,6.73
ITEM-000008811,ORD-00003549,PROD-000030,2,45.68,8.72
ITEM-000008812,ORD-00003550,PROD-000173,3,253.18,1.2
ITEM-000008813,ORD-00003550,PROD-000030,3,45.68,2.7
ITEM-000008814,ORD-00003550,PROD-000017,5,59.6,11.84
ITEM-000008815,ORD-00003551,PROD-000289,5,86.07,15.81
ITEM-000008816,ORD-00003552,PROD-000291,4,181.27,14.55
ITEM-000008817,ORD-00003552,PROD-000235,2,121.53,12.65
ITEM-000008818,ORD-00003553,PROD-000070,3,170.09,12.84
ITEM-000008819,ORD-00003553,PROD-000201,2,154.94,0.41
ITEM-000008820,ORD-00003553,PROD-000145,2,223.58,23.53
ITEM-000008821,ORD-00003553,PROD-000031,1,215.03,1.29
ITEM-000008822,ORD-00003554,PROD-000150,2,213.07,13.33
ITEM-000008823,ORD-00003555,PROD-000116,1,189.39,18.63
ITEM-000008824,ORD-00003555,PROD-000143,1,136.71,11.97
ITEM-000008825,ORD-00003555,PROD-000291,5,181.27,34.87
ITEM-000008826,ORD-00003556,PROD-000161,3,9.57,0.79
ITEM-000008827,ORD-00003556,PROD-000199,2,250.55,25.66
ITEM-000008828,ORD-00003556,PROD-000255,2,36.59,2.63
ITEM-000008829,ORD-00003556,PROD-000268,5,101.37,16.19
ITEM-000008830,ORD-00003557,PROD-000075,3,62.62,1.94
ITEM-000008831,ORD-00003557,PROD-000168,4,145.2,1.62
ITEM-000008832,ORD-00003558,PROD-000066,2,12.81,0.1
ITEM-000008833,ORD-00003558,PROD-000115,3,48.49,0.38
ITEM-000008834,ORD-00003559,PROD-000240,4,62.18,10.61
ITEM-000008835,ORD-00003559,PROD-000053,2,113.39,8.15
ITEM-000008836,ORD-00003559,PROD-000189,5,238.16,26.86
ITEM-000008837,ORD-00003559,PROD-000023,3,61.71,1.26
ITEM-000008838,ORD-00003560,PROD-000260,1,87.01,5.86
ITEM-000008839,ORD-00003560,PROD-000212,4,196.7,16.97
ITEM-000008840,ORD-00003561,PROD-000093,2,178.93,20.72
ITEM-000008841,ORD-00003562,PROD-000270,5,159.71,9.39
ITEM-000008842,ORD-00003562,PROD-000142,4,42.45,5.39
ITEM-000008843,ORD-00003562,PROD-000018,5,116.66,12.99
ITEM-000008844,ORD-00003562,PROD-000100,4,199.6,3.31
ITEM-000008845,ORD-00003563,PROD-000243,4,179.01,21.89
ITEM-000008846,ORD-00003563,PROD-000283,3,40.56,2.46
ITEM-000008847,ORD-00003564,PROD-000008,2,169.86,5.44
ITEM-000008848,ORD-00003564,PROD-000133,5,67.78,2.02
ITEM-000008849,ORD-00003565,PROD-000098,1,54.47,2.66
ITEM-000008850,ORD-00003565,PROD-000237,2,214.52,19.82
ITEM-000008851,ORD-00003565,PROD-000154,3,128.85,1.07
ITEM-000008852,ORD-00003565,PROD-000038,1,87.71,16.02
ITEM-000008853,ORD-00003566,PROD-000079,4,158.41,21.51
ITEM-000008854,ORD-00003567,PROD-000135,1,164.35,19.86
ITEM-000008855,ORD-00003568,PROD-000294,4,268.13,0.34
ITEM-000008856,ORD-00003568,PROD-000044,1,31.7,1.67
ITEM-000008857,ORD-00003569,PROD-000257,5,285.25,47.54
ITEM-000008858,ORD-00003570,PROD-000053,5,113.39,18.24
ITEM-000008859,ORD-00003571,PROD-000162,4,263.26,50.36
ITEM-000008860,ORD-00003571,PROD-000074,3,214.62,31.17
ITEM-000008861,ORD-00003572,PROD-000287,5,54.46,7.29
ITEM-000008862,ORD-00003572,PROD-000109,3,82.03,1.04
ITEM-000008863,ORD-00003572,PROD-000024,2,195.99,10.26
ITEM-000008864,ORD-00003572,PROD-000144,1,184.59,7.31
ITEM-000008865,ORD-00003573,PROD-000265,1,55.67,1.23
ITEM-000008866,ORD-00003574,PROD-000160,1,96.22,18.26
ITEM-000008867,ORD-00003575,PROD-000044,2,31.7,0.99
ITEM-000008868,ORD-00003575,PROD-000060,4,175.48,30.67
ITEM-000008869,ORD-00003575,PROD-000002,3,24.12,1.5
ITEM-000008870,ORD-00003576,PROD-000258,3,173.11,14.34
ITEM-000008871,ORD-00003577,PROD-000025,4,124.64,11.3
ITEM-000008872,ORD-00003577,PROD-000152,5,40.04,3.67
ITEM-000008873,ORD-00003577,PROD-000109,1,82.03,0.36
ITEM-000008874,ORD-00003578,PROD-000135,3,164.35,25.08
ITEM-000008875,ORD-00003579,PROD-000140,3,113.52,10.76
ITEM-000008876,ORD-00003579,PROD-000079,4,158.41,10.4
ITEM-000008877,ORD-00003579,PROD-000242,5,248.42,13.35
ITEM-000008878,ORD-00003579,PROD-000028,4,283.29,41.11
ITEM-000008879,ORD-00003580,PROD-000114,2,178.3,30.59
ITEM-000008880,ORD-00003581,PROD-000136,3,57.07,7.06
ITEM-000008881,ORD-00003581,PROD-000298,5,75.81,13.97
ITEM-000008882,ORD-00003581,PROD-000269,4,116.44,0.09
ITEM-000008883,ORD-00003581,PROD-000118,2,182.0,22.15
ITEM-000008884,ORD-00003582,PROD-000202,5,170.28,9.84
ITEM-000008885,ORD-00003582,PROD-000096,4,261.99,50.48
ITEM-000008886,ORD-00003583,PROD-000003,4,94.19,0.32
ITEM-000008887,ORD-00003584,PROD-000219,4,170.99,11.99
ITEM-000008888,ORD-00003584,PROD-000034,5,22.91,0.21
ITEM-000008889,ORD-00003585,PROD-000204,2,193.75,3.39
ITEM-000008890,ORD-00003585,PROD-000019,1,146.76,0.79
ITEM-000008891,ORD-00003585,PROD-000274,5,105.23,8.55
ITEM-000008892,ORD-00003585,PROD-000171,3,85.33,6.95
ITEM-000008893,ORD-00003586,PROD-000085,3,65.75,2.97
ITEM-000008894,ORD-00003587,PROD-000199,3,250.55,1.07
ITEM-000008895,ORD-00003588,PROD-000226,3,148.45,28.22
ITEM-000008896,ORD-00003588,PROD-000205,4,111.74,13.4
ITEM-000008897,ORD-00003588,PROD-000288,4,13.25,2.05
ITEM-000008898,ORD-00003589,PROD-000261,3,28.24,2.92
ITEM-000008899,ORD-00003589,PROD-000240,1,62.18,11.17
ITEM-000008900,ORD-00003589,PROD-000127,4,79.49,12.85
ITEM-000008901,ORD-00003590,PROD-000028,4,283.29,45.21
ITEM-000008902,ORD-00003591,PROD-000037,4,237.13,23.06
ITEM-000008903,ORD-00003592,PROD-000247,3,95.38,10.95
ITEM-000008904,ORD-00003592,PROD-000159,5,115.09,4.54
ITEM-000008905,ORD-00003593,PROD-000019,4,146.76,15.49
ITEM-000008906,ORD-00003593,PROD-000057,1,202.38,17.9
ITEM-000008907,ORD-00003594,PROD-000027,1,268.28,14.92
ITEM-000008908,ORD-00003594,PROD-000013,2,89.16,16.44
ITEM-000008909,ORD-00003594,PROD-000138,3,256.34,15.06
ITEM-000008910,ORD-00003594,PROD-000183,3,197.83,33.6
ITEM-000008911,ORD-00003595,PROD-000230,3,66.97,3.05
ITEM-000008912,ORD-00003595,PROD-000120,5,150.5,9.12
ITEM-000008913,ORD-00003595,PROD-000290,4,96.01,18.91
ITEM-000008914,ORD-00003595,PROD-000176,3,207.29,38.98
ITEM-000008915,ORD-00003596,PROD-000291,1,181.27,17.4
ITEM-000008916,ORD-00003596,PROD-000014,2,250.44,36.41
ITEM-000008917,ORD-00003597,PROD-000125,1,191.28,33.53
ITEM-000008918,ORD-00003597,PROD-000029,3,254.26,31.39
ITEM-000008919,ORD-00003597,PROD-000300,5,90.24,3.25
ITEM-000008920,ORD-00003598,PROD-000179,2,215.5,31.0
ITEM-000008921,ORD-00003598,PROD-000058,5,86.29,8.24
ITEM-000008922,ORD-00003598,PROD-000234,2,86.25,1.79
ITEM-000008923,ORD-00003598,PROD-000233,2,153.78,29.57
ITEM-000008924,ORD-00003599,PROD-000219,2,170.99,9.34
ITEM-000008925,ORD-00003599,PROD-000254,2,59.19,11.0
ITEM-000008926,ORD-00003599,PROD-000101,5,132.99,21.88
ITEM-000008927,ORD-00003600,PROD-000169,2,273.71,45.74
ITEM-000008928,ORD-00003600,PROD-000079,4,158.41,20.87
ITEM-000008929,ORD-00003600,PROD-000199,5,250.55,22.71
ITEM-000008930,ORD-00003600,PROD-000048,3,239.02,33.52
ITEM-000008931,ORD-00003601,PROD-000141,5,197.96,7.95
ITEM-000008932,ORD-00003601,PROD-000064,4,39.81,7.3
ITEM-000008933,ORD-00003602,PROD-000226,1,148.45,12.78
ITEM-000008934,ORD-00003602,PROD-000188,3,170.88,19.11
ITEM-000008935,ORD-00003602,PROD-000052,4,197.07,34.4
ITEM-000008936,ORD-00003602,PROD-000164,4,160.68,19.52
ITEM-000008937,ORD-00003603,PROD-000063,4,42.54,1.16
ITEM-000008938,ORD-00003604,PROD-000202,5,170.28,18.98
ITEM-000008939,ORD-00003605,PROD-000190,3,66.83,5.25
ITEM-000008940,ORD-00003605,PROD-000206,2,129.81,21.28
ITEM-000008941,ORD-00003606,PROD-000008,1,169.86,31.89
ITEM-000008942,ORD-00003606,PROD-000168,3,145.2,14.11
ITEM-000008943,ORD-00003606,PROD-000119,5,241.98,34.72
ITEM-000008944,ORD-00003606,PROD-000129,2,145.51,13.84
ITEM-000008945,ORD-00003607,PROD-000277,4,89.29,7.1
ITEM-000008946,ORD-00003608,PROD-000186,3,39.92,1.01
ITEM-000008947,ORD-00003608,PROD-000029,3,254.26,1.21
ITEM-000008948,ORD-00003609,PROD-000200,1,169.62,0.24
ITEM-000008949,ORD-00003609,PROD-000042,1,20.87,2.78
ITEM-000008950,ORD-00003610,PROD-000043,3,44.85,3.8
ITEM-000008951,ORD-00003611,PROD-000037,5,237.13,21.8
ITEM-000008952,ORD-00003611,PROD-000288,3,13.25,2.09
ITEM-000008953,ORD-00003611,PROD-000264,1,25.07,0.7
ITEM-000008954,ORD-00003611,PROD-000045,2,139.38,0.03
ITEM-000008955,ORD-00003612,PROD-000099,5,85.82,14.65
ITEM-000008956,ORD-00003612,PROD-000193,5,177.84,22.21
ITEM-000008957,ORD-00003613,PROD-000245,2,6.0,0.24
ITEM-000008958,ORD-00003613,PROD-000112,1,194.6,2.39
ITEM-000008959,ORD-00003613,PROD-000135,5,164.35,4.1
ITEM-000008960,ORD-00003613,PROD-000239,2,261.64,32.87
ITEM-000008961,ORD-00003614,PROD-000186,3,39.92,5.79
ITEM-000008962,ORD-00003614,PROD-000036,5,46.08,1.28
ITEM-000008963,ORD-00003614,PROD-000037,5,237.13,25.94
ITEM-000008964,ORD-00003614,PROD-000072,1,70.42,5.78
ITEM-000008965,ORD-00003615,PROD-000270,4,159.71,26.25
ITEM-000008966,ORD-00003616,PROD-000247,4,95.38,1.2
ITEM-000008967,ORD-00003617,PROD-000015,2,77.71,2.95
ITEM-000008968,ORD-00003617,PROD-000135,1,164.35,22.69
ITEM-000008969,ORD-00003618,PROD-000123,4,211.38,21.42
ITEM-000008970,ORD-00003618,PROD-000163,5,87.64,10.36
ITEM-000008971,ORD-00003618,PROD-000212,4,196.7,17.1
ITEM-000008972,ORD-00003618,PROD-000008,2,169.86,5.01
ITEM-000008973,ORD-00003619,PROD-000293,2,32.6,4.29
ITEM-000008974,ORD-00003620,PROD-000072,5,70.42,2.1
ITEM-000008975,ORD-00003620,PROD-000206,4,129.81,23.66
ITEM-000008976,ORD-00003620,PROD-000090,4,115.9,20.59
ITEM-000008977,ORD-00003621,PROD-000237,5,214.52,11.16
ITEM-000008978,ORD-00003621,PROD-000291,3,181.27,30.66
ITEM-000008979,ORD-00003622,PROD-000096,3,261.99,9.69
ITEM-000008980,ORD-00003622,PROD-000213,3,151.52,7.82
ITEM-000008981,ORD-00003623,PROD-000128,4,144.64,22.18
ITEM-000008982,ORD-00003623,PROD-000278,4,201.25,20.42
ITEM-000008983,ORD-00003623,PROD-000060,1,175.48,10.85
ITEM-000008984,ORD-00003624,PROD-000114,1,178.3,15.19
ITEM-000008985,ORD-00003624,PROD-000013,5,89.16,12.62
ITEM-000008986,ORD-00003625,PROD-000165,5,223.01,22.29
ITEM-000008987,ORD-00003626,PROD-000171,3,85.33,11.99
ITEM-000008988,ORD-00003627,PROD-000199,2,250.55,39.09
ITEM-000008989,ORD-00003628,PROD-000027,2,268.28,49.49
ITEM-000008990,ORD-00003628,PROD-000296,1,161.45,22.22
ITEM-000008991,ORD-00003628,PROD-000009,3,38.67,7.38
ITEM-000008992,ORD-00003628,PROD-000121,4,258.33,8.7
ITEM-000008993,ORD-00003629,PROD-000092,4,68.92,5.45
ITEM-000008994,ORD-00003629,PROD-000012,2,166.44,4.85
ITEM-000008995,ORD-00003629,PROD-000166,5,161.73,9.61
ITEM-000008996,ORD-00003629,PROD-000275,1,143.99,5.05
ITEM-000008997,ORD-00003630,PROD-000177,5,110.22,12.99
ITEM-000008998,ORD-00003630,PROD-000251,4,149.42,23.0
ITEM-000008999,ORD-00003630,PROD-000234,5,86.25,3.37
ITEM-000009000,ORD-00003631,PROD-000251,5,149.42,9.44
ITEM-000009001,ORD-00003631,PROD-000178,1,192.03,21.67
ITEM-000009002,ORD-00003631,PROD-000075,3,62.62,9.01
ITEM-000009003,ORD-00003632,PROD-000044,1,31.7,0.41
ITEM-000009004,ORD-00003632,PROD-000111,4,8.47,1.63
ITEM-000009005,ORD-00003632,PROD-000234,1,86.25,3.77
ITEM-000009006,ORD-00003633,PROD-000076,3,192.0,15.09
ITEM-000009007,ORD-00003633,PROD-000238,4,67.16,1.4
ITEM-000009008,ORD-00003633,PROD-000083,3,56.68,10.75
ITEM-000009009,ORD-00003633,PROD-000150,2,213.07,8.75
ITEM-000009010,ORD-00003634,PROD-000008,5,169.86,1.46
ITEM-000009011,ORD-00003635,PROD-000128,1,144.64,21.5
ITEM-000009012,ORD-00003635,PROD-000261,2,28.24,3.26
ITEM-000009013,ORD-00003635,PROD-000086,3,126.38,25.13
ITEM-000009014,ORD-00003635,PROD-000287,2,54.46,5.57
ITEM-000009015,ORD-00003636,PROD-000088,1,144.7,1.14
ITEM-000009016,ORD-00003636,PROD-000242,5,248.42,26.07
ITEM-000009017,ORD-00003637,PROD-000088,4,144.7,6.64
ITEM-000009018,ORD-00003638,PROD-000181,3,155.05,16.89
ITEM-000009019,ORD-00003638,PROD-000077,2,105.6,0.06
ITEM-000009020,ORD-00003638,PROD-000069,1,294.54,3.77
ITEM-000009021,ORD-00003638,PROD-000230,1,66.97,7.37
ITEM-000009022,ORD-00003639,PROD-000279,4,88.92,4.51
ITEM-000009023,ORD-00003639,PROD-000036,4,46.08,6.28
ITEM-000009024,ORD-00003640,PROD-000251,5,149.42,20.86
ITEM-000009025,ORD-00003640,PROD-000108,4,129.74,8.47
ITEM-000009026,ORD-00003641,PROD-000168,3,145.2,9.64
ITEM-000009027,ORD-00003641,PROD-000010,1,265.73,50.86
ITEM-000009028,ORD-00003642,PROD-000017,5,59.6,1.37
ITEM-000009029,ORD-00003643,PROD-000276,3,96.15,13.65
ITEM-000009030,ORD-00003643,PROD-000066,4,12.81,2.25
ITEM-000009031,ORD-00003643,PROD-000107,1,9.55,0.02
ITEM-000009032,ORD-00003644,PROD-000006,4,20.4,0.55
ITEM-000009033,ORD-00003644,PROD-000124,3,85.6,0.66
ITEM-000009034,ORD-00003644,PROD-000271,2,142.48,0.08
ITEM-000009035,ORD-00003644,PROD-000098,3,54.47,7.44
ITEM-000009036,ORD-00003645,PROD-000102,4,242.49,16.05
ITEM-000009037,ORD-00003645,PROD-000105,5,56.39,1.29
ITEM-000009038,ORD-00003645,PROD-000223,5,37.75,1.07
ITEM-000009039,ORD-00003646,PROD-000058,4,86.29,12.24
ITEM-000009040,ORD-00003647,PROD-000064,4,39.81,6.69
ITEM-000009041,ORD-00003647,PROD-000219,5,170.99,13.18
ITEM-000009042,ORD-00003648,PROD-000157,1,15.55,0.77
ITEM-000009043,ORD-00003648,PROD-000001,3,161.47,12.07
ITEM-000009044,ORD-00003648,PROD-000130,1,154.33,29.1
ITEM-000009045,ORD-00003648,PROD-000200,1,169.62,14.79
ITEM-000009046,ORD-00003649,PROD-000298,4,75.81,0.06
ITEM-000009047,ORD-00003649,PROD-000280,3,137.35,7.97
ITEM-000009048,ORD-00003649,PROD-000170,5,124.7,0.69
ITEM-000009049,ORD-00003650,PROD-000049,4,162.37,13.22
ITEM-000009050,ORD-00003650,PROD-000074,5,214.62,40.58
ITEM-000009051,ORD-00003650,PROD-000088,5,144.7,0.1
ITEM-000009052,ORD-00003651,PROD-000152,1,40.04,0.95
ITEM-000009053,ORD-00003651,PROD-000004,3,61.96,10.14
ITEM-000009054,ORD-00003652,PROD-000294,4,268.13,5.29
ITEM-000009055,ORD-00003652,PROD-000100,1,199.6,13.17
ITEM-000009056,ORD-00003652,PROD-000084,3,138.49,10.32
ITEM-000009057,ORD-00003652,PROD-000126,2,87.75,2.34
ITEM-000009058,ORD-00003653,PROD-000167,5,71.98,12.06
ITEM-000009059,ORD-00003654,PROD-000234,4,86.25,10.97
ITEM-000009060,ORD-00003654,PROD-000121,3,258.33,47.6
ITEM-000009061,ORD-00003655,PROD-000157,4,15.55,3.09
ITEM-000009062,ORD-00003656,PROD-000175,2,285.03,33.96
ITEM-000009063,ORD-00003656,PROD-000024,1,195.99,3.41
ITEM-000009064,ORD-00003657,PROD-000082,3,153.69,9.82
ITEM-000009065,ORD-00003657,PROD-000223,2,37.75,3.5
ITEM-000009066,ORD-00003657,PROD-000279,5,88.92,9.57
ITEM-000009067,ORD-00003658,PROD-000021,2,258.38,4.26
ITEM-000009068,ORD-00003658,PROD-000228,3,119.68,12.72
ITEM-000009069,ORD-00003658,PROD-000010,2,265.73,1.06
ITEM-000009070,ORD-00003658,PROD-000184,5,133.98,23.87
ITEM-000009071,ORD-00003659,PROD-000242,1,248.42,41.57
ITEM-000009072,ORD-00003660,PROD-000035,3,17.96,2.97
ITEM-000009073,ORD-00003660,PROD-000068,2,284.88,34.71
ITEM-000009074,ORD-00003660,PROD-000113,3,38.45,7.36
ITEM-000009075,ORD-00003660,PROD-000169,3,273.71,36.17
ITEM-000009076,ORD-00003661,PROD-000093,1,178.93,11.67
ITEM-000009077,ORD-00003661,PROD-000181,5,155.05,12.61
ITEM-000009078,ORD-00003661,PROD-000165,4,223.01,22.12
ITEM-000009079,ORD-00003662,PROD-000055,2,139.15,21.85
ITEM-000009080,ORD-00003663,PROD-000010,3,265.73,40.32
ITEM-000009081,ORD-00003663,PROD-000240,4,62.18,12.08
ITEM-000009082,ORD-00003664,PROD-000129,3,145.51,22.32
ITEM-000009083,ORD-00003664,PROD-000054,1,6.16,1.23
ITEM-000009084,ORD-00003664,PROD-000001,5,161.47,18.41
ITEM-000009085,ORD-00003664,PROD-000183,5,197.83,22.57
ITEM-000009086,ORD-00003665,PROD-000056,3,207.38,27.35
ITEM-000009087,ORD-00003666,PROD-000093,1,178.93,27.79
ITEM-000009088,ORD-00003666,PROD-000104,4,157.98,22.41
ITEM-000009089,ORD-00003667,PROD-000032,1,114.8,21.02
ITEM-000009090,ORD-00003667,PROD-000101,3,132.99,12.2
ITEM-000009091,ORD-00003667,PROD-000037,2,237.13,31.85
ITEM-000009092,ORD-00003667,PROD-000296,5,161.45,18.94
ITEM-000009093,ORD-00003668,PROD-000004,4,61.96,3.48
ITEM-000009094,ORD-00003668,PROD-000055,1,139.15,20.81
ITEM-000009095,ORD-00003669,PROD-000296,5,161.45,4.09
ITEM-000009096,ORD-00003669,PROD-000054,3,6.16,0.86
ITEM-000009097,ORD-00003669,PROD-000025,2,124.64,5.27
ITEM-000009098,ORD-00003669,PROD-000249,5,45.99,8.11
ITEM-000009099,ORD-00003670,PROD-000075,5,62.62,4.58
ITEM-000009100,ORD-00003670,PROD-000288,5,13.25,1.36
ITEM-000009101,ORD-00003670,PROD-000263,1,60.67,6.63
ITEM-000009102,ORD-00003671,PROD-000121,5,258.33,24.15
ITEM-000009103,ORD-00003671,PROD-000125,1,191.28,27.23
ITEM-000009104,ORD-00003671,PROD-000292,1,123.71,15.96
ITEM-000009105,ORD-00003672,PROD-000122,4,174.47,20.5
ITEM-000009106,ORD-00003672,PROD-000299,5,233.47,39.67
ITEM-000009107,ORD-00003672,PROD-000153,3,111.79,6.99
ITEM-000009108,ORD-00003672,PROD-000130,3,154.33,8.55
ITEM-000009109,ORD-00003673,PROD-000232,4,124.85,14.52
ITEM-000009110,ORD-00003674,PROD-000219,2,170.99,13.19
ITEM-000009111,ORD-00003674,PROD-000176,3,207.29,27.12
ITEM-000009112,ORD-00003675,PROD-000232,3,124.85,24.81
ITEM-000009113,ORD-00003675,PROD-000056,4,207.38,1.29
ITEM-000009114,ORD-00003675,PROD-000133,2,67.78,4.62
ITEM-000009115,ORD-00003676,PROD-000265,3,55.67,10.63
ITEM-000009116,ORD-00003676,PROD-000291,1,181.27,16.75
ITEM-000009117,ORD-00003677,PROD-000187,5,71.53,12.23
ITEM-000009118,ORD-00003677,PROD-000231,5,126.83,19.19
ITEM-000009119,ORD-00003677,PROD-000255,3,36.59,3.05
ITEM-000009120,ORD-00003677,PROD-000283,1,40.56,3.07
ITEM-000009121,ORD-00003678,PROD-000112,3,194.6,26.36
ITEM-000009122,ORD-00003678,PROD-000251,2,149.42,1.7
ITEM-000009123,ORD-00003678,PROD-000227,1,231.18,37.28
ITEM-000009124,ORD-00003679,PROD-000239,4,261.64,4.91
ITEM-000009125,ORD-00003679,PROD-000099,3,85.82,11.29
ITEM-000009126,ORD-00003679,PROD-000002,4,24.12,2.45
ITEM-000009127,ORD-00003679,PROD-000112,4,194.6,22.72
ITEM-000009128,ORD-00003680,PROD-000098,2,54.47,7.79
ITEM-000009129,ORD-00003680,PROD-000257,3,285.25,16.12
ITEM-000009130,ORD-00003681,PROD-000097,4,186.58,21.7
ITEM-000009131,ORD-00003681,PROD-000175,2,285.03,54.38
ITEM-000009132,ORD-00003682,PROD-000023,2,61.71,2.77
ITEM-000009133,ORD-00003682,PROD-000071,4,48.6,3.06
ITEM-000009134,ORD-00003682,PROD-000082,4,153.69,7.31
ITEM-000009135,ORD-00003683,PROD-000061,3,156.43,19.49
ITEM-000009136,ORD-00003683,PROD-000080,3,141.46,16.81
ITEM-000009137,ORD-00003683,PROD-000028,2,283.29,7.91
ITEM-000009138,ORD-00003684,PROD-000126,3,87.75,8.46
ITEM-000009139,ORD-00003684,PROD-000039,3,21.15,1.79
ITEM-000009140,ORD-00003685,PROD-000018,5,116.66,5.67
ITEM-000009141,ORD-00003685,PROD-000183,3,197.83,14.57
ITEM-000009142,ORD-00003685,PROD-000232,1,124.85,22.8
ITEM-000009143,ORD-00003686,PROD-000019,1,146.76,12.07
ITEM-000009144,ORD-00003686,PROD-000241,3,199.27,2.93
ITEM-000009145,ORD-00003687,PROD-000159,3,115.09,21.57
ITEM-000009146,ORD-00003687,PROD-000185,5,183.85,10.08
ITEM-000009147,ORD-00003687,PROD-000241,4,199.27,4.43
ITEM-000009148,ORD-00003687,PROD-000082,1,153.69,16.94
ITEM-000009149,ORD-00003688,PROD-000048,2,239.02,22.83
ITEM-000009150,ORD-00003688,PROD-000008,4,169.86,11.04
ITEM-000009151,ORD-00003689,PROD-000208,1,11.88,2.15
ITEM-000009152,ORD-00003689,PROD-000087,2,82.01,14.87
ITEM-000009153,ORD-00003689,PROD-000278,2,201.25,26.41
ITEM-000009154,ORD-00003689,PROD-000014,3,250.44,19.34
ITEM-000009155,ORD-00003690,PROD-000215,5,145.42,20.21
ITEM-000009156,ORD-00003690,PROD-000128,1,144.64,27.1
ITEM-000009157,ORD-00003690,PROD-000190,3,66.83,4.33
ITEM-000009158,ORD-00003691,PROD-000298,3,75.81,0.77
ITEM-000009159,ORD-00003691,PROD-000209,2,179.59,25.35
ITEM-000009160,ORD-00003691,PROD-000220,1,23.88,2.39
ITEM-000009161,ORD-00003692,PROD-000276,5,96.15,15.42
ITEM-000009162,ORD-00003692,PROD-000160,2,96.22,4.47
ITEM-000009163,ORD-00003692,PROD-000071,4,48.6,3.98
ITEM-000009164,ORD-00003692,PROD-000099,5,85.82,12.41
ITEM-000009165,ORD-00003693,PROD-000135,4,164.35,1.16
ITEM-000009166,ORD-00003694,PROD-000126,4,87.75,9.93
ITEM-000009167,ORD-00003694,PROD-000073,4,65.08,11.58
ITEM-000009168,ORD-00003695,PROD-000095,2,256.52,7.68
ITEM-000009169,ORD-00003696,PROD-000192,3,222.13,30.06
ITEM-000009170,ORD-00003696,PROD-000206,1,129.81,11.89
ITEM-000009171,ORD-00003696,PROD-000020,4,193.41,24.88
ITEM-000009172,ORD-00003696,PROD-000237,1,214.52,39.37
ITEM-000009173,ORD-00003697,PROD-000175,1,285.03,9.84
ITEM-000009174,ORD-00003698,PROD-000107,5,9.55,1.62
ITEM-000009175,ORD-00003699,PROD-000159,5,115.09,0.76
ITEM-000009176,ORD-00003699,PROD-000224,5,108.39,10.31
ITEM-000009177,ORD-00003699,PROD-000084,1,138.49,10.59
ITEM-000009178,ORD-00003700,PROD-000283,2,40.56,5.56
ITEM-000009179,ORD-00003701,PROD-000038,5,87.71,2.76
ITEM-000009180,ORD-00003701,PROD-000194,5,65.76,1.93
ITEM-000009181,ORD-00003702,PROD-000173,2,253.18,1.26
ITEM-000009182,ORD-00003703,PROD-000082,2,153.69,28.27
ITEM-000009183,ORD-00003704,PROD-000029,5,254.26,6.4
ITEM-000009184,ORD-00003705,PROD-000262,2,149.73,19.54
ITEM-000009185,ORD-00003705,PROD-000228,3,119.68,4.35
ITEM-000009186,ORD-00003706,PROD-000162,3,263.26,32.67
ITEM-000009187,ORD-00003707,PROD-000252,5,138.21,14.8
ITEM-000009188,ORD-00003707,PROD-000228,2,119.68,21.32
ITEM-000009189,ORD-00003707,PROD-000075,1,62.62,5.01
ITEM-000009190,ORD-00003708,PROD-000082,5,153.69,25.53
ITEM-000009191,ORD-00003708,PROD-000014,1,250.44,49.13
ITEM-000009192,ORD-00003709,PROD-000216,5,179.85,19.91
ITEM-000009193,ORD-00003709,PROD-000150,3,213.07,17.73
ITEM-000009194,ORD-00003710,PROD-000188,5,170.88,19.81
ITEM-000009195,ORD-00003710,PROD-000071,3,48.6,4.77
ITEM-000009196,ORD-00003710,PROD-000007,5,234.37,19.54
ITEM-000009197,ORD-00003710,PROD-000010,4,265.73,47.09
ITEM-000009198,ORD-00003711,PROD-000226,2,148.45,20.63
ITEM-000009199,ORD-00003711,PROD-000132,3,261.68,9.26
ITEM-000009200,ORD-00003711,PROD-000237,2,214.52,19.44
ITEM-000009201,ORD-00003712,PROD-000129,4,145.51,14.4
ITEM-000009202,ORD-00003712,PROD-000275,3,143.99,0.41
ITEM-000009203,ORD-00003712,PROD-000002,5,24.12,1.31
ITEM-000009204,ORD-00003712,PROD-000163,4,87.64,8.2
ITEM-000009205,ORD-00003713,PROD-000223,1,37.75,1.07
ITEM-000009206,ORD-00003714,PROD-000079,5,158.41,9.7
ITEM-000009207,ORD-00003714,PROD-000205,5,111.74,1.37
ITEM-000009208,ORD-00003714,PROD-000070,5,170.09,27.1
ITEM-000009209,ORD-00003714,PROD-000076,4,192.0,26.38
ITEM-000009210,ORD-00003715,PROD-000194,3,65.76,1.57
ITEM-000009211,ORD-00003716,PROD-000001,3,161.47,6.33
ITEM-000009212,ORD-00003717,PROD-000039,5,21.15,3.98
ITEM-000009213,ORD-00003717,PROD-000018,3,116.66,9.03
ITEM-000009214,ORD-00003717,PROD-000204,5,193.75,19.97
ITEM-000009215,ORD-00003717,PROD-000104,1,157.98,21.8
ITEM-000009216,ORD-00003718,PROD-000194,3,65.76,13.14
ITEM-000009217,ORD-00003718,PROD-000296,3,161.45,20.54
ITEM-000009218,ORD-00003718,PROD-000074,4,214.62,25.01
ITEM-000009219,ORD-00003718,PROD-000098,1,54.47,9.59
ITEM-000009220,ORD-00003719,PROD-000069,5,294.54,40.34
ITEM-000009221,ORD-00003719,PROD-000122,3,174.47,23.46
ITEM-000009222,ORD-00003719,PROD-000139,1,20.83,3.49
ITEM-000009223,ORD-00003720,PROD-000044,5,31.7,3.83
ITEM-000009224,ORD-00003721,PROD-000285,1,236.26,24.68
ITEM-000009225,ORD-00003721,PROD-000002,1,24.12,2.27
ITEM-000009226,ORD-00003721,PROD-000264,4,25.07,2.44
ITEM-000009227,ORD-00003722,PROD-000188,2,170.88,1.35
ITEM-000009228,ORD-00003723,PROD-000053,1,113.39,10.69
ITEM-000009229,ORD-00003723,PROD-000147,1,65.7,3.74
ITEM-000009230,ORD-00003723,PROD-000116,4,189.39,36.93
ITEM-000009231,ORD-00003723,PROD-000297,3,225.62,33.03
ITEM-000009232,ORD-00003724,PROD-000232,2,124.85,16.18
ITEM-000009233,ORD-00003724,PROD-000151,4,206.31,3.43
ITEM-000009234,ORD-00003724,PROD-000028,3,283.29,55.21
ITEM-000009235,ORD-00003724,PROD-000047,1,16.68,3.09
ITEM-000009236,ORD-00003725,PROD-000027,4,268.28,2.74
ITEM-000009237,ORD-00003726,PROD-000255,5,36.59,5.39
ITEM-000009238,ORD-00003727,PROD-000091,1,82.4,6.13
ITEM-000009239,ORD-00003728,PROD-000179,3,215.5,24.37
ITEM-000009240,ORD-00003728,PROD-000084,2,138.49,19.48
ITEM-000009241,ORD-00003729,PROD-000017,1,59.6,0.14
ITEM-000009242,ORD-00003729,PROD-000089,5,64.06,11.55
ITEM-000009243,ORD-00003730,PROD-000187,5,71.53,11.31
ITEM-000009244,ORD-00003730,PROD-000243,3,179.01,23.21
ITEM-000009245,ORD-00003730,PROD-000171,2,85.33,14.82
ITEM-000009246,ORD-00003730,PROD-000217,3,39.78,4.73
ITEM-000009247,ORD-00003731,PROD-000159,3,115.09,19.14
ITEM-000009248,ORD-00003731,PROD-000086,3,126.38,3.83
ITEM-000009249,ORD-00003731,PROD-000133,2,67.78,0.76
ITEM-000009250,ORD-00003731,PROD-000043,4,44.85,2.55
ITEM-000009251,ORD-00003732,PROD-000109,4,82.03,4.79
ITEM-000009252,ORD-00003732,PROD-000188,1,170.88,30.77
ITEM-000009253,ORD-00003732,PROD-000097,2,186.58,17.11
ITEM-000009254,ORD-00003733,PROD-000228,4,119.68,19.06
ITEM-000009255,ORD-00003733,PROD-000203,5,217.05,33.49
ITEM-000009256,ORD-00003734,PROD-000195,5,272.68,6.28
ITEM-000009257,ORD-00003734,PROD-000193,1,177.84,29.79
ITEM-000009258,ORD-00003734,PROD-000164,3,160.68,15.95
ITEM-000009259,ORD-00003734,PROD-000046,4,37.28,2.25
ITEM-000009260,ORD-00003735,PROD-000186,5,39.92,2.38
ITEM-000009261,ORD-00003736,PROD-000265,5,55.67,0.88
ITEM-000009262,ORD-00003736,PROD-000140,5,113.52,13.9
ITEM-000009263,ORD-00003736,PROD-000264,1,25.07,1.06
ITEM-000009264,ORD-00003736,PROD-000173,5,253.18,20.29
ITEM-000009265,ORD-00003737,PROD-000024,3,195.99,17.41
ITEM-000009266,ORD-00003737,PROD-000136,3,57.07,0.31
ITEM-000009267,ORD-00003737,PROD-000296,5,161.45,14.1
ITEM-000009268,ORD-00003738,PROD-000133,3,67.78,10.37
ITEM-000009269,ORD-00003738,PROD-000163,2,87.64,17.07
ITEM-000009270,ORD-00003739,PROD-000050,1,41.26,0.75
ITEM-000009271,ORD-00003740,PROD-000266,3,145.38,23.28
ITEM-000009272,ORD-00003741,PROD-000274,3,105.23,8.64
ITEM-000009273,ORD-00003742,PROD-000262,5,149.73,16.59
ITEM-000009274,ORD-00003742,PROD-000165,5,223.01,9.92
ITEM-000009275,ORD-00003742,PROD-000085,1,65.75,3.19
ITEM-000009276,ORD-00003742,PROD-000296,4,161.45,3.8
ITEM-000009277,ORD-00003743,PROD-000027,4,268.28,38.8
ITEM-000009278,ORD-00003743,PROD-000102,3,242.49,33.62
ITEM-000009279,ORD-00003744,PROD-000021,2,258.38,7.64
ITEM-000009280,ORD-00003745,PROD-000136,2,57.07,3.95
ITEM-000009281,ORD-00003745,PROD-000254,2,59.19,0.1
ITEM-000009282,ORD-00003745,PROD-000170,3,124.7,13.63
ITEM-000009283,ORD-00003745,PROD-000084,5,138.49,14.32
ITEM-000009284,ORD-00003746,PROD-000281,1,205.29,29.49
ITEM-000009285,ORD-00003746,PROD-000073,1,65.08,11.11
ITEM-000009286,ORD-00003746,PROD-000145,4,223.58,43.45
ITEM-000009287,ORD-00003746,PROD-000131,5,157.33,22.93
ITEM-000009288,ORD-00003747,PROD-000229,3,175.01,13.53
ITEM-000009289,ORD-00003747,PROD-000151,2,206.31,24.09
ITEM-000009290,ORD-00003747,PROD-000234,1,86.25,8.31
ITEM-000009291,ORD-00003748,PROD-000243,2,179.01,2.89
ITEM-000009292,ORD-00003748,PROD-000221,1,68.23,6.25
ITEM-000009293,ORD-00003748,PROD-000256,3,26.12,2.8
ITEM-000009294,ORD-00003749,PROD-000177,2,110.22,13.7
ITEM-000009295,ORD-00003749,PROD-000093,4,178.93,15.96
ITEM-000009296,ORD-00003749,PROD-000220,5,23.88,4.39
ITEM-000009297,ORD-00003750,PROD-000278,5,201.25,18.56
ITEM-000009298,ORD-00003750,PROD-000241,3,199.27,11.68
ITEM-000009299,ORD-00003750,PROD-000169,5,273.71,14.12
ITEM-000009300,ORD-00003750,PROD-000232,3,124.85,24.13
ITEM-000009301,ORD-00003751,PROD-000143,1,136.71,3.16
ITEM-000009302,ORD-00003751,PROD-000070,5,170.09,33.72
ITEM-000009303,ORD-00003752,PROD-000213,1,151.52,20.95
ITEM-000009304,ORD-00003752,PROD-000223,2,37.75,5.25
ITEM-000009305,ORD-00003753,PROD-000033,5,93.06,3.89
ITEM-000009306,ORD-00003753,PROD-000193,2,177.84,18.35
ITEM-000009307,ORD-00003753,PROD-000014,1,250.44,7.67
ITEM-000009308,ORD-00003754,PROD-000271,3,142.48,22.44
ITEM-000009309,ORD-00003754,PROD-000246,5,42.16,2.04
ITEM-000009310,ORD-00003754,PROD-000179,4,215.5,5.12
ITEM-000009311,ORD-00003755,PROD-000185,4,183.85,20.38
ITEM-000009312,ORD-00003756,PROD-000070,2,170.09,23.85
ITEM-000009313,ORD-00003756,PROD-000123,1,211.38,40.84
ITEM-000009314,ORD-00003756,PROD-000239,1,261.64,34.39
ITEM-000009315,ORD-00003756,PROD-000172,5,183.04,9.24
ITEM-000009316,ORD-00003757,PROD-000162,2,263.26,5.38
ITEM-000009317,ORD-00003758,PROD-000068,2,284.88,25.61
ITEM-000009318,ORD-00003759,PROD-000124,2,85.6,0.9
ITEM-000009319,ORD-00003759,PROD-000226,2,148.45,24.0
ITEM-000009320,ORD-00003759,PROD-000252,1,138.21,14.84
ITEM-000009321,ORD-00003760,PROD-000146,3,200.24,18.28
ITEM-000009322,ORD-00003760,PROD-000181,4,155.05,5.83
ITEM-000009323,ORD-00003761,PROD-000054,2,6.16,0.77
ITEM-000009324,ORD-00003762,PROD-000279,1,88.92,8.74
ITEM-000009325,ORD-00003762,PROD-000096,5,261.99,47.37
ITEM-000009326,ORD-00003763,PROD-000203,4,217.05,3.37
ITEM-000009327,ORD-00003764,PROD-000178,5,192.03,33.1
ITEM-000009328,ORD-00003764,PROD-000170,5,124.7,10.01
ITEM-000009329,ORD-00003764,PROD-000119,3,241.98,20.96
ITEM-000009330,ORD-00003765,PROD-000041,5,146.19,27.19
ITEM-000009331,ORD-00003765,PROD-000085,5,65.75,8.95
ITEM-000009332,ORD-00003765,PROD-000091,3,82.4,2.3
ITEM-000009333,ORD-00003766,PROD-000268,5,101.37,7.73
ITEM-000009334,ORD-00003766,PROD-000300,1,90.24,16.45
ITEM-000009335,ORD-00003767,PROD-000140,4,113.52,13.38
ITEM-000009336,ORD-00003767,PROD-000270,3,159.71,5.61
ITEM-000009337,ORD-00003767,PROD-000257,2,285.25,56.68
ITEM-000009338,ORD-00003768,PROD-000230,1,66.97,4.4
ITEM-000009339,ORD-00003768,PROD-000023,2,61.71,0.98
ITEM-000009340,ORD-00003768,PROD-000113,2,38.45,6.26
ITEM-000009341,ORD-00003769,PROD-000047,2,16.68,0.7
ITEM-000009342,ORD-00003769,PROD-000082,1,153.69,6.39
ITEM-000009343,ORD-00003769,PROD-000222,4,173.52,18.15
ITEM-000009344,ORD-00003769,PROD-000151,2,206.31,32.5
ITEM-000009345,ORD-00003770,PROD-000280,4,137.35,3.74
ITEM-000009346,ORD-00003770,PROD-000278,3,201.25,7.49
ITEM-000009347,ORD-00003770,PROD-000074,5,214.62,19.86
ITEM-000009348,ORD-00003770,PROD-000194,1,65.76,9.5
ITEM-000009349,ORD-00003771,PROD-000004,5,61.96,12.32
ITEM-000009350,ORD-00003771,PROD-000248,4,206.76,23.2
ITEM-000009351,ORD-00003772,PROD-000225,1,155.38,29.73
ITEM-000009352,ORD-00003772,PROD-000004,4,61.96,2.26
ITEM-000009353,ORD-00003772,PROD-000275,2,143.99,23.73
ITEM-000009354,ORD-00003773,PROD-000178,3,192.03,18.45
ITEM-000009355,ORD-00003773,PROD-000176,4,207.29,7.19
ITEM-000009356,ORD-00003773,PROD-000067,4,47.96,4.79
ITEM-000009357,ORD-00003774,PROD-000029,3,254.26,16.81
ITEM-000009358,ORD-00003775,PROD-000272,3,241.9,34.14
ITEM-000009359,ORD-00003775,PROD-000241,2,199.27,2.43
ITEM-000009360,ORD-00003775,PROD-000065,4,11.5,0.51
ITEM-000009361,ORD-00003776,PROD-000088,5,144.7,9.97
ITEM-000009362,ORD-00003776,PROD-000230,1,66.97,4.18
ITEM-000009363,ORD-00003777,PROD-000131,1,157.33,24.02
ITEM-000009364,ORD-00003777,PROD-000079,3,158.41,10.84
ITEM-000009365,ORD-00003778,PROD-000211,5,34.19,4.13
ITEM-000009366,ORD-00003778,PROD-000115,5,48.49,7.72
ITEM-000009367,ORD-00003778,PROD-000235,1,121.53,7.13
ITEM-000009368,ORD-00003779,PROD-000213,4,151.52,29.43
ITEM-000009369,ORD-00003780,PROD-000185,5,183.85,15.49
ITEM-000009370,ORD-00003781,PROD-000205,4,111.74,5.2
ITEM-000009371,ORD-00003781,PROD-000201,3,154.94,11.78
ITEM-000009372,ORD-00003781,PROD-000006,3,20.4,3.93
ITEM-000009373,ORD-00003782,PROD-000264,3,25.07,3.74
ITEM-000009374,ORD-00003782,PROD-000221,4,68.23,10.18
ITEM-000009375,ORD-00003782,PROD-000107,2,9.55,1.36
ITEM-000009376,ORD-00003783,PROD-000084,3,138.49,15.08
ITEM-000009377,ORD-00003784,PROD-000181,5,155.05,14.43
ITEM-000009378,ORD-00003784,PROD-000225,1,155.38,0.33
ITEM-000009379,ORD-00003784,PROD-000217,2,39.78,1.9
ITEM-000009380,ORD-00003785,PROD-000161,5,9.57,1.61
ITEM-000009381,ORD-00003785,PROD-000143,2,136.71,11.53
ITEM-000009382,ORD-00003785,PROD-000017,4,59.6,4.92
ITEM-000009383,ORD-00003786,PROD-000106,1,222.78,3.79
ITEM-000009384,ORD-00003786,PROD-000025,2,124.64,21.42
ITEM-000009385,ORD-00003786,PROD-000126,5,87.75,8.98
ITEM-000009386,ORD-00003787,PROD-000124,5,85.6,8.54
ITEM-000009387,ORD-00003788,PROD-000074,5,214.62,9.61
ITEM-000009388,ORD-00003788,PROD-000183,4,197.83,21.75
ITEM-000009389,ORD-00003788,PROD-000028,3,283.29,50.49
ITEM-000009390,ORD-00003788,PROD-000281,1,205.29,1.57
ITEM-000009391,ORD-00003789,PROD-000060,3,175.48,28.73
ITEM-000009392,ORD-00003790,PROD-000235,3,121.53,20.36
ITEM-000009393,ORD-00003790,PROD-000102,3,242.49,19.58
ITEM-000009394,ORD-00003791,PROD-000067,4,47.96,4.71
ITEM-000009395,ORD-00003792,PROD-000037,3,237.13,43.92
ITEM-000009396,ORD-00003792,PROD-000188,5,170.88,14.75
ITEM-000009397,ORD-00003792,PROD-000189,4,238.16,33.19
ITEM-000009398,ORD-00003792,PROD-000298,3,75.81,5.36
ITEM-000009399,ORD-00003793,PROD-000175,5,285.03,19.57
ITEM-000009400,ORD-00003793,PROD-000292,3,123.71,24.15
ITEM-000009401,ORD-00003793,PROD-000014,3,250.44,16.24
ITEM-000009402,ORD-00003793,PROD-000123,4,211.38,5.67
ITEM-000009403,ORD-00003794,PROD-000227,1,231.18,13.89
ITEM-000009404,ORD-00003795,PROD-000147,1,65.7,7.35
ITEM-000009405,ORD-00003795,PROD-000177,2,110.22,15.2
ITEM-000009406,ORD-00003795,PROD-000068,3,284.88,8.17
ITEM-000009407,ORD-00003796,PROD-000233,5,153.78,19.84
ITEM-000009408,ORD-00003797,PROD-000039,4,21.15,2.75
ITEM-000009409,ORD-00003797,PROD-000050,1,41.26,5.04
ITEM-000009410,ORD-00003798,PROD-000048,3,239.02,39.78
ITEM-000009411,ORD-00003798,PROD-000192,4,222.13,13.12
ITEM-000009412,ORD-00003799,PROD-000164,2,160.68,1.93
ITEM-000009413,ORD-00003799,PROD-000105,1,56.39,8.9
ITEM-000009414,ORD-00003799,PROD-000070,4,170.09,21.45
ITEM-000009415,ORD-00003800,PROD-000238,2,67.16,0.35
ITEM-000009416,ORD-00003800,PROD-000281,2,205.29,12.33
ITEM-000009417,ORD-00003800,PROD-000030,2,45.68,7.51
ITEM-000009418,ORD-00003801,PROD-000124,2,85.6,12.39
ITEM-000009419,ORD-00003801,PROD-000047,2,16.68,2.46
ITEM-000009420,ORD-00003801,PROD-000146,3,200.24,0.38
ITEM-000009421,ORD-00003802,PROD-000299,2,233.47,46.63
ITEM-000009422,ORD-00003802,PROD-000224,2,108.39,6.28
ITEM-000009423,ORD-00003803,PROD-000295,3,19.6,0.35
ITEM-000009424,ORD-00003804,PROD-000283,1,40.56,2.93
ITEM-000009425,ORD-00003805,PROD-000182,4,262.82,30.05
ITEM-000009426,ORD-00003805,PROD-000299,5,233.47,2.85
ITEM-000009427,ORD-00003806,PROD-000145,4,223.58,27.18
ITEM-000009428,ORD-00003807,PROD-000046,2,37.28,5.97
ITEM-000009429,ORD-00003807,PROD-000122,2,174.47,11.34
ITEM-000009430,ORD-00003807,PROD-000209,1,179.59,3.1
ITEM-000009431,ORD-00003808,PROD-000059,2,24.94,3.99
ITEM-000009432,ORD-00003809,PROD-000135,5,164.35,23.34
ITEM-000009433,ORD-00003809,PROD-000243,1,179.01,7.24
ITEM-000009434,ORD-00003810,PROD-000091,4,82.4,7.05
ITEM-000009435,ORD-00003810,PROD-000213,1,151.52,5.63
ITEM-000009436,ORD-00003810,PROD-000123,3,211.38,34.64
ITEM-000009437,ORD-00003810,PROD-000060,1,175.48,5.29
ITEM-000009438,ORD-00003811,PROD-000045,2,139.38,14.01
ITEM-000009439,ORD-00003811,PROD-000115,1,48.49,0.89
ITEM-000009440,ORD-00003812,PROD-000287,1,54.46,1.77
ITEM-000009441,ORD-00003812,PROD-000270,5,159.71,1.62
ITEM-000009442,ORD-00003812,PROD-000280,5,137.35,19.54
ITEM-000009443,ORD-00003813,PROD-000212,3,196.7,31.85
ITEM-000009444,ORD-00003813,PROD-000081,2,132.7,3.11
ITEM-000009445,ORD-00003813,PROD-000294,1,268.13,36.26
ITEM-000009446,ORD-00003813,PROD-000019,5,146.76,4.52
ITEM-000009447,ORD-00003814,PROD-000099,3,85.82,6.74
ITEM-000009448,ORD-00003814,PROD-000288,2,13.25,0.25
ITEM-000009449,ORD-00003815,PROD-000120,4,150.5,26.52
ITEM-000009450,ORD-00003815,PROD-000205,4,111.74,1.2
ITEM-000009451,ORD-00003816,PROD-000036,4,46.08,0.78
ITEM-000009452,ORD-00003816,PROD-000112,5,194.6,35.1
ITEM-000009453,ORD-00003816,PROD-000048,5,239.02,5.5
ITEM-000009454,ORD-00003817,PROD-000149,1,175.39,11.26
ITEM-000009455,ORD-00003817,PROD-000016,1,56.87,2.72
ITEM-000009456,ORD-00003817,PROD-000106,2,222.78,1.02
ITEM-000009457,ORD-00003817,PROD-000128,3,144.64,27.56
ITEM-000009458,ORD-00003818,PROD-000189,4,238.16,1.32
ITEM-000009459,ORD-00003818,PROD-000253,1,14.2,0.73
ITEM-000009460,ORD-00003818,PROD-000266,4,145.38,22.39
ITEM-000009461,ORD-00003819,PROD-000030,4,45.68,4.15
ITEM-000009462,ORD-00003819,PROD-000079,3,158.41,22.41
ITEM-000009463,ORD-00003819,PROD-000236,2,24.26,1.1
ITEM-000009464,ORD-00003820,PROD-000107,1,9.55,0.75
ITEM-000009465,ORD-00003820,PROD-000101,4,132.99,25.53
ITEM-000009466,ORD-00003820,PROD-000258,1,173.11,3.21
ITEM-000009467,ORD-00003820,PROD-000029,3,254.26,39.18
ITEM-000009468,ORD-00003821,PROD-000016,2,56.87,8.64
ITEM-000009469,ORD-00003821,PROD-000294,5,268.13,20.33
ITEM-000009470,ORD-00003821,PROD-000106,1,222.78,18.92
ITEM-000009471,ORD-00003821,PROD-000237,1,214.52,0.59
ITEM-000009472,ORD-00003822,PROD-000207,5,264.8,45.69
ITEM-000009473,ORD-00003822,PROD-000204,4,193.75,26.6
ITEM-000009474,ORD-00003822,PROD-000126,2,87.75,17.32
ITEM-000009475,ORD-00003823,PROD-000112,4,194.6,2.31
ITEM-000009476,ORD-00003823,PROD-000253,1,14.2,2.11
ITEM-000009477,ORD-00003824,PROD-000268,1,101.37,15.84
ITEM-000009478,ORD-00003824,PROD-000297,4,225.62,39.11
ITEM-000009479,ORD-00003824,PROD-000034,3,22.91,3.01
ITEM-000009480,ORD-00003825,PROD-000102,2,242.49,8.86
ITEM-000009481,ORD-00003825,PROD-000153,2,111.79,18.88
ITEM-000009482,ORD-00003825,PROD-000208,3,11.88,2.11
ITEM-000009483,ORD-00003825,PROD-000252,3,138.21,7.89
ITEM-000009484,ORD-00003826,PROD-000088,2,144.7,13.55
ITEM-000009485,ORD-00003826,PROD-000003,5,94.19,9.29
ITEM-000009486,ORD-00003827,PROD-000269,3,116.44,21.27
ITEM-000009487,ORD-00003827,PROD-000073,3,65.08,7.16
ITEM-000009488,ORD-00003828,PROD-000141,3,197.96,12.53
ITEM-000009489,ORD-00003828,PROD-000058,2,86.29,10.7
ITEM-000009490,ORD-00003828,PROD-000059,5,24.94,4.76
ITEM-000009491,ORD-00003829,PROD-000110,3,230.22,23.91
ITEM-000009492,ORD-00003830,PROD-000121,4,258.33,25.61
ITEM-000009493,ORD-00003830,PROD-000288,2,13.25,1.45
ITEM-000009494,ORD-00003831,PROD-000101,4,132.99,23.35
ITEM-000009495,ORD-00003831,PROD-000099,2,85.82,16.35
ITEM-000009496,ORD-00003831,PROD-000273,1,164.42,1.07
ITEM-000009497,ORD-00003831,PROD-000121,4,258.33,13.19
ITEM-000009498,ORD-00003832,PROD-000266,3,145.38,12.02
ITEM-000009499,ORD-00003832,PROD-000141,5,197.96,17.05
ITEM-000009500,ORD-00003832,PROD-000246,3,42.16,0.83
ITEM-000009501,ORD-00003833,PROD-000252,1,138.21,3.6
ITEM-000009502,ORD-00003833,PROD-000205,2,111.74,2.36
ITEM-000009503,ORD-00003834,PROD-000177,2,110.22,12.68
ITEM-000009504,ORD-00003834,PROD-000247,4,95.38,0.71
ITEM-000009505,ORD-00003834,PROD-000134,3,240.79,24.72
ITEM-000009506,ORD-00003835,PROD-000263,1,60.67,1.35
ITEM-000009507,ORD-00003836,PROD-000130,1,154.33,11.42
ITEM-000009508,ORD-00003836,PROD-000092,5,68.92,1.55
ITEM-000009509,ORD-00003836,PROD-000160,2,96.22,13.53
ITEM-000009510,ORD-00003837,PROD-000038,4,87.71,9.46
ITEM-000009511,ORD-00003838,PROD-000053,3,113.39,8.77
ITEM-000009512,ORD-00003839,PROD-000102,4,242.49,3.69
ITEM-000009513,ORD-00003840,PROD-000205,1,111.74,17.49
ITEM-000009514,ORD-00003840,PROD-000175,3,285.03,40.43
ITEM-000009515,ORD-00003841,PROD-000195,3,272.68,49.62
ITEM-000009516,ORD-00003841,PROD-000090,4,115.9,11.61
ITEM-000009517,ORD-00003841,PROD-000127,4,79.49,8.05
ITEM-000009518,ORD-00003842,PROD-000119,4,241.98,21.88
ITEM-000009519,ORD-00003842,PROD-000137,1,34.68,1.38
ITEM-000009520,ORD-00003842,PROD-000140,3,113.52,6.38
ITEM-000009521,ORD-00003843,PROD-000291,3,181.27,24.46
ITEM-000009522,ORD-00003843,PROD-000218,1,184.34,0.33
ITEM-000009523,ORD-00003843,PROD-000004,1,61.96,1.15
ITEM-000009524,ORD-00003844,PROD-000071,2,48.6,4.83
ITEM-000009525,ORD-00003844,PROD-000077,2,105.6,20.46
ITEM-000009526,ORD-00003844,PROD-000193,5,177.84,16.77
ITEM-000009527,ORD-00003844,PROD-000137,2,34.68,4.79
ITEM-000009528,ORD-00003845,PROD-000107,4,9.55,1.52
ITEM-000009529,ORD-00003845,PROD-000119,5,241.98,17.79
ITEM-000009530,ORD-00003845,PROD-000029,5,254.26,16.52
ITEM-000009531,ORD-00003845,PROD-000231,1,126.83,24.85
ITEM-000009532,ORD-00003846,PROD-000133,1,67.78,10.59
ITEM-000009533,ORD-00003846,PROD-000294,1,268.13,21.79
ITEM-000009534,ORD-00003847,PROD-000017,5,59.6,1.35
ITEM-000009535,ORD-00003847,PROD-000097,4,186.58,29.98
ITEM-000009536,ORD-00003847,PROD-000133,1,67.78,3.26
ITEM-000009537,ORD-00003848,PROD-000288,3,13.25,0.5
ITEM-000009538,ORD-00003848,PROD-000243,4,179.01,1.21
ITEM-000009539,ORD-00003848,PROD-000216,2,179.85,29.15
ITEM-000009540,ORD-00003849,PROD-000296,3,161.45,28.29
ITEM-000009541,ORD-00003849,PROD-000064,3,39.81,6.46
ITEM-000009542,ORD-00003849,PROD-000182,3,262.82,14.99
ITEM-000009543,ORD-00003850,PROD-000220,5,23.88,1.57
ITEM-000009544,ORD-00003850,PROD-000071,1,48.6,9.54
ITEM-000009545,ORD-00003850,PROD-000244,3,54.61,9.23
ITEM-000009546,ORD-00003850,PROD-000067,4,47.96,3.29
ITEM-000009547,ORD-00003851,PROD-000007,1,234.37,19.45
ITEM-000009548,ORD-00003852,PROD-000229,2,175.01,9.48
ITEM-000009549,ORD-00003853,PROD-000297,3,225.62,31.46
ITEM-000009550,ORD-00003853,PROD-000164,5,160.68,5.92
ITEM-000009551,ORD-00003853,PROD-000161,1,9.57,1.56
ITEM-000009552,ORD-00003853,PROD-000109,5,82.03,3.74
ITEM-000009553,ORD-00003854,PROD-000217,3,39.78,7.24
ITEM-000009554,ORD-00003854,PROD-000264,5,25.07,2.44
ITEM-000009555,ORD-00003855,PROD-000024,1,195.99,3.55
ITEM-000009556,ORD-00003856,PROD-000239,5,261.64,50.55
ITEM-000009557,ORD-00003857,PROD-000065,5,11.5,0.65
ITEM-000009558,ORD-00003858,PROD-000230,4,66.97,12.75
ITEM-000009559,ORD-00003858,PROD-000123,1,211.38,36.21
ITEM-000009560,ORD-00003858,PROD-000290,3,96.01,10.74
ITEM-000009561,ORD-00003859,PROD-000148,2,173.72,21.73
ITEM-000009562,ORD-00003860,PROD-000161,3,9.57,1.48
ITEM-000009563,ORD-00003860,PROD-000278,2,201.25,25.76
ITEM-000009564,ORD-00003861,PROD-000087,5,82.01,13.28
ITEM-000009565,ORD-00003861,PROD-000184,4,133.98,17.64
ITEM-000009566,ORD-00003861,PROD-000294,5,268.13,6.69
ITEM-000009567,ORD-00003861,PROD-000107,1,9.55,1.75
ITEM-000009568,ORD-00003862,PROD-000167,4,71.98,3.94
ITEM-000009569,ORD-00003862,PROD-000234,4,86.25,1.65
ITEM-000009570,ORD-00003862,PROD-000043,3,44.85,4.64
ITEM-000009571,ORD-00003862,PROD-000067,1,47.96,8.02
ITEM-000009572,ORD-00003863,PROD-000020,5,193.41,30.57
ITEM-000009573,ORD-00003863,PROD-000143,1,136.71,25.49
ITEM-000009574,ORD-00003863,PROD-000002,4,24.12,3.51
ITEM-000009575,ORD-00003863,PROD-000062,1,155.19,30.69
ITEM-000009576,ORD-00003864,PROD-000039,3,21.15,3.95
ITEM-000009577,ORD-00003865,PROD-000131,4,157.33,22.42
ITEM-000009578,ORD-00003865,PROD-000042,1,20.87,4.17
ITEM-000009579,ORD-00003865,PROD-000259,2,58.93,0.71
ITEM-000009580,ORD-00003866,PROD-000186,3,39.92,1.38
ITEM-000009581,ORD-00003866,PROD-000155,4,199.69,8.5
ITEM-000009582,ORD-00003866,PROD-000265,5,55.67,9.55
ITEM-000009583,ORD-00003866,PROD-000173,2,253.18,12.21
ITEM-000009584,ORD-00003867,PROD-000150,5,213.07,28.75
ITEM-000009585,ORD-00003867,PROD-000254,4,59.19,0.06
ITEM-000009586,ORD-00003867,PROD-000241,5,199.27,22.34
ITEM-000009587,ORD-00003867,PROD-000062,2,155.19,10.57
ITEM-000009588,ORD-00003868,PROD-000172,1,183.04,5.74
ITEM-000009589,ORD-00003868,PROD-000285,1,236.26,26.02
ITEM-000009590,ORD-00003869,PROD-000085,4,65.75,6.35
ITEM-000009591,ORD-00003869,PROD-000300,1,90.24,11.09
ITEM-000009592,ORD-00003870,PROD-000211,1,34.19,1.01
ITEM-000009593,ORD-00003870,PROD-000221,3,68.23,12.43
ITEM-000009594,ORD-00003870,PROD-000105,5,56.39,11.2
ITEM-000009595,ORD-00003870,PROD-000293,3,32.6,3.0
ITEM-000009596,ORD-00003871,PROD-000158,4,51.52,7.81
ITEM-000009597,ORD-00003871,PROD-000272,2,241.9,47.17
ITEM-000009598,ORD-00003871,PROD-000001,1,161.47,6.1
ITEM-000009599,ORD-00003871,PROD-000242,1,248.42,41.34
ITEM-000009600,ORD-00003872,PROD-000229,1,175.01,28.38
ITEM-000009601,ORD-00003873,PROD-000267,1,237.37,25.05
ITEM-000009602,ORD-00003873,PROD-000263,4,60.67,11.15
ITEM-000009603,ORD-00003873,PROD-000223,5,37.75,1.7
ITEM-000009604,ORD-00003873,PROD-000019,4,146.76,23.5
ITEM-000009605,ORD-00003874,PROD-000293,5,32.6,1.53
ITEM-000009606,ORD-00003875,PROD-000080,4,141.46,13.91
ITEM-000009607,ORD-00003875,PROD-000156,5,108.51,9.55
ITEM-000009608,ORD-00003875,PROD-000210,2,24.0,2.96
ITEM-000009609,ORD-00003876,PROD-000031,4,215.03,34.34
ITEM-000009610,ORD-00003876,PROD-000138,3,256.34,20.25
ITEM-000009611,ORD-00003876,PROD-000227,2,231.18,19.75
ITEM-000009612,ORD-00003877,PROD-000185,3,183.85,3.3
ITEM-000009613,ORD-00003877,PROD-000262,2,149.73,15.04
ITEM-000009614,ORD-00003877,PROD-000229,5,175.01,9.5
ITEM-000009615,ORD-00003877,PROD-000245,5,6.0,0.42
ITEM-000009616,ORD-00003878,PROD-000100,3,199.6,13.33
ITEM-000009617,ORD-00003879,PROD-000077,1,105.6,3.93
ITEM-000009618,ORD-00003879,PROD-000092,4,68.92,8.43
ITEM-000009619,ORD-00003880,PROD-000030,2,45.68,1.14
ITEM-000009620,ORD-00003880,PROD-000200,3,169.62,11.71
ITEM-000009621,ORD-00003881,PROD-000227,2,231.18,11.17
ITEM-000009622,ORD-00003881,PROD-000017,4,59.6,8.98
ITEM-000009623,ORD-00003881,PROD-000133,1,67.78,9.93
ITEM-000009624,ORD-00003882,PROD-000172,1,183.04,15.84
ITEM-000009625,ORD-00003882,PROD-000176,2,207.29,26.84
ITEM-000009626,ORD-00003883,PROD-000239,4,261.64,38.97
ITEM-000009627,ORD-00003883,PROD-000189,1,238.16,5.96
ITEM-000009628,ORD-00003883,PROD-000286,2,239.45,23.09
ITEM-000009629,ORD-00003884,PROD-000032,3,114.8,19.3
ITEM-000009630,ORD-00003885,PROD-000205,4,111.74,13.42
ITEM-000009631,ORD-00003885,PROD-000107,2,9.55,0.26
ITEM-000009632,ORD-00003886,PROD-000119,2,241.98,48.05
ITEM-000009633,ORD-00003886,PROD-000067,2,47.96,5.11
ITEM-000009634,ORD-00003886,PROD-000182,4,262.82,8.38
ITEM-000009635,ORD-00003886,PROD-000267,2,237.37,22.09
ITEM-000009636,ORD-00003887,PROD-000255,2,36.59,1.36
ITEM-000009637,ORD-00003887,PROD-000297,2,225.62,4.6
ITEM-000009638,ORD-00003888,PROD-000118,4,182.0,30.01
ITEM-000009639,ORD-00003888,PROD-000028,1,283.29,30.78
ITEM-000009640,ORD-00003889,PROD-000073,2,65.08,3.27
ITEM-000009641,ORD-00003889,PROD-000018,2,116.66,17.34
ITEM-000009642,ORD-00003889,PROD-000006,3,20.4,0.81
ITEM-000009643,ORD-00003890,PROD-000101,1,132.99,16.82
ITEM-000009644,ORD-00003890,PROD-000276,5,96.15,4.05
ITEM-000009645,ORD-00003891,PROD-000188,4,170.88,21.69
ITEM-000009646,ORD-00003891,PROD-000043,2,44.85,3.23
ITEM-000009647,ORD-00003891,PROD-000250,5,168.52,21.1
ITEM-000009648,ORD-00003892,PROD-000138,4,256.34,11.23
ITEM-000009649,ORD-00003893,PROD-000269,3,116.44,17.53
ITEM-000009650,ORD-00003894,PROD-000245,4,6.0,0.69
ITEM-000009651,ORD-00003895,PROD-000277,1,89.29,15.96
ITEM-000009652,ORD-00003895,PROD-000198,3,196.53,14.52
ITEM-000009653,ORD-00003895,PROD-000183,3,197.83,11.97
ITEM-000009654,ORD-00003895,PROD-000074,1,214.62,15.78
ITEM-000009655,ORD-00003896,PROD-000238,5,67.16,8.98
ITEM-000009656,ORD-00003896,PROD-000223,3,37.75,0.23
ITEM-000009657,ORD-00003897,PROD-000075,4,62.62,2.48
ITEM-000009658,ORD-00003897,PROD-000220,5,23.88,2.53
ITEM-000009659,ORD-00003898,PROD-000135,2,164.35,17.3
ITEM-000009660,ORD-00003898,PROD-000285,2,236.26,30.04
ITEM-000009661,ORD-00003899,PROD-000114,5,178.3,16.29
ITEM-000009662,ORD-00003900,PROD-000266,2,145.38,19.71
ITEM-000009663,ORD-00003900,PROD-000042,3,20.87,0.1
ITEM-000009664,ORD-00003900,PROD-000085,1,65.75,7.81
ITEM-000009665,ORD-00003900,PROD-000192,5,222.13,36.62
ITEM-000009666,ORD-00003901,PROD-000177,3,110.22,17.18
ITEM-000009667,ORD-00003901,PROD-000016,2,56.87,3.77
ITEM-000009668,ORD-00003901,PROD-000203,4,217.05,18.86
ITEM-000009669,ORD-00003901,PROD-000269,4,116.44,14.86
ITEM-000009670,ORD-00003902,PROD-000207,4,264.8,11.82
ITEM-000009671,ORD-00003903,PROD-000254,4,59.19,5.58
ITEM-000009672,ORD-00003903,PROD-000153,5,111.79,12.9
ITEM-000009673,ORD-00003903,PROD-000273,4,164.42,8.11
ITEM-000009674,ORD-00003904,PROD-000046,1,37.28,1.72
ITEM-000009675,ORD-00003904,PROD-000172,2,183.04,11.36
ITEM-000009676,ORD-00003904,PROD-000241,4,199.27,6.73
ITEM-000009677,ORD-00003905,PROD-000167,3,71.98,8.15
ITEM-000009678,ORD-00003906,PROD-000124,4,85.6,5.05
ITEM-000009679,ORD-00003906,PROD-000294,4,268.13,12.22
ITEM-000009680,ORD-00003906,PROD-000132,5,261.68,17.63
ITEM-000009681,ORD-00003906,PROD-000148,1,173.72,6.99
ITEM-000009682,ORD-00003907,PROD-000165,3,223.01,18.5
ITEM-000009683,ORD-00003907,PROD-000223,3,37.75,1.5
ITEM-000009684,ORD-00003907,PROD-000241,1,199.27,20.47
ITEM-000009685,ORD-00003908,PROD-000017,1,59.6,1.78
ITEM-000009686,ORD-00003908,PROD-000047,1,16.68,2.21
ITEM-000009687,ORD-00003909,PROD-000105,4,56.39,7.57
ITEM-000009688,ORD-00003909,PROD-000114,2,178.3,12.51
ITEM-000009689,ORD-00003909,PROD-000200,4,169.62,6.95
ITEM-000009690,ORD-00003909,PROD-000096,2,261.99,49.62
ITEM-000009691,ORD-00003910,PROD-000146,5,200.24,18.1
ITEM-000009692,ORD-00003910,PROD-000289,2,86.07,10.3
ITEM-000009693,ORD-00003911,PROD-000219,4,170.99,0.17
ITEM-000009694,ORD-00003912,PROD-000298,1,75.81,0.51
ITEM-000009695,ORD-00003913,PROD-000155,5,199.69,20.74
ITEM-000009696,ORD-00003914,PROD-000012,4,166.44,6.92
ITEM-000009697,ORD-00003914,PROD-000079,4,158.41,9.81
ITEM-000009698,ORD-00003914,PROD-000230,5,66.97,11.87
ITEM-000009699,ORD-00003914,PROD-000102,4,242.49,24.93
ITEM-000009700,ORD-00003915,PROD-000144,1,184.59,17.88
ITEM-000009701,ORD-00003915,PROD-000221,1,68.23,10.74
ITEM-000009702,ORD-00003915,PROD-000012,5,166.44,6.59
ITEM-000009703,ORD-00003916,PROD-000213,3,151.52,27.74
ITEM-000009704,ORD-00003917,PROD-000287,1,54.46,0.16
ITEM-000009705,ORD-00003917,PROD-000180,4,175.36,28.57
ITEM-000009706,ORD-00003917,PROD-000140,4,113.52,9.88
ITEM-000009707,ORD-00003918,PROD-000131,4,157.33,24.95
ITEM-000009708,ORD-00003918,PROD-000120,5,150.5,13.26
ITEM-000009709,ORD-00003918,PROD-000282,1,158.46,23.59
ITEM-000009710,ORD-00003919,PROD-000067,5,47.96,9.05
ITEM-000009711,ORD-00003919,PROD-000016,3,56.87,4.42
ITEM-000009712,ORD-00003919,PROD-000177,1,110.22,12.19
ITEM-000009713,ORD-00003920,PROD-000278,3,201.25,29.79
ITEM-000009714,ORD-00003920,PROD-000227,1,231.18,27.44
ITEM-000009715,ORD-00003920,PROD-000277,5,89.29,4.22
ITEM-000009716,ORD-00003920,PROD-000228,3,119.68,5.88
ITEM-000009717,ORD-00003921,PROD-000182,1,262.82,31.87
ITEM-000009718,ORD-00003921,PROD-000207,5,264.8,16.89
ITEM-000009719,ORD-00003921,PROD-000110,5,230.22,1.87
ITEM-000009720,ORD-00003922,PROD-000166,1,161.73,4.85
ITEM-000009721,ORD-00003922,PROD-000024,5,195.99,33.73
ITEM-000009722,ORD-00003923,PROD-000144,4,184.59,29.62
ITEM-000009723,ORD-00003923,PROD-000085,3,65.75,12.23
ITEM-000009724,ORD-00003923,PROD-000153,2,111.79,8.01
ITEM-000009725,ORD-00003923,PROD-000271,4,142.48,16.95
ITEM-000009726,ORD-00003924,PROD-000058,2,86.29,14.16
ITEM-000009727,ORD-00003924,PROD-000183,4,197.83,1.27
ITEM-000009728,ORD-00003925,PROD-000259,4,58.93,0.75
ITEM-000009729,ORD-00003925,PROD-000267,5,237.37,2.14
ITEM-000009730,ORD-00003926,PROD-000159,4,115.09,14.31
ITEM-000009731,ORD-00003926,PROD-000196,4,266.04,0.04
ITEM-000009732,ORD-00003926,PROD-000154,5,128.85,20.68
ITEM-000009733,ORD-00003927,PROD-000245,4,6.0,0.31
ITEM-000009734,ORD-00003927,PROD-000142,4,42.45,3.65
ITEM-000009735,ORD-00003928,PROD-000042,4,20.87,0.34
ITEM-000009736,ORD-00003929,PROD-000060,3,175.48,1.55
ITEM-000009737,ORD-00003929,PROD-000122,5,174.47,28.48
ITEM-000009738,ORD-00003930,PROD-000161,3,9.57,1.06
ITEM-000009739,ORD-00003930,PROD-000210,5,24.0,3.41
ITEM-000009740,ORD-00003930,PROD-000036,5,46.08,8.32
ITEM-000009741,ORD-00003930,PROD-000023,1,61.71,9.72
ITEM-000009742,ORD-00003931,PROD-000063,3,42.54,4.43
ITEM-000009743,ORD-00003931,PROD-000114,2,178.3,7.73
ITEM-000009744,ORD-00003931,PROD-000068,5,284.88,23.7
ITEM-000009745,ORD-00003932,PROD-000001,1,161.47,26.32
ITEM-000009746,ORD-00003932,PROD-000264,3,25.07,1.58
ITEM-000009747,ORD-00003932,PROD-000001,1,161.47,5.4
ITEM-000009748,ORD-00003932,PROD-000174,4,92.99,3.59
ITEM-000009749,ORD-00003933,PROD-000055,1,139.15,1.91
ITEM-000009750,ORD-00003934,PROD-000182,4,262.82,4.98
ITEM-000009751,ORD-00003934,PROD-000278,1,201.25,36.68
ITEM-000009752,ORD-00003934,PROD-000287,1,54.46,4.19
ITEM-000009753,ORD-00003935,PROD-000152,5,40.04,4.55
ITEM-000009754,ORD-00003936,PROD-000098,4,54.47,6.81
ITEM-000009755,ORD-00003937,PROD-000019,3,146.76,9.86
ITEM-000009756,ORD-00003937,PROD-000295,1,19.6,2.63
ITEM-000009757,ORD-00003937,PROD-000114,5,178.3,14.68
ITEM-000009758,ORD-00003938,PROD-000042,5,20.87,1.81
ITEM-000009759,ORD-00003938,PROD-000253,1,14.2,1.37
ITEM-000009760,ORD-00003938,PROD-000275,1,143.99,18.49
ITEM-000009761,ORD-00003938,PROD-000076,5,192.0,32.67
ITEM-000009762,ORD-00003939,PROD-000286,3,239.45,0.83
ITEM-000009763,ORD-00003939,PROD-000052,5,197.07,16.65
ITEM-000009764,ORD-00003940,PROD-000113,2,38.45,6.25
ITEM-000009765,ORD-00003940,PROD-000039,2,21.15,1.18
ITEM-000009766,ORD-00003941,PROD-000084,2,138.49,1.17
ITEM-000009767,ORD-00003941,PROD-000136,1,57.07,7.6
ITEM-000009768,ORD-00003941,PROD-000110,4,230.22,40.19
ITEM-000009769,ORD-00003942,PROD-000242,4,248.42,18.05
ITEM-000009770,ORD-00003943,PROD-000198,2,196.53,28.16
ITEM-000009771,ORD-00003943,PROD-000131,5,157.33,0.22
ITEM-000009772,ORD-00003943,PROD-000205,1,111.74,1.53
ITEM-000009773,ORD-00003944,PROD-000213,2,151.52,21.84
ITEM-000009774,ORD-00003944,PROD-000118,1,182.0,36.21
ITEM-000009775,ORD-00003945,PROD-000038,4,87.71,5.58
ITEM-000009776,ORD-00003945,PROD-000048,2,239.02,5.27
ITEM-000009777,ORD-00003945,PROD-000284,4,47.52,0.46
ITEM-000009778,ORD-00003946,PROD-000278,1,201.25,36.19
ITEM-000009779,ORD-00003947,PROD-000118,5,182.0,30.71
ITEM-000009780,ORD-00003947,PROD-000114,2,178.3,2.11
ITEM-000009781,ORD-00003948,PROD-000183,5,197.83,34.61
ITEM-000009782,ORD-00003948,PROD-000261,4,28.24,3.28
ITEM-000009783,ORD-00003948,PROD-000070,1,170.09,14.6
ITEM-000009784,ORD-00003949,PROD-000114,1,178.3,28.2
ITEM-000009785,ORD-00003949,PROD-000175,5,285.03,24.54
ITEM-000009786,ORD-00003950,PROD-000011,5,40.55,5.71
ITEM-000009787,ORD-00003951,PROD-000293,4,32.6,5.61
ITEM-000009788,ORD-00003952,PROD-000148,3,173.72,1.07
ITEM-000009789,ORD-00003953,PROD-000046,1,37.28,1.05
ITEM-000009790,ORD-00003953,PROD-000026,2,248.15,39.34
ITEM-000009791,ORD-00003954,PROD-000266,1,145.38,11.77
ITEM-000009792,ORD-00003955,PROD-000053,5,113.39,17.43
ITEM-000009793,ORD-00003955,PROD-000130,3,154.33,23.06
ITEM-000009794,ORD-00003955,PROD-000209,1,179.59,31.48
ITEM-000009795,ORD-00003956,PROD-000256,1,26.12,1.34
ITEM-000009796,ORD-00003957,PROD-000140,4,113.52,12.8
ITEM-000009797,ORD-00003957,PROD-000135,3,164.35,18.61
ITEM-000009798,ORD-00003958,PROD-000016,4,56.87,0.13
ITEM-000009799,ORD-00003958,PROD-000171,5,85.33,0.59
ITEM-000009800,ORD-00003958,PROD-000068,4,284.88,14.94
ITEM-000009801,ORD-00003959,PROD-000222,5,173.52,19.35
ITEM-000009802,ORD-00003959,PROD-000280,3,137.35,15.7
ITEM-000009803,ORD-00003959,PROD-000021,4,258.38,13.33
ITEM-000009804,ORD-00003959,PROD-000141,1,197.96,12.08
ITEM-000009805,ORD-00003960,PROD-000149,5,175.39,12.6
ITEM-000009806,ORD-00003961,PROD-000221,2,68.23,4.31
ITEM-000009807,ORD-00003961,PROD-000098,5,54.47,3.13
ITEM-000009808,ORD-00003961,PROD-000208,4,11.88,1.44
ITEM-000009809,ORD-00003961,PROD-000177,2,110.22,0.99
ITEM-000009810,ORD-00003962,PROD-000147,4,65.7,1.83
ITEM-000009811,ORD-00003962,PROD-000206,1,129.81,12.19
ITEM-000009812,ORD-00003962,PROD-000151,4,206.31,36.73
ITEM-000009813,ORD-00003962,PROD-000164,5,160.68,29.14
ITEM-000009814,ORD-00003963,PROD-000199,2,250.55,30.5
ITEM-000009815,ORD-00003963,PROD-000229,4,175.01,2.97
ITEM-000009816,ORD-00003964,PROD-000199,2,250.55,38.52
ITEM-000009817,ORD-00003964,PROD-000277,4,89.29,7.78
ITEM-000009818,ORD-00003964,PROD-000098,3,54.47,6.5
ITEM-000009819,ORD-00003964,PROD-000066,3,12.81,2.07
ITEM-000009820,ORD-00003965,PROD-000281,5,205.29,37.67
ITEM-000009821,ORD-00003965,PROD-000212,4,196.7,25.59
ITEM-000009822,ORD-00003965,PROD-000064,4,39.81,2.94
ITEM-000009823,ORD-00003965,PROD-000081,4,132.7,19.8
ITEM-000009824,ORD-00003966,PROD-000023,2,61.71,0.78
ITEM-000009825,ORD-00003966,PROD-000187,4,71.53,13.62
ITEM-000009826,ORD-00003966,PROD-000106,1,222.78,31.94
ITEM-000009827,ORD-00003967,PROD-000166,2,161.73,8.85
ITEM-000009828,ORD-00003967,PROD-000104,3,157.98,4.78
ITEM-000009829,ORD-00003968,PROD-000018,1,116.66,12.16
ITEM-000009830,ORD-00003968,PROD-000268,5,101.37,6.26
ITEM-000009831,ORD-00003968,PROD-000200,1,169.62,15.35
ITEM-000009832,ORD-00003968,PROD-000056,3,207.38,39.64
ITEM-000009833,ORD-00003969,PROD-000174,2,92.99,0.15
ITEM-000009834,ORD-00003970,PROD-000117,3,220.67,8.79
ITEM-000009835,ORD-00003970,PROD-000045,2,139.38,20.04
ITEM-000009836,ORD-00003970,PROD-000264,3,25.07,1.86
ITEM-000009837,ORD-00003971,PROD-000009,3,38.67,4.74
ITEM-000009838,ORD-00003971,PROD-000118,3,182.0,24.17
ITEM-000009839,ORD-00003971,PROD-000125,2,191.28,4.85
ITEM-000009840,ORD-00003971,PROD-000064,1,39.81,4.81
ITEM-000009841,ORD-00003972,PROD-000297,3,225.62,41.35
ITEM-000009842,ORD-00003972,PROD-000116,1,189.39,30.03
ITEM-000009843,ORD-00003973,PROD-000039,3,21.15,3.65
ITEM-000009844,ORD-00003973,PROD-000276,4,96.15,9.85
ITEM-000009845,ORD-00003973,PROD-000136,2,57.07,7.77
ITEM-000009846,ORD-00003974,PROD-000247,5,95.38,14.54
ITEM-000009847,ORD-00003974,PROD-000078,3,104.84,0.95
ITEM-000009848,ORD-00003974,PROD-000077,1,105.6,19.6
ITEM-000009849,ORD-00003974,PROD-000219,5,170.99,5.04
ITEM-000009850,ORD-00003975,PROD-000112,4,194.6,24.24
ITEM-000009851,ORD-00003976,PROD-000258,1,173.11,22.61
ITEM-000009852,ORD-00003977,PROD-000291,4,181.27,5.46
ITEM-000009853,ORD-00003978,PROD-000084,4,138.49,9.52
ITEM-000009854,ORD-00003978,PROD-000238,5,67.16,10.37
ITEM-000009855,ORD-00003978,PROD-000223,2,37.75,5.13
ITEM-000009856,ORD-00003979,PROD-000259,4,58.93,5.32
ITEM-000009857,ORD-00003979,PROD-000145,3,223.58,38.76
ITEM-000009858,ORD-00003979,PROD-000214,2,199.19,30.57
ITEM-000009859,ORD-00003980,PROD-000258,5,173.11,32.9
ITEM-000009860,ORD-00003980,PROD-000074,2,214.62,32.15
ITEM-000009861,ORD-00003980,PROD-000253,2,14.2,0.89
ITEM-000009862,ORD-00003981,PROD-000096,2,261.99,33.5
ITEM-000009863,ORD-00003981,PROD-000104,3,157.98,3.69
ITEM-000009864,ORD-00003981,PROD-000239,5,261.64,35.56
ITEM-000009865,ORD-00003982,PROD-000284,1,47.52,3.15
ITEM-000009866,ORD-00003982,PROD-000128,3,144.64,9.73
ITEM-000009867,ORD-00003983,PROD-000284,5,47.52,1.77
ITEM-000009868,ORD-00003983,PROD-000242,2,248.42,0.35
ITEM-000009869,ORD-00003984,PROD-000226,4,148.45,14.04
ITEM-000009870,ORD-00003984,PROD-000195,4,272.68,38.64
ITEM-000009871,ORD-00003984,PROD-000273,2,164.42,17.77
ITEM-000009872,ORD-00003985,PROD-000154,3,128.85,18.21
ITEM-000009873,ORD-00003985,PROD-000257,4,285.25,4.51
ITEM-000009874,ORD-00003985,PROD-000067,1,47.96,6.0
ITEM-000009875,ORD-00003985,PROD-000161,2,9.57,0.14
ITEM-000009876,ORD-00003986,PROD-000200,5,169.62,12.21
ITEM-000009877,ORD-00003986,PROD-000098,1,54.47,4.05
ITEM-000009878,ORD-00003987,PROD-000203,2,217.05,4.14
ITEM-000009879,ORD-00003987,PROD-000018,4,116.66,19.63
ITEM-000009880,ORD-00003988,PROD-000132,3,261.68,11.51
ITEM-000009881,ORD-00003989,PROD-000008,4,169.86,2.77
ITEM-000009882,ORD-00003990,PROD-000183,2,197.83,23.38
ITEM-000009883,ORD-00003990,PROD-000196,3,266.04,18.76
ITEM-000009884,ORD-00003990,PROD-000237,3,214.52,11.64
ITEM-000009885,ORD-00003991,PROD-000110,1,230.22,27.4
ITEM-000009886,ORD-00003991,PROD-000246,1,42.16,6.84
ITEM-000009887,ORD-00003992,PROD-000117,2,220.67,36.13
ITEM-000009888,ORD-00003992,PROD-000142,5,42.45,7.92
ITEM-000009889,ORD-00003992,PROD-000085,5,65.75,5.68
ITEM-000009890,ORD-00003993,PROD-000015,1,77.71,0.39
ITEM-000009891,ORD-00003993,PROD-000024,2,195.99,31.04
ITEM-000009892,ORD-00003993,PROD-000155,2,199.69,11.76
ITEM-000009893,ORD-00003993,PROD-000255,3,36.59,5.41
ITEM-000009894,ORD-00003994,PROD-000283,4,40.56,5.09
ITEM-000009895,ORD-00003994,PROD-000272,5,241.9,24.51
ITEM-000009896,ORD-00003994,PROD-000244,5,54.61,4.41
ITEM-000009897,ORD-00003995,PROD-000060,3,175.48,20.1
ITEM-000009898,ORD-00003995,PROD-000079,4,158.41,19.23
ITEM-000009899,ORD-00003996,PROD-000234,4,86.25,16.86
ITEM-000009900,ORD-00003996,PROD-000113,5,38.45,0.98
ITEM-000009901,ORD-00003997,PROD-000299,1,233.47,44.48
ITEM-000009902,ORD-00003997,PROD-000108,2,129.74,3.05
ITEM-000009903,ORD-00003997,PROD-000086,2,126.38,5.79
ITEM-000009904,ORD-00003998,PROD-000136,5,57.07,0.47
ITEM-000009905,ORD-00003998,PROD-000225,1,155.38,9.01
ITEM-000009906,ORD-00003998,PROD-000106,1,222.78,43.69
ITEM-000009907,ORD-00003999,PROD-000203,5,217.05,20.11
ITEM-000009908,ORD-00003999,PROD-000236,4,24.26,3.51
ITEM-000009909,ORD-00004000,PROD-000131,1,157.33,14.44
ITEM-000009910,ORD-00004000,PROD-000114,4,178.3,13.73
ITEM-000009911,ORD-00004000,PROD-000181,4,155.05,0.39
ITEM-000009912,ORD-00004000,PROD-000231,4,126.83,24.41
ITEM-000009913,ORD-00004001,PROD-000083,5,56.68,9.66
ITEM-000009914,ORD-00004001,PROD-000062,2,155.19,24.44
ITEM-000009915,ORD-00004002,PROD-000062,5,155.19,25.73
ITEM-000009916,ORD-00004002,PROD-000109,5,82.03,6.81
ITEM-000009917,ORD-00004003,PROD-000247,5,95.38,15.07
ITEM-000009918,ORD-00004003,PROD-000226,2,148.45,12.67
ITEM-000009919,ORD-00004004,PROD-000106,2,222.78,37.89
ITEM-000009920,ORD-00004004,PROD-000154,3,128.85,16.59
ITEM-000009921,ORD-00004005,PROD-000292,2,123.71,16.39
ITEM-000009922,ORD-00004005,PROD-000019,4,146.76,11.77
ITEM-000009923,ORD-00004005,PROD-000204,1,193.75,34.39
ITEM-000009924,ORD-00004005,PROD-000279,3,88.92,17.58
ITEM-000009925,ORD-00004006,PROD-000094,2,220.54,11.13
ITEM-000009926,ORD-00004007,PROD-000106,3,222.78,23.22
ITEM-000009927,ORD-00004007,PROD-000142,5,42.45,7.46
ITEM-000009928,ORD-00004007,PROD-000288,1,13.25,0.3
ITEM-000009929,ORD-00004008,PROD-000222,3,173.52,3.4
ITEM-000009930,ORD-00004008,PROD-000134,2,240.79,5.7
ITEM-000009931,ORD-00004008,PROD-000200,2,169.62,15.87
ITEM-000009932,ORD-00004009,PROD-000243,1,179.01,10.99
ITEM-000009933,ORD-00004010,PROD-000193,3,177.84,22.26
ITEM-000009934,ORD-00004010,PROD-000271,1,142.48,2.37
ITEM-000009935,ORD-00004011,PROD-000174,5,92.99,6.5
ITEM-000009936,ORD-00004011,PROD-000186,5,39.92,6.44
ITEM-000009937,ORD-00004011,PROD-000191,5,254.19,47.38
ITEM-000009938,ORD-00004011,PROD-000086,1,126.38,15.74
ITEM-000009939,ORD-00004012,PROD-000294,2,268.13,49.41
ITEM-000009940,ORD-00004012,PROD-000107,4,9.55,0.37
ITEM-000009941,ORD-00004012,PROD-000202,3,170.28,19.62
ITEM-000009942,ORD-00004012,PROD-000091,4,82.4,6.59
ITEM-000009943,ORD-00004013,PROD-000267,4,237.37,22.61
ITEM-000009944,ORD-00004013,PROD-000188,5,170.88,7.16
ITEM-000009945,ORD-00004013,PROD-000287,4,54.46,0.78
ITEM-000009946,ORD-00004013,PROD-000159,1,115.09,11.18
ITEM-000009947,ORD-00004014,PROD-000300,3,90.24,3.97
ITEM-000009948,ORD-00004015,PROD-000281,5,205.29,32.82
ITEM-000009949,ORD-00004016,PROD-000222,4,173.52,29.67
ITEM-000009950,ORD-00004016,PROD-000099,2,85.82,10.43
ITEM-000009951,ORD-00004017,PROD-000251,4,149.42,3.44
ITEM-000009952,ORD-00004018,PROD-000017,1,59.6,0.89
ITEM-000009953,ORD-00004019,PROD-000055,3,139.15,8.57
ITEM-000009954,ORD-00004019,PROD-000001,3,161.47,9.14
ITEM-000009955,ORD-00004020,PROD-000212,3,196.7,19.65
ITEM-000009956,ORD-00004020,PROD-000081,1,132.7,6.94
ITEM-000009957,ORD-00004021,PROD-000045,1,139.38,24.09
ITEM-000009958,ORD-00004022,PROD-000050,4,41.26,6.41
ITEM-000009959,ORD-00004022,PROD-000129,4,145.51,20.49
ITEM-000009960,ORD-00004022,PROD-000010,3,265.73,44.6
ITEM-000009961,ORD-00004022,PROD-000293,1,32.6,2.23
ITEM-000009962,ORD-00004023,PROD-000115,5,48.49,6.42
ITEM-000009963,ORD-00004023,PROD-000014,4,250.44,22.75
ITEM-000009964,ORD-00004023,PROD-000294,4,268.13,24.76
ITEM-000009965,ORD-00004023,PROD-000119,4,241.98,21.88
ITEM-000009966,ORD-00004024,PROD-000300,4,90.24,2.13
ITEM-000009967,ORD-00004025,PROD-000100,4,199.6,7.23
ITEM-000009968,ORD-00004025,PROD-000157,2,15.55,2.1
ITEM-000009969,ORD-00004026,PROD-000187,5,71.53,11.42
ITEM-000009970,ORD-00004027,PROD-000082,3,153.69,28.01
ITEM-000009971,ORD-00004027,PROD-000241,1,199.27,26.49
ITEM-000009972,ORD-00004027,PROD-000187,3,71.53,13.09
ITEM-000009973,ORD-00004027,PROD-000228,5,119.68,4.68
ITEM-000009974,ORD-00004028,PROD-000240,1,62.18,1.47
ITEM-000009975,ORD-00004028,PROD-000172,3,183.04,24.81
ITEM-000009976,ORD-00004028,PROD-000050,4,41.26,5.58
ITEM-000009977,ORD-00004028,PROD-000106,2,222.78,32.53
ITEM-000009978,ORD-00004029,PROD-000003,5,94.19,7.99
ITEM-000009979,ORD-00004029,PROD-000175,4,285.03,28.98
ITEM-000009980,ORD-00004029,PROD-000275,5,143.99,12.1
ITEM-000009981,ORD-00004029,PROD-000033,1,93.06,17.27
ITEM-000009982,ORD-00004030,PROD-000243,2,179.01,33.72
ITEM-000009983,ORD-00004030,PROD-000257,4,285.25,56.27
ITEM-000009984,ORD-00004030,PROD-000246,5,42.16,2.47
ITEM-000009985,ORD-00004031,PROD-000100,4,199.6,10.93
ITEM-000009986,ORD-00004031,PROD-000255,1,36.59,1.23
ITEM-000009987,ORD-00004032,PROD-000077,4,105.6,8.36
ITEM-000009988,ORD-00004032,PROD-000253,4,14.2,2.51
ITEM-000009989,ORD-00004033,PROD-000202,3,170.28,25.04
ITEM-000009990,ORD-00004033,PROD-000266,4,145.38,19.07
ITEM-000009991,ORD-00004033,PROD-000199,4,250.55,31.02
ITEM-000009992,ORD-00004034,PROD-000227,1,231.18,16.13
ITEM-000009993,ORD-00004034,PROD-000123,3,211.38,36.09
ITEM-000009994,ORD-00004034,PROD-000130,3,154.33,19.99
ITEM-000009995,ORD-00004035,PROD-000130,1,154.33,23.91
ITEM-000009996,ORD-00004035,PROD-000124,4,85.6,8.48
ITEM-000009997,ORD-00004036,PROD-000287,3,54.46,7.4
ITEM-000009998,ORD-00004037,PROD-000162,2,263.26,33.79
ITEM-000009999,ORD-00004037,PROD-000133,3,67.78,11.9
ITEM-000010000,ORD-00004037,PROD-000122,4,174.47,28.08
ITEM-000010001,ORD-00004037,PROD-000179,3,215.5,23.88
ITEM-000010002,ORD-00004038,PROD-000247,5,95.38,0.14
ITEM-000010003,ORD-00004039,PROD-000273,2,164.42,6.53
ITEM-000010004,ORD-00004039,PROD-000274,3,105.23,19.47
ITEM-000010005,ORD-00004040,PROD-000096,5,261.99,6.33
ITEM-000010006,ORD-00004040,PROD-000209,5,179.59,13.64
ITEM-000010007,ORD-00004041,PROD-000142,1,42.45,4.03
ITEM-000010008,ORD-00004042,PROD-000108,1,129.74,25.11
ITEM-000010009,ORD-00004042,PROD-000141,1,197.96,13.93
ITEM-000010010,ORD-00004042,PROD-000198,2,196.53,6.94
ITEM-000010011,ORD-00004042,PROD-000132,1,261.68,16.45
ITEM-000010012,ORD-00004043,PROD-000073,4,65.08,4.7
ITEM-000010013,ORD-00004044,PROD-000273,4,164.42,20.77
ITEM-000010014,ORD-00004044,PROD-000222,2,173.52,7.01
ITEM-000010015,ORD-00004045,PROD-000203,4,217.05,12.2
ITEM-000010016,ORD-00004045,PROD-000219,3,170.99,23.65
ITEM-000010017,ORD-00004045,PROD-000202,4,170.28,25.39
ITEM-000010018,ORD-00004046,PROD-000112,2,194.6,35.16
ITEM-000010019,ORD-00004046,PROD-000101,5,132.99,16.47
ITEM-000010020,ORD-00004047,PROD-000058,3,86.29,10.26
ITEM-000010021,ORD-00004047,PROD-000028,5,283.29,16.07
ITEM-000010022,ORD-00004047,PROD-000036,1,46.08,8.08
ITEM-000010023,ORD-00004048,PROD-000092,4,68.92,6.01
ITEM-000010024,ORD-00004049,PROD-000274,1,105.23,14.35
ITEM-000010025,ORD-00004049,PROD-000168,1,145.2,11.38
ITEM-000010026,ORD-00004049,PROD-000266,3,145.38,17.21
ITEM-000010027,ORD-00004049,PROD-000237,4,214.52,24.27
ITEM-000010028,ORD-00004050,PROD-000104,5,157.98,6.2
ITEM-000010029,ORD-00004050,PROD-000121,1,258.33,22.07
ITEM-000010030,ORD-00004050,PROD-000135,3,164.35,7.07
ITEM-000010031,ORD-00004050,PROD-000165,4,223.01,38.46
ITEM-000010032,ORD-00004051,PROD-000139,4,20.83,2.2
ITEM-000010033,ORD-00004051,PROD-000108,3,129.74,0.59
ITEM-000010034,ORD-00004051,PROD-000177,2,110.22,9.04
ITEM-000010035,ORD-00004052,PROD-000240,1,62.18,9.03
ITEM-000010036,ORD-00004052,PROD-000271,4,142.48,9.52
ITEM-000010037,ORD-00004053,PROD-000031,4,215.03,3.66
ITEM-000010038,ORD-00004053,PROD-000278,1,201.25,37.89
ITEM-000010039,ORD-00004053,PROD-000094,2,220.54,38.95
ITEM-000010040,ORD-00004053,PROD-000205,1,111.74,19.28
ITEM-000010041,ORD-00004054,PROD-000066,2,12.81,1.26
ITEM-000010042,ORD-00004055,PROD-000187,5,71.53,9.22
ITEM-000010043,ORD-00004055,PROD-000267,3,237.37,45.57
ITEM-000010044,ORD-00004055,PROD-000053,2,113.39,20.62
ITEM-000010045,ORD-00004056,PROD-000256,4,26.12,4.89
ITEM-000010046,ORD-00004056,PROD-000229,1,175.01,11.71
ITEM-000010047,ORD-00004057,PROD-000251,5,149.42,1.98
ITEM-000010048,ORD-00004058,PROD-000208,3,11.88,0.28
ITEM-000010049,ORD-00004059,PROD-000219,3,170.99,1.4
ITEM-000010050,ORD-00004060,PROD-000233,5,153.78,6.3
ITEM-000010051,ORD-00004061,PROD-000226,5,148.45,21.7
ITEM-000010052,ORD-00004061,PROD-000263,2,60.67,9.77
ITEM-000010053,ORD-00004061,PROD-000117,3,220.67,22.84
ITEM-000010054,ORD-00004062,PROD-000237,2,214.52,18.57
ITEM-000010055,ORD-00004062,PROD-000169,3,273.71,37.78
ITEM-000010056,ORD-00004062,PROD-000004,3,61.96,10.88
ITEM-000010057,ORD-00004063,PROD-000246,2,42.16,4.33
ITEM-000010058,ORD-00004063,PROD-000006,2,20.4,0.48
ITEM-000010059,ORD-00004064,PROD-000284,5,47.52,2.33
ITEM-000010060,ORD-00004064,PROD-000200,3,169.62,8.34
ITEM-000010061,ORD-00004064,PROD-000043,4,44.85,4.42
ITEM-000010062,ORD-00004064,PROD-000266,3,145.38,21.69
ITEM-000010063,ORD-00004065,PROD-000134,3,240.79,42.8
ITEM-000010064,ORD-00004065,PROD-000283,5,40.56,5.35
ITEM-000010065,ORD-00004065,PROD-000162,5,263.26,11.35
ITEM-000010066,ORD-00004066,PROD-000096,1,261.99,24.16
ITEM-000010067,ORD-00004066,PROD-000191,4,254.19,0.26
ITEM-000010068,ORD-00004067,PROD-000080,4,141.46,17.52
ITEM-000010069,ORD-00004067,PROD-000028,1,283.29,42.11
ITEM-000010070,ORD-00004067,PROD-000082,2,153.69,25.62
ITEM-000010071,ORD-00004068,PROD-000067,5,47.96,9.09
ITEM-000010072,ORD-00004069,PROD-000196,2,266.04,11.65
ITEM-000010073,ORD-00004069,PROD-000085,2,65.75,4.71
ITEM-000010074,ORD-00004069,PROD-000205,3,111.74,5.92
ITEM-000010075,ORD-00004069,PROD-000002,2,24.12,0.14
ITEM-000010076,ORD-00004070,PROD-000181,3,155.05,24.97
ITEM-000010077,ORD-00004071,PROD-000093,4,178.93,7.46
ITEM-000010078,ORD-00004072,PROD-000014,1,250.44,7.31
ITEM-000010079,ORD-00004072,PROD-000183,2,197.83,3.7
ITEM-000010080,ORD-00004073,PROD-000003,1,94.19,5.5
ITEM-000010081,ORD-00004073,PROD-000103,1,155.54,20.67
ITEM-000010082,ORD-00004073,PROD-000273,2,164.42,23.01
ITEM-000010083,ORD-00004074,PROD-000265,2,55.67,8.99
ITEM-000010084,ORD-00004074,PROD-000029,3,254.26,26.87
ITEM-000010085,ORD-00004074,PROD-000064,1,39.81,4.51
ITEM-000010086,ORD-00004074,PROD-000029,3,254.26,15.12
ITEM-000010087,ORD-00004075,PROD-000230,2,66.97,12.26
ITEM-000010088,ORD-00004075,PROD-000184,4,133.98,20.27
ITEM-000010089,ORD-00004075,PROD-000249,5,45.99,4.11
ITEM-000010090,ORD-00004076,PROD-000270,2,159.71,8.65
ITEM-000010091,ORD-00004076,PROD-000169,3,273.71,12.96
ITEM-000010092,ORD-00004077,PROD-000192,1,222.13,23.8
ITEM-000010093,ORD-00004078,PROD-000075,2,62.62,9.58
ITEM-000010094,ORD-00004078,PROD-000071,4,48.6,9.06
ITEM-000010095,ORD-00004078,PROD-000068,5,284.88,20.23
ITEM-000010096,ORD-00004078,PROD-000051,5,151.67,10.41
ITEM-000010097,ORD-00004079,PROD-000187,4,71.53,9.81
ITEM-000010098,ORD-00004079,PROD-000271,5,142.48,18.85
ITEM-000010099,ORD-00004079,PROD-000041,3,146.19,26.47
ITEM-000010100,ORD-00004080,PROD-000125,1,191.28,35.84
ITEM-000010101,ORD-00004081,PROD-000295,4,19.6,2.85
ITEM-000010102,ORD-00004082,PROD-000156,3,108.51,16.1
ITEM-000010103,ORD-00004082,PROD-000233,4,153.78,3.18
ITEM-000010104,ORD-00004082,PROD-000174,1,92.99,15.34
ITEM-000010105,ORD-00004083,PROD-000263,5,60.67,3.42
ITEM-000010106,ORD-00004083,PROD-000059,3,24.94,3.68
ITEM-000010107,ORD-00004083,PROD-000262,5,149.73,4.08
ITEM-000010108,ORD-00004084,PROD-000148,4,173.72,24.73
ITEM-000010109,ORD-00004084,PROD-000022,2,178.72,32.79
ITEM-000010110,ORD-00004084,PROD-000014,4,250.44,46.72
ITEM-000010111,ORD-00004085,PROD-000185,3,183.85,28.82
ITEM-000010112,ORD-00004085,PROD-000108,3,129.74,22.34
ITEM-000010113,ORD-00004085,PROD-000261,5,28.24,0.44
ITEM-000010114,ORD-00004085,PROD-000032,5,114.8,17.37
ITEM-000010115,ORD-00004086,PROD-000079,4,158.41,13.9
ITEM-000010116,ORD-00004086,PROD-000169,3,273.71,24.47
ITEM-000010117,ORD-00004087,PROD-000255,4,36.59,1.99
ITEM-000010118,ORD-00004087,PROD-000295,2,19.6,1.45
ITEM-000010119,ORD-00004087,PROD-000061,2,156.43,6.78
ITEM-000010120,ORD-00004087,PROD-000230,2,66.97,11.41
ITEM-000010121,ORD-00004088,PROD-000248,5,206.76,19.43
ITEM-000010122,ORD-00004088,PROD-000020,1,193.41,19.09
ITEM-000010123,ORD-00004089,PROD-000170,3,124.7,14.96
ITEM-000010124,ORD-00004089,PROD-000146,5,200.24,33.33
ITEM-000010125,ORD-00004089,PROD-000292,4,123.71,11.43
ITEM-000010126,ORD-00004090,PROD-000055,4,139.15,11.87
ITEM-000010127,ORD-00004090,PROD-000102,5,242.49,16.53
ITEM-000010128,ORD-00004090,PROD-000216,4,179.85,4.22
ITEM-000010129,ORD-00004091,PROD-000187,5,71.53,3.16
ITEM-000010130,ORD-00004091,PROD-000016,2,56.87,8.83
ITEM-000010131,ORD-00004091,PROD-000221,4,68.23,3.6
ITEM-000010132,ORD-00004092,PROD-000193,3,177.84,4.41
ITEM-000010133,ORD-00004093,PROD-000079,4,158.41,4.67
ITEM-000010134,ORD-00004093,PROD-000248,4,206.76,14.91
ITEM-000010135,ORD-00004094,PROD-000145,3,223.58,42.41
ITEM-000010136,ORD-00004095,PROD-000142,1,42.45,4.21
ITEM-000010137,ORD-00004095,PROD-000026,1,248.15,16.82
ITEM-000010138,ORD-00004096,PROD-000173,5,253.18,12.19
ITEM-000010139,ORD-00004096,PROD-000149,3,175.39,12.48
ITEM-000010140,ORD-00004096,PROD-000173,3,253.18,46.77
ITEM-000010141,ORD-00004097,PROD-000063,4,42.54,8.44
ITEM-000010142,ORD-00004097,PROD-000110,2,230.22,17.17
ITEM-000010143,ORD-00004098,PROD-000213,4,151.52,15.42
ITEM-000010144,ORD-00004098,PROD-000287,5,54.46,3.88
ITEM-000010145,ORD-00004098,PROD-000004,3,61.96,12.25
ITEM-000010146,ORD-00004098,PROD-000298,1,75.81,0.45
ITEM-000010147,ORD-00004099,PROD-000027,3,268.28,10.78
ITEM-000010148,ORD-00004099,PROD-000243,1,179.01,13.27
ITEM-000010149,ORD-00004099,PROD-000169,4,273.71,30.61
ITEM-000010150,ORD-00004099,PROD-000082,1,153.69,19.23
ITEM-000010151,ORD-00004100,PROD-000299,2,233.47,10.42
ITEM-000010152,ORD-00004100,PROD-000285,4,236.26,41.92
ITEM-000010153,ORD-00004100,PROD-000125,1,191.28,25.56
ITEM-000010154,ORD-00004100,PROD-000216,1,179.85,18.83
ITEM-000010155,ORD-00004101,PROD-000013,1,89.16,0.6
ITEM-000010156,ORD-00004101,PROD-000191,5,254.19,10.01
ITEM-000010157,ORD-00004101,PROD-000041,1,146.19,3.16
ITEM-000010158,ORD-00004102,PROD-000089,1,64.06,2.07
ITEM-000010159,ORD-00004102,PROD-000146,1,200.24,1.32
ITEM-000010160,ORD-00004103,PROD-000122,2,174.47,32.82
ITEM-000010161,ORD-00004103,PROD-000222,2,173.52,17.34
ITEM-000010162,ORD-00004104,PROD-000095,1,256.52,34.15
ITEM-000010163,ORD-00004105,PROD-000279,5,88.92,11.32
ITEM-000010164,ORD-00004105,PROD-000266,2,145.38,27.44
ITEM-000010165,ORD-00004106,PROD-000287,5,54.46,6.7
ITEM-000010166,ORD-00004107,PROD-000146,4,200.24,20.81
ITEM-000010167,ORD-00004107,PROD-000212,4,196.7,17.01
ITEM-000010168,ORD-00004107,PROD-000128,3,144.64,25.48
ITEM-000010169,ORD-00004108,PROD-000005,5,162.22,7.55
ITEM-000010170,ORD-00004108,PROD-000263,1,60.67,2.25
ITEM-000010171,ORD-00004109,PROD-000208,4,11.88,0.69
ITEM-000010172,ORD-00004109,PROD-000143,2,136.71,19.9
ITEM-000010173,ORD-00004110,PROD-000158,3,51.52,8.74
ITEM-000010174,ORD-00004110,PROD-000132,4,261.68,33.93
ITEM-000010175,ORD-00004110,PROD-000100,2,199.6,30.4
ITEM-000010176,ORD-00004110,PROD-000223,4,37.75,1.81
ITEM-000010177,ORD-00004111,PROD-000266,1,145.38,19.86
ITEM-000010178,ORD-00004111,PROD-000282,4,158.46,14.06
ITEM-000010179,ORD-00004111,PROD-000155,3,199.69,24.34
ITEM-000010180,ORD-00004112,PROD-000160,4,96.22,10.13
ITEM-000010181,ORD-00004112,PROD-000046,3,37.28,6.95
ITEM-000010182,ORD-00004113,PROD-000197,5,142.58,6.19
ITEM-000010183,ORD-00004113,PROD-000292,5,123.71,17.4
ITEM-000010184,ORD-00004113,PROD-000128,1,144.64,23.44
ITEM-000010185,ORD-00004114,PROD-000224,4,108.39,6.74
ITEM-000010186,ORD-00004114,PROD-000074,2,214.62,26.4
ITEM-000010187,ORD-00004114,PROD-000006,2,20.4,2.56
ITEM-000010188,ORD-00004115,PROD-000285,5,236.26,38.05
ITEM-000010189,ORD-00004116,PROD-000199,4,250.55,20.96
ITEM-000010190,ORD-00004116,PROD-000266,1,145.38,27.88
ITEM-000010191,ORD-00004116,PROD-000063,5,42.54,1.55
ITEM-000010192,ORD-00004117,PROD-000296,2,161.45,7.85
ITEM-000010193,ORD-00004117,PROD-000070,3,170.09,13.05
ITEM-000010194,ORD-00004118,PROD-000071,2,48.6,8.78
ITEM-000010195,ORD-00004118,PROD-000116,4,189.39,7.87
ITEM-000010196,ORD-00004118,PROD-000249,5,45.99,7.12
ITEM-000010197,ORD-00004118,PROD-000028,4,283.29,38.27
ITEM-000010198,ORD-00004119,PROD-000105,5,56.39,4.67
ITEM-000010199,ORD-00004120,PROD-000267,3,237.37,23.54
ITEM-000010200,ORD-00004120,PROD-000126,1,87.75,16.29
ITEM-000010201,ORD-00004120,PROD-000169,3,273.71,31.98
ITEM-000010202,ORD-00004121,PROD-000231,4,126.83,16.53
ITEM-000010203,ORD-00004121,PROD-000191,4,254.19,25.54
ITEM-000010204,ORD-00004121,PROD-000288,1,13.25,0.14
ITEM-000010205,ORD-00004122,PROD-000173,1,253.18,43.03
ITEM-000010206,ORD-00004122,PROD-000068,4,284.88,36.31
ITEM-000010207,ORD-00004122,PROD-000246,4,42.16,2.2
ITEM-000010208,ORD-00004123,PROD-000136,2,57.07,11.05
ITEM-000010209,ORD-00004123,PROD-000115,2,48.49,4.53
ITEM-000010210,ORD-00004123,PROD-000189,4,238.16,5.11
ITEM-000010211,ORD-00004124,PROD-000182,2,262.82,46.4
ITEM-000010212,ORD-00004124,PROD-000130,2,154.33,1.31
ITEM-000010213,ORD-00004124,PROD-000150,2,213.07,3.74
ITEM-000010214,ORD-00004124,PROD-000262,4,149.73,13.27
ITEM-000010215,ORD-00004125,PROD-000052,3,197.07,5.41
ITEM-000010216,ORD-00004125,PROD-000128,3,144.64,2.4
ITEM-000010217,ORD-00004125,PROD-000295,1,19.6,2.24
ITEM-000010218,ORD-00004125,PROD-000271,3,142.48,19.11
ITEM-000010219,ORD-00004126,PROD-000175,4,285.03,21.32
ITEM-000010220,ORD-00004127,PROD-000121,2,258.33,16.36
ITEM-000010221,ORD-00004128,PROD-000026,5,248.15,4.35
ITEM-000010222,ORD-00004128,PROD-000135,2,164.35,29.99
ITEM-000010223,ORD-00004128,PROD-000096,5,261.99,26.24
ITEM-000010224,ORD-00004129,PROD-000217,4,39.78,5.65
ITEM-000010225,ORD-00004129,PROD-000105,2,56.39,9.63
ITEM-000010226,ORD-00004129,PROD-000025,3,124.64,3.21
ITEM-000010227,ORD-00004129,PROD-000105,5,56.39,1.08
ITEM-000010228,ORD-00004130,PROD-000021,5,258.38,31.81
ITEM-000010229,ORD-00004130,PROD-000040,4,52.71,0.46
ITEM-000010230,ORD-00004130,PROD-000187,2,71.53,1.82
ITEM-000010231,ORD-00004130,PROD-000042,5,20.87,1.12
ITEM-000010232,ORD-00004131,PROD-000152,5,40.04,6.66
ITEM-000010233,ORD-00004131,PROD-000209,3,179.59,22.2
ITEM-000010234,ORD-00004131,PROD-000011,3,40.55,6.87
ITEM-000010235,ORD-00004131,PROD-000243,1,179.01,25.18
ITEM-000010236,ORD-00004132,PROD-000220,1,23.88,4.57
ITEM-000010237,ORD-00004132,PROD-000149,2,175.39,11.1
ITEM-000010238,ORD-00004132,PROD-000258,2,173.11,1.55
ITEM-000010239,ORD-00004133,PROD-000248,4,206.76,30.25
ITEM-000010240,ORD-00004134,PROD-000064,2,39.81,0.32
ITEM-000010241,ORD-00004134,PROD-000040,1,52.71,6.28
ITEM-000010242,ORD-00004134,PROD-000079,2,158.41,3.44
ITEM-000010243,ORD-00004135,PROD-000148,3,173.72,27.92
ITEM-000010244,ORD-00004135,PROD-000103,4,155.54,3.43
ITEM-000010245,ORD-00004135,PROD-000229,2,175.01,33.83
ITEM-000010246,ORD-00004135,PROD-000080,1,141.46,8.02
ITEM-000010247,ORD-00004136,PROD-000065,4,11.5,0.65
ITEM-000010248,ORD-00004137,PROD-000092,4,68.92,5.86
ITEM-000010249,ORD-00004138,PROD-000204,1,193.75,6.8
ITEM-000010250,ORD-00004138,PROD-000104,4,157.98,2.73
ITEM-000010251,ORD-00004138,PROD-000212,3,196.7,13.37
ITEM-000010252,ORD-00004139,PROD-000215,2,145.42,7.29
ITEM-000010253,ORD-00004140,PROD-000170,3,124.7,3.74
ITEM-000010254,ORD-00004140,PROD-000234,2,86.25,15.43
ITEM-000010255,ORD-00004140,PROD-000124,4,85.6,10.77
ITEM-000010256,ORD-00004141,PROD-000030,2,45.68,4.15
ITEM-000010257,ORD-00004141,PROD-000161,1,9.57,0.01
ITEM-000010258,ORD-00004141,PROD-000183,4,197.83,21.76
ITEM-000010259,ORD-00004141,PROD-000022,4,178.72,20.7
ITEM-000010260,ORD-00004142,PROD-000237,1,214.52,33.15
ITEM-000010261,ORD-00004142,PROD-000092,1,68.92,9.62
ITEM-000010262,ORD-00004142,PROD-000047,4,16.68,1.51
ITEM-000010263,ORD-00004143,PROD-000093,2,178.93,13.06
ITEM-000010264,ORD-00004143,PROD-000097,5,186.58,29.98
ITEM-000010265,ORD-00004144,PROD-000009,3,38.67,2.11
ITEM-000010266,ORD-00004144,PROD-000145,5,223.58,31.34
ITEM-000010267,ORD-00004145,PROD-000215,3,145.42,13.76
ITEM-000010268,ORD-00004146,PROD-000227,5,231.18,13.72
ITEM-000010269,ORD-00004147,PROD-000056,5,207.38,9.42
ITEM-000010270,ORD-00004147,PROD-000076,3,192.0,6.78
ITEM-000010271,ORD-00004148,PROD-000212,5,196.7,30.85
ITEM-000010272,ORD-00004148,PROD-000170,1,124.7,14.3
ITEM-000010273,ORD-00004148,PROD-000074,1,214.62,13.07
ITEM-000010274,ORD-00004149,PROD-000166,3,161.73,17.61
ITEM-000010275,ORD-00004150,PROD-000162,1,263.26,2.63
ITEM-000010276,ORD-00004151,PROD-000098,3,54.47,4.26
ITEM-000010277,ORD-00004151,PROD-000187,2,71.53,3.21
ITEM-000010278,ORD-00004152,PROD-000104,2,157.98,0.21
ITEM-000010279,ORD-00004152,PROD-000247,3,95.38,13.35
ITEM-000010280,ORD-00004152,PROD-000100,4,199.6,27.97
ITEM-000010281,ORD-00004152,PROD-000028,1,283.29,32.73
ITEM-000010282,ORD-00004153,PROD-000062,4,155.19,23.93
ITEM-000010283,ORD-00004153,PROD-000135,2,164.35,14.82
ITEM-000010284,ORD-00004153,PROD-000230,1,66.97,8.57
ITEM-000010285,ORD-00004154,PROD-000050,4,41.26,0.09
ITEM-000010286,ORD-00004154,PROD-000139,4,20.83,0.26
ITEM-000010287,ORD-00004155,PROD-000175,5,285.03,9.67
ITEM-000010288,ORD-00004155,PROD-000115,2,48.49,8.93
ITEM-000010289,ORD-00004156,PROD-000048,4,239.02,30.69
ITEM-000010290,ORD-00004156,PROD-000277,3,89.29,6.8
ITEM-000010291,ORD-00004156,PROD-000056,4,207.38,15.7
ITEM-000010292,ORD-00004156,PROD-000228,3,119.68,0.88
ITEM-000010293,ORD-00004157,PROD-000253,2,14.2,2.75
ITEM-000010294,ORD-00004158,PROD-000016,1,56.87,11.16
ITEM-000010295,ORD-00004158,PROD-000178,3,192.03,34.28
ITEM-000010296,ORD-00004159,PROD-000194,5,65.76,10.11
ITEM-000010297,ORD-00004160,PROD-000127,1,79.49,7.76
ITEM-000010298,ORD-00004160,PROD-000109,4,82.03,4.72
ITEM-000010299,ORD-00004161,PROD-000015,5,77.71,9.36
ITEM-000010300,ORD-00004161,PROD-000132,3,261.68,2.26
ITEM-000010301,ORD-00004161,PROD-000180,3,175.36,32.55
ITEM-000010302,ORD-00004161,PROD-000182,2,262.82,51.47
ITEM-000010303,ORD-00004162,PROD-000293,2,32.6,6.07
ITEM-000010304,ORD-00004162,PROD-000189,4,238.16,1.02
ITEM-000010305,ORD-00004162,PROD-000255,4,36.59,6.33
ITEM-000010306,ORD-00004163,PROD-000296,3,161.45,12.66
ITEM-000010307,ORD-00004164,PROD-000241,5,199.27,35.1
ITEM-000010308,ORD-00004165,PROD-000218,2,184.34,24.06
ITEM-000010309,ORD-00004165,PROD-000094,4,220.54,4.88
ITEM-000010310,ORD-00004165,PROD-000082,4,153.69,0.8
ITEM-000010311,ORD-00004166,PROD-000197,1,142.58,3.46
ITEM-000010312,ORD-00004166,PROD-000224,5,108.39,18.66
ITEM-000010313,ORD-00004167,PROD-000061,1,156.43,30.97
ITEM-000010314,ORD-00004168,PROD-000224,1,108.39,12.74
ITEM-000010315,ORD-00004168,PROD-000035,5,17.96,1.0
ITEM-000010316,ORD-00004169,PROD-000285,1,236.26,30.89
ITEM-000010317,ORD-00004170,PROD-000026,2,248.15,49.37
ITEM-000010318,ORD-00004171,PROD-000208,2,11.88,1.25
ITEM-000010319,ORD-00004171,PROD-000177,5,110.22,10.18
ITEM-000010320,ORD-00004171,PROD-000252,4,138.21,21.7
ITEM-000010321,ORD-00004171,PROD-000044,3,31.7,4.25
ITEM-000010322,ORD-00004172,PROD-000069,4,294.54,29.84
ITEM-000010323,ORD-00004172,PROD-000052,1,197.07,22.2
ITEM-000010324,ORD-00004172,PROD-000219,5,170.99,31.08
ITEM-000010325,ORD-00004172,PROD-000157,4,15.55,0.09
ITEM-000010326,ORD-00004173,PROD-000231,2,126.83,16.13
ITEM-000010327,ORD-00004173,PROD-000186,4,39.92,5.55
ITEM-000010328,ORD-00004173,PROD-000289,1,86.07,17.05
ITEM-000010329,ORD-00004173,PROD-000086,2,126.38,0.93
ITEM-000010330,ORD-00004174,PROD-000105,3,56.39,4.53
ITEM-000010331,ORD-00004175,PROD-000145,5,223.58,34.99
ITEM-000010332,ORD-00004175,PROD-000090,3,115.9,1.04
ITEM-000010333,ORD-00004175,PROD-000254,3,59.19,1.25
ITEM-000010334,ORD-00004175,PROD-000240,3,62.18,10.93
ITEM-000010335,ORD-00004176,PROD-000243,2,179.01,13.0
ITEM-000010336,ORD-00004176,PROD-000062,5,155.19,4.06
ITEM-000010337,ORD-00004176,PROD-000058,4,86.29,12.55
ITEM-000010338,ORD-00004176,PROD-000135,5,164.35,14.77
ITEM-000010339,ORD-00004177,PROD-000256,4,26.12,3.17
ITEM-000010340,ORD-00004177,PROD-000192,5,222.13,41.25
ITEM-000010341,ORD-00004177,PROD-000171,5,85.33,5.24
ITEM-000010342,ORD-00004178,PROD-000191,4,254.19,30.73
ITEM-000010343,ORD-00004178,PROD-000241,1,199.27,7.07
ITEM-000010344,ORD-00004179,PROD-000019,1,146.76,17.95
ITEM-000010345,ORD-00004179,PROD-000032,4,114.8,20.48
ITEM-000010346,ORD-00004180,PROD-000296,1,161.45,4.8
ITEM-000010347,ORD-00004180,PROD-000252,1,138.21,15.96
ITEM-000010348,ORD-00004180,PROD-000292,4,123.71,23.81
ITEM-000010349,ORD-00004180,PROD-000295,2,19.6,0.83
ITEM-000010350,ORD-00004181,PROD-000020,2,193.41,24.26
ITEM-000010351,ORD-00004181,PROD-000126,5,87.75,8.4
ITEM-000010352,ORD-00004182,PROD-000021,3,258.38,33.14
ITEM-000010353,ORD-00004182,PROD-000272,2,241.9,24.94
ITEM-000010354,ORD-00004183,PROD-000192,2,222.13,10.46
ITEM-000010355,ORD-00004183,PROD-000170,2,124.7,10.56
ITEM-000010356,ORD-00004183,PROD-000088,1,144.7,3.93
ITEM-000010357,ORD-00004183,PROD-000142,5,42.45,8.12
ITEM-000010358,ORD-00004184,PROD-000246,5,42.16,1.04
ITEM-000010359,ORD-00004184,PROD-000096,5,261.99,8.26
ITEM-000010360,ORD-00004184,PROD-000101,3,132.99,19.84
ITEM-000010361,ORD-00004185,PROD-000232,2,124.85,14.25
ITEM-000010362,ORD-00004186,PROD-000066,2,12.81,1.48
ITEM-000010363,ORD-00004186,PROD-000043,4,44.85,5.78
ITEM-000010364,ORD-00004187,PROD-000172,1,183.04,29.04
ITEM-000010365,ORD-00004187,PROD-000291,3,181.27,24.86
ITEM-000010366,ORD-00004187,PROD-000225,3,155.38,26.0
ITEM-000010367,ORD-00004187,PROD-000029,3,254.26,16.56
ITEM-000010368,ORD-00004188,PROD-000254,4,59.19,9.25
ITEM-000010369,ORD-00004188,PROD-000289,1,86.07,7.9
ITEM-000010370,ORD-00004188,PROD-000105,1,56.39,10.32
ITEM-000010371,ORD-00004188,PROD-000155,2,199.69,12.05
ITEM-000010372,ORD-00004189,PROD-000106,3,222.78,11.03
ITEM-000010373,ORD-00004189,PROD-000040,1,52.71,7.27
ITEM-000010374,ORD-00004189,PROD-000254,3,59.19,0.37
ITEM-000010375,ORD-00004190,PROD-000236,2,24.26,0.24
ITEM-000010376,ORD-00004190,PROD-000140,5,113.52,0.79
ITEM-000010377,ORD-00004191,PROD-000195,5,272.68,38.27
ITEM-000010378,ORD-00004191,PROD-000192,4,222.13,28.59
ITEM-000010379,ORD-00004192,PROD-000096,5,261.99,13.44
ITEM-000010380,ORD-00004192,PROD-000103,5,155.54,3.12
ITEM-000010381,ORD-00004192,PROD-000275,4,143.99,25.63
ITEM-000010382,ORD-00004192,PROD-000236,1,24.26,3.91
ITEM-000010383,ORD-00004193,PROD-000167,1,71.98,5.75
ITEM-000010384,ORD-00004193,PROD-000140,2,113.52,17.57
ITEM-000010385,ORD-00004193,PROD-000297,3,225.62,12.0
ITEM-000010386,ORD-00004194,PROD-000031,1,215.03,0.67
ITEM-000010387,ORD-00004195,PROD-000250,5,168.52,15.97
ITEM-000010388,ORD-00004195,PROD-000099,3,85.82,4.78
ITEM-000010389,ORD-00004196,PROD-000059,1,24.94,0.53
ITEM-000010390,ORD-00004196,PROD-000269,1,116.44,11.76
ITEM-000010391,ORD-00004197,PROD-000059,2,24.94,4.79
ITEM-000010392,ORD-00004197,PROD-000126,3,87.75,7.87
ITEM-000010393,ORD-00004197,PROD-000165,2,223.01,23.58
ITEM-000010394,ORD-00004197,PROD-000258,1,173.11,3.49
ITEM-000010395,ORD-00004198,PROD-000256,1,26.12,4.47
ITEM-000010396,ORD-00004198,PROD-000154,4,128.85,9.52
ITEM-000010397,ORD-00004198,PROD-000028,1,283.29,49.33
ITEM-000010398,ORD-00004199,PROD-000147,2,65.7,5.05
ITEM-000010399,ORD-00004199,PROD-000155,3,199.69,36.29
ITEM-000010400,ORD-00004199,PROD-000146,4,200.24,39.61
ITEM-000010401,ORD-00004199,PROD-000002,2,24.12,4.64
ITEM-000010402,ORD-00004200,PROD-000175,3,285.03,45.21
ITEM-000010403,ORD-00004200,PROD-000087,2,82.01,10.88
ITEM-000010404,ORD-00004201,PROD-000003,4,94.19,15.76
ITEM-000010405,ORD-00004201,PROD-000043,4,44.85,2.21
ITEM-000010406,ORD-00004201,PROD-000152,2,40.04,2.21
ITEM-000010407,ORD-00004202,PROD-000032,5,114.8,21.26
ITEM-000010408,ORD-00004202,PROD-000133,4,67.78,9.29
ITEM-000010409,ORD-00004202,PROD-000026,4,248.15,2.52
ITEM-000010410,ORD-00004202,PROD-000128,5,144.64,15.2
ITEM-000010411,ORD-00004203,PROD-000027,4,268.28,31.02
ITEM-000010412,ORD-00004204,PROD-000056,4,207.38,7.88
ITEM-000010413,ORD-00004204,PROD-000069,1,294.54,15.3
ITEM-000010414,ORD-00004204,PROD-000044,2,31.7,0.0
ITEM-000010415,ORD-00004205,PROD-000085,3,65.75,8.33
ITEM-000010416,ORD-00004205,PROD-000250,3,168.52,13.46
ITEM-000010417,ORD-00004206,PROD-000264,1,25.07,4.54
ITEM-000010418,ORD-00004206,PROD-000173,4,253.18,12.82
ITEM-000010419,ORD-00004206,PROD-000044,5,31.7,4.64
ITEM-000010420,ORD-00004206,PROD-000172,3,183.04,4.46
ITEM-000010421,ORD-00004207,PROD-000101,4,132.99,10.43
ITEM-000010422,ORD-00004207,PROD-000007,2,234.37,24.28
ITEM-000010423,ORD-00004208,PROD-000169,4,273.71,38.14
ITEM-000010424,ORD-00004209,PROD-000283,1,40.56,3.56
ITEM-000010425,ORD-00004209,PROD-000051,3,151.67,22.05
ITEM-000010426,ORD-00004209,PROD-000281,2,205.29,23.23
ITEM-000010427,ORD-00004210,PROD-000091,3,82.4,9.77
ITEM-000010428,ORD-00004210,PROD-000088,1,144.7,23.57
ITEM-000010429,ORD-00004210,PROD-000060,1,175.48,22.83
ITEM-000010430,ORD-00004211,PROD-000293,5,32.6,5.94
ITEM-000010431,ORD-00004211,PROD-000139,5,20.83,0.47
ITEM-000010432,ORD-00004212,PROD-000146,1,200.24,30.08
ITEM-000010433,ORD-00004213,PROD-000263,3,60.67,8.41
ITEM-000010434,ORD-00004213,PROD-000204,5,193.75,22.52
ITEM-000010435,ORD-00004214,PROD-000146,2,200.24,16.51
ITEM-000010436,ORD-00004215,PROD-000003,1,94.19,15.61
ITEM-000010437,ORD-00004215,PROD-000016,1,56.87,5.12
ITEM-000010438,ORD-00004216,PROD-000078,1,104.84,12.99
ITEM-000010439,ORD-00004217,PROD-000158,4,51.52,6.37
ITEM-000010440,ORD-00004217,PROD-000258,5,173.11,33.25
ITEM-000010441,ORD-00004217,PROD-000201,4,154.94,11.28
ITEM-000010442,ORD-00004218,PROD-000279,1,88.92,12.29
ITEM-000010443,ORD-00004218,PROD-000076,4,192.0,7.17
ITEM-000010444,ORD-00004218,PROD-000064,2,39.81,5.27
ITEM-000010445,ORD-00004219,PROD-000168,5,145.2,27.64
ITEM-000010446,ORD-00004219,PROD-000214,3,199.19,38.11
ITEM-000010447,ORD-00004219,PROD-000296,1,161.45,32.17
ITEM-000010448,ORD-00004219,PROD-000161,2,9.57,1.52
ITEM-000010449,ORD-00004220,PROD-000287,1,54.46,9.72
ITEM-000010450,ORD-00004221,PROD-000098,1,54.47,5.64
ITEM-000010451,ORD-00004222,PROD-000112,1,194.6,13.98
ITEM-000010452,ORD-00004222,PROD-000274,2,105.23,18.67
ITEM-000010453,ORD-00004223,PROD-000149,2,175.39,19.05
ITEM-000010454,ORD-00004223,PROD-000007,2,234.37,6.92
ITEM-000010455,ORD-00004224,PROD-000203,2,217.05,40.92
ITEM-000010456,ORD-00004224,PROD-000245,1,6.0,0.76
ITEM-000010457,ORD-00004224,PROD-000081,1,132.7,26.41
ITEM-000010458,ORD-00004225,PROD-000127,3,79.49,2.53
ITEM-000010459,ORD-00004225,PROD-000275,4,143.99,12.7
ITEM-000010460,ORD-00004225,PROD-000021,4,258.38,24.5
ITEM-000010461,ORD-00004226,PROD-000160,2,96.22,11.91
ITEM-000010462,ORD-00004227,PROD-000275,4,143.99,18.42
ITEM-000010463,ORD-00004227,PROD-000219,4,170.99,31.12
ITEM-000010464,ORD-00004228,PROD-000027,5,268.28,37.6
ITEM-000010465,ORD-00004228,PROD-000256,4,26.12,4.51
ITEM-000010466,ORD-00004228,PROD-000039,1,21.15,1.9
ITEM-000010467,ORD-00004229,PROD-000092,3,68.92,11.62
ITEM-000010468,ORD-00004229,PROD-000027,1,268.28,12.94
ITEM-000010469,ORD-00004229,PROD-000112,1,194.6,34.35
ITEM-000010470,ORD-00004230,PROD-000038,1,87.71,12.07
ITEM-000010471,ORD-00004230,PROD-000253,2,14.2,0.81
ITEM-000010472,ORD-00004230,PROD-000237,2,214.52,14.79
ITEM-000010473,ORD-00004231,PROD-000222,3,173.52,10.04
ITEM-000010474,ORD-00004231,PROD-000034,4,22.91,3.41
ITEM-000010475,ORD-00004232,PROD-000092,4,68.92,13.76
ITEM-000010476,ORD-00004232,PROD-000223,2,37.75,4.39
ITEM-000010477,ORD-00004233,PROD-000095,2,256.52,28.5
ITEM-000010478,ORD-00004233,PROD-000053,5,113.39,3.84
ITEM-000010479,ORD-00004233,PROD-000262,5,149.73,5.71
ITEM-000010480,ORD-00004234,PROD-000099,2,85.82,13.34
ITEM-000010481,ORD-00004234,PROD-000236,5,24.26,3.16
ITEM-000010482,ORD-00004234,PROD-000265,1,55.67,5.32
ITEM-000010483,ORD-00004234,PROD-000021,3,258.38,9.34
ITEM-000010484,ORD-00004235,PROD-000181,4,155.05,23.98
ITEM-000010485,ORD-00004235,PROD-000119,1,241.98,25.22
ITEM-000010486,ORD-00004236,PROD-000297,2,225.62,3.19
ITEM-000010487,ORD-00004236,PROD-000042,4,20.87,2.85
ITEM-000010488,ORD-00004236,PROD-000096,1,261.99,34.1
ITEM-000010489,ORD-00004237,PROD-000128,3,144.64,20.46
ITEM-000010490,ORD-00004237,PROD-000030,3,45.68,0.06
ITEM-000010491,ORD-00004237,PROD-000241,1,199.27,19.75
ITEM-000010492,ORD-00004238,PROD-000004,5,61.96,6.84
ITEM-000010493,ORD-00004238,PROD-000153,5,111.79,6.32
ITEM-000010494,ORD-00004238,PROD-000296,5,161.45,19.76
ITEM-000010495,ORD-00004239,PROD-000102,3,242.49,22.12
ITEM-000010496,ORD-00004239,PROD-000259,4,58.93,8.3
ITEM-000010497,ORD-00004239,PROD-000213,2,151.52,23.29
ITEM-000010498,ORD-00004239,PROD-000122,5,174.47,32.6
ITEM-000010499,ORD-00004240,PROD-000297,3,225.62,3.29
ITEM-000010500,ORD-00004240,PROD-000132,5,261.68,14.63
ITEM-000010501,ORD-00004240,PROD-000184,3,133.98,20.05
ITEM-000010502,ORD-00004241,PROD-000190,5,66.83,4.45
ITEM-000010503,ORD-00004241,PROD-000052,2,197.07,32.21
ITEM-000010504,ORD-00004242,PROD-000018,3,116.66,14.29
ITEM-000010505,ORD-00004242,PROD-000180,3,175.36,3.38
ITEM-000010506,ORD-00004243,PROD-000107,3,9.55,0.21
ITEM-000010507,ORD-00004243,PROD-000051,1,151.67,18.1
ITEM-000010508,ORD-00004243,PROD-000255,3,36.59,2.51
ITEM-000010509,ORD-00004243,PROD-000118,4,182.0,8.35
ITEM-000010510,ORD-00004244,PROD-000006,3,20.4,2.99
ITEM-000010511,ORD-00004244,PROD-000129,1,145.51,14.3
ITEM-000010512,ORD-00004244,PROD-000255,2,36.59,1.03
ITEM-000010513,ORD-00004245,PROD-000069,4,294.54,51.02
ITEM-000010514,ORD-00004245,PROD-000250,5,168.52,26.52
ITEM-000010515,ORD-00004245,PROD-000239,1,261.64,51.96
ITEM-000010516,ORD-00004246,PROD-000089,2,64.06,8.11
ITEM-000010517,ORD-00004246,PROD-000280,1,137.35,3.84
ITEM-000010518,ORD-00004247,PROD-000226,1,148.45,26.33
ITEM-000010519,ORD-00004248,PROD-000181,3,155.05,20.92
ITEM-000010520,ORD-00004248,PROD-000164,2,160.68,30.66
ITEM-000010521,ORD-00004249,PROD-000037,2,237.13,20.93
ITEM-000010522,ORD-00004250,PROD-000298,4,75.81,3.7
ITEM-000010523,ORD-00004250,PROD-000255,2,36.59,0.51
ITEM-000010524,ORD-00004250,PROD-000157,5,15.55,2.62
ITEM-000010525,ORD-00004251,PROD-000123,1,211.38,37.95
ITEM-000010526,ORD-00004251,PROD-000274,5,105.23,8.48
ITEM-000010527,ORD-00004252,PROD-000028,4,283.29,41.47
ITEM-000010528,ORD-00004252,PROD-000172,5,183.04,32.53
ITEM-000010529,ORD-00004253,PROD-000014,2,250.44,40.77
ITEM-000010530,ORD-00004254,PROD-000261,1,28.24,1.38
ITEM-000010531,ORD-00004255,PROD-000153,5,111.79,21.28
ITEM-000010532,ORD-00004255,PROD-000048,1,239.02,43.87
ITEM-000010533,ORD-00004255,PROD-000067,1,47.96,4.8
ITEM-000010534,ORD-00004255,PROD-000156,1,108.51,15.33
ITEM-000010535,ORD-00004256,PROD-000279,1,88.92,7.96
ITEM-000010536,ORD-00004257,PROD-000266,3,145.38,28.28
ITEM-000010537,ORD-00004257,PROD-000033,4,93.06,11.81
ITEM-000010538,ORD-00004258,PROD-000273,4,164.42,21.1
ITEM-000010539,ORD-00004258,PROD-000099,2,85.82,13.04
ITEM-000010540,ORD-00004258,PROD-000145,5,223.58,27.12
ITEM-000010541,ORD-00004258,PROD-000245,1,6.0,0.25
ITEM-000010542,ORD-00004259,PROD-000011,3,40.55,1.52
ITEM-000010543,ORD-00004259,PROD-000160,4,96.22,4.92
ITEM-000010544,ORD-00004260,PROD-000158,3,51.52,1.34
ITEM-000010545,ORD-00004260,PROD-000023,4,61.71,4.46
ITEM-000010546,ORD-00004261,PROD-000011,3,40.55,6.84
ITEM-000010547,ORD-00004262,PROD-000034,1,22.91,2.88
ITEM-000010548,ORD-00004263,PROD-000103,1,155.54,7.29
ITEM-000010549,ORD-00004264,PROD-000171,4,85.33,9.75
ITEM-000010550,ORD-00004264,PROD-000069,1,294.54,42.46
ITEM-000010551,ORD-00004264,PROD-000076,2,192.0,26.07
ITEM-000010552,ORD-00004265,PROD-000217,4,39.78,1.04
ITEM-000010553,ORD-00004265,PROD-000044,4,31.7,2.4
ITEM-000010554,ORD-00004265,PROD-000040,5,52.71,8.44
ITEM-000010555,ORD-00004266,PROD-000284,4,47.52,4.67
ITEM-000010556,ORD-00004266,PROD-000244,4,54.61,10.02
ITEM-000010557,ORD-00004266,PROD-000033,2,93.06,9.31
ITEM-000010558,ORD-00004266,PROD-000238,1,67.16,1.73
ITEM-000010559,ORD-00004267,PROD-000275,1,143.99,15.35
ITEM-000010560,ORD-00004267,PROD-000294,2,268.13,32.97
ITEM-000010561,ORD-00004268,PROD-000022,3,178.72,18.11
ITEM-000010562,ORD-00004268,PROD-000116,1,189.39,10.41
ITEM-000010563,ORD-00004269,PROD-000130,3,154.33,10.54
ITEM-000010564,ORD-00004270,PROD-000262,1,149.73,19.32
ITEM-000010565,ORD-00004270,PROD-000234,2,86.25,4.84
ITEM-000010566,ORD-00004270,PROD-000276,5,96.15,17.28
ITEM-000010567,ORD-00004270,PROD-000016,4,56.87,10.94
ITEM-000010568,ORD-00004271,PROD-000160,1,96.22,4.77
ITEM-000010569,ORD-00004271,PROD-000055,3,139.15,24.39
ITEM-000010570,ORD-00004271,PROD-000164,5,160.68,10.65
ITEM-000010571,ORD-00004271,PROD-000099,5,85.82,1.82
ITEM-000010572,ORD-00004272,PROD-000123,4,211.38,30.45
ITEM-000010573,ORD-00004272,PROD-000017,3,59.6,10.73
ITEM-000010574,ORD-00004272,PROD-000157,5,15.55,0.59
ITEM-000010575,ORD-00004273,PROD-000299,2,233.47,20.92
ITEM-000010576,ORD-00004273,PROD-000289,3,86.07,4.33
ITEM-000010577,ORD-00004274,PROD-000117,5,220.67,13.86
ITEM-000010578,ORD-00004274,PROD-000216,4,179.85,0.3
ITEM-000010579,ORD-00004274,PROD-000028,4,283.29,54.59
ITEM-000010580,ORD-00004274,PROD-000039,3,21.15,0.83
ITEM-000010581,ORD-00004275,PROD-000096,1,261.99,35.99
ITEM-000010582,ORD-00004275,PROD-000178,3,192.03,26.21
ITEM-000010583,ORD-00004275,PROD-000179,3,215.5,32.57
ITEM-000010584,ORD-00004276,PROD-000137,3,34.68,6.5
ITEM-000010585,ORD-00004276,PROD-000019,4,146.76,22.27
ITEM-000010586,ORD-00004276,PROD-000265,5,55.67,7.54
ITEM-000010587,ORD-00004277,PROD-000240,5,62.18,10.88
ITEM-000010588,ORD-00004277,PROD-000276,5,96.15,17.83
ITEM-000010589,ORD-00004277,PROD-000085,2,65.75,12.82
ITEM-000010590,ORD-00004277,PROD-000055,1,139.15,20.6
ITEM-000010591,ORD-00004278,PROD-000072,1,70.42,13.04
ITEM-000010592,ORD-00004278,PROD-000012,5,166.44,10.33
ITEM-000010593,ORD-00004278,PROD-000035,1,17.96,2.81
ITEM-000010594,ORD-00004278,PROD-000152,4,40.04,0.85
ITEM-000010595,ORD-00004279,PROD-000188,4,170.88,18.37
ITEM-000010596,ORD-00004279,PROD-000008,3,169.86,3.22
ITEM-000010597,ORD-00004279,PROD-000012,3,166.44,18.37
ITEM-000010598,ORD-00004279,PROD-000210,4,24.0,0.39
ITEM-000010599,ORD-00004280,PROD-000132,3,261.68,7.79
ITEM-000010600,ORD-00004280,PROD-000222,2,173.52,26.71
ITEM-000010601,ORD-00004280,PROD-000154,4,128.85,1.53
ITEM-000010602,ORD-00004280,PROD-000133,5,67.78,7.44
ITEM-000010603,ORD-00004281,PROD-000043,1,44.85,7.22
ITEM-000010604,ORD-00004281,PROD-000061,5,156.43,14.49
ITEM-000010605,ORD-00004281,PROD-000008,2,169.86,8.23
ITEM-000010606,ORD-00004281,PROD-000168,4,145.2,22.55
ITEM-000010607,ORD-00004282,PROD-000151,2,206.31,32.42
ITEM-000010608,ORD-00004282,PROD-000015,4,77.71,3.8
ITEM-000010609,ORD-00004282,PROD-000158,4,51.52,6.79
ITEM-000010610,ORD-00004283,PROD-000132,5,261.68,42.46
ITEM-000010611,ORD-00004283,PROD-000031,2,215.03,27.48
ITEM-000010612,ORD-00004283,PROD-000030,3,45.68,7.29
ITEM-000010613,ORD-00004283,PROD-000117,5,220.67,43.37
ITEM-000010614,ORD-00004284,PROD-000227,5,231.18,27.5
ITEM-000010615,ORD-00004284,PROD-000257,5,285.25,32.71
ITEM-000010616,ORD-00004284,PROD-000134,4,240.79,40.52
ITEM-000010617,ORD-00004284,PROD-000083,3,56.68,5.3
ITEM-000010618,ORD-00004285,PROD-000271,1,142.48,3.0
ITEM-000010619,ORD-00004285,PROD-000099,1,85.82,1.6
ITEM-000010620,ORD-00004285,PROD-000219,3,170.99,8.38
ITEM-000010621,ORD-00004286,PROD-000043,3,44.85,8.27
ITEM-000010622,ORD-00004286,PROD-000195,3,272.68,5.28
ITEM-000010623,ORD-00004287,PROD-000086,4,126.38,9.28
ITEM-000010624,ORD-00004288,PROD-000244,1,54.61,0.24
ITEM-000010625,ORD-00004289,PROD-000124,4,85.6,4.64
ITEM-000010626,ORD-00004289,PROD-000080,3,141.46,25.13
ITEM-000010627,ORD-00004289,PROD-000241,3,199.27,1.13
ITEM-000010628,ORD-00004290,PROD-000108,4,129.74,3.58
ITEM-000010629,ORD-00004290,PROD-000047,2,16.68,0.69
ITEM-000010630,ORD-00004290,PROD-000038,3,87.71,4.52
ITEM-000010631,ORD-00004291,PROD-000059,5,24.94,4.17
ITEM-000010632,ORD-00004292,PROD-000071,1,48.6,3.69
ITEM-000010633,ORD-00004293,PROD-000053,2,113.39,16.71
ITEM-000010634,ORD-00004293,PROD-000299,2,233.47,2.46
ITEM-000010635,ORD-00004293,PROD-000017,3,59.6,10.38
ITEM-000010636,ORD-00004293,PROD-000091,1,82.4,16.11
ITEM-000010637,ORD-00004294,PROD-000136,2,57.07,7.38
ITEM-000010638,ORD-00004294,PROD-000218,4,184.34,24.11
ITEM-000010639,ORD-00004294,PROD-000126,3,87.75,14.33
ITEM-000010640,ORD-00004295,PROD-000070,3,170.09,26.36
ITEM-000010641,ORD-00004295,PROD-000062,1,155.19,25.84
ITEM-000010642,ORD-00004295,PROD-000056,3,207.38,27.71
ITEM-000010643,ORD-00004296,PROD-000139,2,20.83,1.72
ITEM-000010644,ORD-00004296,PROD-000044,5,31.7,1.74
ITEM-000010645,ORD-00004296,PROD-000169,3,273.71,11.48
ITEM-000010646,ORD-00004297,PROD-000275,2,143.99,11.56
ITEM-000010647,ORD-00004297,PROD-000066,5,12.81,0.94
ITEM-000010648,ORD-00004297,PROD-000274,1,105.23,5.68
ITEM-000010649,ORD-00004298,PROD-000017,2,59.6,9.52
ITEM-000010650,ORD-00004298,PROD-000069,2,294.54,20.46
ITEM-000010651,ORD-00004298,PROD-000190,5,66.83,3.07
ITEM-000010652,ORD-00004299,PROD-000262,1,149.73,20.77
ITEM-000010653,ORD-00004299,PROD-000171,2,85.33,8.67
ITEM-000010654,ORD-00004299,PROD-000016,3,56.87,0.32
ITEM-000010655,ORD-00004300,PROD-000162,1,263.26,45.96
ITEM-000010656,ORD-00004300,PROD-000261,1,28.24,3.31
ITEM-000010657,ORD-00004300,PROD-000231,2,126.83,9.15
ITEM-000010658,ORD-00004300,PROD-000151,2,206.31,14.78
ITEM-000010659,ORD-00004301,PROD-000243,4,179.01,17.49
ITEM-000010660,ORD-00004301,PROD-000130,3,154.33,24.03
ITEM-000010661,ORD-00004301,PROD-000141,5,197.96,15.46
ITEM-000010662,ORD-00004302,PROD-000018,3,116.66,9.97
ITEM-000010663,ORD-00004302,PROD-000028,1,283.29,24.63
ITEM-000010664,ORD-00004303,PROD-000291,5,181.27,31.68
ITEM-000010665,ORD-00004303,PROD-000070,4,170.09,10.13
ITEM-000010666,ORD-00004303,PROD-000223,2,37.75,7.25
ITEM-000010667,ORD-00004303,PROD-000235,3,121.53,19.6
ITEM-000010668,ORD-00004304,PROD-000255,4,36.59,4.34
ITEM-000010669,ORD-00004304,PROD-000288,3,13.25,2.39
ITEM-000010670,ORD-00004305,PROD-000195,1,272.68,31.78
ITEM-000010671,ORD-00004305,PROD-000072,1,70.42,0.31
ITEM-000010672,ORD-00004305,PROD-000131,1,157.33,14.72
ITEM-000010673,ORD-00004306,PROD-000130,3,154.33,22.57
ITEM-000010674,ORD-00004306,PROD-000223,1,37.75,0.7
ITEM-000010675,ORD-00004306,PROD-000223,1,37.75,4.33
ITEM-000010676,ORD-00004307,PROD-000073,3,65.08,6.1
ITEM-000010677,ORD-00004307,PROD-000226,5,148.45,4.26
ITEM-000010678,ORD-00004308,PROD-000185,1,183.85,25.98
ITEM-000010679,ORD-00004308,PROD-000152,2,40.04,1.0
ITEM-000010680,ORD-00004309,PROD-000030,2,45.68,1.2
ITEM-000010681,ORD-00004309,PROD-000031,2,215.03,32.23
ITEM-000010682,ORD-00004309,PROD-000300,3,90.24,4.45
ITEM-000010683,ORD-00004309,PROD-000261,5,28.24,1.46
ITEM-000010684,ORD-00004310,PROD-000080,4,141.46,15.75
ITEM-000010685,ORD-00004310,PROD-000184,2,133.98,18.37
ITEM-000010686,ORD-00004310,PROD-000125,4,191.28,3.47
ITEM-000010687,ORD-00004311,PROD-000136,5,57.07,4.73
ITEM-000010688,ORD-00004311,PROD-000135,3,164.35,30.45
ITEM-000010689,ORD-00004311,PROD-000157,5,15.55,2.17
ITEM-000010690,ORD-00004311,PROD-000182,5,262.82,18.61
ITEM-000010691,ORD-00004312,PROD-000260,1,87.01,3.02
ITEM-000010692,ORD-00004312,PROD-000099,1,85.82,8.46
ITEM-000010693,ORD-00004312,PROD-000148,2,173.72,15.27
ITEM-000010694,ORD-00004312,PROD-000055,5,139.15,6.36
ITEM-000010695,ORD-00004313,PROD-000144,1,184.59,5.96
ITEM-000010696,ORD-00004313,PROD-000107,4,9.55,1.65
ITEM-000010697,ORD-00004314,PROD-000244,4,54.61,1.12
ITEM-000010698,ORD-00004314,PROD-000210,3,24.0,3.41
ITEM-000010699,ORD-00004315,PROD-000021,3,258.38,37.64
ITEM-000010700,ORD-00004315,PROD-000200,3,169.62,22.52
ITEM-000010701,ORD-00004315,PROD-000051,1,151.67,4.96
ITEM-000010702,ORD-00004316,PROD-000119,5,241.98,3.85
ITEM-000010703,ORD-00004316,PROD-000063,1,42.54,2.98
ITEM-000010704,ORD-00004316,PROD-000070,2,170.09,18.09
ITEM-000010705,ORD-00004316,PROD-000083,1,56.68,5.41
ITEM-000010706,ORD-00004317,PROD-000174,5,92.99,6.63
ITEM-000010707,ORD-00004317,PROD-000270,2,159.71,14.13
ITEM-000010708,ORD-00004317,PROD-000216,4,179.85,17.32
ITEM-000010709,ORD-00004318,PROD-000094,2,220.54,27.57
ITEM-000010710,ORD-00004318,PROD-000163,3,87.64,3.8
ITEM-000010711,ORD-00004318,PROD-000118,4,182.0,7.04
ITEM-000010712,ORD-00004319,PROD-000226,5,148.45,28.6
ITEM-000010713,ORD-00004319,PROD-000215,5,145.42,5.44
ITEM-000010714,ORD-00004320,PROD-000062,1,155.19,0.37
ITEM-000010715,ORD-00004320,PROD-000195,1,272.68,26.71
ITEM-000010716,ORD-00004320,PROD-000085,1,65.75,3.39
ITEM-000010717,ORD-00004321,PROD-000268,4,101.37,19.39
ITEM-000010718,ORD-00004321,PROD-000292,4,123.71,24.03
ITEM-000010719,ORD-00004321,PROD-000176,2,207.29,36.26
ITEM-000010720,ORD-00004322,PROD-000185,3,183.85,17.52
ITEM-000010721,ORD-00004323,PROD-000014,3,250.44,9.09
ITEM-000010722,ORD-00004324,PROD-000034,5,22.91,2.08
ITEM-000010723,ORD-00004324,PROD-000016,5,56.87,11.24
ITEM-000010724,ORD-00004325,PROD-000244,5,54.61,2.29
ITEM-000010725,ORD-00004326,PROD-000240,4,62.18,10.57
ITEM-000010726,ORD-00004326,PROD-000117,1,220.67,43.36
ITEM-000010727,ORD-00004327,PROD-000099,3,85.82,16.16
ITEM-000010728,ORD-00004327,PROD-000160,5,96.22,6.54
ITEM-000010729,ORD-00004327,PROD-000082,4,153.69,20.59
ITEM-000010730,ORD-00004327,PROD-000192,5,222.13,28.38
ITEM-000010731,ORD-00004328,PROD-000270,2,159.71,13.16
ITEM-000010732,ORD-00004329,PROD-000001,5,161.47,1.9
ITEM-000010733,ORD-00004330,PROD-000089,1,64.06,7.18
ITEM-000010734,ORD-00004330,PROD-000245,1,6.0,1.05
ITEM-000010735,ORD-00004331,PROD-000268,5,101.37,17.14
ITEM-000010736,ORD-00004332,PROD-000178,2,192.03,9.42
ITEM-000010737,ORD-00004332,PROD-000166,5,161.73,13.38
ITEM-000010738,ORD-00004332,PROD-000020,2,193.41,9.07
ITEM-000010739,ORD-00004333,PROD-000168,5,145.2,26.34
ITEM-000010740,ORD-00004334,PROD-000180,1,175.36,16.14
ITEM-000010741,ORD-00004334,PROD-000229,5,175.01,1.03
ITEM-000010742,ORD-00004334,PROD-000086,2,126.38,0.35
ITEM-000010743,ORD-00004334,PROD-000283,5,40.56,4.37
ITEM-000010744,ORD-00004335,PROD-000002,5,24.12,1.37
ITEM-000010745,ORD-00004335,PROD-000035,4,17.96,1.21
ITEM-000010746,ORD-00004335,PROD-000087,3,82.01,2.0
ITEM-000010747,ORD-00004335,PROD-000114,1,178.3,1.68
ITEM-000010748,ORD-00004336,PROD-000253,3,14.2,1.46
ITEM-000010749,ORD-00004336,PROD-000249,3,45.99,3.13
ITEM-000010750,ORD-00004336,PROD-000278,3,201.25,38.22
ITEM-000010751,ORD-00004336,PROD-000003,5,94.19,6.38
ITEM-000010752,ORD-00004337,PROD-000156,3,108.51,0.94
ITEM-000010753,ORD-00004338,PROD-000091,2,82.4,6.44
ITEM-000010754,ORD-00004338,PROD-000150,4,213.07,5.45
ITEM-000010755,ORD-00004338,PROD-000092,5,68.92,5.92
ITEM-000010756,ORD-00004338,PROD-000174,1,92.99,10.05
ITEM-000010757,ORD-00004339,PROD-000148,2,173.72,1.37
ITEM-000010758,ORD-00004340,PROD-000284,3,47.52,7.27
ITEM-000010759,ORD-00004340,PROD-000166,1,161.73,22.06
ITEM-000010760,ORD-00004341,PROD-000206,2,129.81,2.75
ITEM-000010761,ORD-00004341,PROD-000198,3,196.53,26.04
ITEM-000010762,ORD-00004341,PROD-000152,5,40.04,6.97
ITEM-000010763,ORD-00004342,PROD-000055,4,139.15,21.82
ITEM-000010764,ORD-00004342,PROD-000194,4,65.76,3.37
ITEM-000010765,ORD-00004342,PROD-000018,4,116.66,12.97
ITEM-000010766,ORD-00004343,PROD-000289,5,86.07,12.67
ITEM-000010767,ORD-00004343,PROD-000185,5,183.85,11.57
ITEM-000010768,ORD-00004343,PROD-000139,5,20.83,0.31
ITEM-000010769,ORD-00004343,PROD-000045,1,139.38,11.02
ITEM-000010770,ORD-00004344,PROD-000235,2,121.53,23.78
ITEM-000010771,ORD-00004344,PROD-000149,1,175.39,17.68
ITEM-000010772,ORD-00004344,PROD-000121,5,258.33,23.25
ITEM-000010773,ORD-00004344,PROD-000163,2,87.64,7.97
ITEM-000010774,ORD-00004345,PROD-000038,2,87.71,4.89
ITEM-000010775,ORD-00004346,PROD-000057,4,202.38,29.97
ITEM-000010776,ORD-00004346,PROD-000183,5,197.83,20.64
ITEM-000010777,ORD-00004347,PROD-000133,2,67.78,13.37
ITEM-000010778,ORD-00004347,PROD-000225,5,155.38,0.45
ITEM-000010779,ORD-00004348,PROD-000002,3,24.12,0.19
ITEM-000010780,ORD-00004348,PROD-000103,4,155.54,10.72
ITEM-000010781,ORD-00004348,PROD-000261,4,28.24,2.11
ITEM-000010782,ORD-00004348,PROD-000297,2,225.62,44.48
ITEM-000010783,ORD-00004349,PROD-000026,2,248.15,33.16
ITEM-000010784,ORD-00004349,PROD-000082,4,153.69,29.29
ITEM-000010785,ORD-00004350,PROD-000255,1,36.59,1.03
ITEM-000010786,ORD-00004350,PROD-000200,4,169.62,33.59
ITEM-000010787,ORD-00004350,PROD-000038,2,87.71,14.96
ITEM-000010788,ORD-00004351,PROD-000014,5,250.44,39.09
ITEM-000010789,ORD-00004352,PROD-000260,5,87.01,6.07
ITEM-000010790,ORD-00004352,PROD-000059,3,24.94,1.17
ITEM-000010791,ORD-00004352,PROD-000157,2,15.55,1.06
ITEM-000010792,ORD-00004352,PROD-000199,4,250.55,0.99
ITEM-000010793,ORD-00004353,PROD-000171,4,85.33,13.84
ITEM-000010794,ORD-00004354,PROD-000209,5,179.59,1.66
ITEM-000010795,ORD-00004354,PROD-000106,1,222.78,9.01
ITEM-000010796,ORD-00004355,PROD-000038,2,87.71,14.42
ITEM-000010797,ORD-00004355,PROD-000208,3,11.88,1.55
ITEM-000010798,ORD-00004355,PROD-000065,5,11.5,1.19
ITEM-000010799,ORD-00004356,PROD-000275,3,143.99,17.75
ITEM-000010800,ORD-00004356,PROD-000228,4,119.68,19.54
ITEM-000010801,ORD-00004356,PROD-000015,4,77.71,12.45
ITEM-000010802,ORD-00004356,PROD-000219,1,170.99,0.85
ITEM-000010803,ORD-00004357,PROD-000194,1,65.76,10.94
ITEM-000010804,ORD-00004357,PROD-000123,2,211.38,36.86
ITEM-000010805,ORD-00004357,PROD-000017,1,59.6,9.34
ITEM-000010806,ORD-00004358,PROD-000250,3,168.52,30.06
ITEM-000010807,ORD-00004359,PROD-000101,4,132.99,14.89
ITEM-000010808,ORD-00004359,PROD-000043,4,44.85,2.14
ITEM-000010809,ORD-00004359,PROD-000235,4,121.53,4.53
ITEM-000010810,ORD-00004360,PROD-000184,4,133.98,18.97
ITEM-000010811,ORD-00004361,PROD-000004,3,61.96,3.16
ITEM-000010812,ORD-00004361,PROD-000192,5,222.13,19.42
ITEM-000010813,ORD-00004361,PROD-000063,5,42.54,1.27
ITEM-000010814,ORD-00004362,PROD-000158,1,51.52,2.82
ITEM-000010815,ORD-00004362,PROD-000251,5,149.42,10.8
ITEM-000010816,ORD-00004362,PROD-000120,1,150.5,7.55
ITEM-000010817,ORD-00004362,PROD-000258,5,173.11,16.28
ITEM-000010818,ORD-00004363,PROD-000107,3,9.55,1.31
ITEM-000010819,ORD-00004363,PROD-000089,1,64.06,8.11
ITEM-000010820,ORD-00004363,PROD-000070,2,170.09,24.28
ITEM-000010821,ORD-00004363,PROD-000296,5,161.45,26.95
ITEM-000010822,ORD-00004364,PROD-000063,3,42.54,4.79
ITEM-000010823,ORD-00004364,PROD-000013,1,89.16,8.22
ITEM-000010824,ORD-00004365,PROD-000109,2,82.03,10.86
ITEM-000010825,ORD-00004366,PROD-000149,3,175.39,33.26
ITEM-000010826,ORD-00004367,PROD-000180,4,175.36,15.9
ITEM-000010827,ORD-00004367,PROD-000248,1,206.76,15.03
ITEM-000010828,ORD-00004367,PROD-000137,1,34.68,5.09
ITEM-000010829,ORD-00004368,PROD-000195,4,272.68,0.39
ITEM-000010830,ORD-00004368,PROD-000162,4,263.26,28.86
ITEM-000010831,ORD-00004368,PROD-000119,5,241.98,4.09
ITEM-000010832,ORD-00004368,PROD-000051,4,151.67,20.8
ITEM-000010833,ORD-00004369,PROD-000190,4,66.83,8.73
ITEM-000010834,ORD-00004369,PROD-000252,4,138.21,20.78
ITEM-000010835,ORD-00004369,PROD-000205,3,111.74,18.25
ITEM-000010836,ORD-00004370,PROD-000198,4,196.53,33.86
ITEM-000010837,ORD-00004370,PROD-000247,4,95.38,0.89
ITEM-000010838,ORD-00004370,PROD-000181,2,155.05,0.26
ITEM-000010839,ORD-00004370,PROD-000176,2,207.29,24.3
ITEM-000010840,ORD-00004371,PROD-000169,3,273.71,50.72
ITEM-000010841,ORD-00004371,PROD-000037,4,237.13,17.25
ITEM-000010842,ORD-00004371,PROD-000148,5,173.72,21.65
ITEM-000010843,ORD-00004372,PROD-000271,2,142.48,16.91
ITEM-000010844,ORD-00004372,PROD-000257,4,285.25,56.83
ITEM-000010845,ORD-00004372,PROD-000240,3,62.18,3.72
ITEM-000010846,ORD-00004372,PROD-000142,2,42.45,1.41
ITEM-000010847,ORD-00004373,PROD-000040,5,52.71,3.81
ITEM-000010848,ORD-00004373,PROD-000021,4,258.38,46.01
ITEM-000010849,ORD-00004373,PROD-000088,5,144.7,23.93
ITEM-000010850,ORD-00004373,PROD-000240,2,62.18,8.03
ITEM-000010851,ORD-00004374,PROD-000142,1,42.45,0.52
ITEM-000010852,ORD-00004374,PROD-000246,2,42.16,2.57
ITEM-000010853,ORD-00004374,PROD-000222,2,173.52,20.27
ITEM-000010854,ORD-00004374,PROD-000126,2,87.75,14.04
ITEM-000010855,ORD-00004375,PROD-000132,2,261.68,2.91
ITEM-000010856,ORD-00004376,PROD-000279,2,88.92,17.78
ITEM-000010857,ORD-00004377,PROD-000124,1,85.6,15.35
ITEM-000010858,ORD-00004377,PROD-000056,1,207.38,33.22
ITEM-000010859,ORD-00004378,PROD-000011,4,40.55,2.87
ITEM-000010860,ORD-00004378,PROD-000257,5,285.25,18.45
ITEM-000010861,ORD-00004378,PROD-000268,4,101.37,6.48
ITEM-000010862,ORD-00004379,PROD-000149,3,175.39,5.38
ITEM-000010863,ORD-00004379,PROD-000202,1,170.28,11.7
ITEM-000010864,ORD-00004380,PROD-000099,4,85.82,10.45
ITEM-000010865,ORD-00004380,PROD-000130,3,154.33,14.04
ITEM-000010866,ORD-00004380,PROD-000268,2,101.37,6.43
ITEM-000010867,ORD-00004381,PROD-000293,5,32.6,1.3
ITEM-000010868,ORD-00004381,PROD-000257,4,285.25,40.65
ITEM-000010869,ORD-00004381,PROD-000046,2,37.28,2.45
ITEM-000010870,ORD-00004381,PROD-000204,4,193.75,35.41
ITEM-000010871,ORD-00004382,PROD-000127,2,79.49,12.84
ITEM-000010872,ORD-00004382,PROD-000278,5,201.25,14.3
ITEM-000010873,ORD-00004382,PROD-000276,4,96.15,12.77
ITEM-000010874,ORD-00004382,PROD-000035,4,17.96,2.35
ITEM-000010875,ORD-00004383,PROD-000168,4,145.2,26.25
ITEM-000010876,ORD-00004383,PROD-000063,5,42.54,5.23
ITEM-000010877,ORD-00004384,PROD-000222,2,173.52,9.15
ITEM-000010878,ORD-00004385,PROD-000157,4,15.55,1.31
ITEM-000010879,ORD-00004385,PROD-000087,5,82.01,3.21
ITEM-000010880,ORD-00004385,PROD-000275,3,143.99,3.96
ITEM-000010881,ORD-00004385,PROD-000269,3,116.44,19.48
ITEM-000010882,ORD-00004386,PROD-000235,2,121.53,10.55
ITEM-000010883,ORD-00004386,PROD-000290,5,96.01,17.02
ITEM-000010884,ORD-00004386,PROD-000025,1,124.64,20.26
ITEM-000010885,ORD-00004386,PROD-000003,2,94.19,12.34
ITEM-000010886,ORD-00004387,PROD-000040,5,52.71,8.0
ITEM-000010887,ORD-00004387,PROD-000161,2,9.57,1.6
ITEM-000010888,ORD-00004387,PROD-000097,5,186.58,35.64
ITEM-000010889,ORD-00004387,PROD-000233,2,153.78,3.1
ITEM-000010890,ORD-00004388,PROD-000064,3,39.81,5.07
ITEM-000010891,ORD-00004388,PROD-000293,1,32.6,4.13
ITEM-000010892,ORD-00004389,PROD-000196,2,266.04,43.96
ITEM-000010893,ORD-00004389,PROD-000139,4,20.83,2.87
ITEM-000010894,ORD-00004389,PROD-000078,1,104.84,1.97
ITEM-000010895,ORD-00004390,PROD-000218,4,184.34,8.0
ITEM-000010896,ORD-00004390,PROD-000121,5,258.33,10.96
ITEM-000010897,ORD-00004390,PROD-000181,1,155.05,16.18
ITEM-000010898,ORD-00004391,PROD-000097,2,186.58,14.3
ITEM-000010899,ORD-00004391,PROD-000166,2,161.73,21.79
ITEM-000010900,ORD-00004391,PROD-000047,3,16.68,0.05
ITEM-000010901,ORD-00004392,PROD-000254,3,59.19,3.71
ITEM-000010902,ORD-00004393,PROD-000034,3,22.91,4.1
ITEM-000010903,ORD-00004393,PROD-000032,2,114.8,20.3
ITEM-000010904,ORD-00004393,PROD-000271,3,142.48,5.4
ITEM-000010905,ORD-00004394,PROD-000026,4,248.15,13.9
ITEM-000010906,ORD-00004394,PROD-000008,5,169.86,7.21
ITEM-000010907,ORD-00004394,PROD-000127,2,79.49,8.2
ITEM-000010908,ORD-00004395,PROD-000013,2,89.16,4.73
ITEM-000010909,ORD-00004395,PROD-000003,3,94.19,17.48
ITEM-000010910,ORD-00004395,PROD-000104,1,157.98,0.76
ITEM-000010911,ORD-00004395,PROD-000007,4,234.37,22.7
ITEM-000010912,ORD-00004396,PROD-000121,3,258.33,36.3
ITEM-000010913,ORD-00004396,PROD-000124,2,85.6,12.95
ITEM-000010914,ORD-00004397,PROD-000244,2,54.61,5.35
ITEM-000010915,ORD-00004397,PROD-000182,3,262.82,13.52
ITEM-000010916,ORD-00004397,PROD-000204,1,193.75,16.96
ITEM-000010917,ORD-00004397,PROD-000228,3,119.68,11.39
ITEM-000010918,ORD-00004398,PROD-000173,3,253.18,15.7
ITEM-000010919,ORD-00004398,PROD-000055,3,139.15,13.03
ITEM-000010920,ORD-00004399,PROD-000093,4,178.93,14.54
ITEM-000010921,ORD-00004400,PROD-000174,2,92.99,10.79
ITEM-000010922,ORD-00004401,PROD-000137,2,34.68,3.21
ITEM-000010923,ORD-00004401,PROD-000027,2,268.28,51.6
ITEM-000010924,ORD-00004402,PROD-000031,1,215.03,8.93
ITEM-000010925,ORD-00004402,PROD-000131,2,157.33,20.03
ITEM-000010926,ORD-00004402,PROD-000292,1,123.71,10.8
ITEM-000010927,ORD-00004403,PROD-000277,5,89.29,11.5
ITEM-000010928,ORD-00004403,PROD-000170,5,124.7,4.51
ITEM-000010929,ORD-00004403,PROD-000148,4,173.72,16.44
ITEM-000010930,ORD-00004403,PROD-000111,5,8.47,0.12
ITEM-000010931,ORD-00004404,PROD-000023,2,61.71,5.55
ITEM-000010932,ORD-00004404,PROD-000058,5,86.29,1.89
ITEM-000010933,ORD-00004405,PROD-000178,5,192.03,9.31
ITEM-000010934,ORD-00004405,PROD-000186,3,39.92,3.69
ITEM-000010935,ORD-00004405,PROD-000045,3,139.38,22.36
ITEM-000010936,ORD-00004405,PROD-000044,1,31.7,2.67
ITEM-000010937,ORD-00004406,PROD-000091,1,82.4,13.73
ITEM-000010938,ORD-00004406,PROD-000201,3,154.94,18.53
ITEM-000010939,ORD-00004407,PROD-000002,3,24.12,4.02
ITEM-000010940,ORD-00004408,PROD-000202,3,170.28,29.85
ITEM-000010941,ORD-00004408,PROD-000201,3,154.94,8.99
ITEM-000010942,ORD-00004409,PROD-000083,5,56.68,9.16
ITEM-000010943,ORD-00004409,PROD-000215,5,145.42,2.7
ITEM-000010944,ORD-00004410,PROD-000081,1,132.7,16.76
ITEM-000010945,ORD-00004410,PROD-000238,2,67.16,2.22
ITEM-000010946,ORD-00004411,PROD-000204,5,193.75,9.26
ITEM-000010947,ORD-00004411,PROD-000081,4,132.7,13.5
ITEM-000010948,ORD-00004411,PROD-000260,4,87.01,16.04
ITEM-000010949,ORD-00004411,PROD-000164,4,160.68,3.42
ITEM-000010950,ORD-00004412,PROD-000097,5,186.58,28.01
ITEM-000010951,ORD-00004412,PROD-000112,1,194.6,0.56
ITEM-000010952,ORD-00004413,PROD-000031,4,215.03,9.1
ITEM-000010953,ORD-00004414,PROD-000176,5,207.29,30.3
ITEM-000010954,ORD-00004414,PROD-000218,4,184.34,34.35
ITEM-000010955,ORD-00004415,PROD-000146,4,200.24,14.8
ITEM-000010956,ORD-00004415,PROD-000212,1,196.7,18.86
ITEM-000010957,ORD-00004415,PROD-000284,3,47.52,9.16
ITEM-000010958,ORD-00004416,PROD-000124,3,85.6,4.69
ITEM-000010959,ORD-00004417,PROD-000111,2,8.47,0.31
ITEM-000010960,ORD-00004417,PROD-000147,4,65.7,4.65
ITEM-000010961,ORD-00004417,PROD-000212,5,196.7,11.21
ITEM-000010962,ORD-00004417,PROD-000034,3,22.91,1.36
ITEM-000010963,ORD-00004418,PROD-000103,3,155.54,3.77
ITEM-000010964,ORD-00004418,PROD-000161,4,9.57,0.39
ITEM-000010965,ORD-00004418,PROD-000035,5,17.96,1.32
ITEM-000010966,ORD-00004418,PROD-000256,4,26.12,2.97
ITEM-000010967,ORD-00004419,PROD-000184,5,133.98,9.67
ITEM-000010968,ORD-00004419,PROD-000297,4,225.62,14.76
ITEM-000010969,ORD-00004419,PROD-000211,1,34.19,0.29
ITEM-000010970,ORD-00004419,PROD-000118,2,182.0,16.3
ITEM-000010971,ORD-00004420,PROD-000079,2,158.41,18.04
ITEM-000010972,ORD-00004420,PROD-000203,3,217.05,22.39
ITEM-000010973,ORD-00004420,PROD-000072,1,70.42,0.12
ITEM-000010974,ORD-00004421,PROD-000095,2,256.52,16.73
ITEM-000010975,ORD-00004421,PROD-000136,3,57.07,4.03
ITEM-000010976,ORD-00004422,PROD-000102,4,242.49,31.1
ITEM-000010977,ORD-00004422,PROD-000118,4,182.0,14.43
ITEM-000010978,ORD-00004422,PROD-000024,3,195.99,2.75
ITEM-000010979,ORD-00004423,PROD-000220,3,23.88,1.02
ITEM-000010980,ORD-00004423,PROD-000095,5,256.52,43.42
ITEM-000010981,ORD-00004424,PROD-000280,1,137.35,6.06
ITEM-000010982,ORD-00004425,PROD-000080,2,141.46,16.7
ITEM-000010983,ORD-00004425,PROD-000074,1,214.62,0.69
ITEM-000010984,ORD-00004425,PROD-000103,3,155.54,19.86
ITEM-000010985,ORD-00004425,PROD-000077,3,105.6,18.85
ITEM-000010986,ORD-00004426,PROD-000079,2,158.41,19.24
ITEM-000010987,ORD-00004426,PROD-000190,1,66.83,1.16
ITEM-000010988,ORD-00004427,PROD-000291,4,181.27,32.55
ITEM-000010989,ORD-00004427,PROD-000286,3,239.45,1.22
ITEM-000010990,ORD-00004427,PROD-000222,5,173.52,28.11
ITEM-000010991,ORD-00004428,PROD-000028,5,283.29,26.51
ITEM-000010992,ORD-00004428,PROD-000109,3,82.03,12.33
ITEM-000010993,ORD-00004429,PROD-000235,5,121.53,0.58
ITEM-000010994,ORD-00004429,PROD-000225,5,155.38,4.84
ITEM-000010995,ORD-00004429,PROD-000156,4,108.51,9.35
ITEM-000010996,ORD-00004429,PROD-000201,4,154.94,18.83
ITEM-000010997,ORD-00004430,PROD-000221,1,68.23,9.28
ITEM-000010998,ORD-00004430,PROD-000290,3,96.01,4.04
ITEM-000010999,ORD-00004431,PROD-000259,2,58.93,10.36
ITEM-000011000,ORD-00004431,PROD-000183,1,197.83,20.95
ITEM-000011001,ORD-00004431,PROD-000172,5,183.04,6.62
ITEM-000011002,ORD-00004431,PROD-000219,2,170.99,19.52
ITEM-000011003,ORD-00004432,PROD-000194,4,65.76,7.44
ITEM-000011004,ORD-00004432,PROD-000075,2,62.62,10.11
ITEM-000011005,ORD-00004433,PROD-000168,4,145.2,21.33
ITEM-000011006,ORD-00004433,PROD-000082,4,153.69,7.53
ITEM-000011007,ORD-00004434,PROD-000212,5,196.7,32.26
ITEM-000011008,ORD-00004434,PROD-000085,4,65.75,12.64
ITEM-000011009,ORD-00004434,PROD-000139,4,20.83,0.74
ITEM-000011010,ORD-00004435,PROD-000130,3,154.33,27.02
ITEM-000011011,ORD-00004435,PROD-000221,4,68.23,5.43
ITEM-000011012,ORD-00004436,PROD-000181,1,155.05,29.07
ITEM-000011013,ORD-00004437,PROD-000198,1,196.53,21.49
ITEM-000011014,ORD-00004437,PROD-000194,5,65.76,5.21
ITEM-000011015,ORD-00004437,PROD-000258,5,173.11,13.37
ITEM-000011016,ORD-00004438,PROD-000087,3,82.01,15.94
ITEM-000011017,ORD-00004438,PROD-000131,1,157.33,23.72
ITEM-000011018,ORD-00004438,PROD-000185,1,183.85,19.13
ITEM-000011019,ORD-00004438,PROD-000219,5,170.99,24.19
ITEM-000011020,ORD-00004439,PROD-000045,2,139.38,18.6
ITEM-000011021,ORD-00004439,PROD-000140,1,113.52,19.3
ITEM-000011022,ORD-00004439,PROD-000277,2,89.29,12.42
ITEM-000011023,ORD-00004439,PROD-000121,1,258.33,28.13
ITEM-000011024,ORD-00004440,PROD-000063,4,42.54,4.93
ITEM-000011025,ORD-00004441,PROD-000138,4,256.34,21.58
ITEM-000011026,ORD-00004441,PROD-000035,2,17.96,2.32
ITEM-000011027,ORD-00004442,PROD-000253,4,14.2,1.71
ITEM-000011028,ORD-00004442,PROD-000127,5,79.49,8.76
ITEM-000011029,ORD-00004443,PROD-000047,2,16.68,0.53
ITEM-000011030,ORD-00004444,PROD-000040,4,52.71,2.27
ITEM-000011031,ORD-00004445,PROD-000093,1,178.93,0.21
ITEM-000011032,ORD-00004445,PROD-000079,2,158.41,18.37
ITEM-000011033,ORD-00004445,PROD-000187,2,71.53,3.09
ITEM-000011034,ORD-00004446,PROD-000125,4,191.28,24.38
ITEM-000011035,ORD-00004446,PROD-000112,1,194.6,11.33
ITEM-000011036,ORD-00004447,PROD-000284,2,47.52,0.76
ITEM-000011037,ORD-00004448,PROD-000024,2,195.99,9.58
ITEM-000011038,ORD-00004448,PROD-000282,5,158.46,29.0
ITEM-000011039,ORD-00004448,PROD-000248,2,206.76,1.45
ITEM-000011040,ORD-00004448,PROD-000058,2,86.29,10.74
ITEM-000011041,ORD-00004449,PROD-000126,1,87.75,11.64
ITEM-000011042,ORD-00004450,PROD-000249,3,45.99,3.67
ITEM-000011043,ORD-00004450,PROD-000295,1,19.6,0.03
ITEM-000011044,ORD-00004450,PROD-000003,1,94.19,12.36
ITEM-000011045,ORD-00004450,PROD-000041,4,146.19,11.0
ITEM-000011046,ORD-00004451,PROD-000109,2,82.03,15.41
ITEM-000011047,ORD-00004451,PROD-000159,5,115.09,5.49
ITEM-000011048,ORD-00004451,PROD-000112,5,194.6,35.4
ITEM-000011049,ORD-00004452,PROD-000059,3,24.94,4.55
ITEM-000011050,ORD-00004452,PROD-000161,3,9.57,1.38
ITEM-000011051,ORD-00004452,PROD-000156,4,108.51,13.43
ITEM-000011052,ORD-00004452,PROD-000059,4,24.94,4.87
ITEM-000011053,ORD-00004453,PROD-000283,4,40.56,0.09
ITEM-000011054,ORD-00004454,PROD-000073,5,65.08,12.59
ITEM-000011055,ORD-00004454,PROD-000017,3,59.6,0.63
ITEM-000011056,ORD-00004454,PROD-000122,5,174.47,0.34
ITEM-000011057,ORD-00004454,PROD-000280,2,137.35,7.77
ITEM-000011058,ORD-00004455,PROD-000092,2,68.92,2.31
ITEM-000011059,ORD-00004456,PROD-000007,1,234.37,17.56
ITEM-000011060,ORD-00004456,PROD-000110,2,230.22,12.22
ITEM-000011061,ORD-00004456,PROD-000039,5,21.15,0.99
ITEM-000011062,ORD-00004456,PROD-000180,2,175.36,24.95
ITEM-000011063,ORD-00004457,PROD-000083,3,56.68,1.67
ITEM-000011064,ORD-00004457,PROD-000022,2,178.72,3.15
ITEM-000011065,ORD-00004457,PROD-000058,1,86.29,7.54
ITEM-000011066,ORD-00004457,PROD-000289,3,86.07,12.49
ITEM-000011067,ORD-00004458,PROD-000271,2,142.48,4.77
ITEM-000011068,ORD-00004458,PROD-000198,4,196.53,26.71
ITEM-000011069,ORD-00004459,PROD-000043,4,44.85,4.0
ITEM-000011070,ORD-00004460,PROD-000058,4,86.29,17.04
ITEM-000011071,ORD-00004461,PROD-000275,4,143.99,21.22
ITEM-000011072,ORD-00004461,PROD-000004,2,61.96,3.96
ITEM-000011073,ORD-00004461,PROD-000171,2,85.33,8.66
ITEM-000011074,ORD-00004461,PROD-000132,2,261.68,22.63
ITEM-000011075,ORD-00004462,PROD-000009,2,38.67,1.32
ITEM-000011076,ORD-00004462,PROD-000294,3,268.13,4.49
ITEM-000011077,ORD-00004463,PROD-000107,1,9.55,0.54
ITEM-000011078,ORD-00004463,PROD-000007,3,234.37,37.12
ITEM-000011079,ORD-00004463,PROD-000040,5,52.71,5.5
ITEM-000011080,ORD-00004464,PROD-000032,3,114.8,0.63
ITEM-000011081,ORD-00004465,PROD-000164,1,160.68,16.96
ITEM-000011082,ORD-00004465,PROD-000257,3,285.25,9.35
ITEM-000011083,ORD-00004465,PROD-000150,4,213.07,39.59
ITEM-000011084,ORD-00004466,PROD-000032,2,114.8,17.95
ITEM-000011085,ORD-00004466,PROD-000259,3,58.93,5.14
ITEM-000011086,ORD-00004466,PROD-000252,1,138.21,20.28
ITEM-000011087,ORD-00004466,PROD-000287,2,54.46,10.85
ITEM-000011088,ORD-00004467,PROD-000202,3,170.28,22.47
ITEM-000011089,ORD-00004467,PROD-000021,3,258.38,48.25
ITEM-000011090,ORD-00004467,PROD-000119,3,241.98,15.86
ITEM-000011091,ORD-00004467,PROD-000004,1,61.96,6.17
ITEM-000011092,ORD-00004468,PROD-000227,2,231.18,21.02
ITEM-000011093,ORD-00004468,PROD-000227,2,231.18,42.99
ITEM-000011094,ORD-00004469,PROD-000281,2,205.29,23.19
ITEM-000011095,ORD-00004469,PROD-000061,5,156.43,28.4
ITEM-000011096,ORD-00004470,PROD-000006,3,20.4,0.44
ITEM-000011097,ORD-00004470,PROD-000081,1,132.7,21.93
ITEM-000011098,ORD-00004471,PROD-000015,4,77.71,13.92
ITEM-000011099,ORD-00004471,PROD-000197,5,142.58,0.88
ITEM-000011100,ORD-00004471,PROD-000021,3,258.38,1.52
ITEM-000011101,ORD-00004472,PROD-000022,4,178.72,11.25
ITEM-000011102,ORD-00004472,PROD-000034,4,22.91,2.92
ITEM-000011103,ORD-00004472,PROD-000140,4,113.52,18.21
ITEM-000011104,ORD-00004473,PROD-000236,1,24.26,3.24
ITEM-000011105,ORD-00004474,PROD-000277,3,89.29,16.77
ITEM-000011106,ORD-00004474,PROD-000226,5,148.45,12.93
ITEM-000011107,ORD-00004474,PROD-000262,5,149.73,12.14
ITEM-000011108,ORD-00004475,PROD-000046,2,37.28,6.67
ITEM-000011109,ORD-00004475,PROD-000131,1,157.33,14.09
ITEM-000011110,ORD-00004476,PROD-000158,3,51.52,5.6
ITEM-000011111,ORD-00004477,PROD-000127,5,79.49,15.62
ITEM-000011112,ORD-00004478,PROD-000296,1,161.45,29.51
ITEM-000011113,ORD-00004479,PROD-000141,3,197.96,27.66
ITEM-000011114,ORD-00004480,PROD-000206,4,129.81,11.4
ITEM-000011115,ORD-00004480,PROD-000037,5,237.13,40.81
ITEM-000011116,ORD-00004480,PROD-000067,3,47.96,5.41
ITEM-000011117,ORD-00004480,PROD-000015,1,77.71,7.52
ITEM-000011118,ORD-00004481,PROD-000049,4,162.37,13.71
ITEM-000011119,ORD-00004481,PROD-000170,1,124.7,23.24
ITEM-000011120,ORD-00004482,PROD-000239,1,261.64,6.75
ITEM-000011121,ORD-00004482,PROD-000079,2,158.41,17.59
ITEM-000011122,ORD-00004482,PROD-000129,3,145.51,27.86
ITEM-000011123,ORD-00004482,PROD-000157,4,15.55,1.57
ITEM-000011124,ORD-00004483,PROD-000226,4,148.45,19.51
ITEM-000011125,ORD-00004483,PROD-000166,2,161.73,23.56
ITEM-000011126,ORD-00004484,PROD-000181,5,155.05,19.98
ITEM-000011127,ORD-00004485,PROD-000273,3,164.42,17.24
ITEM-000011128,ORD-00004485,PROD-000285,4,236.26,37.04
ITEM-000011129,ORD-00004486,PROD-000258,4,173.11,6.05
ITEM-000011130,ORD-00004486,PROD-000235,2,121.53,15.06
ITEM-000011131,ORD-00004486,PROD-000098,2,54.47,6.85
ITEM-000011132,ORD-00004487,PROD-000242,1,248.42,8.12
ITEM-000011133,ORD-00004487,PROD-000131,1,157.33,28.14
ITEM-000011134,ORD-00004487,PROD-000125,5,191.28,19.24
ITEM-000011135,ORD-00004488,PROD-000101,5,132.99,21.28
ITEM-000011136,ORD-00004488,PROD-000158,4,51.52,2.95
ITEM-000011137,ORD-00004488,PROD-000147,3,65.7,1.78
ITEM-000011138,ORD-00004488,PROD-000233,2,153.78,18.01
ITEM-000011139,ORD-00004489,PROD-000164,4,160.68,25.58
ITEM-000011140,ORD-00004489,PROD-000178,2,192.03,27.27
ITEM-000011141,ORD-00004490,PROD-000284,5,47.52,3.96
ITEM-000011142,ORD-00004491,PROD-000208,2,11.88,1.87
ITEM-000011143,ORD-00004491,PROD-000080,4,141.46,7.04
ITEM-000011144,ORD-00004491,PROD-000116,2,189.39,32.46
ITEM-000011145,ORD-00004491,PROD-000002,4,24.12,3.04
ITEM-000011146,ORD-00004492,PROD-000054,4,6.16,0.52
ITEM-000011147,ORD-00004493,PROD-000139,1,20.83,0.49
ITEM-000011148,ORD-00004493,PROD-000069,1,294.54,22.06
ITEM-000011149,ORD-00004494,PROD-000131,3,157.33,5.57
ITEM-000011150,ORD-00004494,PROD-000213,2,151.52,12.16
ITEM-000011151,ORD-00004495,PROD-000094,2,220.54,8.6
ITEM-000011152,ORD-00004495,PROD-000236,1,24.26,1.37
ITEM-000011153,ORD-00004495,PROD-000137,3,34.68,2.52
ITEM-000011154,ORD-00004495,PROD-000061,3,156.43,6.36
ITEM-000011155,ORD-00004496,PROD-000076,1,192.0,2.98
ITEM-000011156,ORD-00004496,PROD-000240,3,62.18,3.3
ITEM-000011157,ORD-00004496,PROD-000295,3,19.6,1.15
ITEM-000011158,ORD-00004497,PROD-000245,3,6.0,0.2
ITEM-000011159,ORD-00004497,PROD-000042,5,20.87,2.22
ITEM-000011160,ORD-00004497,PROD-000154,2,128.85,22.07
ITEM-000011161,ORD-00004498,PROD-000194,2,65.76,6.65
ITEM-000011162,ORD-00004498,PROD-000188,1,170.88,5.52
ITEM-000011163,ORD-00004498,PROD-000057,1,202.38,39.61
ITEM-000011164,ORD-00004499,PROD-000140,4,113.52,14.57
ITEM-000011165,ORD-00004499,PROD-000089,3,64.06,8.46
ITEM-000011166,ORD-00004499,PROD-000148,2,173.72,20.38
ITEM-000011167,ORD-00004499,PROD-000257,4,285.25,9.9
ITEM-000011168,ORD-00004500,PROD-000105,3,56.39,2.42
ITEM-000011169,ORD-00004500,PROD-000271,4,142.48,10.68
ITEM-000011170,ORD-00004500,PROD-000292,1,123.71,8.91
ITEM-000011171,ORD-00004500,PROD-000002,1,24.12,2.24
ITEM-000011172,ORD-00004501,PROD-000134,3,240.79,47.27
ITEM-000011173,ORD-00004502,PROD-000271,2,142.48,24.41
ITEM-000011174,ORD-00004503,PROD-000292,2,123.71,22.7
ITEM-000011175,ORD-00004503,PROD-000121,1,258.33,17.55
ITEM-000011176,ORD-00004503,PROD-000239,5,261.64,8.98
ITEM-000011177,ORD-00004503,PROD-000167,2,71.98,14.36
ITEM-000011178,ORD-00004504,PROD-000258,1,173.11,4.86
ITEM-000011179,ORD-00004505,PROD-000154,2,128.85,19.14
ITEM-000011180,ORD-00004505,PROD-000274,4,105.23,19.78
ITEM-000011181,ORD-00004505,PROD-000158,2,51.52,7.67
ITEM-000011182,ORD-00004505,PROD-000037,3,237.13,29.97
ITEM-000011183,ORD-00004506,PROD-000218,4,184.34,27.15
ITEM-000011184,ORD-00004507,PROD-000059,1,24.94,1.88
ITEM-000011185,ORD-00004507,PROD-000212,2,196.7,29.5
ITEM-000011186,ORD-00004507,PROD-000159,5,115.09,2.36
ITEM-000011187,ORD-00004507,PROD-000076,1,192.0,19.92
ITEM-000011188,ORD-00004508,PROD-000019,4,146.76,9.93
ITEM-000011189,ORD-00004508,PROD-000218,1,184.34,31.32
ITEM-000011190,ORD-00004508,PROD-000137,4,34.68,0.58
ITEM-000011191,ORD-00004508,PROD-000298,1,75.81,1.55
ITEM-000011192,ORD-00004509,PROD-000164,1,160.68,4.46
ITEM-000011193,ORD-00004509,PROD-000098,1,54.47,4.52
ITEM-000011194,ORD-00004510,PROD-000131,1,157.33,5.89
ITEM-000011195,ORD-00004511,PROD-000085,5,65.75,12.21
ITEM-000011196,ORD-00004511,PROD-000278,4,201.25,31.77
ITEM-000011197,ORD-00004511,PROD-000262,2,149.73,19.13
ITEM-000011198,ORD-00004511,PROD-000058,2,86.29,1.04
ITEM-000011199,ORD-00004512,PROD-000041,3,146.19,21.86
ITEM-000011200,ORD-00004512,PROD-000281,3,205.29,5.79
ITEM-000011201,ORD-00004512,PROD-000019,4,146.76,18.15
ITEM-000011202,ORD-00004512,PROD-000195,5,272.68,32.97
ITEM-000011203,ORD-00004513,PROD-000259,3,58.93,1.93
ITEM-000011204,ORD-00004513,PROD-000032,1,114.8,6.56
ITEM-000011205,ORD-00004513,PROD-000143,3,136.71,3.73
ITEM-000011206,ORD-00004513,PROD-000201,1,154.94,19.88
ITEM-000011207,ORD-00004514,PROD-000251,2,149.42,7.37
ITEM-000011208,ORD-00004514,PROD-000274,4,105.23,1.43
ITEM-000011209,ORD-00004515,PROD-000297,3,225.62,7.66
ITEM-000011210,ORD-00004515,PROD-000165,5,223.01,31.61
ITEM-000011211,ORD-00004515,PROD-000140,4,113.52,22.14
ITEM-000011212,ORD-00004516,PROD-000224,2,108.39,19.41
ITEM-000011213,ORD-00004516,PROD-000251,5,149.42,15.06
ITEM-000011214,ORD-00004516,PROD-000118,1,182.0,12.38
ITEM-000011215,ORD-00004516,PROD-000256,4,26.12,3.0
ITEM-000011216,ORD-00004517,PROD-000200,4,169.62,14.74
ITEM-000011217,ORD-00004517,PROD-000241,3,199.27,28.69
ITEM-000011218,ORD-00004518,PROD-000021,3,258.38,30.31
ITEM-000011219,ORD-00004519,PROD-000275,1,143.99,9.11
ITEM-000011220,ORD-00004519,PROD-000144,2,184.59,21.04
ITEM-000011221,ORD-00004519,PROD-000122,3,174.47,33.95
ITEM-000011222,ORD-00004520,PROD-000014,2,250.44,26.58
ITEM-000011223,ORD-00004520,PROD-000283,4,40.56,5.02
ITEM-000011224,ORD-00004520,PROD-000197,4,142.58,20.44
ITEM-000011225,ORD-00004520,PROD-000215,2,145.42,10.39
ITEM-000011226,ORD-00004521,PROD-000202,1,170.28,30.88
ITEM-000011227,ORD-00004521,PROD-000168,1,145.2,23.15
ITEM-000011228,ORD-00004521,PROD-000045,1,139.38,2.47
ITEM-000011229,ORD-00004521,PROD-000149,2,175.39,13.66
ITEM-000011230,ORD-00004522,PROD-000195,3,272.68,45.73
ITEM-000011231,ORD-00004522,PROD-000147,1,65.7,6.92
ITEM-000011232,ORD-00004523,PROD-000143,3,136.71,15.92
ITEM-000011233,ORD-00004523,PROD-000032,5,114.8,8.01
ITEM-000011234,ORD-00004524,PROD-000165,4,223.01,16.66
ITEM-000011235,ORD-00004524,PROD-000173,2,253.18,40.56
ITEM-000011236,ORD-00004525,PROD-000241,4,199.27,30.44
ITEM-000011237,ORD-00004525,PROD-000170,1,124.7,20.52
ITEM-000011238,ORD-00004526,PROD-000186,3,39.92,3.66
ITEM-000011239,ORD-00004526,PROD-000115,4,48.49,8.49
ITEM-000011240,ORD-00004526,PROD-000130,5,154.33,25.08
ITEM-000011241,ORD-00004526,PROD-000181,2,155.05,10.24
ITEM-000011242,ORD-00004527,PROD-000088,3,144.7,27.15
ITEM-000011243,ORD-00004527,PROD-000283,3,40.56,3.4
ITEM-000011244,ORD-00004528,PROD-000043,4,44.85,7.22
ITEM-000011245,ORD-00004529,PROD-000081,4,132.7,15.63
ITEM-000011246,ORD-00004529,PROD-000090,5,115.9,6.35
ITEM-000011247,ORD-00004530,PROD-000168,2,145.2,6.07
ITEM-000011248,ORD-00004530,PROD-000204,4,193.75,9.87
ITEM-000011249,ORD-00004530,PROD-000300,5,90.24,11.13
ITEM-000011250,ORD-00004530,PROD-000073,1,65.08,10.67
ITEM-000011251,ORD-00004531,PROD-000138,1,256.34,22.44
ITEM-000011252,ORD-00004531,PROD-000031,5,215.03,11.28
ITEM-000011253,ORD-00004531,PROD-000046,3,37.28,4.25
ITEM-000011254,ORD-00004532,PROD-000066,3,12.81,0.37
ITEM-000011255,ORD-00004533,PROD-000241,3,199.27,8.82
ITEM-000011256,ORD-00004533,PROD-000279,3,88.92,1.23
ITEM-000011257,ORD-00004533,PROD-000104,5,157.98,27.51
ITEM-000011258,ORD-00004534,PROD-000127,3,79.49,2.56
ITEM-000011259,ORD-00004534,PROD-000146,4,200.24,2.82
ITEM-000011260,ORD-00004534,PROD-000067,4,47.96,7.17
ITEM-000011261,ORD-00004534,PROD-000012,3,166.44,1.98
ITEM-000011262,ORD-00004535,PROD-000073,1,65.08,5.18
ITEM-000011263,ORD-00004535,PROD-000126,2,87.75,4.62
ITEM-000011264,ORD-00004535,PROD-000209,1,179.59,2.48
ITEM-000011265,ORD-00004536,PROD-000270,4,159.71,6.03
ITEM-000011266,ORD-00004536,PROD-000074,5,214.62,7.71
ITEM-000011267,ORD-00004536,PROD-000196,3,266.04,53.03
ITEM-000011268,ORD-00004536,PROD-000097,2,186.58,25.81
ITEM-000011269,ORD-00004537,PROD-000147,1,65.7,9.35
ITEM-000011270,ORD-00004538,PROD-000247,1,95.38,15.35
ITEM-000011271,ORD-00004539,PROD-000025,2,124.64,5.04
ITEM-000011272,ORD-00004539,PROD-000119,1,241.98,24.42
ITEM-000011273,ORD-00004539,PROD-000192,3,222.13,12.5
ITEM-000011274,ORD-00004539,PROD-000271,3,142.48,7.12
ITEM-000011275,ORD-00004540,PROD-000028,2,283.29,38.36
ITEM-000011276,ORD-00004540,PROD-000102,1,242.49,10.79
ITEM-000011277,ORD-00004540,PROD-000284,5,47.52,0.46
ITEM-000011278,ORD-00004540,PROD-000082,1,153.69,0.97
ITEM-000011279,ORD-00004541,PROD-000213,4,151.52,21.97
ITEM-000011280,ORD-00004541,PROD-000212,4,196.7,36.96
ITEM-000011281,ORD-00004542,PROD-000233,2,153.78,26.24
ITEM-000011282,ORD-00004542,PROD-000176,4,207.29,15.65
ITEM-000011283,ORD-00004542,PROD-000183,3,197.83,11.82
ITEM-000011284,ORD-00004542,PROD-000030,2,45.68,2.29
ITEM-000011285,ORD-00004543,PROD-000170,3,124.7,5.04
ITEM-000011286,ORD-00004544,PROD-000056,1,207.38,5.79
ITEM-000011287,ORD-00004545,PROD-000294,3,268.13,19.92
ITEM-000011288,ORD-00004545,PROD-000121,1,258.33,27.76
ITEM-000011289,ORD-00004546,PROD-000099,2,85.82,3.24
ITEM-000011290,ORD-00004546,PROD-000043,2,44.85,3.28
ITEM-000011291,ORD-00004547,PROD-000160,5,96.22,6.06
ITEM-000011292,ORD-00004548,PROD-000238,1,67.16,1.92
ITEM-000011293,ORD-00004549,PROD-000009,4,38.67,1.07
ITEM-000011294,ORD-00004549,PROD-000217,1,39.78,3.07
ITEM-000011295,ORD-00004549,PROD-000145,1,223.58,14.3
ITEM-000011296,ORD-00004550,PROD-000153,3,111.79,18.22
ITEM-000011297,ORD-00004551,PROD-000224,2,108.39,2.33
ITEM-000011298,ORD-00004551,PROD-000216,3,179.85,20.23
ITEM-000011299,ORD-00004551,PROD-000126,3,87.75,11.6
ITEM-000011300,ORD-00004551,PROD-000233,5,153.78,13.95
ITEM-000011301,ORD-00004552,PROD-000090,5,115.9,6.53
ITEM-000011302,ORD-00004553,PROD-000291,3,181.27,29.91
ITEM-000011303,ORD-00004553,PROD-000087,3,82.01,2.75
ITEM-000011304,ORD-00004553,PROD-000018,2,116.66,5.34
ITEM-000011305,ORD-00004553,PROD-000185,5,183.85,22.8
ITEM-000011306,ORD-00004554,PROD-000237,1,214.52,6.9
ITEM-000011307,ORD-00004554,PROD-000280,2,137.35,14.75
ITEM-000011308,ORD-00004554,PROD-000272,5,241.9,29.15
ITEM-000011309,ORD-00004554,PROD-000044,5,31.7,4.25
ITEM-000011310,ORD-00004555,PROD-000184,1,133.98,10.29
ITEM-000011311,ORD-00004555,PROD-000171,5,85.33,9.94
ITEM-000011312,ORD-00004555,PROD-000299,3,233.47,14.64
ITEM-000011313,ORD-00004556,PROD-000151,3,206.31,17.85
ITEM-000011314,ORD-00004556,PROD-000165,2,223.01,10.63
ITEM-000011315,ORD-00004556,PROD-000300,1,90.24,0.54
ITEM-000011316,ORD-00004556,PROD-000038,3,87.71,2.98
ITEM-000011317,ORD-00004557,PROD-000270,4,159.71,15.83
ITEM-000011318,ORD-00004557,PROD-000188,3,170.88,8.74
ITEM-000011319,ORD-00004558,PROD-000036,5,46.08,5.42
ITEM-000011320,ORD-00004559,PROD-000178,1,192.03,4.8
ITEM-000011321,ORD-00004559,PROD-000155,4,199.69,18.03
ITEM-000011322,ORD-00004559,PROD-000023,5,61.71,8.38
ITEM-000011323,ORD-00004559,PROD-000117,4,220.67,21.63
ITEM-000011324,ORD-00004560,PROD-000023,2,61.71,11.2
ITEM-000011325,ORD-00004560,PROD-000015,1,77.71,12.39
ITEM-000011326,ORD-00004560,PROD-000159,1,115.09,10.62
ITEM-000011327,ORD-00004561,PROD-000254,2,59.19,3.19
ITEM-000011328,ORD-00004562,PROD-000022,2,178.72,3.78
ITEM-000011329,ORD-00004562,PROD-000051,2,151.67,20.13
ITEM-000011330,ORD-00004562,PROD-000007,4,234.37,27.53
ITEM-000011331,ORD-00004562,PROD-000066,1,12.81,0.99
ITEM-000011332,ORD-00004563,PROD-000180,4,175.36,11.35
ITEM-000011333,ORD-00004563,PROD-000091,4,82.4,5.69
ITEM-000011334,ORD-00004563,PROD-000092,5,68.92,9.81
ITEM-000011335,ORD-00004564,PROD-000065,5,11.5,1.74
ITEM-000011336,ORD-00004564,PROD-000251,5,149.42,10.11
ITEM-000011337,ORD-00004565,PROD-000182,1,262.82,22.23
ITEM-000011338,ORD-00004566,PROD-000267,5,237.37,3.33
ITEM-000011339,ORD-00004566,PROD-000184,4,133.98,2.94
ITEM-000011340,ORD-00004566,PROD-000167,3,71.98,12.03
ITEM-000011341,ORD-00004566,PROD-000214,1,199.19,34.24
ITEM-000011342,ORD-00004567,PROD-000287,5,54.46,9.71
ITEM-000011343,ORD-00004567,PROD-000023,5,61.71,2.96
ITEM-000011344,ORD-00004567,PROD-000123,4,211.38,10.61
ITEM-000011345,ORD-00004567,PROD-000008,3,169.86,19.32
ITEM-000011346,ORD-00004568,PROD-000161,1,9.57,1.33
ITEM-000011347,ORD-00004568,PROD-000060,1,175.48,7.69
ITEM-000011348,ORD-00004568,PROD-000172,4,183.04,36.03
ITEM-000011349,ORD-00004569,PROD-000068,3,284.88,51.64
ITEM-000011350,ORD-00004569,PROD-000039,5,21.15,0.63
ITEM-000011351,ORD-00004570,PROD-000207,1,264.8,31.43
ITEM-000011352,ORD-00004570,PROD-000042,2,20.87,2.68
ITEM-000011353,ORD-00004570,PROD-000220,5,23.88,2.15
ITEM-000011354,ORD-00004570,PROD-000160,5,96.22,16.16
ITEM-000011355,ORD-00004571,PROD-000297,4,225.62,24.97
ITEM-000011356,ORD-00004571,PROD-000270,4,159.71,18.24
ITEM-000011357,ORD-00004571,PROD-000260,5,87.01,17.23
ITEM-000011358,ORD-00004571,PROD-000102,1,242.49,27.72
ITEM-000011359,ORD-00004572,PROD-000030,3,45.68,1.48
ITEM-000011360,ORD-00004572,PROD-000027,3,268.28,38.02
ITEM-000011361,ORD-00004573,PROD-000293,2,32.6,1.18
ITEM-000011362,ORD-00004573,PROD-000178,5,192.03,28.1
ITEM-000011363,ORD-00004573,PROD-000217,3,39.78,1.06
ITEM-000011364,ORD-00004573,PROD-000003,1,94.19,2.53
ITEM-000011365,ORD-00004574,PROD-000208,5,11.88,2.18
ITEM-000011366,ORD-00004574,PROD-000006,1,20.4,1.99
ITEM-000011367,ORD-00004574,PROD-000105,1,56.39,8.49
ITEM-000011368,ORD-00004575,PROD-000293,5,32.6,5.62
ITEM-000011369,ORD-00004576,PROD-000239,1,261.64,43.79
ITEM-000011370,ORD-00004576,PROD-000186,3,39.92,1.81
ITEM-000011371,ORD-00004577,PROD-000003,4,94.19,14.85
ITEM-000011372,ORD-00004577,PROD-000089,2,64.06,0.15
ITEM-000011373,ORD-00004577,PROD-000097,3,186.58,15.57
ITEM-000011374,ORD-00004577,PROD-000106,3,222.78,21.85
ITEM-000011375,ORD-00004578,PROD-000201,5,154.94,22.66
ITEM-000011376,ORD-00004578,PROD-000086,5,126.38,13.16
ITEM-000011377,ORD-00004578,PROD-000034,1,22.91,3.66
ITEM-000011378,ORD-00004579,PROD-000019,2,146.76,25.1
ITEM-000011379,ORD-00004580,PROD-000241,2,199.27,0.74
ITEM-000011380,ORD-00004580,PROD-000066,3,12.81,1.97
ITEM-000011381,ORD-00004581,PROD-000228,3,119.68,20.7
ITEM-000011382,ORD-00004581,PROD-000196,2,266.04,39.81
ITEM-000011383,ORD-00004582,PROD-000066,2,12.81,2.02
ITEM-000011384,ORD-00004582,PROD-000212,1,196.7,4.56
ITEM-000011385,ORD-00004582,PROD-000264,2,25.07,0.06
ITEM-000011386,ORD-00004583,PROD-000277,1,89.29,12.26
ITEM-000011387,ORD-00004583,PROD-000220,5,23.88,1.57
ITEM-000011388,ORD-00004584,PROD-000072,1,70.42,7.92
ITEM-000011389,ORD-00004584,PROD-000103,1,155.54,22.09
ITEM-000011390,ORD-00004584,PROD-000049,2,162.37,16.32
ITEM-000011391,ORD-00004584,PROD-000041,4,146.19,14.16
ITEM-000011392,ORD-00004585,PROD-000108,4,129.74,11.0
ITEM-000011393,ORD-00004586,PROD-000118,4,182.0,23.69
ITEM-000011394,ORD-00004586,PROD-000156,4,108.51,3.8
ITEM-000011395,ORD-00004586,PROD-000038,2,87.71,2.78
ITEM-000011396,ORD-00004586,PROD-000168,5,145.2,14.97
ITEM-000011397,ORD-00004587,PROD-000006,2,20.4,0.82
ITEM-000011398,ORD-00004587,PROD-000252,5,138.21,1.36
ITEM-000011399,ORD-00004587,PROD-000089,5,64.06,3.56
ITEM-000011400,ORD-00004588,PROD-000116,4,189.39,13.68
ITEM-000011401,ORD-00004589,PROD-000102,1,242.49,32.02
ITEM-000011402,ORD-00004589,PROD-000080,3,141.46,20.93
ITEM-000011403,ORD-00004589,PROD-000065,4,11.5,2.19
ITEM-000011404,ORD-00004590,PROD-000213,4,151.52,25.17
ITEM-000011405,ORD-00004590,PROD-000299,3,233.47,2.21
ITEM-000011406,ORD-00004590,PROD-000128,1,144.64,10.68
ITEM-000011407,ORD-00004591,PROD-000285,1,236.26,21.55
ITEM-000011408,ORD-00004591,PROD-000035,2,17.96,2.52
ITEM-000011409,ORD-00004591,PROD-000204,3,193.75,5.88
ITEM-000011410,ORD-00004591,PROD-000150,5,213.07,25.72
ITEM-000011411,ORD-00004592,PROD-000082,5,153.69,29.39
ITEM-000011412,ORD-00004592,PROD-000122,5,174.47,17.54
ITEM-000011413,ORD-00004592,PROD-000087,1,82.01,14.88
ITEM-000011414,ORD-00004593,PROD-000168,1,145.2,8.03
ITEM-000011415,ORD-00004594,PROD-000227,4,231.18,19.13
ITEM-000011416,ORD-00004594,PROD-000295,1,19.6,0.96
ITEM-000011417,ORD-00004594,PROD-000044,4,31.7,5.43
ITEM-000011418,ORD-00004594,PROD-000226,4,148.45,24.91
ITEM-000011419,ORD-00004595,PROD-000261,2,28.24,5.42
ITEM-000011420,ORD-00004595,PROD-000199,1,250.55,42.08
ITEM-000011421,ORD-00004596,PROD-000138,5,256.34,34.17
ITEM-000011422,ORD-00004596,PROD-000013,2,89.16,10.03
ITEM-000011423,ORD-00004596,PROD-000288,3,13.25,1.54
ITEM-000011424,ORD-00004597,PROD-000098,3,54.47,8.07
ITEM-000011425,ORD-00004597,PROD-000164,4,160.68,15.43
ITEM-000011426,ORD-00004597,PROD-000210,4,24.0,0.37
ITEM-000011427,ORD-00004598,PROD-000278,5,201.25,33.98
ITEM-000011428,ORD-00004598,PROD-000176,3,207.29,0.68
ITEM-000011429,ORD-00004599,PROD-000299,1,233.47,32.57
ITEM-000011430,ORD-00004600,PROD-000205,4,111.74,11.52
ITEM-000011431,ORD-00004600,PROD-000073,2,65.08,7.35
ITEM-000011432,ORD-00004600,PROD-000187,5,71.53,10.82
ITEM-000011433,ORD-00004601,PROD-000008,1,169.86,19.68
ITEM-000011434,ORD-00004601,PROD-000146,1,200.24,6.18
ITEM-000011435,ORD-00004601,PROD-000236,1,24.26,2.01
ITEM-000011436,ORD-00004601,PROD-000055,5,139.15,21.57
ITEM-000011437,ORD-00004602,PROD-000210,1,24.0,3.39
ITEM-000011438,ORD-00004602,PROD-000253,5,14.2,0.12
ITEM-000011439,ORD-00004603,PROD-000070,1,170.09,22.76
ITEM-000011440,ORD-00004603,PROD-000015,2,77.71,14.4
ITEM-000011441,ORD-00004603,PROD-000110,5,230.22,43.27
ITEM-000011442,ORD-00004603,PROD-000052,1,197.07,6.23
ITEM-000011443,ORD-00004604,PROD-000203,4,217.05,18.61
ITEM-000011444,ORD-00004604,PROD-000113,4,38.45,1.26
ITEM-000011445,ORD-00004604,PROD-000009,2,38.67,5.0
ITEM-000011446,ORD-00004604,PROD-000115,3,48.49,7.51
ITEM-000011447,ORD-00004605,PROD-000193,3,177.84,14.96
ITEM-000011448,ORD-00004605,PROD-000001,4,161.47,20.69
ITEM-000011449,ORD-00004606,PROD-000178,4,192.03,25.32
ITEM-000011450,ORD-00004607,PROD-000252,3,138.21,23.19
ITEM-000011451,ORD-00004607,PROD-000100,5,199.6,16.29
ITEM-000011452,ORD-00004607,PROD-000245,1,6.0,0.38
ITEM-000011453,ORD-00004608,PROD-000231,2,126.83,15.25
ITEM-000011454,ORD-00004608,PROD-000039,4,21.15,1.06
ITEM-000011455,ORD-00004608,PROD-000003,5,94.19,17.83
ITEM-000011456,ORD-00004608,PROD-000175,3,285.03,56.31
ITEM-000011457,ORD-00004609,PROD-000124,1,85.6,12.93
ITEM-000011458,ORD-00004609,PROD-000265,5,55.67,4.77
ITEM-000011459,ORD-00004609,PROD-000064,1,39.81,6.77
ITEM-000011460,ORD-00004609,PROD-000170,2,124.7,24.47
ITEM-000011461,ORD-00004610,PROD-000091,4,82.4,13.83
ITEM-000011462,ORD-00004610,PROD-000215,2,145.42,9.2
ITEM-000011463,ORD-00004611,PROD-000261,1,28.24,3.88
ITEM-000011464,ORD-00004611,PROD-000289,3,86.07,8.88
ITEM-000011465,ORD-00004611,PROD-000157,1,15.55,2.64
ITEM-000011466,ORD-00004611,PROD-000151,4,206.31,5.04
ITEM-000011467,ORD-00004612,PROD-000240,1,62.18,0.51
ITEM-000011468,ORD-00004612,PROD-000037,5,237.13,31.85
ITEM-000011469,ORD-00004612,PROD-000018,4,116.66,4.89
ITEM-000011470,ORD-00004613,PROD-000132,4,261.68,23.08
ITEM-000011471,ORD-00004613,PROD-000119,3,241.98,35.25
ITEM-000011472,ORD-00004613,PROD-000145,2,223.58,37.76
ITEM-000011473,ORD-00004614,PROD-000294,1,268.13,29.73
ITEM-000011474,ORD-00004614,PROD-000142,1,42.45,1.79
ITEM-000011475,ORD-00004615,PROD-000295,4,19.6,1.95
ITEM-000011476,ORD-00004615,PROD-000269,2,116.44,3.34
ITEM-000011477,ORD-00004615,PROD-000103,1,155.54,10.89
ITEM-000011478,ORD-00004616,PROD-000278,3,201.25,26.35
ITEM-000011479,ORD-00004616,PROD-000090,3,115.9,14.61
ITEM-000011480,ORD-00004617,PROD-000045,5,139.38,18.29
ITEM-000011481,ORD-00004618,PROD-000181,5,155.05,9.31
ITEM-000011482,ORD-00004618,PROD-000008,5,169.86,9.98
ITEM-000011483,ORD-00004619,PROD-000033,2,93.06,5.84
ITEM-000011484,ORD-00004619,PROD-000230,5,66.97,8.37
ITEM-000011485,ORD-00004619,PROD-000019,2,146.76,22.32
ITEM-000011486,ORD-00004620,PROD-000127,5,79.49,8.62
ITEM-000011487,ORD-00004620,PROD-000230,4,66.97,13.22
ITEM-000011488,ORD-00004621,PROD-000221,1,68.23,13.56
ITEM-000011489,ORD-00004621,PROD-000199,2,250.55,42.17
ITEM-000011490,ORD-00004621,PROD-000269,5,116.44,21.84
ITEM-000011491,ORD-00004621,PROD-000037,2,237.13,37.04
ITEM-000011492,ORD-00004622,PROD-000009,2,38.67,4.36
ITEM-000011493,ORD-00004622,PROD-000241,5,199.27,8.68
ITEM-000011494,ORD-00004622,PROD-000237,3,214.52,12.45
ITEM-000011495,ORD-00004623,PROD-000011,5,40.55,0.81
ITEM-000011496,ORD-00004623,PROD-000101,4,132.99,6.35
ITEM-000011497,ORD-00004624,PROD-000230,1,66.97,2.42
ITEM-000011498,ORD-00004624,PROD-000196,2,266.04,27.13
ITEM-000011499,ORD-00004625,PROD-000242,1,248.42,17.3
ITEM-000011500,ORD-00004626,PROD-000287,1,54.46,6.0
ITEM-000011501,ORD-00004626,PROD-000061,2,156.43,6.99
ITEM-000011502,ORD-00004626,PROD-000054,1,6.16,1.0
ITEM-000011503,ORD-00004627,PROD-000029,3,254.26,22.26
ITEM-000011504,ORD-00004627,PROD-000230,4,66.97,11.28
ITEM-000011505,ORD-00004627,PROD-000253,1,14.2,1.68
ITEM-000011506,ORD-00004627,PROD-000287,5,54.46,6.61
ITEM-000011507,ORD-00004628,PROD-000117,1,220.67,40.69
ITEM-000011508,ORD-00004629,PROD-000164,4,160.68,8.67
ITEM-000011509,ORD-00004629,PROD-000184,5,133.98,16.73
ITEM-000011510,ORD-00004629,PROD-000096,2,261.99,35.61
ITEM-000011511,ORD-00004629,PROD-000007,2,234.37,19.58
ITEM-000011512,ORD-00004630,PROD-000225,4,155.38,16.47
ITEM-000011513,ORD-00004630,PROD-000057,5,202.38,35.29
ITEM-000011514,ORD-00004630,PROD-000087,3,82.01,12.46
ITEM-000011515,ORD-00004630,PROD-000242,2,248.42,18.78
ITEM-000011516,ORD-00004631,PROD-000239,1,261.64,9.91
ITEM-000011517,ORD-00004631,PROD-000208,3,11.88,1.37
ITEM-000011518,ORD-00004631,PROD-000213,4,151.52,28.73
ITEM-000011519,ORD-00004632,PROD-000049,3,162.37,10.27
ITEM-000011520,ORD-00004632,PROD-000232,3,124.85,19.11
ITEM-000011521,ORD-00004632,PROD-000182,4,262.82,37.8
ITEM-000011522,ORD-00004633,PROD-000266,5,145.38,4.25
ITEM-000011523,ORD-00004633,PROD-000166,2,161.73,23.3
ITEM-000011524,ORD-00004633,PROD-000294,1,268.13,37.92
ITEM-000011525,ORD-00004634,PROD-000054,1,6.16,1.01
ITEM-000011526,ORD-00004634,PROD-000162,4,263.26,25.08
ITEM-000011527,ORD-00004634,PROD-000128,2,144.64,15.72
ITEM-000011528,ORD-00004635,PROD-000039,3,21.15,1.95
ITEM-000011529,ORD-00004635,PROD-000147,4,65.7,6.5
ITEM-000011530,ORD-00004635,PROD-000019,3,146.76,1.77
ITEM-000011531,ORD-00004636,PROD-000273,1,164.42,31.92
ITEM-000011532,ORD-00004636,PROD-000279,2,88.92,8.96
ITEM-000011533,ORD-00004636,PROD-000108,1,129.74,22.3
ITEM-000011534,ORD-00004636,PROD-000115,3,48.49,4.21
ITEM-000011535,ORD-00004637,PROD-000091,4,82.4,5.27
ITEM-000011536,ORD-00004638,PROD-000027,2,268.28,49.46
ITEM-000011537,ORD-00004638,PROD-000154,3,128.85,9.71
ITEM-000011538,ORD-00004638,PROD-000124,2,85.6,13.31
ITEM-000011539,ORD-00004638,PROD-000296,2,161.45,7.89
ITEM-000011540,ORD-00004639,PROD-000071,3,48.6,7.48
ITEM-000011541,ORD-00004639,PROD-000232,1,124.85,8.46
ITEM-000011542,ORD-00004639,PROD-000163,3,87.64,12.66
ITEM-000011543,ORD-00004640,PROD-000207,2,264.8,28.36
ITEM-000011544,ORD-00004640,PROD-000004,2,61.96,9.96
ITEM-000011545,ORD-00004641,PROD-000075,4,62.62,1.11
ITEM-000011546,ORD-00004641,PROD-000057,5,202.38,30.25
ITEM-000011547,ORD-00004641,PROD-000200,2,169.62,24.26
ITEM-000011548,ORD-00004642,PROD-000297,4,225.62,43.26
ITEM-000011549,ORD-00004642,PROD-000129,4,145.51,12.16
ITEM-000011550,ORD-00004642,PROD-000093,2,178.93,22.64
ITEM-000011551,ORD-00004642,PROD-000013,2,89.16,12.21
ITEM-000011552,ORD-00004643,PROD-000143,4,136.71,15.32
ITEM-000011553,ORD-00004643,PROD-000228,2,119.68,9.89
ITEM-000011554,ORD-00004643,PROD-000050,5,41.26,8.18
ITEM-000011555,ORD-00004644,PROD-000063,5,42.54,1.32
ITEM-000011556,ORD-00004644,PROD-000293,3,32.6,0.59
ITEM-000011557,ORD-00004645,PROD-000115,2,48.49,4.95
ITEM-000011558,ORD-00004645,PROD-000001,4,161.47,5.99
ITEM-000011559,ORD-00004646,PROD-000297,3,225.62,39.15
ITEM-000011560,ORD-00004646,PROD-000049,5,162.37,11.71
ITEM-000011561,ORD-00004647,PROD-000189,3,238.16,3.07
ITEM-000011562,ORD-00004647,PROD-000277,5,89.29,2.93
ITEM-000011563,ORD-00004647,PROD-000276,5,96.15,17.07
ITEM-000011564,ORD-00004648,PROD-000044,3,31.7,4.86
ITEM-000011565,ORD-00004648,PROD-000027,2,268.28,18.63
ITEM-000011566,ORD-00004649,PROD-000015,2,77.71,14.06
ITEM-000011567,ORD-00004649,PROD-000082,5,153.69,4.63
ITEM-000011568,ORD-00004650,PROD-000098,3,54.47,7.27
ITEM-000011569,ORD-00004650,PROD-000005,3,162.22,31.92
ITEM-000011570,ORD-00004650,PROD-000297,5,225.62,42.92
ITEM-000011571,ORD-00004650,PROD-000185,4,183.85,3.69
ITEM-000011572,ORD-00004651,PROD-000072,1,70.42,2.74
ITEM-000011573,ORD-00004651,PROD-000188,1,170.88,17.93
ITEM-000011574,ORD-00004651,PROD-000089,5,64.06,5.22
ITEM-000011575,ORD-00004651,PROD-000275,3,143.99,11.11
ITEM-000011576,ORD-00004652,PROD-000153,4,111.79,8.64
ITEM-000011577,ORD-00004652,PROD-000269,5,116.44,4.07
ITEM-000011578,ORD-00004653,PROD-000296,2,161.45,27.48
ITEM-000011579,ORD-00004654,PROD-000091,5,82.4,9.85
ITEM-000011580,ORD-00004654,PROD-000149,4,175.39,16.38
ITEM-000011581,ORD-00004654,PROD-000110,4,230.22,9.64
ITEM-000011582,ORD-00004654,PROD-000204,2,193.75,9.46
ITEM-000011583,ORD-00004655,PROD-000199,1,250.55,5.17
ITEM-000011584,ORD-00004655,PROD-000081,4,132.7,25.68
ITEM-000011585,ORD-00004655,PROD-000078,5,104.84,16.13
ITEM-000011586,ORD-00004656,PROD-000107,4,9.55,0.6
ITEM-000011587,ORD-00004656,PROD-000026,5,248.15,40.96
ITEM-000011588,ORD-00004657,PROD-000256,3,26.12,2.98
ITEM-000011589,ORD-00004657,PROD-000047,4,16.68,2.69
ITEM-000011590,ORD-00004657,PROD-000123,3,211.38,36.07
ITEM-000011591,ORD-00004658,PROD-000018,2,116.66,22.0
ITEM-000011592,ORD-00004658,PROD-000032,1,114.8,8.91
ITEM-000011593,ORD-00004659,PROD-000193,4,177.84,6.36
ITEM-000011594,ORD-00004659,PROD-000074,5,214.62,11.77
ITEM-000011595,ORD-00004660,PROD-000157,1,15.55,0.9
ITEM-000011596,ORD-00004660,PROD-000002,5,24.12,3.07
ITEM-000011597,ORD-00004660,PROD-000233,5,153.78,28.1
ITEM-000011598,ORD-00004661,PROD-000078,2,104.84,18.77
ITEM-000011599,ORD-00004661,PROD-000181,1,155.05,23.69
ITEM-000011600,ORD-00004661,PROD-000054,1,6.16,0.63
ITEM-000011601,ORD-00004661,PROD-000270,4,159.71,2.55
ITEM-000011602,ORD-00004662,PROD-000213,1,151.52,22.42
ITEM-000011603,ORD-00004662,PROD-000031,2,215.03,37.26
ITEM-000011604,ORD-00004662,PROD-000004,3,61.96,5.19
ITEM-000011605,ORD-00004662,PROD-000010,1,265.73,23.5
ITEM-000011606,ORD-00004663,PROD-000103,5,155.54,25.8
ITEM-000011607,ORD-00004663,PROD-000055,4,139.15,24.8
ITEM-000011608,ORD-00004663,PROD-000069,3,294.54,16.34
ITEM-000011609,ORD-00004664,PROD-000214,4,199.19,24.96
ITEM-000011610,ORD-00004665,PROD-000164,4,160.68,28.08
ITEM-000011611,ORD-00004665,PROD-000114,2,178.3,32.42
ITEM-000011612,ORD-00004665,PROD-000221,3,68.23,0.76
ITEM-000011613,ORD-00004666,PROD-000141,2,197.96,35.51
ITEM-000011614,ORD-00004666,PROD-000269,5,116.44,4.54
ITEM-000011615,ORD-00004667,PROD-000131,1,157.33,14.5
ITEM-000011616,ORD-00004667,PROD-000035,1,17.96,2.47
ITEM-000011617,ORD-00004667,PROD-000088,5,144.7,14.93
ITEM-000011618,ORD-00004668,PROD-000087,2,82.01,10.85
ITEM-000011619,ORD-00004669,PROD-000178,1,192.03,32.28
ITEM-000011620,ORD-00004670,PROD-000228,1,119.68,6.05
ITEM-000011621,ORD-00004670,PROD-000174,2,92.99,17.3
ITEM-000011622,ORD-00004670,PROD-000102,1,242.49,24.23
ITEM-000011623,ORD-00004670,PROD-000042,3,20.87,1.9
ITEM-000011624,ORD-00004671,PROD-000183,3,197.83,29.1
ITEM-000011625,ORD-00004671,PROD-000034,2,22.91,2.58
ITEM-000011626,ORD-00004671,PROD-000283,2,40.56,2.37
ITEM-000011627,ORD-00004672,PROD-000081,1,132.7,21.78
ITEM-000011628,ORD-00004672,PROD-000093,5,178.93,34.29
ITEM-000011629,ORD-00004673,PROD-000183,2,197.83,1.88
ITEM-000011630,ORD-00004674,PROD-000072,1,70.42,11.9
ITEM-000011631,ORD-00004674,PROD-000201,5,154.94,0.11
ITEM-000011632,ORD-00004674,PROD-000081,4,132.7,16.12
ITEM-000011633,ORD-00004675,PROD-000172,1,183.04,31.15
ITEM-000011634,ORD-00004675,PROD-000030,4,45.68,6.73
ITEM-000011635,ORD-00004676,PROD-000143,5,136.71,1.73
ITEM-000011636,ORD-00004676,PROD-000152,2,40.04,0.43
ITEM-000011637,ORD-00004677,PROD-000188,1,170.88,25.35
ITEM-000011638,ORD-00004677,PROD-000087,4,82.01,4.11
ITEM-000011639,ORD-00004678,PROD-000078,2,104.84,11.77
ITEM-000011640,ORD-00004678,PROD-000259,3,58.93,3.48
ITEM-000011641,ORD-00004678,PROD-000119,4,241.98,31.09
ITEM-000011642,ORD-00004678,PROD-000182,3,262.82,11.06
ITEM-000011643,ORD-00004679,PROD-000080,5,141.46,21.43
ITEM-000011644,ORD-00004679,PROD-000269,1,116.44,4.45
ITEM-000011645,ORD-00004679,PROD-000014,5,250.44,20.58
ITEM-000011646,ORD-00004680,PROD-000050,3,41.26,4.59
ITEM-000011647,ORD-00004680,PROD-000126,2,87.75,10.37
ITEM-000011648,ORD-00004680,PROD-000024,5,195.99,12.52
ITEM-000011649,ORD-00004681,PROD-000171,1,85.33,12.87
ITEM-000011650,ORD-00004682,PROD-000262,4,149.73,19.79
ITEM-000011651,ORD-00004682,PROD-000172,5,183.04,1.02
ITEM-000011652,ORD-00004682,PROD-000162,1,263.26,29.33
ITEM-000011653,ORD-00004683,PROD-000239,4,261.64,8.92
ITEM-000011654,ORD-00004683,PROD-000031,5,215.03,2.24
ITEM-000011655,ORD-00004684,PROD-000148,3,173.72,16.35
ITEM-000011656,ORD-00004684,PROD-000119,5,241.98,5.19
ITEM-000011657,ORD-00004684,PROD-000037,4,237.13,5.92
ITEM-000011658,ORD-00004685,PROD-000006,1,20.4,0.82
ITEM-000011659,ORD-00004685,PROD-000132,3,261.68,20.65
ITEM-000011660,ORD-00004685,PROD-000259,3,58.93,10.79
ITEM-000011661,ORD-00004686,PROD-000169,4,273.71,41.29
ITEM-000011662,ORD-00004686,PROD-000246,3,42.16,6.58
ITEM-000011663,ORD-00004686,PROD-000194,4,65.76,4.96
ITEM-000011664,ORD-00004686,PROD-000003,4,94.19,2.55
ITEM-000011665,ORD-00004687,PROD-000194,1,65.76,10.09
ITEM-000011666,ORD-00004687,PROD-000241,3,199.27,4.13
ITEM-000011667,ORD-00004687,PROD-000004,5,61.96,1.31
ITEM-000011668,ORD-00004687,PROD-000001,2,161.47,14.09
ITEM-000011669,ORD-00004688,PROD-000257,2,285.25,20.29
ITEM-000011670,ORD-00004688,PROD-000068,5,284.88,38.65
ITEM-000011671,ORD-00004689,PROD-000003,3,94.19,4.07
ITEM-000011672,ORD-00004689,PROD-000127,3,79.49,1.86
ITEM-000011673,ORD-00004689,PROD-000010,2,265.73,21.04
ITEM-000011674,ORD-00004690,PROD-000248,4,206.76,15.44
ITEM-000011675,ORD-00004690,PROD-000221,4,68.23,7.65
ITEM-000011676,ORD-00004690,PROD-000287,1,54.46,2.36
ITEM-000011677,ORD-00004691,PROD-000219,2,170.99,13.69
ITEM-000011678,ORD-00004692,PROD-000236,3,24.26,0.73
ITEM-000011679,ORD-00004693,PROD-000128,3,144.64,7.06
ITEM-000011680,ORD-00004694,PROD-000138,2,256.34,31.26
ITEM-000011681,ORD-00004694,PROD-000264,2,25.07,3.79
ITEM-000011682,ORD-00004694,PROD-000113,1,38.45,1.61
ITEM-000011683,ORD-00004694,PROD-000184,2,133.98,16.06
ITEM-000011684,ORD-00004695,PROD-000204,1,193.75,20.22
ITEM-000011685,ORD-00004695,PROD-000276,3,96.15,3.62
ITEM-000011686,ORD-00004696,PROD-000122,3,174.47,24.59
ITEM-000011687,ORD-00004696,PROD-000016,1,56.87,0.96
ITEM-000011688,ORD-00004696,PROD-000251,3,149.42,13.61
ITEM-000011689,ORD-00004696,PROD-000169,3,273.71,39.83
ITEM-000011690,ORD-00004697,PROD-000231,4,126.83,0.94
ITEM-000011691,ORD-00004697,PROD-000021,5,258.38,50.79
ITEM-000011692,ORD-00004698,PROD-000274,1,105.23,12.69
ITEM-000011693,ORD-00004698,PROD-000187,4,71.53,13.97
ITEM-000011694,ORD-00004698,PROD-000173,5,253.18,24.27
ITEM-000011695,ORD-00004698,PROD-000231,2,126.83,15.46
ITEM-000011696,ORD-00004699,PROD-000017,2,59.6,9.22
ITEM-000011697,ORD-00004700,PROD-000011,3,40.55,3.81
ITEM-000011698,ORD-00004700,PROD-000206,5,129.81,23.47
ITEM-000011699,ORD-00004700,PROD-000298,1,75.81,13.99
ITEM-000011700,ORD-00004701,PROD-000151,1,206.31,29.12
ITEM-000011701,ORD-00004702,PROD-000161,4,9.57,1.2
ITEM-000011702,ORD-00004702,PROD-000143,2,136.71,0.87
ITEM-000011703,ORD-00004702,PROD-000083,1,56.68,10.18
ITEM-000011704,ORD-00004702,PROD-000258,5,173.11,15.8
ITEM-000011705,ORD-00004703,PROD-000035,4,17.96,3.42
ITEM-000011706,ORD-00004703,PROD-000296,5,161.45,3.26
ITEM-000011707,ORD-00004703,PROD-000164,5,160.68,14.87
ITEM-000011708,ORD-00004703,PROD-000119,4,241.98,11.97
ITEM-000011709,ORD-00004704,PROD-000061,1,156.43,8.25
ITEM-000011710,ORD-00004705,PROD-000226,5,148.45,27.23
ITEM-000011711,ORD-00004705,PROD-000215,4,145.42,27.14
ITEM-000011712,ORD-00004705,PROD-000057,2,202.38,15.58
ITEM-000011713,ORD-00004706,PROD-000082,5,153.69,25.57
ITEM-000011714,ORD-00004706,PROD-000284,2,47.52,7.99
ITEM-000011715,ORD-00004706,PROD-000061,2,156.43,26.58
ITEM-000011716,ORD-00004706,PROD-000288,5,13.25,1.7
ITEM-000011717,ORD-00004707,PROD-000085,3,65.75,7.59
ITEM-000011718,ORD-00004707,PROD-000299,1,233.47,29.16
ITEM-000011719,ORD-00004707,PROD-000208,1,11.88,1.52
ITEM-000011720,ORD-00004708,PROD-000052,3,197.07,26.7
ITEM-000011721,ORD-00004708,PROD-000287,3,54.46,9.54
ITEM-000011722,ORD-00004708,PROD-000099,4,85.82,12.24
ITEM-000011723,ORD-00004709,PROD-000143,2,136.71,12.46
ITEM-000011724,ORD-00004710,PROD-000105,1,56.39,5.97
ITEM-000011725,ORD-00004710,PROD-000189,5,238.16,19.22
ITEM-000011726,ORD-00004710,PROD-000253,1,14.2,1.4
ITEM-000011727,ORD-00004710,PROD-000064,4,39.81,5.98
ITEM-000011728,ORD-00004711,PROD-000131,5,157.33,22.34
ITEM-000011729,ORD-00004711,PROD-000049,3,162.37,24.35
ITEM-000011730,ORD-00004711,PROD-000002,1,24.12,0.29
ITEM-000011731,ORD-00004712,PROD-000019,4,146.76,10.85
ITEM-000011732,ORD-00004712,PROD-000024,2,195.99,9.35
ITEM-000011733,ORD-00004712,PROD-000063,1,42.54,6.18
ITEM-000011734,ORD-00004713,PROD-000021,4,258.38,39.72
ITEM-000011735,ORD-00004713,PROD-000249,2,45.99,5.37
ITEM-000011736,ORD-00004713,PROD-000269,2,116.44,4.11
ITEM-000011737,ORD-00004714,PROD-000157,2,15.55,1.41
ITEM-000011738,ORD-00004714,PROD-000106,3,222.78,11.52
ITEM-000011739,ORD-00004714,PROD-000249,5,45.99,7.57
ITEM-000011740,ORD-00004715,PROD-000192,1,222.13,35.41
ITEM-000011741,ORD-00004715,PROD-000246,2,42.16,6.85
ITEM-000011742,ORD-00004716,PROD-000165,3,223.01,19.86
ITEM-000011743,ORD-00004716,PROD-000188,5,170.88,30.8
ITEM-000011744,ORD-00004716,PROD-000237,5,214.52,30.13
ITEM-000011745,ORD-00004716,PROD-000125,4,191.28,34.8
ITEM-000011746,ORD-00004717,PROD-000166,2,161.73,31.5
ITEM-000011747,ORD-00004718,PROD-000182,5,262.82,2.9
ITEM-000011748,ORD-00004718,PROD-000221,4,68.23,6.27
ITEM-000011749,ORD-00004719,PROD-000100,4,199.6,0.08
ITEM-000011750,ORD-00004719,PROD-000055,4,139.15,8.06
ITEM-000011751,ORD-00004719,PROD-000115,1,48.49,2.49
ITEM-000011752,ORD-00004720,PROD-000180,4,175.36,33.46
ITEM-000011753,ORD-00004720,PROD-000031,1,215.03,12.62
ITEM-000011754,ORD-00004721,PROD-000051,4,151.67,20.69
ITEM-000011755,ORD-00004721,PROD-000254,4,59.19,4.17
ITEM-000011756,ORD-00004722,PROD-000001,4,161.47,3.57
ITEM-000011757,ORD-00004722,PROD-000080,4,141.46,16.29
ITEM-000011758,ORD-00004722,PROD-000240,1,62.18,5.46
ITEM-000011759,ORD-00004722,PROD-000110,3,230.22,0.43
ITEM-000011760,ORD-00004723,PROD-000092,4,68.92,2.17
ITEM-000011761,ORD-00004723,PROD-000013,3,89.16,3.76
ITEM-000011762,ORD-00004723,PROD-000281,1,205.29,20.0
ITEM-000011763,ORD-00004724,PROD-000237,4,214.52,5.81
ITEM-000011764,ORD-00004724,PROD-000086,4,126.38,0.88
ITEM-000011765,ORD-00004724,PROD-000179,3,215.5,10.63
ITEM-000011766,ORD-00004724,PROD-000037,4,237.13,30.37
ITEM-000011767,ORD-00004725,PROD-000295,1,19.6,1.25
ITEM-000011768,ORD-00004725,PROD-000159,4,115.09,6.28
ITEM-000011769,ORD-00004726,PROD-000065,3,11.5,0.96
ITEM-000011770,ORD-00004726,PROD-000145,4,223.58,36.08
ITEM-000011771,ORD-00004726,PROD-000263,2,60.67,11.9
ITEM-000011772,ORD-00004726,PROD-000023,2,61.71,5.38
ITEM-000011773,ORD-00004727,PROD-000201,1,154.94,9.92
ITEM-000011774,ORD-00004728,PROD-000017,2,59.6,4.68
ITEM-000011775,ORD-00004728,PROD-000034,2,22.91,1.18
ITEM-000011776,ORD-00004728,PROD-000242,2,248.42,4.65
ITEM-000011777,ORD-00004729,PROD-000080,1,141.46,23.07
ITEM-000011778,ORD-00004729,PROD-000222,4,173.52,15.24
ITEM-000011779,ORD-00004730,PROD-000166,3,161.73,21.22
ITEM-000011780,ORD-00004730,PROD-000167,2,71.98,10.59
ITEM-000011781,ORD-00004730,PROD-000092,3,68.92,2.16
ITEM-000011782,ORD-00004730,PROD-000059,4,24.94,4.88
ITEM-000011783,ORD-00004731,PROD-000114,3,178.3,7.98
ITEM-000011784,ORD-00004731,PROD-000086,5,126.38,18.84
ITEM-000011785,ORD-00004731,PROD-000038,4,87.71,9.65
ITEM-000011786,ORD-00004732,PROD-000188,5,170.88,30.4
ITEM-000011787,ORD-00004733,PROD-000266,1,145.38,27.73
ITEM-000011788,ORD-00004733,PROD-000232,2,124.85,4.66
ITEM-000011789,ORD-00004734,PROD-000194,4,65.76,11.27
ITEM-000011790,ORD-00004734,PROD-000287,4,54.46,3.23
ITEM-000011791,ORD-00004735,PROD-000191,2,254.19,20.78
ITEM-000011792,ORD-00004735,PROD-000162,1,263.26,1.59
ITEM-000011793,ORD-00004735,PROD-000006,3,20.4,2.72
ITEM-000011794,ORD-00004736,PROD-000005,3,162.22,31.28
ITEM-000011795,ORD-00004736,PROD-000081,5,132.7,25.11
ITEM-000011796,ORD-00004736,PROD-000019,5,146.76,11.7
ITEM-000011797,ORD-00004736,PROD-000253,3,14.2,0.82
ITEM-000011798,ORD-00004737,PROD-000098,3,54.47,10.11
ITEM-000011799,ORD-00004737,PROD-000299,5,233.47,27.52
ITEM-000011800,ORD-00004738,PROD-000163,5,87.64,6.96
ITEM-000011801,ORD-00004738,PROD-000078,4,104.84,5.17
ITEM-000011802,ORD-00004739,PROD-000013,1,89.16,6.83
ITEM-000011803,ORD-00004739,PROD-000096,3,261.99,34.87
ITEM-000011804,ORD-00004739,PROD-000033,3,93.06,1.63
ITEM-000011805,ORD-00004739,PROD-000229,3,175.01,2.64
ITEM-000011806,ORD-00004740,PROD-000244,5,54.61,2.74
ITEM-000011807,ORD-00004740,PROD-000172,2,183.04,2.45
ITEM-000011808,ORD-00004741,PROD-000233,2,153.78,8.22
ITEM-000011809,ORD-00004741,PROD-000129,3,145.51,15.42
ITEM-000011810,ORD-00004742,PROD-000034,5,22.91,4.55
ITEM-000011811,ORD-00004743,PROD-000082,1,153.69,6.07
ITEM-000011812,ORD-00004743,PROD-000138,4,256.34,39.13
ITEM-000011813,ORD-00004743,PROD-000204,3,193.75,26.48
ITEM-000011814,ORD-00004743,PROD-000040,3,52.71,1.57
ITEM-000011815,ORD-00004744,PROD-000172,2,183.04,5.53
ITEM-000011816,ORD-00004744,PROD-000073,2,65.08,11.02
ITEM-000011817,ORD-00004744,PROD-000134,4,240.79,1.88
ITEM-000011818,ORD-00004744,PROD-000262,1,149.73,29.35
ITEM-000011819,ORD-00004745,PROD-000055,3,139.15,14.69
ITEM-000011820,ORD-00004746,PROD-000086,5,126.38,18.21
ITEM-000011821,ORD-00004747,PROD-000286,5,239.45,13.05
ITEM-000011822,ORD-00004748,PROD-000127,4,79.49,12.21
ITEM-000011823,ORD-00004748,PROD-000155,5,199.69,26.6
ITEM-000011824,ORD-00004748,PROD-000062,2,155.19,27.76
ITEM-000011825,ORD-00004749,PROD-000250,5,168.52,8.42
ITEM-000011826,ORD-00004750,PROD-000267,1,237.37,15.36
ITEM-000011827,ORD-00004751,PROD-000169,5,273.71,2.29
ITEM-000011828,ORD-00004752,PROD-000138,1,256.34,9.87
ITEM-000011829,ORD-00004753,PROD-000013,3,89.16,17.72
ITEM-000011830,ORD-00004753,PROD-000284,1,47.52,6.6
ITEM-000011831,ORD-00004753,PROD-000025,3,124.64,9.39
ITEM-000011832,ORD-00004754,PROD-000175,5,285.03,41.08
ITEM-000011833,ORD-00004754,PROD-000222,5,173.52,20.49
ITEM-000011834,ORD-00004755,PROD-000055,2,139.15,27.82
ITEM-000011835,ORD-00004755,PROD-000050,4,41.26,5.79
ITEM-000011836,ORD-00004756,PROD-000215,1,145.42,25.88
ITEM-000011837,ORD-00004756,PROD-000039,2,21.15,3.86
ITEM-000011838,ORD-00004756,PROD-000149,4,175.39,33.77
ITEM-000011839,ORD-00004757,PROD-000133,2,67.78,6.86
ITEM-000011840,ORD-00004757,PROD-000077,3,105.6,11.95
ITEM-000011841,ORD-00004757,PROD-000098,4,54.47,8.47
ITEM-000011842,ORD-00004757,PROD-000027,4,268.28,43.9
ITEM-000011843,ORD-00004758,PROD-000261,5,28.24,4.42
ITEM-000011844,ORD-00004758,PROD-000135,5,164.35,29.63
ITEM-000011845,ORD-00004758,PROD-000165,5,223.01,3.34
ITEM-000011846,ORD-00004759,PROD-000200,1,169.62,29.24
ITEM-000011847,ORD-00004759,PROD-000077,1,105.6,5.17
ITEM-000011848,ORD-00004760,PROD-000133,4,67.78,5.01
ITEM-000011849,ORD-00004761,PROD-000254,1,59.19,8.99
ITEM-000011850,ORD-00004761,PROD-000201,3,154.94,15.21
ITEM-000011851,ORD-00004761,PROD-000263,1,60.67,2.56
ITEM-000011852,ORD-00004762,PROD-000295,5,19.6,1.35
ITEM-000011853,ORD-00004762,PROD-000030,3,45.68,2.15
ITEM-000011854,ORD-00004762,PROD-000257,5,285.25,38.53
ITEM-000011855,ORD-00004763,PROD-000149,1,175.39,13.96
ITEM-000011856,ORD-00004763,PROD-000181,1,155.05,16.38
ITEM-000011857,ORD-00004763,PROD-000074,5,214.62,37.67
ITEM-000011858,ORD-00004763,PROD-000098,2,54.47,8.38
ITEM-000011859,ORD-00004764,PROD-000012,4,166.44,33.16
ITEM-000011860,ORD-00004764,PROD-000139,5,20.83,3.82
ITEM-000011861,ORD-00004765,PROD-000131,1,157.33,28.85
ITEM-000011862,ORD-00004765,PROD-000212,1,196.7,35.11
ITEM-000011863,ORD-00004765,PROD-000292,3,123.71,20.16
ITEM-000011864,ORD-00004765,PROD-000186,4,39.92,2.01
ITEM-000011865,ORD-00004766,PROD-000061,5,156.43,23.34
ITEM-000011866,ORD-00004766,PROD-000166,5,161.73,6.47
ITEM-000011867,ORD-00004766,PROD-000126,3,87.75,15.52
ITEM-000011868,ORD-00004766,PROD-000019,5,146.76,6.44
ITEM-000011869,ORD-00004767,PROD-000143,2,136.71,18.46
ITEM-000011870,ORD-00004767,PROD-000243,5,179.01,18.99
ITEM-000011871,ORD-00004767,PROD-000290,5,96.01,17.82
ITEM-000011872,ORD-00004768,PROD-000089,1,64.06,5.55
ITEM-000011873,ORD-00004769,PROD-000191,4,254.19,31.18
ITEM-000011874,ORD-00004769,PROD-000092,3,68.92,9.16
ITEM-000011875,ORD-00004769,PROD-000213,2,151.52,28.85
ITEM-000011876,ORD-00004769,PROD-000224,2,108.39,3.01
ITEM-000011877,ORD-00004770,PROD-000276,2,96.15,1.59
ITEM-000011878,ORD-00004770,PROD-000090,4,115.9,7.89
ITEM-000011879,ORD-00004770,PROD-000131,1,157.33,16.75
ITEM-000011880,ORD-00004770,PROD-000177,3,110.22,13.99
ITEM-000011881,ORD-00004771,PROD-000288,1,13.25,0.43
ITEM-000011882,ORD-00004771,PROD-000069,5,294.54,1.05
ITEM-000011883,ORD-00004771,PROD-000233,4,153.78,2.48
ITEM-000011884,ORD-00004771,PROD-000014,4,250.44,6.51
ITEM-000011885,ORD-00004772,PROD-000186,1,39.92,1.07
ITEM-000011886,ORD-00004772,PROD-000198,5,196.53,11.25
ITEM-000011887,ORD-00004772,PROD-000233,2,153.78,23.9
ITEM-000011888,ORD-00004773,PROD-000143,1,136.71,27.18
ITEM-000011889,ORD-00004773,PROD-000145,2,223.58,27.78
ITEM-000011890,ORD-00004774,PROD-000112,2,194.6,36.97
ITEM-000011891,ORD-00004775,PROD-000271,4,142.48,23.88
ITEM-000011892,ORD-00004776,PROD-000240,5,62.18,7.92
ITEM-000011893,ORD-00004776,PROD-000218,4,184.34,23.59
ITEM-000011894,ORD-00004776,PROD-000132,4,261.68,25.23
ITEM-000011895,ORD-00004776,PROD-000070,1,170.09,24.24
ITEM-000011896,ORD-00004777,PROD-000041,1,146.19,8.63
ITEM-000011897,ORD-00004778,PROD-000261,3,28.24,1.39
ITEM-000011898,ORD-00004778,PROD-000240,5,62.18,2.16
ITEM-000011899,ORD-00004779,PROD-000044,5,31.7,2.83
ITEM-000011900,ORD-00004780,PROD-000178,2,192.03,7.24
ITEM-000011901,ORD-00004780,PROD-000145,2,223.58,5.96
ITEM-000011902,ORD-00004780,PROD-000109,5,82.03,3.71
ITEM-000011903,ORD-00004780,PROD-000067,2,47.96,2.53
ITEM-000011904,ORD-00004781,PROD-000253,4,14.2,1.28
ITEM-000011905,ORD-00004781,PROD-000093,4,178.93,16.33
ITEM-000011906,ORD-00004781,PROD-000186,4,39.92,5.38
ITEM-000011907,ORD-00004782,PROD-000085,1,65.75,8.66
ITEM-000011908,ORD-00004783,PROD-000096,1,261.99,5.23
ITEM-000011909,ORD-00004783,PROD-000145,5,223.58,13.82
ITEM-000011910,ORD-00004783,PROD-000018,2,116.66,16.59
ITEM-000011911,ORD-00004784,PROD-000272,2,241.9,28.18
ITEM-000011912,ORD-00004784,PROD-000203,5,217.05,21.24
ITEM-000011913,ORD-00004785,PROD-000091,1,82.4,12.49
ITEM-000011914,ORD-00004785,PROD-000147,4,65.7,4.35
ITEM-000011915,ORD-00004785,PROD-000287,2,54.46,4.01
ITEM-000011916,ORD-00004786,PROD-000229,4,175.01,1.96
ITEM-000011917,ORD-00004786,PROD-000197,5,142.58,20.01
ITEM-000011918,ORD-00004786,PROD-000126,5,87.75,3.12
ITEM-000011919,ORD-00004787,PROD-000124,2,85.6,11.05
ITEM-000011920,ORD-00004787,PROD-000028,2,283.29,56.14
ITEM-000011921,ORD-00004787,PROD-000163,3,87.64,7.14
ITEM-000011922,ORD-00004788,PROD-000243,5,179.01,34.02
ITEM-000011923,ORD-00004788,PROD-000211,4,34.19,4.41
ITEM-000011924,ORD-00004788,PROD-000269,1,116.44,12.11
ITEM-000011925,ORD-00004788,PROD-000292,5,123.71,19.48
ITEM-000011926,ORD-00004789,PROD-000213,1,151.52,26.46
ITEM-000011927,ORD-00004789,PROD-000294,3,268.13,33.16
ITEM-000011928,ORD-00004790,PROD-000168,5,145.2,3.92
ITEM-000011929,ORD-00004790,PROD-000034,1,22.91,3.26
ITEM-000011930,ORD-00004790,PROD-000172,4,183.04,6.33
ITEM-000011931,ORD-00004791,PROD-000027,1,268.28,33.2
ITEM-000011932,ORD-00004791,PROD-000236,2,24.26,2.4
ITEM-000011933,ORD-00004791,PROD-000293,4,32.6,0.9
ITEM-000011934,ORD-00004792,PROD-000259,5,58.93,4.47
ITEM-000011935,ORD-00004792,PROD-000181,3,155.05,23.75
ITEM-000011936,ORD-00004793,PROD-000238,5,67.16,1.15
ITEM-000011937,ORD-00004793,PROD-000246,5,42.16,5.29
ITEM-000011938,ORD-00004793,PROD-000079,2,158.41,0.64
ITEM-000011939,ORD-00004793,PROD-000282,1,158.46,0.74
ITEM-000011940,ORD-00004794,PROD-000050,3,41.26,1.47
ITEM-000011941,ORD-00004795,PROD-000214,5,199.19,2.3
ITEM-000011942,ORD-00004795,PROD-000094,3,220.54,3.78
ITEM-000011943,ORD-00004795,PROD-000251,3,149.42,17.52
ITEM-000011944,ORD-00004795,PROD-000056,3,207.38,35.96
ITEM-000011945,ORD-00004796,PROD-000290,4,96.01,8.55
ITEM-000011946,ORD-00004797,PROD-000262,1,149.73,0.05
ITEM-000011947,ORD-00004798,PROD-000181,5,155.05,21.54
ITEM-000011948,ORD-00004798,PROD-000094,3,220.54,6.91
ITEM-000011949,ORD-00004798,PROD-000090,4,115.9,19.88
ITEM-000011950,ORD-00004799,PROD-000202,4,170.28,11.9
ITEM-000011951,ORD-00004799,PROD-000066,5,12.81,0.76
ITEM-000011952,ORD-00004799,PROD-000265,2,55.67,9.5
ITEM-000011953,ORD-00004800,PROD-000059,4,24.94,0.62
ITEM-000011954,ORD-00004800,PROD-000238,2,67.16,9.98
ITEM-000011955,ORD-00004800,PROD-000033,2,93.06,12.14
ITEM-000011956,ORD-00004801,PROD-000106,2,222.78,14.59
ITEM-000011957,ORD-00004801,PROD-000222,4,173.52,12.95
ITEM-000011958,ORD-00004801,PROD-000230,4,66.97,6.67
ITEM-000011959,ORD-00004802,PROD-000129,2,145.51,11.29
ITEM-000011960,ORD-00004802,PROD-000172,5,183.04,31.27
ITEM-000011961,ORD-00004803,PROD-000025,2,124.64,16.59
ITEM-000011962,ORD-00004803,PROD-000005,3,162.22,23.0
ITEM-000011963,ORD-00004803,PROD-000225,5,155.38,2.86
ITEM-000011964,ORD-00004804,PROD-000241,4,199.27,2.99
ITEM-000011965,ORD-00004805,PROD-000262,1,149.73,28.62
ITEM-000011966,ORD-00004805,PROD-000212,1,196.7,36.99
ITEM-000011967,ORD-00004806,PROD-000247,3,95.38,19.01
ITEM-000011968,ORD-00004807,PROD-000212,5,196.7,30.01
ITEM-000011969,ORD-00004807,PROD-000140,4,113.52,3.44
ITEM-000011970,ORD-00004807,PROD-000047,4,16.68,0.4
ITEM-000011971,ORD-00004807,PROD-000088,3,144.7,22.23
ITEM-000011972,ORD-00004808,PROD-000200,4,169.62,16.98
ITEM-000011973,ORD-00004808,PROD-000126,1,87.75,3.83
ITEM-000011974,ORD-00004808,PROD-000179,2,215.5,16.67
ITEM-000011975,ORD-00004809,PROD-000074,3,214.62,13.99
ITEM-000011976,ORD-00004809,PROD-000229,4,175.01,17.14
ITEM-000011977,ORD-00004809,PROD-000164,1,160.68,15.25
ITEM-000011978,ORD-00004810,PROD-000029,4,254.26,8.94
ITEM-000011979,ORD-00004811,PROD-000153,4,111.79,18.81
ITEM-000011980,ORD-00004811,PROD-000138,4,256.34,38.41
ITEM-000011981,ORD-00004812,PROD-000094,4,220.54,3.89
ITEM-000011982,ORD-00004813,PROD-000208,2,11.88,0.25
ITEM-000011983,ORD-00004813,PROD-000294,4,268.13,9.44
ITEM-000011984,ORD-00004814,PROD-000171,4,85.33,11.91
ITEM-000011985,ORD-00004814,PROD-000131,2,157.33,18.25
ITEM-000011986,ORD-00004814,PROD-000020,5,193.41,12.31
ITEM-000011987,ORD-00004814,PROD-000173,4,253.18,45.0
ITEM-000011988,ORD-00004815,PROD-000112,1,194.6,2.4
ITEM-000011989,ORD-00004815,PROD-000202,2,170.28,13.28
ITEM-000011990,ORD-00004815,PROD-000061,1,156.43,11.22
ITEM-000011991,ORD-00004815,PROD-000040,4,52.71,2.73
ITEM-000011992,ORD-00004816,PROD-000262,4,149.73,26.06
ITEM-000011993,ORD-00004816,PROD-000029,3,254.26,42.68
ITEM-000011994,ORD-00004816,PROD-000257,1,285.25,5.16
ITEM-000011995,ORD-00004816,PROD-000187,2,71.53,12.5
ITEM-000011996,ORD-00004817,PROD-000127,5,79.49,6.61
ITEM-000011997,ORD-00004817,PROD-000082,4,153.69,28.34
ITEM-000011998,ORD-00004817,PROD-000084,5,138.49,8.78
ITEM-000011999,ORD-00004817,PROD-000279,4,88.92,7.84
ITEM-000012000,ORD-00004818,PROD-000032,3,114.8,8.28
ITEM-000012001,ORD-00004818,PROD-000265,5,55.67,6.51
ITEM-000012002,ORD-00004818,PROD-000019,4,146.76,2.62
ITEM-000012003,ORD-00004818,PROD-000094,5,220.54,40.58
ITEM-000012004,ORD-00004819,PROD-000050,3,41.26,2.41
ITEM-000012005,ORD-00004819,PROD-000282,2,158.46,30.87
ITEM-000012006,ORD-00004819,PROD-000245,1,6.0,0.06
ITEM-000012007,ORD-00004819,PROD-000066,5,12.81,0.63
ITEM-000012008,ORD-00004820,PROD-000109,2,82.03,6.42
ITEM-000012009,ORD-00004821,PROD-000242,3,248.42,20.9
ITEM-000012010,ORD-00004821,PROD-000081,1,132.7,6.63
ITEM-000012011,ORD-00004822,PROD-000039,3,21.15,2.11
ITEM-000012012,ORD-00004822,PROD-000043,2,44.85,6.65
ITEM-000012013,ORD-00004822,PROD-000035,5,17.96,0.96
ITEM-000012014,ORD-00004823,PROD-000033,5,93.06,6.57
ITEM-000012015,ORD-00004823,PROD-000212,1,196.7,18.6
ITEM-000012016,ORD-00004823,PROD-000187,3,71.53,7.98
ITEM-000012017,ORD-00004824,PROD-000080,2,141.46,19.6
ITEM-000012018,ORD-00004824,PROD-000186,2,39.92,5.52
ITEM-000012019,ORD-00004825,PROD-000285,4,236.26,31.57
ITEM-000012020,ORD-00004825,PROD-000224,2,108.39,0.12
ITEM-000012021,ORD-00004825,PROD-000078,2,104.84,11.47
ITEM-000012022,ORD-00004826,PROD-000115,2,48.49,3.46
ITEM-000012023,ORD-00004826,PROD-000074,5,214.62,36.65
ITEM-000012024,ORD-00004827,PROD-000054,3,6.16,0.89
ITEM-000012025,ORD-00004827,PROD-000100,3,199.6,32.05
ITEM-000012026,ORD-00004827,PROD-000210,3,24.0,2.33
ITEM-000012027,ORD-00004827,PROD-000081,4,132.7,13.97
ITEM-000012028,ORD-00004828,PROD-000256,3,26.12,2.15
ITEM-000012029,ORD-00004828,PROD-000185,3,183.85,1.24
ITEM-000012030,ORD-00004828,PROD-000078,5,104.84,5.15
ITEM-000012031,ORD-00004829,PROD-000063,5,42.54,8.08
ITEM-000012032,ORD-00004830,PROD-000270,5,159.71,1.57
ITEM-000012033,ORD-00004831,PROD-000162,4,263.26,38.96
ITEM-000012034,ORD-00004831,PROD-000180,1,175.36,26.2
ITEM-000012035,ORD-00004831,PROD-000174,5,92.99,2.07
ITEM-000012036,ORD-00004831,PROD-000007,3,234.37,24.83
ITEM-000012037,ORD-00004832,PROD-000001,5,161.47,29.21
ITEM-000012038,ORD-00004833,PROD-000250,5,168.52,16.58
ITEM-000012039,ORD-00004833,PROD-000134,3,240.79,24.06
ITEM-000012040,ORD-00004833,PROD-000041,5,146.19,6.2
ITEM-000012041,ORD-00004833,PROD-000273,5,164.42,31.4
ITEM-000012042,ORD-00004834,PROD-000100,4,199.6,31.37
ITEM-000012043,ORD-00004834,PROD-000152,4,40.04,6.11
ITEM-000012044,ORD-00004834,PROD-000125,2,191.28,8.95
ITEM-000012045,ORD-00004834,PROD-000228,4,119.68,6.62
ITEM-000012046,ORD-00004835,PROD-000118,2,182.0,34.68
ITEM-000012047,ORD-00004835,PROD-000296,2,161.45,5.04
ITEM-000012048,ORD-00004835,PROD-000221,2,68.23,6.85
ITEM-000012049,ORD-00004835,PROD-000039,3,21.15,0.0
ITEM-000012050,ORD-00004836,PROD-000249,3,45.99,1.9
ITEM-000012051,ORD-00004836,PROD-000256,2,26.12,1.51
ITEM-000012052,ORD-00004837,PROD-000026,3,248.15,47.82
ITEM-000012053,ORD-00004837,PROD-000060,5,175.48,10.17
ITEM-000012054,ORD-00004837,PROD-000164,1,160.68,8.11
ITEM-000012055,ORD-00004838,PROD-000214,1,199.19,24.87
ITEM-000012056,ORD-00004838,PROD-000289,4,86.07,2.82
ITEM-000012057,ORD-00004839,PROD-000139,3,20.83,3.96
ITEM-000012058,ORD-00004840,PROD-000231,2,126.83,24.77
ITEM-000012059,ORD-00004840,PROD-000210,4,24.0,0.08
ITEM-000012060,ORD-00004840,PROD-000273,3,164.42,19.09
ITEM-000012061,ORD-00004840,PROD-000286,1,239.45,21.03
ITEM-000012062,ORD-00004841,PROD-000249,2,45.99,3.58
ITEM-000012063,ORD-00004841,PROD-000187,2,71.53,8.78
ITEM-000012064,ORD-00004841,PROD-000271,5,142.48,9.98
ITEM-000012065,ORD-00004842,PROD-000154,5,128.85,19.26
ITEM-000012066,ORD-00004842,PROD-000178,3,192.03,17.39
ITEM-000012067,ORD-00004842,PROD-000126,1,87.75,14.04
ITEM-000012068,ORD-00004842,PROD-000275,3,143.99,27.62
ITEM-000012069,ORD-00004843,PROD-000200,1,169.62,31.17
ITEM-000012070,ORD-00004843,PROD-000125,5,191.28,12.25
ITEM-000012071,ORD-00004843,PROD-000174,4,92.99,4.67
ITEM-000012072,ORD-00004844,PROD-000248,3,206.76,9.8
ITEM-000012073,ORD-00004844,PROD-000081,1,132.7,3.76
ITEM-000012074,ORD-00004844,PROD-000260,3,87.01,8.97
ITEM-000012075,ORD-00004844,PROD-000228,3,119.68,9.18
ITEM-000012076,ORD-00004845,PROD-000042,5,20.87,3.16
ITEM-000012077,ORD-00004846,PROD-000171,3,85.33,8.41
ITEM-000012078,ORD-00004846,PROD-000276,2,96.15,2.44
ITEM-000012079,ORD-00004846,PROD-000096,5,261.99,2.12
ITEM-000012080,ORD-00004846,PROD-000015,1,77.71,5.03
ITEM-000012081,ORD-00004847,PROD-000164,3,160.68,11.27
ITEM-000012082,ORD-00004848,PROD-000225,2,155.38,11.8
ITEM-000012083,ORD-00004849,PROD-000146,1,200.24,12.92
ITEM-000012084,ORD-00004849,PROD-000291,1,181.27,20.72
ITEM-000012085,ORD-00004849,PROD-000142,3,42.45,7.86
ITEM-000012086,ORD-00004850,PROD-000210,2,24.0,4.13
ITEM-000012087,ORD-00004850,PROD-000241,1,199.27,39.08
ITEM-000012088,ORD-00004850,PROD-000097,5,186.58,8.74
ITEM-000012089,ORD-00004851,PROD-000209,3,179.59,8.5
ITEM-000012090,ORD-00004852,PROD-000100,3,199.6,24.45
ITEM-000012091,ORD-00004852,PROD-000242,3,248.42,46.34
ITEM-000012092,ORD-00004852,PROD-000300,5,90.24,0.36
ITEM-000012093,ORD-00004853,PROD-000081,5,132.7,4.93
ITEM-000012094,ORD-00004853,PROD-000062,5,155.19,12.52
ITEM-000012095,ORD-00004853,PROD-000001,5,161.47,15.83
ITEM-000012096,ORD-00004853,PROD-000251,3,149.42,18.91
ITEM-000012097,ORD-00004854,PROD-000244,2,54.61,5.08
ITEM-000012098,ORD-00004854,PROD-000218,2,184.34,1.75
ITEM-000012099,ORD-00004855,PROD-000234,2,86.25,10.02
ITEM-000012100,ORD-00004855,PROD-000264,2,25.07,4.35
ITEM-000012101,ORD-00004855,PROD-000198,4,196.53,1.07
ITEM-000012102,ORD-00004855,PROD-000256,5,26.12,5.2
ITEM-000012103,ORD-00004856,PROD-000172,1,183.04,28.96
ITEM-000012104,ORD-00004856,PROD-000029,3,254.26,14.11
ITEM-000012105,ORD-00004856,PROD-000187,1,71.53,6.35
ITEM-000012106,ORD-00004857,PROD-000205,2,111.74,21.12
ITEM-000012107,ORD-00004857,PROD-000014,1,250.44,0.86
ITEM-000012108,ORD-00004858,PROD-000119,2,241.98,33.38
ITEM-000012109,ORD-00004858,PROD-000076,4,192.0,13.66
ITEM-000012110,ORD-00004858,PROD-000230,5,66.97,2.12
ITEM-000012111,ORD-00004858,PROD-000149,4,175.39,8.33
ITEM-000012112,ORD-00004859,PROD-000156,1,108.51,16.01
ITEM-000012113,ORD-00004859,PROD-000218,4,184.34,4.46
ITEM-000012114,ORD-00004859,PROD-000235,4,121.53,7.77
ITEM-000012115,ORD-00004860,PROD-000085,3,65.75,10.54
ITEM-000012116,ORD-00004860,PROD-000162,5,263.26,4.77
ITEM-000012117,ORD-00004860,PROD-000284,4,47.52,6.37
ITEM-000012118,ORD-00004860,PROD-000260,5,87.01,5.29
ITEM-000012119,ORD-00004861,PROD-000169,3,273.71,41.87
ITEM-000012120,ORD-00004861,PROD-000282,1,158.46,11.55
ITEM-000012121,ORD-00004861,PROD-000201,3,154.94,19.17
ITEM-000012122,ORD-00004861,PROD-000245,2,6.0,0.52
ITEM-000012123,ORD-00004862,PROD-000190,1,66.83,10.28
ITEM-000012124,ORD-00004862,PROD-000013,3,89.16,1.46
ITEM-000012125,ORD-00004863,PROD-000024,4,195.99,23.75
ITEM-000012126,ORD-00004863,PROD-000230,2,66.97,0.87
ITEM-000012127,ORD-00004864,PROD-000274,1,105.23,6.68
ITEM-000012128,ORD-00004864,PROD-000281,2,205.29,22.7
ITEM-000012129,ORD-00004865,PROD-000094,4,220.54,38.16
ITEM-000012130,ORD-00004866,PROD-000115,4,48.49,5.52
ITEM-000012131,ORD-00004866,PROD-000286,2,239.45,5.35
ITEM-000012132,ORD-00004866,PROD-000294,2,268.13,16.63
ITEM-000012133,ORD-00004867,PROD-000243,1,179.01,17.17
ITEM-000012134,ORD-00004867,PROD-000002,4,24.12,3.32
ITEM-000012135,ORD-00004868,PROD-000271,3,142.48,15.12
ITEM-000012136,ORD-00004869,PROD-000209,5,179.59,9.37
ITEM-000012137,ORD-00004870,PROD-000218,5,184.34,34.25
ITEM-000012138,ORD-00004870,PROD-000217,4,39.78,1.29
ITEM-000012139,ORD-00004871,PROD-000218,3,184.34,24.58
ITEM-000012140,ORD-00004871,PROD-000024,4,195.99,18.61
ITEM-000012141,ORD-00004871,PROD-000191,3,254.19,28.68
ITEM-000012142,ORD-00004871,PROD-000230,2,66.97,9.84
ITEM-000012143,ORD-00004872,PROD-000149,1,175.39,28.44
ITEM-000012144,ORD-00004872,PROD-000164,4,160.68,15.47
ITEM-000012145,ORD-00004872,PROD-000067,3,47.96,9.37
ITEM-000012146,ORD-00004873,PROD-000021,2,258.38,16.96
ITEM-000012147,ORD-00004873,PROD-000273,5,164.42,24.25
ITEM-000012148,ORD-00004873,PROD-000281,1,205.29,1.06
ITEM-000012149,ORD-00004874,PROD-000167,5,71.98,6.44
ITEM-000012150,ORD-00004874,PROD-000109,3,82.03,7.95
ITEM-000012151,ORD-00004874,PROD-000150,3,213.07,33.42
ITEM-000012152,ORD-00004875,PROD-000024,5,195.99,0.83
ITEM-000012153,ORD-00004875,PROD-000148,1,173.72,0.57
ITEM-000012154,ORD-00004876,PROD-000044,3,31.7,0.38
ITEM-000012155,ORD-00004876,PROD-000240,3,62.18,7.21
ITEM-000012156,ORD-00004876,PROD-000060,4,175.48,13.3
ITEM-000012157,ORD-00004877,PROD-000220,1,23.88,0.41
ITEM-000012158,ORD-00004878,PROD-000196,4,266.04,4.75
ITEM-000012159,ORD-00004878,PROD-000146,1,200.24,28.22
ITEM-000012160,ORD-00004878,PROD-000226,3,148.45,1.34
ITEM-000012161,ORD-00004879,PROD-000160,3,96.22,10.62
ITEM-000012162,ORD-00004880,PROD-000284,5,47.52,1.31
ITEM-000012163,ORD-00004881,PROD-000012,4,166.44,29.1
ITEM-000012164,ORD-00004881,PROD-000293,5,32.6,4.45
ITEM-000012165,ORD-00004881,PROD-000197,3,142.58,17.31
ITEM-000012166,ORD-00004881,PROD-000158,5,51.52,2.49
ITEM-000012167,ORD-00004882,PROD-000179,5,215.5,40.75
ITEM-000012168,ORD-00004882,PROD-000116,4,189.39,8.0
ITEM-000012169,ORD-00004882,PROD-000112,4,194.6,11.4
ITEM-000012170,ORD-00004882,PROD-000072,2,70.42,4.29
ITEM-000012171,ORD-00004883,PROD-000262,1,149.73,14.51
ITEM-000012172,ORD-00004883,PROD-000269,2,116.44,5.49
ITEM-000012173,ORD-00004883,PROD-000034,3,22.91,3.99
ITEM-000012174,ORD-00004884,PROD-000134,3,240.79,31.15
ITEM-000012175,ORD-00004884,PROD-000209,4,179.59,25.23
ITEM-000012176,ORD-00004885,PROD-000021,1,258.38,13.43
ITEM-000012177,ORD-00004886,PROD-000281,1,205.29,11.22
ITEM-000012178,ORD-00004886,PROD-000282,5,158.46,25.32
ITEM-000012179,ORD-00004887,PROD-000254,2,59.19,9.97
ITEM-000012180,ORD-00004887,PROD-000054,3,6.16,0.01
ITEM-000012181,ORD-00004887,PROD-000295,4,19.6,0.43
ITEM-000012182,ORD-00004887,PROD-000225,1,155.38,17.55
ITEM-000012183,ORD-00004888,PROD-000108,1,129.74,12.92
ITEM-000012184,ORD-00004888,PROD-000008,5,169.86,17.02
ITEM-000012185,ORD-00004888,PROD-000060,4,175.48,34.03
ITEM-000012186,ORD-00004888,PROD-000274,5,105.23,2.16
ITEM-000012187,ORD-00004889,PROD-000118,5,182.0,10.7
ITEM-000012188,ORD-00004890,PROD-000093,5,178.93,3.43
ITEM-000012189,ORD-00004891,PROD-000052,4,197.07,9.95
ITEM-000012190,ORD-00004892,PROD-000210,4,24.0,4.78
ITEM-000012191,ORD-00004892,PROD-000190,4,66.83,3.1
ITEM-000012192,ORD-00004892,PROD-000080,3,141.46,6.2
ITEM-000012193,ORD-00004893,PROD-000066,4,12.81,1.03
ITEM-000012194,ORD-00004894,PROD-000203,2,217.05,33.44
ITEM-000012195,ORD-00004894,PROD-000083,5,56.68,4.02
ITEM-000012196,ORD-00004894,PROD-000256,5,26.12,4.92
ITEM-000012197,ORD-00004894,PROD-000251,3,149.42,10.87
ITEM-000012198,ORD-00004895,PROD-000289,5,86.07,10.62
ITEM-000012199,ORD-00004896,PROD-000062,4,155.19,28.05
ITEM-000012200,ORD-00004896,PROD-000113,1,38.45,5.83
ITEM-000012201,ORD-00004896,PROD-000254,1,59.19,11.04
ITEM-000012202,ORD-00004896,PROD-000019,3,146.76,5.06
ITEM-000012203,ORD-00004897,PROD-000136,3,57.07,5.11
ITEM-000012204,ORD-00004898,PROD-000171,1,85.33,14.47
ITEM-000012205,ORD-00004898,PROD-000135,1,164.35,12.16
ITEM-000012206,ORD-00004898,PROD-000221,3,68.23,3.87
ITEM-000012207,ORD-00004898,PROD-000177,5,110.22,16.31
ITEM-000012208,ORD-00004899,PROD-000213,5,151.52,8.66
ITEM-000012209,ORD-00004899,PROD-000189,3,238.16,4.11
ITEM-000012210,ORD-00004900,PROD-000113,4,38.45,4.29
ITEM-000012211,ORD-00004901,PROD-000260,4,87.01,14.42
ITEM-000012212,ORD-00004901,PROD-000070,1,170.09,20.51
ITEM-000012213,ORD-00004901,PROD-000281,2,205.29,18.24
ITEM-000012214,ORD-00004902,PROD-000167,2,71.98,4.5
ITEM-000012215,ORD-00004902,PROD-000089,4,64.06,8.59
ITEM-000012216,ORD-00004902,PROD-000002,4,24.12,1.36
ITEM-000012217,ORD-00004902,PROD-000062,3,155.19,13.55
ITEM-000012218,ORD-00004903,PROD-000002,2,24.12,2.1
ITEM-000012219,ORD-00004903,PROD-000064,2,39.81,2.81
ITEM-000012220,ORD-00004903,PROD-000145,2,223.58,14.56
ITEM-000012221,ORD-00004904,PROD-000198,1,196.53,21.89
ITEM-000012222,ORD-00004904,PROD-000074,4,214.62,30.9
ITEM-000012223,ORD-00004904,PROD-000046,2,37.28,3.98
ITEM-000012224,ORD-00004905,PROD-000185,3,183.85,2.66
ITEM-000012225,ORD-00004906,PROD-000295,3,19.6,1.07
ITEM-000012226,ORD-00004907,PROD-000186,2,39.92,6.92
ITEM-000012227,ORD-00004907,PROD-000174,1,92.99,6.84
ITEM-000012228,ORD-00004908,PROD-000262,3,149.73,19.38
ITEM-000012229,ORD-00004909,PROD-000007,4,234.37,7.33
ITEM-000012230,ORD-00004909,PROD-000037,2,237.13,18.56
ITEM-000012231,ORD-00004910,PROD-000158,1,51.52,7.13
ITEM-000012232,ORD-00004910,PROD-000095,5,256.52,10.87
ITEM-000012233,ORD-00004911,PROD-000128,2,144.64,11.77
ITEM-000012234,ORD-00004912,PROD-000232,2,124.85,6.09
ITEM-000012235,ORD-00004912,PROD-000210,2,24.0,2.15
ITEM-000012236,ORD-00004913,PROD-000225,3,155.38,13.5
ITEM-000012237,ORD-00004913,PROD-000172,5,183.04,29.05
ITEM-000012238,ORD-00004913,PROD-000064,5,39.81,5.05
ITEM-000012239,ORD-00004913,PROD-000150,4,213.07,22.9
ITEM-000012240,ORD-00004914,PROD-000235,3,121.53,14.18
ITEM-000012241,ORD-00004914,PROD-000078,5,104.84,6.07
ITEM-000012242,ORD-00004914,PROD-000100,1,199.6,8.03
ITEM-000012243,ORD-00004914,PROD-000251,3,149.42,19.04
ITEM-000012244,ORD-00004915,PROD-000081,4,132.7,10.85
ITEM-000012245,ORD-00004915,PROD-000134,5,240.79,46.42
ITEM-000012246,ORD-00004915,PROD-000003,3,94.19,4.33
ITEM-000012247,ORD-00004915,PROD-000217,4,39.78,5.14
ITEM-000012248,ORD-00004916,PROD-000096,1,261.99,10.03
ITEM-000012249,ORD-00004916,PROD-000204,1,193.75,34.95
ITEM-000012250,ORD-00004917,PROD-000055,4,139.15,12.53
ITEM-000012251,ORD-00004917,PROD-000008,3,169.86,8.27
ITEM-000012252,ORD-00004918,PROD-000107,5,9.55,1.3
ITEM-000012253,ORD-00004919,PROD-000097,2,186.58,3.8
ITEM-000012254,ORD-00004919,PROD-000164,1,160.68,16.46
ITEM-000012255,ORD-00004920,PROD-000204,4,193.75,10.83
ITEM-000012256,ORD-00004921,PROD-000081,2,132.7,11.24
ITEM-000012257,ORD-00004922,PROD-000062,5,155.19,6.89
ITEM-000012258,ORD-00004923,PROD-000100,1,199.6,4.41
ITEM-000012259,ORD-00004923,PROD-000142,2,42.45,4.78
ITEM-000012260,ORD-00004923,PROD-000279,1,88.92,6.39
ITEM-000012261,ORD-00004924,PROD-000134,1,240.79,41.43
ITEM-000012262,ORD-00004924,PROD-000297,1,225.62,0.97
ITEM-000012263,ORD-00004925,PROD-000219,1,170.99,17.1
ITEM-000012264,ORD-00004925,PROD-000094,2,220.54,31.57
ITEM-000012265,ORD-00004925,PROD-000181,1,155.05,8.98
ITEM-000012266,ORD-00004925,PROD-000020,2,193.41,15.88
ITEM-000012267,ORD-00004926,PROD-000074,3,214.62,37.04
ITEM-000012268,ORD-00004926,PROD-000254,5,59.19,7.57
ITEM-000012269,ORD-00004927,PROD-000075,3,62.62,1.31
ITEM-000012270,ORD-00004927,PROD-000282,2,158.46,27.53
ITEM-000012271,ORD-00004928,PROD-000051,2,151.67,10.23
ITEM-000012272,ORD-00004928,PROD-000213,2,151.52,1.97
ITEM-000012273,ORD-00004928,PROD-000272,3,241.9,1.6
ITEM-000012274,ORD-00004928,PROD-000166,4,161.73,27.31
ITEM-000012275,ORD-00004929,PROD-000010,4,265.73,7.23
ITEM-000012276,ORD-00004929,PROD-000269,1,116.44,0.87
ITEM-000012277,ORD-00004929,PROD-000245,3,6.0,0.22
ITEM-000012278,ORD-00004929,PROD-000217,5,39.78,3.15
ITEM-000012279,ORD-00004930,PROD-000026,5,248.15,10.64
ITEM-000012280,ORD-00004930,PROD-000283,1,40.56,6.19
ITEM-000012281,ORD-00004930,PROD-000286,2,239.45,5.45
ITEM-000012282,ORD-00004931,PROD-000227,2,231.18,21.78
ITEM-000012283,ORD-00004932,PROD-000028,5,283.29,38.86
ITEM-000012284,ORD-00004932,PROD-000233,1,153.78,28.4
ITEM-000012285,ORD-00004933,PROD-000297,1,225.62,8.8
ITEM-000012286,ORD-00004933,PROD-000006,5,20.4,3.65
ITEM-000012287,ORD-00004934,PROD-000014,1,250.44,17.09
ITEM-000012288,ORD-00004934,PROD-000201,2,154.94,12.33
ITEM-000012289,ORD-00004935,PROD-000247,1,95.38,12.07
ITEM-000012290,ORD-00004936,PROD-000253,3,14.2,1.46
ITEM-000012291,ORD-00004936,PROD-000168,4,145.2,18.11
ITEM-000012292,ORD-00004936,PROD-000274,5,105.23,12.97
ITEM-000012293,ORD-00004937,PROD-000119,2,241.98,22.35
ITEM-000012294,ORD-00004938,PROD-000170,2,124.7,3.81
ITEM-000012295,ORD-00004939,PROD-000089,2,64.06,7.37
ITEM-000012296,ORD-00004939,PROD-000090,3,115.9,5.93
ITEM-000012297,ORD-00004940,PROD-000152,5,40.04,5.37
ITEM-000012298,ORD-00004941,PROD-000282,3,158.46,15.51
ITEM-000012299,ORD-00004941,PROD-000189,3,238.16,11.18
ITEM-000012300,ORD-00004942,PROD-000260,5,87.01,6.99
ITEM-000012301,ORD-00004943,PROD-000185,5,183.85,9.86
ITEM-000012302,ORD-00004943,PROD-000280,1,137.35,1.58
ITEM-000012303,ORD-00004943,PROD-000294,2,268.13,39.49
ITEM-000012304,ORD-00004944,PROD-000220,2,23.88,1.91
ITEM-000012305,ORD-00004944,PROD-000268,2,101.37,9.69
ITEM-000012306,ORD-00004944,PROD-000180,3,175.36,34.3
ITEM-000012307,ORD-00004945,PROD-000009,3,38.67,6.43
ITEM-000012308,ORD-00004945,PROD-000173,5,253.18,12.36
ITEM-000012309,ORD-00004945,PROD-000253,3,14.2,0.11
ITEM-000012310,ORD-00004946,PROD-000238,1,67.16,8.29
ITEM-000012311,ORD-00004946,PROD-000028,2,283.29,6.55
ITEM-000012312,ORD-00004946,PROD-000075,1,62.62,7.89
ITEM-000012313,ORD-00004946,PROD-000040,2,52.71,8.07
ITEM-000012314,ORD-00004947,PROD-000145,2,223.58,9.37
ITEM-000012315,ORD-00004948,PROD-000192,4,222.13,25.8
ITEM-000012316,ORD-00004949,PROD-000010,1,265.73,2.59
ITEM-000012317,ORD-00004949,PROD-000160,4,96.22,0.6
ITEM-000012318,ORD-00004949,PROD-000103,2,155.54,10.17
ITEM-000012319,ORD-00004950,PROD-000223,2,37.75,7.45
ITEM-000012320,ORD-00004951,PROD-000028,5,283.29,11.73
ITEM-000012321,ORD-00004951,PROD-000199,3,250.55,6.54
ITEM-000012322,ORD-00004951,PROD-000198,4,196.53,32.93
ITEM-000012323,ORD-00004951,PROD-000117,2,220.67,5.16
ITEM-000012324,ORD-00004952,PROD-000150,1,213.07,38.53
ITEM-000012325,ORD-00004953,PROD-000098,1,54.47,0.08
ITEM-000012326,ORD-00004953,PROD-000244,1,54.61,7.55
ITEM-000012327,ORD-00004954,PROD-000299,3,233.47,14.78
ITEM-000012328,ORD-00004955,PROD-000024,3,195.99,29.88
ITEM-000012329,ORD-00004955,PROD-000294,3,268.13,1.55
ITEM-000012330,ORD-00004955,PROD-000038,5,87.71,15.72
ITEM-000012331,ORD-00004956,PROD-000003,3,94.19,7.78
ITEM-000012332,ORD-00004957,PROD-000120,3,150.5,4.73
ITEM-000012333,ORD-00004957,PROD-000214,2,199.19,14.53
ITEM-000012334,ORD-00004957,PROD-000189,1,238.16,22.47
ITEM-000012335,ORD-00004957,PROD-000222,2,173.52,12.55
ITEM-000012336,ORD-00004958,PROD-000057,2,202.38,26.4
ITEM-000012337,ORD-00004958,PROD-000015,2,77.71,10.95
ITEM-000012338,ORD-00004958,PROD-000270,4,159.71,15.3
ITEM-000012339,ORD-00004959,PROD-000028,4,283.29,23.47
ITEM-000012340,ORD-00004960,PROD-000012,2,166.44,9.82
ITEM-000012341,ORD-00004960,PROD-000086,2,126.38,9.26
ITEM-000012342,ORD-00004960,PROD-000229,4,175.01,15.53
ITEM-000012343,ORD-00004960,PROD-000042,3,20.87,2.42
ITEM-000012344,ORD-00004961,PROD-000242,1,248.42,24.76
ITEM-000012345,ORD-00004961,PROD-000099,2,85.82,2.21
ITEM-000012346,ORD-00004961,PROD-000254,5,59.19,11.01
ITEM-000012347,ORD-00004962,PROD-000179,2,215.5,16.97
ITEM-000012348,ORD-00004962,PROD-000063,3,42.54,4.48
ITEM-000012349,ORD-00004962,PROD-000268,5,101.37,14.26
ITEM-000012350,ORD-00004962,PROD-000269,5,116.44,18.8
ITEM-000012351,ORD-00004963,PROD-000206,5,129.81,22.38
ITEM-000012352,ORD-00004964,PROD-000245,1,6.0,0.38
ITEM-000012353,ORD-00004965,PROD-000048,1,239.02,12.34
ITEM-000012354,ORD-00004966,PROD-000060,2,175.48,10.27
ITEM-000012355,ORD-00004966,PROD-000257,3,285.25,56.71
ITEM-000012356,ORD-00004966,PROD-000157,4,15.55,1.37
ITEM-000012357,ORD-00004967,PROD-000105,4,56.39,0.84
ITEM-000012358,ORD-00004968,PROD-000136,1,57.07,6.54
ITEM-000012359,ORD-00004968,PROD-000001,4,161.47,12.99
ITEM-000012360,ORD-00004968,PROD-000165,3,223.01,40.35
ITEM-000012361,ORD-00004968,PROD-000163,1,87.64,9.51
ITEM-000012362,ORD-00004969,PROD-000003,2,94.19,4.79
ITEM-000012363,ORD-00004969,PROD-000063,1,42.54,7.94
ITEM-000012364,ORD-00004969,PROD-000207,1,264.8,24.44
ITEM-000012365,ORD-00004969,PROD-000199,1,250.55,10.34
ITEM-000012366,ORD-00004970,PROD-000059,1,24.94,3.35
ITEM-000012367,ORD-00004971,PROD-000110,5,230.22,10.21
ITEM-000012368,ORD-00004971,PROD-000047,5,16.68,2.11
ITEM-000012369,ORD-00004971,PROD-000045,4,139.38,4.53
ITEM-000012370,ORD-00004971,PROD-000126,3,87.75,8.25
ITEM-000012371,ORD-00004972,PROD-000184,4,133.98,6.95
ITEM-000012372,ORD-00004972,PROD-000016,1,56.87,6.48
ITEM-000012373,ORD-00004972,PROD-000163,3,87.64,15.0
ITEM-000012374,ORD-00004972,PROD-000205,1,111.74,15.86
ITEM-000012375,ORD-00004973,PROD-000284,2,47.52,8.1
ITEM-000012376,ORD-00004973,PROD-000039,1,21.15,1.78
ITEM-000012377,ORD-00004973,PROD-000144,2,184.59,10.01
ITEM-000012378,ORD-00004973,PROD-000089,3,64.06,12.3
ITEM-000012379,ORD-00004974,PROD-000063,3,42.54,7.47
ITEM-000012380,ORD-00004975,PROD-000163,3,87.64,11.55
ITEM-000012381,ORD-00004975,PROD-000224,2,108.39,5.96
ITEM-000012382,ORD-00004975,PROD-000271,2,142.48,3.62
ITEM-000012383,ORD-00004975,PROD-000032,4,114.8,20.54
ITEM-000012384,ORD-00004976,PROD-000065,1,11.5,1.83
ITEM-000012385,ORD-00004976,PROD-000217,5,39.78,2.08
ITEM-000012386,ORD-00004976,PROD-000029,2,254.26,26.37
ITEM-000012387,ORD-00004977,PROD-000051,3,151.67,18.61
ITEM-000012388,ORD-00004977,PROD-000122,3,174.47,32.08
ITEM-000012389,ORD-00004977,PROD-000217,4,39.78,2.53
ITEM-000012390,ORD-00004978,PROD-000254,3,59.19,5.03
ITEM-000012391,ORD-00004979,PROD-000097,2,186.58,3.68
ITEM-000012392,ORD-00004979,PROD-000222,3,173.52,20.15
ITEM-000012393,ORD-00004979,PROD-000162,1,263.26,22.65
ITEM-000012394,ORD-00004980,PROD-000148,1,173.72,3.34
ITEM-000012395,ORD-00004980,PROD-000110,4,230.22,45.14
ITEM-000012396,ORD-00004980,PROD-000054,2,6.16,0.79
ITEM-000012397,ORD-00004981,PROD-000218,2,184.34,23.33
ITEM-000012398,ORD-00004981,PROD-000007,4,234.37,25.47
ITEM-000012399,ORD-00004981,PROD-000024,4,195.99,20.99
ITEM-000012400,ORD-00004982,PROD-000232,4,124.85,1.34
ITEM-000012401,ORD-00004982,PROD-000286,5,239.45,10.89
ITEM-000012402,ORD-00004982,PROD-000008,3,169.86,3.62
ITEM-000012403,ORD-00004983,PROD-000143,3,136.71,13.36
ITEM-000012404,ORD-00004983,PROD-000256,2,26.12,1.24
ITEM-000012405,ORD-00004983,PROD-000115,3,48.49,9.56
ITEM-000012406,ORD-00004984,PROD-000128,4,144.64,21.96
ITEM-000012407,ORD-00004984,PROD-000245,1,6.0,0.11
ITEM-000012408,ORD-00004984,PROD-000219,5,170.99,26.39
ITEM-000012409,ORD-00004984,PROD-000080,3,141.46,23.67
ITEM-000012410,ORD-00004985,PROD-000248,3,206.76,2.02
ITEM-000012411,ORD-00004986,PROD-000289,2,86.07,8.16
ITEM-000012412,ORD-00004987,PROD-000060,5,175.48,11.49
ITEM-000012413,ORD-00004988,PROD-000286,5,239.45,33.36
ITEM-000012414,ORD-00004988,PROD-000138,1,256.34,37.82
ITEM-000012415,ORD-00004988,PROD-000184,2,133.98,15.13
ITEM-000012416,ORD-00004988,PROD-000168,3,145.2,0.94
ITEM-000012417,ORD-00004989,PROD-000248,5,206.76,6.33
ITEM-000012418,ORD-00004989,PROD-000035,5,17.96,0.96
ITEM-000012419,ORD-00004989,PROD-000079,4,158.41,12.62
ITEM-000012420,ORD-00004990,PROD-000204,2,193.75,28.71
ITEM-000012421,ORD-00004991,PROD-000148,1,173.72,14.8
ITEM-000012422,ORD-00004991,PROD-000049,1,162.37,19.38
ITEM-000012423,ORD-00004992,PROD-000019,4,146.76,5.21
ITEM-000012424,ORD-00004992,PROD-000250,5,168.52,21.78
ITEM-000012425,ORD-00004992,PROD-000014,5,250.44,48.94
ITEM-000012426,ORD-00004993,PROD-000202,5,170.28,27.21
ITEM-000012427,ORD-00004994,PROD-000063,2,42.54,8.17
ITEM-000012428,ORD-00004995,PROD-000236,5,24.26,1.61
ITEM-000012429,ORD-00004996,PROD-000284,2,47.52,7.4
ITEM-000012430,ORD-00004996,PROD-000083,2,56.68,2.74
ITEM-000012431,ORD-00004997,PROD-000095,3,256.52,20.02
ITEM-000012432,ORD-00004998,PROD-000071,3,48.6,0.02
ITEM-000012433,ORD-00004998,PROD-000110,5,230.22,39.2
ITEM-000012434,ORD-00004998,PROD-000220,1,23.88,2.03
ITEM-000012435,ORD-00004998,PROD-000236,1,24.26,4.65
ITEM-000012436,ORD-00004999,PROD-000048,2,239.02,13.35
ITEM-000012437,ORD-00004999,PROD-000090,4,115.9,15.13
ITEM-000012438,ORD-00004999,PROD-000254,2,59.19,1.7
ITEM-000012439,ORD-00005000,PROD-000252,2,138.21,19.34
ITEM-000012440,ORD-00005000,PROD-000131,2,157.33,28.58
ITEM-000012441,ORD-00005000,PROD-000052,3,197.07,28.47
