payment_id,order_id,payment_method,payment_status,amount
PAY-00000001,ORD-00000001,CARD,APPROVED,138.49
PAY-00000002,ORD-00000002,CARD,APPROVED,43.13
PAY-00000003,ORD-00000003,TRANSFER,APPROVED,648.68
PAY-00000004,ORD-00000004,CASH,APPROVED,261.2
PAY-00000005,ORD-00000005,CASH,APPROVED,316.12
PAY-00000006,ORD-00000006,CASH,APPROVED,100.59
PAY-00000007,ORD-00000007,CARD,APPROVED,660.81
PAY-00000008,ORD-00000008,CARD,APPROVED,749.02
PAY-00000009,ORD-00000009,WALLET,APPROVED,76.56
PAY-00000010,ORD-00000010,CARD,APPROVED,771.96
PAY-00000011,ORD-00000011,CASH,APPROVED,753.19
PAY-00000012,ORD-00000012,CASH,APPROVED,619.94
PAY-00000013,ORD-00000013,CARD,APPROVED,159.61
PAY-00000014,ORD-00000014,CASH,APPROVED,301.99
PAY-00000015,ORD-00000015,WALLET,APPROVED,727.47
PAY-00000016,ORD-00000016,CASH,APPROVED,293.49
PAY-00000017,ORD-00000017,WALLET,APPROVED,138.57
PAY-00000018,ORD-00000018,TRANSFER,APPROVED,394.16
PAY-00000019,ORD-00000019,CARD,APPROVED,95.45
PAY-00000020,ORD-00000020,CASH,APPROVED,388.61
PAY-00000021,ORD-00000021,WALLET,APPROVED,874.4
PAY-00000022,ORD-00000022,TRANSFER,APPROVED,490.22
PAY-00000023,ORD-00000023,TRANSFER,APPROVED,154.97
PAY-00000024,ORD-00000024,TRANSFER,APPROVED,689.34
PAY-00000025,ORD-00000025,CARD,APPROVED,464.28
PAY-00000026,ORD-00000026,CARD,APPROVED,831.35
PAY-00000027,ORD-00000027,TRANSFER,APPROVED,114.0
PAY-00000028,ORD-00000028,TRANSFER,APPROVED,792.04
PAY-00000029,ORD-00000029,TRANSFER,APPROVED,880.52
PAY-00000030,ORD-00000030,WALLET,REFUNDED,0.0
PAY-00000031,ORD-00000031,WALLET,REJECTED,0.0
PAY-00000032,ORD-00000032,CARD,APPROVED,609.44
PAY-00000033,ORD-00000033,TRANSFER,APPROVED,213.86
PAY-00000034,ORD-00000034,TRANSFER,APPROVED,21.36
PAY-00000035,ORD-00000035,CASH,APPROVED,42.8
PAY-00000036,ORD-00000036,CARD,APPROVED,204.6
PAY-00000037,ORD-00000037,CARD,APPROVED,709.39
PAY-00000038,ORD-00000038,CASH,APPROVED,396.48
PAY-00000039,ORD-00000039,TRANSFER,APPROVED,885.99
PAY-00000040,ORD-00000040,CARD,APPROVED,111.7
PAY-00000041,ORD-00000041,CASH,APPROVED,261.51
PAY-00000042,ORD-00000042,CARD,APPROVED,772.53
PAY-00000043,ORD-00000043,WALLET,APPROVED,834.83
PAY-00000044,ORD-00000044,TRANSFER,APPROVED,204.17
PAY-00000045,ORD-00000045,CASH,APPROVED,360.52
PAY-00000046,ORD-00000046,TRANSFER,APPROVED,631.48
PAY-00000047,ORD-00000047,TRANSFER,APPROVED,445.7
PAY-00000048,ORD-00000048,CASH,APPROVED,68.95
PAY-00000049,ORD-00000049,TRANSFER,APPROVED,769.66
PAY-00000050,ORD-00000050,CARD,APPROVED,75.64
PAY-00000051,ORD-00000051,CASH,APPROVED,802.9
PAY-00000052,ORD-00000052,CASH,APPROVED,531.55
PAY-00000053,ORD-00000053,CASH,APPROVED,293.05
PAY-00000054,ORD-00000054,WALLET,APPROVED,837.18
PAY-00000055,ORD-00000055,WALLET,APPROVED,513.25
PAY-00000056,ORD-00000056,TRANSFER,APPROVED,840.93
PAY-00000057,ORD-00000057,CASH,APPROVED,154.61
PAY-00000058,ORD-00000058,TRANSFER,APPROVED,888.7
PAY-00000059,ORD-00000059,CARD,APPROVED,602.1
PAY-00000060,ORD-00000060,CASH,APPROVED,109.73
PAY-00000061,ORD-00000061,CARD,APPROVED,195.18
PAY-00000062,ORD-00000062,TRANSFER,APPROVED,818.72
PAY-00000063,ORD-00000063,WALLET,APPROVED,310.2
PAY-00000064,ORD-00000064,TRANSFER,APPROVED,393.5
PAY-00000065,ORD-00000065,CARD,APPROVED,753.62
PAY-00000066,ORD-00000066,CASH,APPROVED,337.72
PAY-00000067,ORD-00000067,TRANSFER,REFUNDED,0.0
PAY-00000068,ORD-00000068,WALLET,APPROVED,374.64
PAY-00000069,ORD-00000069,WALLET,APPROVED,732.53
PAY-00000070,ORD-00000070,CASH,APPROVED,308.98
PAY-00000071,ORD-00000071,TRANSFER,APPROVED,711.83
PAY-00000072,ORD-00000072,CASH,APPROVED,737.68
PAY-00000073,ORD-00000073,CASH,APPROVED,185.92
PAY-00000074,ORD-00000074,TRANSFER,APPROVED,465.82
PAY-00000075,ORD-00000075,WALLET,APPROVED,39.43
PAY-00000076,ORD-00000076,WALLET,APPROVED,885.44
PAY-00000077,ORD-00000077,TRANSFER,APPROVED,292.6
PAY-00000078,ORD-00000078,CASH,APPROVED,183.22
PAY-00000079,ORD-00000079,CARD,REJECTED,0.0
PAY-00000080,ORD-00000080,CARD,APPROVED,76.93
PAY-00000081,ORD-00000081,CARD,APPROVED,125.29
PAY-00000082,ORD-00000082,CASH,APPROVED,303.67
PAY-00000083,ORD-00000083,CASH,APPROVED,603.46
PAY-00000084,ORD-00000084,WALLET,APPROVED,499.92
PAY-00000085,ORD-00000085,CARD,APPROVED,551.9
PAY-00000086,ORD-00000086,WALLET,APPROVED,717.46
PAY-00000087,ORD-00000087,WALLET,APPROVED,266.15
PAY-00000088,ORD-00000088,WALLET,APPROVED,857.52
PAY-00000089,ORD-00000089,TRANSFER,APPROVED,55.9
PAY-00000090,ORD-00000090,CARD,APPROVED,799.23
PAY-00000091,ORD-00000091,CARD,APPROVED,230.93
PAY-00000092,ORD-00000092,TRANSFER,APPROVED,208.67
PAY-00000093,ORD-00000093,TRANSFER,APPROVED,508.3
PAY-00000094,ORD-00000094,CARD,APPROVED,426.21
PAY-00000095,ORD-00000095,CASH,APPROVED,803.91
PAY-00000096,ORD-00000096,WALLET,APPROVED,499.87
PAY-00000097,ORD-00000097,CARD,APPROVED,680.32
PAY-00000098,ORD-00000098,TRANSFER,APPROVED,226.73
PAY-00000099,ORD-00000099,CASH,APPROVED,297.94
PAY-00000100,ORD-00000100,CARD,APPROVED,150.23
PAY-00000101,ORD-00000101,TRANSFER,APPROVED,382.96
PAY-00000102,ORD-00000102,CASH,REFUNDED,0.0
PAY-00000103,ORD-00000103,CASH,APPROVED,849.33
PAY-00000104,ORD-00000104,TRANSFER,APPROVED,498.33
PAY-00000105,ORD-00000105,CASH,APPROVED,444.79
PAY-00000106,ORD-00000106,CARD,APPROVED,758.85
PAY-00000107,ORD-00000107,TRANSFER,APPROVED,363.71
PAY-00000108,ORD-00000108,WALLET,APPROVED,423.6
PAY-00000109,ORD-00000109,CARD,APPROVED,313.69
PAY-00000110,ORD-00000110,CARD,APPROVED,87.49
PAY-00000111,ORD-00000111,TRANSFER,APPROVED,75.73
PAY-00000112,ORD-00000112,TRANSFER,REFUNDED,0.0
PAY-00000113,ORD-00000113,CASH,APPROVED,116.23
PAY-00000114,ORD-00000114,CARD,APPROVED,163.49
PAY-00000115,ORD-00000115,CASH,APPROVED,159.93
PAY-00000116,ORD-00000116,CARD,APPROVED,818.6
PAY-00000117,ORD-00000117,CARD,APPROVED,626.19
PAY-00000118,ORD-00000118,WALLET,APPROVED,546.36
PAY-00000119,ORD-00000119,CARD,APPROVED,600.45
PAY-00000120,ORD-00000120,CASH,APPROVED,742.76
PAY-00000121,ORD-00000121,CASH,APPROVED,400.41
PAY-00000122,ORD-00000122,WALLET,APPROVED,828.86
PAY-00000123,ORD-00000123,CASH,APPROVED,539.34
PAY-00000124,ORD-00000124,WALLET,APPROVED,230.82
PAY-00000125,ORD-00000125,CASH,APPROVED,452.46
PAY-00000126,ORD-00000126,CASH,APPROVED,316.2
PAY-00000127,ORD-00000127,TRANSFER,APPROVED,472.22
PAY-00000128,ORD-00000128,WALLET,APPROVED,685.98
PAY-00000129,ORD-00000129,TRANSFER,APPROVED,30.26
PAY-00000130,ORD-00000130,WALLET,APPROVED,529.68
PAY-00000131,ORD-00000131,WALLET,REFUNDED,0.0
PAY-00000132,ORD-00000132,CARD,APPROVED,121.78
PAY-00000133,ORD-00000133,CARD,APPROVED,625.79
PAY-00000134,ORD-00000134,TRANSFER,APPROVED,879.3
PAY-00000135,ORD-00000135,CARD,APPROVED,334.38
PAY-00000136,ORD-00000136,CASH,APPROVED,877.25
PAY-00000137,ORD-00000137,CASH,APPROVED,25.85
PAY-00000138,ORD-00000138,CARD,APPROVED,60.47
PAY-00000139,ORD-00000139,CARD,APPROVED,369.63
PAY-00000140,ORD-00000140,CARD,APPROVED,732.86
PAY-00000141,ORD-00000141,CASH,APPROVED,691.53
PAY-00000142,ORD-00000142,CARD,APPROVED,351.63
PAY-00000143,ORD-00000143,TRANSFER,REFUNDED,0.0
PAY-00000144,ORD-00000144,CASH,APPROVED,198.89
PAY-00000145,ORD-00000145,TRANSFER,APPROVED,503.51
PAY-00000146,ORD-00000146,WALLET,APPROVED,219.86
PAY-00000147,ORD-00000147,CASH,APPROVED,221.58
PAY-00000148,ORD-00000148,CASH,APPROVED,841.3
PAY-00000149,ORD-00000149,WALLET,REFUNDED,0.0
PAY-00000150,ORD-00000150,WALLET,APPROVED,403.65
PAY-00000151,ORD-00000151,CASH,REFUNDED,0.0
PAY-00000152,ORD-00000152,WALLET,APPROVED,665.06
PAY-00000153,ORD-00000153,WALLET,APPROVED,754.82
PAY-00000154,ORD-00000154,WALLET,APPROVED,690.35
PAY-00000155,ORD-00000155,CARD,REFUNDED,0.0
PAY-00000156,ORD-00000156,CARD,APPROVED,376.39
PAY-00000157,ORD-00000157,CARD,APPROVED,453.49
PAY-00000158,ORD-00000158,WALLET,APPROVED,92.93
PAY-00000159,ORD-00000159,TRANSFER,APPROVED,16.02
PAY-00000160,ORD-00000160,CARD,APPROVED,473.82
PAY-00000161,ORD-00000161,CASH,APPROVED,195.15
PAY-00000162,ORD-00000162,WALLET,APPROVED,443.97
PAY-00000163,ORD-00000163,CASH,APPROVED,290.01
PAY-00000164,ORD-00000164,TRANSFER,APPROVED,822.94
PAY-00000165,ORD-00000165,WALLET,APPROVED,649.19
PAY-00000166,ORD-00000166,CARD,APPROVED,230.7
PAY-00000167,ORD-00000167,WALLET,APPROVED,135.81
PAY-00000168,ORD-00000168,CARD,REFUNDED,0.0
PAY-00000169,ORD-00000169,CARD,APPROVED,528.23
PAY-00000170,ORD-00000170,CARD,APPROVED,443.64
PAY-00000171,ORD-00000171,CARD,APPROVED,299.77
PAY-00000172,ORD-00000172,CASH,APPROVED,772.57
PAY-00000173,ORD-00000173,CASH,APPROVED,733.1
PAY-00000174,ORD-00000174,WALLET,APPROVED,47.76
PAY-00000175,ORD-00000175,WALLET,APPROVED,404.67
PAY-00000176,ORD-00000176,WALLET,APPROVED,594.48
PAY-00000177,ORD-00000177,CASH,APPROVED,366.77
PAY-00000178,ORD-00000178,WALLET,APPROVED,295.25
PAY-00000179,ORD-00000179,CARD,APPROVED,46.77
PAY-00000180,ORD-00000180,CARD,APPROVED,675.89
PAY-00000181,ORD-00000181,WALLET,APPROVED,629.19
PAY-00000182,ORD-00000182,TRANSFER,APPROVED,274.63
PAY-00000183,ORD-00000183,WALLET,APPROVED,618.39
PAY-00000184,ORD-00000184,TRANSFER,APPROVED,228.13
PAY-00000185,ORD-00000185,WALLET,APPROVED,239.77
PAY-00000186,ORD-00000186,WALLET,APPROVED,154.81
PAY-00000187,ORD-00000187,CASH,APPROVED,390.51
PAY-00000188,ORD-00000188,CASH,APPROVED,770.2
PAY-00000189,ORD-00000189,CARD,APPROVED,893.53
PAY-00000190,ORD-00000190,CARD,APPROVED,515.85
PAY-00000191,ORD-00000191,CARD,REFUNDED,0.0
PAY-00000192,ORD-00000192,CARD,APPROVED,218.65
PAY-00000193,ORD-00000193,WALLET,APPROVED,614.82
PAY-00000194,ORD-00000194,CASH,APPROVED,814.51
PAY-00000195,ORD-00000195,CARD,APPROVED,663.14
PAY-00000196,ORD-00000196,CARD,APPROVED,131.96
PAY-00000197,ORD-00000197,CASH,APPROVED,256.19
PAY-00000198,ORD-00000198,CARD,APPROVED,314.76
PAY-00000199,ORD-00000199,CARD,APPROVED,214.67
PAY-00000200,ORD-00000200,CASH,REJECTED,0.0
PAY-00000201,ORD-00000201,WALLET,APPROVED,124.38
PAY-00000202,ORD-00000202,CARD,APPROVED,742.84
PAY-00000203,ORD-00000203,CASH,APPROVED,563.3
PAY-00000204,ORD-00000204,CARD,APPROVED,577.33
PAY-00000205,ORD-00000205,CARD,APPROVED,55.13
PAY-00000206,ORD-00000206,WALLET,APPROVED,490.73
PAY-00000207,ORD-00000207,TRANSFER,APPROVED,671.91
PAY-00000208,ORD-00000208,TRANSFER,APPROVED,559.85
PAY-00000209,ORD-00000209,CASH,APPROVED,207.28
PAY-00000210,ORD-00000210,TRANSFER,REJECTED,0.0
PAY-00000211,ORD-00000211,CASH,APPROVED,259.16
PAY-00000212,ORD-00000212,TRANSFER,APPROVED,202.71
PAY-00000213,ORD-00000213,WALLET,APPROVED,230.56
PAY-00000214,ORD-00000214,CASH,APPROVED,505.47
PAY-00000215,ORD-00000215,TRANSFER,APPROVED,712.95
PAY-00000216,ORD-00000216,WALLET,APPROVED,721.68
PAY-00000217,ORD-00000217,TRANSFER,APPROVED,714.14
PAY-00000218,ORD-00000218,CARD,APPROVED,127.18
PAY-00000219,ORD-00000219,CARD,APPROVED,703.55
PAY-00000220,ORD-00000220,WALLET,APPROVED,559.37
PAY-00000221,ORD-00000221,CARD,APPROVED,584.36
PAY-00000222,ORD-00000222,CARD,APPROVED,448.89
PAY-00000223,ORD-00000223,CASH,APPROVED,146.28
PAY-00000224,ORD-00000224,TRANSFER,APPROVED,302.79
PAY-00000225,ORD-00000225,CASH,APPROVED,550.8
PAY-00000226,ORD-00000226,TRANSFER,APPROVED,205.3
PAY-00000227,ORD-00000227,CARD,APPROVED,367.88
PAY-00000228,ORD-00000228,CASH,APPROVED,240.58
PAY-00000229,ORD-00000229,TRANSFER,APPROVED,751.12
PAY-00000230,ORD-00000230,TRANSFER,APPROVED,507.39
PAY-00000231,ORD-00000231,CASH,APPROVED,378.57
PAY-00000232,ORD-00000232,WALLET,APPROVED,653.14
PAY-00000233,ORD-00000233,TRANSFER,APPROVED,526.46
PAY-00000234,ORD-00000234,CARD,APPROVED,324.85
PAY-00000235,ORD-00000235,TRANSFER,APPROVED,394.76
PAY-00000236,ORD-00000236,CARD,APPROVED,837.24
PAY-00000237,ORD-00000237,CASH,APPROVED,636.89
PAY-00000238,ORD-00000238,TRANSFER,APPROVED,141.78
PAY-00000239,ORD-00000239,CARD,APPROVED,875.05
PAY-00000240,ORD-00000240,CARD,APPROVED,316.69
PAY-00000241,ORD-00000241,CASH,APPROVED,796.76
PAY-00000242,ORD-00000242,TRANSFER,APPROVED,255.81
PAY-00000243,ORD-00000243,TRANSFER,APPROVED,205.78
PAY-00000244,ORD-00000244,CASH,APPROVED,615.46
PAY-00000245,ORD-00000245,TRANSFER,APPROVED,886.23
PAY-00000246,ORD-00000246,CASH,APPROVED,691.28
PAY-00000247,ORD-00000247,TRANSFER,APPROVED,170.49
PAY-00000248,ORD-00000248,WALLET,APPROVED,606.22
PAY-00000249,ORD-00000249,TRANSFER,APPROVED,421.88
PAY-00000250,ORD-00000250,CARD,APPROVED,642.91
PAY-00000251,ORD-00000251,WALLET,APPROVED,167.11
PAY-00000252,ORD-00000252,TRANSFER,APPROVED,762.37
PAY-00000253,ORD-00000253,CARD,APPROVED,785.41
PAY-00000254,ORD-00000254,CARD,APPROVED,82.6
PAY-00000255,ORD-00000255,CASH,APPROVED,324.2
PAY-00000256,ORD-00000256,TRANSFER,APPROVED,144.6
PAY-00000257,ORD-00000257,CASH,APPROVED,698.97
PAY-00000258,ORD-00000258,WALLET,APPROVED,832.88
PAY-00000259,ORD-00000259,WALLET,APPROVED,570.09
PAY-00000260,ORD-00000260,CARD,APPROVED,719.75
PAY-00000261,ORD-00000261,CARD,APPROVED,414.94
PAY-00000262,ORD-00000262,CARD,APPROVED,879.97
PAY-00000263,ORD-00000263,CASH,APPROVED,505.57
PAY-00000264,ORD-00000264,CARD,APPROVED,731.69
PAY-00000265,ORD-00000265,TRANSFER,APPROVED,862.58
PAY-00000266,ORD-00000266,CASH,APPROVED,167.71
PAY-00000267,ORD-00000267,WALLET,APPROVED,155.49
PAY-00000268,ORD-00000268,CASH,APPROVED,615.82
PAY-00000269,ORD-00000269,CARD,APPROVED,98.64
PAY-00000270,ORD-00000270,TRANSFER,APPROVED,596.06
PAY-00000271,ORD-00000271,TRANSFER,APPROVED,530.72
PAY-00000272,ORD-00000272,CARD,APPROVED,642.32
PAY-00000273,ORD-00000273,TRANSFER,APPROVED,608.05
PAY-00000274,ORD-00000274,CASH,APPROVED,608.35
PAY-00000275,ORD-00000275,CASH,APPROVED,204.56
PAY-00000276,ORD-00000276,CARD,APPROVED,136.75
PAY-00000277,ORD-00000277,TRANSFER,APPROVED,754.08
PAY-00000278,ORD-00000278,WALLET,APPROVED,561.96
PAY-00000279,ORD-00000279,CASH,APPROVED,697.42
PAY-00000280,ORD-00000280,CASH,APPROVED,337.4
PAY-00000281,ORD-00000281,CASH,APPROVED,680.87
PAY-00000282,ORD-00000282,CASH,APPROVED,869.55
PAY-00000283,ORD-00000283,WALLET,APPROVED,853.21
PAY-00000284,ORD-00000284,CARD,APPROVED,460.07
PAY-00000285,ORD-00000285,CASH,APPROVED,61.18
PAY-00000286,ORD-00000286,TRANSFER,APPROVED,471.58
PAY-00000287,ORD-00000287,WALLET,APPROVED,469.32
PAY-00000288,ORD-00000288,CASH,APPROVED,797.9
PAY-00000289,ORD-00000289,TRANSFER,APPROVED,345.96
PAY-00000290,ORD-00000290,CASH,APPROVED,838.78
PAY-00000291,ORD-00000291,CARD,APPROVED,136.78
PAY-00000292,ORD-00000292,WALLET,APPROVED,430.16
PAY-00000293,ORD-00000293,CARD,APPROVED,753.94
PAY-00000294,ORD-00000294,WALLET,APPROVED,701.91
PAY-00000295,ORD-00000295,CASH,APPROVED,717.6
PAY-00000296,ORD-00000296,CASH,APPROVED,471.11
PAY-00000297,ORD-00000297,WALLET,APPROVED,327.24
PAY-00000298,ORD-00000298,TRANSFER,APPROVED,334.13
PAY-00000299,ORD-00000299,TRANSFER,APPROVED,464.25
PAY-00000300,ORD-00000300,CASH,APPROVED,883.22
PAY-00000301,ORD-00000301,CASH,APPROVED,663.65
PAY-00000302,ORD-00000302,CARD,APPROVED,326.78
PAY-00000303,ORD-00000303,WALLET,REJECTED,0.0
PAY-00000304,ORD-00000304,TRANSFER,APPROVED,193.41
PAY-00000305,ORD-00000305,TRANSFER,APPROVED,289.42
PAY-00000306,ORD-00000306,CARD,APPROVED,681.66
PAY-00000307,ORD-00000307,TRANSFER,APPROVED,722.42
PAY-00000308,ORD-00000308,WALLET,APPROVED,357.18
PAY-00000309,ORD-00000309,TRANSFER,APPROVED,720.6
PAY-00000310,ORD-00000310,CARD,APPROVED,548.17
PAY-00000311,ORD-00000311,CARD,APPROVED,85.86
PAY-00000312,ORD-00000312,TRANSFER,APPROVED,392.11
PAY-00000313,ORD-00000313,CASH,APPROVED,784.98
PAY-00000314,ORD-00000314,TRANSFER,APPROVED,579.2
PAY-00000315,ORD-00000315,WALLET,APPROVED,141.36
PAY-00000316,ORD-00000316,TRANSFER,APPROVED,223.86
PAY-00000317,ORD-00000317,TRANSFER,APPROVED,150.79
PAY-00000318,ORD-00000318,WALLET,APPROVED,522.92
PAY-00000319,ORD-00000319,CARD,APPROVED,115.4
PAY-00000320,ORD-00000320,WALLET,APPROVED,512.08
PAY-00000321,ORD-00000321,CASH,APPROVED,556.51
PAY-00000322,ORD-00000322,TRANSFER,APPROVED,769.75
PAY-00000323,ORD-00000323,WALLET,APPROVED,732.3
PAY-00000324,ORD-00000324,CARD,APPROVED,501.75
PAY-00000325,ORD-00000325,CASH,APPROVED,465.25
PAY-00000326,ORD-00000326,TRANSFER,APPROVED,38.26
PAY-00000327,ORD-00000327,WALLET,APPROVED,797.56
PAY-00000328,ORD-00000328,CARD,APPROVED,695.71
PAY-00000329,ORD-00000329,TRANSFER,REFUNDED,0.0
PAY-00000330,ORD-00000330,TRANSFER,APPROVED,748.71
PAY-00000331,ORD-00000331,CARD,APPROVED,820.98
PAY-00000332,ORD-00000332,TRANSFER,APPROVED,158.34
PAY-00000333,ORD-00000333,WALLET,REJECTED,0.0
PAY-00000334,ORD-00000334,TRANSFER,APPROVED,502.49
PAY-00000335,ORD-00000335,WALLET,APPROVED,582.27
PAY-00000336,ORD-00000336,TRANSFER,APPROVED,652.76
PAY-00000337,ORD-00000337,CASH,APPROVED,40.11
PAY-00000338,ORD-00000338,CASH,APPROVED,693.76
PAY-00000339,ORD-00000339,WALLET,APPROVED,497.84
PAY-00000340,ORD-00000340,CASH,APPROVED,621.22
PAY-00000341,ORD-00000341,TRANSFER,APPROVED,382.83
PAY-00000342,ORD-00000342,WALLET,APPROVED,650.75
PAY-00000343,ORD-00000343,CARD,REJECTED,0.0
PAY-00000344,ORD-00000344,TRANSFER,APPROVED,123.43
PAY-00000345,ORD-00000345,TRANSFER,APPROVED,354.97
PAY-00000346,ORD-00000346,TRANSFER,APPROVED,653.2
PAY-00000347,ORD-00000347,WALLET,APPROVED,792.98
PAY-00000348,ORD-00000348,WALLET,APPROVED,228.04
PAY-00000349,ORD-00000349,WALLET,APPROVED,795.87
PAY-00000350,ORD-00000350,CASH,APPROVED,764.75
PAY-00000351,ORD-00000351,WALLET,APPROVED,338.85
PAY-00000352,ORD-00000352,CASH,APPROVED,270.41
PAY-00000353,ORD-00000353,CARD,APPROVED,566.57
PAY-00000354,ORD-00000354,TRANSFER,APPROVED,888.31
PAY-00000355,ORD-00000355,TRANSFER,APPROVED,370.23
PAY-00000356,ORD-00000356,CARD,APPROVED,474.61
PAY-00000357,ORD-00000357,CASH,APPROVED,557.57
PAY-00000358,ORD-00000358,TRANSFER,APPROVED,463.97
PAY-00000359,ORD-00000359,CASH,APPROVED,736.94
PAY-00000360,ORD-00000360,CASH,APPROVED,720.13
PAY-00000361,ORD-00000361,CASH,APPROVED,249.99
PAY-00000362,ORD-00000362,CARD,APPROVED,653.44
PAY-00000363,ORD-00000363,CARD,APPROVED,617.44
PAY-00000364,ORD-00000364,CASH,APPROVED,405.32
PAY-00000365,ORD-00000365,WALLET,APPROVED,700.85
PAY-00000366,ORD-00000366,CARD,APPROVED,474.03
PAY-00000367,ORD-00000367,WALLET,APPROVED,861.67
PAY-00000368,ORD-00000368,WALLET,APPROVED,698.21
PAY-00000369,ORD-00000369,CASH,APPROVED,185.15
PAY-00000370,ORD-00000370,WALLET,REFUNDED,0.0
PAY-00000371,ORD-00000371,WALLET,APPROVED,447.77
PAY-00000372,ORD-00000372,WALLET,APPROVED,522.53
PAY-00000373,ORD-00000373,CARD,APPROVED,727.09
PAY-00000374,ORD-00000374,CARD,APPROVED,406.5
PAY-00000375,ORD-00000375,WALLET,APPROVED,254.95
PAY-00000376,ORD-00000376,CASH,APPROVED,534.34
PAY-00000377,ORD-00000377,CASH,APPROVED,61.45
PAY-00000378,ORD-00000378,WALLET,APPROVED,136.66
PAY-00000379,ORD-00000379,CARD,APPROVED,842.5
PAY-00000380,ORD-00000380,CASH,APPROVED,269.21
PAY-00000381,ORD-00000381,CARD,APPROVED,668.74
PAY-00000382,ORD-00000382,WALLET,APPROVED,756.28
PAY-00000383,ORD-00000383,CASH,APPROVED,179.89
PAY-00000384,ORD-00000384,WALLET,APPROVED,23.2
PAY-00000385,ORD-00000385,TRANSFER,APPROVED,582.56
PAY-00000386,ORD-00000386,WALLET,APPROVED,185.64
PAY-00000387,ORD-00000387,WALLET,APPROVED,650.96
PAY-00000388,ORD-00000388,WALLET,APPROVED,185.95
PAY-00000389,ORD-00000389,CASH,APPROVED,91.76
PAY-00000390,ORD-00000390,WALLET,APPROVED,843.21
PAY-00000391,ORD-00000391,WALLET,APPROVED,859.32
PAY-00000392,ORD-00000392,TRANSFER,APPROVED,333.2
PAY-00000393,ORD-00000393,CASH,APPROVED,373.79
PAY-00000394,ORD-00000394,TRANSFER,APPROVED,580.26
PAY-00000395,ORD-00000395,WALLET,APPROVED,133.21
PAY-00000396,ORD-00000396,CASH,APPROVED,501.07
PAY-00000397,ORD-00000397,TRANSFER,APPROVED,617.1
PAY-00000398,ORD-00000398,WALLET,APPROVED,637.83
PAY-00000399,ORD-00000399,CARD,APPROVED,814.06
PAY-00000400,ORD-00000400,TRANSFER,APPROVED,475.5
PAY-00000401,ORD-00000401,CASH,APPROVED,810.52
PAY-00000402,ORD-00000402,TRANSFER,APPROVED,419.27
PAY-00000403,ORD-00000403,TRANSFER,APPROVED,365.41
PAY-00000404,ORD-00000404,TRANSFER,APPROVED,55.08
PAY-00000405,ORD-00000405,CARD,REFUNDED,0.0
PAY-00000406,ORD-00000406,CASH,APPROVED,695.54
PAY-00000407,ORD-00000407,CASH,APPROVED,803.83
PAY-00000408,ORD-00000408,CASH,APPROVED,868.27
PAY-00000409,ORD-00000409,WALLET,APPROVED,893.67
PAY-00000410,ORD-00000410,CASH,APPROVED,684.22
PAY-00000411,ORD-00000411,CASH,APPROVED,350.66
PAY-00000412,ORD-00000412,CARD,APPROVED,844.61
PAY-00000413,ORD-00000413,WALLET,APPROVED,386.03
PAY-00000414,ORD-00000414,WALLET,APPROVED,74.55
PAY-00000415,ORD-00000415,TRANSFER,APPROVED,54.15
PAY-00000416,ORD-00000416,WALLET,APPROVED,894.23
PAY-00000417,ORD-00000417,WALLET,APPROVED,544.16
PAY-00000418,ORD-00000418,CARD,APPROVED,141.79
PAY-00000419,ORD-00000419,CASH,APPROVED,68.95
PAY-00000420,ORD-00000420,WALLET,APPROVED,393.07
PAY-00000421,ORD-00000421,WALLET,APPROVED,297.08
PAY-00000422,ORD-00000422,CARD,APPROVED,491.07
PAY-00000423,ORD-00000423,WALLET,APPROVED,824.55
PAY-00000424,ORD-00000424,WALLET,APPROVED,358.75
PAY-00000425,ORD-00000425,TRANSFER,APPROVED,764.71
PAY-00000426,ORD-00000426,TRANSFER,APPROVED,611.2
PAY-00000427,ORD-00000427,WALLET,APPROVED,535.01
PAY-00000428,ORD-00000428,WALLET,APPROVED,817.72
PAY-00000429,ORD-00000429,CASH,REJECTED,0.0
PAY-00000430,ORD-00000430,WALLET,APPROVED,637.84
PAY-00000431,ORD-00000431,CASH,APPROVED,351.89
PAY-00000432,ORD-00000432,TRANSFER,APPROVED,796.29
PAY-00000433,ORD-00000433,WALLET,APPROVED,298.41
PAY-00000434,ORD-00000434,WALLET,APPROVED,210.83
PAY-00000435,ORD-00000435,CARD,APPROVED,384.56
PAY-00000436,ORD-00000436,WALLET,APPROVED,232.47
PAY-00000437,ORD-00000437,TRANSFER,APPROVED,742.11
PAY-00000438,ORD-00000438,WALLET,APPROVED,663.5
PAY-00000439,ORD-00000439,CASH,APPROVED,826.46
PAY-00000440,ORD-00000440,WALLET,APPROVED,764.33
PAY-00000441,ORD-00000441,CASH,APPROVED,379.97
PAY-00000442,ORD-00000442,CARD,APPROVED,23.09
PAY-00000443,ORD-00000443,WALLET,APPROVED,28.92
PAY-00000444,ORD-00000444,CARD,APPROVED,258.15
PAY-00000445,ORD-00000445,CARD,APPROVED,611.52
PAY-00000446,ORD-00000446,WALLET,APPROVED,100.24
PAY-00000447,ORD-00000447,CASH,APPROVED,328.68
PAY-00000448,ORD-00000448,CASH,REFUNDED,0.0
PAY-00000449,ORD-00000449,CARD,APPROVED,765.36
PAY-00000450,ORD-00000450,TRANSFER,APPROVED,350.65
PAY-00000451,ORD-00000451,WALLET,APPROVED,88.18
PAY-00000452,ORD-00000452,TRANSFER,APPROVED,774.29
PAY-00000453,ORD-00000453,CASH,APPROVED,783.28
PAY-00000454,ORD-00000454,WALLET,APPROVED,80.8
PAY-00000455,ORD-00000455,TRANSFER,APPROVED,44.12
PAY-00000456,ORD-00000456,WALLET,APPROVED,534.53
PAY-00000457,ORD-00000457,WALLET,APPROVED,279.86
PAY-00000458,ORD-00000458,TRANSFER,APPROVED,683.71
PAY-00000459,ORD-00000459,CARD,APPROVED,877.28
PAY-00000460,ORD-00000460,WALLET,APPROVED,695.57
PAY-00000461,ORD-00000461,CARD,APPROVED,256.89
PAY-00000462,ORD-00000462,CARD,APPROVED,847.91
PAY-00000463,ORD-00000463,TRANSFER,APPROVED,562.48
PAY-00000464,ORD-00000464,CASH,APPROVED,151.49
PAY-00000465,ORD-00000465,CARD,APPROVED,295.26
PAY-00000466,ORD-00000466,CARD,APPROVED,253.74
PAY-00000467,ORD-00000467,CARD,APPROVED,468.51
PAY-00000468,ORD-00000468,CASH,APPROVED,544.27
PAY-00000469,ORD-00000469,CASH,APPROVED,704.56
PAY-00000470,ORD-00000470,CARD,APPROVED,165.08
PAY-00000471,ORD-00000471,CASH,APPROVED,144.15
PAY-00000472,ORD-00000472,CASH,APPROVED,83.08
PAY-00000473,ORD-00000473,CASH,APPROVED,188.06
PAY-00000474,ORD-00000474,WALLET,APPROVED,563.87
PAY-00000475,ORD-00000475,CARD,APPROVED,736.7
PAY-00000476,ORD-00000476,CASH,APPROVED,548.84
PAY-00000477,ORD-00000477,WALLET,APPROVED,367.44
PAY-00000478,ORD-00000478,TRANSFER,REJECTED,0.0
PAY-00000479,ORD-00000479,CASH,APPROVED,514.01
PAY-00000480,ORD-00000480,CARD,APPROVED,658.58
PAY-00000481,ORD-00000481,CASH,APPROVED,750.68
PAY-00000482,ORD-00000482,TRANSFER,APPROVED,283.01
PAY-00000483,ORD-00000483,CARD,APPROVED,80.46
PAY-00000484,ORD-00000484,CARD,APPROVED,463.35
PAY-00000485,ORD-00000485,TRANSFER,APPROVED,714.79
PAY-00000486,ORD-00000486,WALLET,APPROVED,234.68
PAY-00000487,ORD-00000487,WALLET,APPROVED,585.85
PAY-00000488,ORD-00000488,CASH,APPROVED,102.27
PAY-00000489,ORD-00000489,CARD,APPROVED,524.08
PAY-00000490,ORD-00000490,CASH,APPROVED,148.41
PAY-00000491,ORD-00000491,CARD,APPROVED,829.68
PAY-00000492,ORD-00000492,TRANSFER,APPROVED,318.61
PAY-00000493,ORD-00000493,CARD,APPROVED,101.4
PAY-00000494,ORD-00000494,CARD,APPROVED,54.54
PAY-00000495,ORD-00000495,TRANSFER,APPROVED,614.27
PAY-00000496,ORD-00000496,WALLET,APPROVED,156.72
PAY-00000497,ORD-00000497,TRANSFER,APPROVED,572.34
PAY-00000498,ORD-00000498,CARD,APPROVED,558.48
PAY-00000499,ORD-00000499,TRANSFER,APPROVED,205.09
PAY-00000500,ORD-00000500,CARD,APPROVED,786.7
PAY-00000501,ORD-00000501,WALLET,APPROVED,608.57
PAY-00000502,ORD-00000502,WALLET,APPROVED,556.01
PAY-00000503,ORD-00000503,CARD,APPROVED,735.16
PAY-00000504,ORD-00000504,WALLET,APPROVED,133.54
PAY-00000505,ORD-00000505,TRANSFER,APPROVED,140.1
PAY-00000506,ORD-00000506,WALLET,APPROVED,179.39
PAY-00000507,ORD-00000507,CASH,APPROVED,448.33
PAY-00000508,ORD-00000508,WALLET,APPROVED,857.38
PAY-00000509,ORD-00000509,CASH,APPROVED,453.05
PAY-00000510,ORD-00000510,TRANSFER,APPROVED,88.16
PAY-00000511,ORD-00000511,WALLET,APPROVED,213.99
PAY-00000512,ORD-00000512,WALLET,APPROVED,692.84
PAY-00000513,ORD-00000513,WALLET,APPROVED,495.65
PAY-00000514,ORD-00000514,TRANSFER,APPROVED,405.61
PAY-00000515,ORD-00000515,TRANSFER,APPROVED,899.39
PAY-00000516,ORD-00000516,CASH,APPROVED,118.89
PAY-00000517,ORD-00000517,CARD,APPROVED,777.03
PAY-00000518,ORD-00000518,TRANSFER,APPROVED,734.97
PAY-00000519,ORD-00000519,WALLET,APPROVED,543.22
PAY-00000520,ORD-00000520,CASH,APPROVED,857.87
PAY-00000521,ORD-00000521,WALLET,APPROVED,678.83
PAY-00000522,ORD-00000522,WALLET,APPROVED,132.43
PAY-00000523,ORD-00000523,TRANSFER,APPROVED,526.02
PAY-00000524,ORD-00000524,CARD,APPROVED,718.22
PAY-00000525,ORD-00000525,WALLET,APPROVED,629.81
PAY-00000526,ORD-00000526,TRANSFER,APPROVED,17.19
PAY-00000527,ORD-00000527,CASH,APPROVED,420.73
PAY-00000528,ORD-00000528,WALLET,APPROVED,366.98
PAY-00000529,ORD-00000529,CASH,APPROVED,300.74
PAY-00000530,ORD-00000530,TRANSFER,APPROVED,444.52
PAY-00000531,ORD-00000531,TRANSFER,APPROVED,708.74
PAY-00000532,ORD-00000532,TRANSFER,APPROVED,892.78
PAY-00000533,ORD-00000533,TRANSFER,APPROVED,840.46
PAY-00000534,ORD-00000534,TRANSFER,APPROVED,603.09
PAY-00000535,ORD-00000535,CARD,APPROVED,683.38
PAY-00000536,ORD-00000536,CASH,APPROVED,436.97
PAY-00000537,ORD-00000537,CARD,APPROVED,630.6
PAY-00000538,ORD-00000538,CASH,APPROVED,437.76
PAY-00000539,ORD-00000539,WALLET,APPROVED,340.29
PAY-00000540,ORD-00000540,WALLET,APPROVED,513.51
PAY-00000541,ORD-00000541,CASH,APPROVED,570.85
PAY-00000542,ORD-00000542,WALLET,APPROVED,91.72
PAY-00000543,ORD-00000543,WALLET,APPROVED,326.11
PAY-00000544,ORD-00000544,WALLET,APPROVED,89.56
PAY-00000545,ORD-00000545,CARD,APPROVED,626.07
PAY-00000546,ORD-00000546,CARD,APPROVED,552.13
PAY-00000547,ORD-00000547,TRANSFER,APPROVED,717.49
PAY-00000548,ORD-00000548,CASH,APPROVED,540.63
PAY-00000549,ORD-00000549,WALLET,APPROVED,776.82
PAY-00000550,ORD-00000550,CASH,APPROVED,859.69
PAY-00000551,ORD-00000551,TRANSFER,APPROVED,247.03
PAY-00000552,ORD-00000552,TRANSFER,APPROVED,645.68
PAY-00000553,ORD-00000553,WALLET,APPROVED,489.86
PAY-00000554,ORD-00000554,TRANSFER,APPROVED,830.02
PAY-00000555,ORD-00000555,WALLET,APPROVED,534.0
PAY-00000556,ORD-00000556,TRANSFER,APPROVED,402.18
PAY-00000557,ORD-00000557,TRANSFER,APPROVED,833.3
PAY-00000558,ORD-00000558,WALLET,APPROVED,671.4
PAY-00000559,ORD-00000559,TRANSFER,APPROVED,635.83
PAY-00000560,ORD-00000560,TRANSFER,APPROVED,742.92
PAY-00000561,ORD-00000561,TRANSFER,APPROVED,119.48
PAY-00000562,ORD-00000562,CASH,APPROVED,71.53
PAY-00000563,ORD-00000563,CARD,APPROVED,467.04
PAY-00000564,ORD-00000564,CASH,APPROVED,240.78
PAY-00000565,ORD-00000565,TRANSFER,APPROVED,465.31
PAY-00000566,ORD-00000566,CARD,APPROVED,337.12
PAY-00000567,ORD-00000567,CASH,APPROVED,823.84
PAY-00000568,ORD-00000568,CASH,APPROVED,383.39
PAY-00000569,ORD-00000569,CASH,APPROVED,120.67
PAY-00000570,ORD-00000570,WALLET,APPROVED,471.46
PAY-00000571,ORD-00000571,TRANSFER,APPROVED,699.57
PAY-00000572,ORD-00000572,TRANSFER,APPROVED,192.59
PAY-00000573,ORD-00000573,CARD,APPROVED,538.65
PAY-00000574,ORD-00000574,CASH,APPROVED,231.94
PAY-00000575,ORD-00000575,TRANSFER,APPROVED,577.81
PAY-00000576,ORD-00000576,CASH,APPROVED,596.71
PAY-00000577,ORD-00000577,TRANSFER,APPROVED,483.89
PAY-00000578,ORD-00000578,CASH,APPROVED,97.33
PAY-00000579,ORD-00000579,TRANSFER,APPROVED,807.59
PAY-00000580,ORD-00000580,CARD,APPROVED,133.16
PAY-00000581,ORD-00000581,CASH,APPROVED,399.96
PAY-00000582,ORD-00000582,TRANSFER,APPROVED,293.78
PAY-00000583,ORD-00000583,CARD,APPROVED,255.68
PAY-00000584,ORD-00000584,CARD,APPROVED,108.51
PAY-00000585,ORD-00000585,TRANSFER,APPROVED,868.7
PAY-00000586,ORD-00000586,CASH,APPROVED,95.02
PAY-00000587,ORD-00000587,WALLET,APPROVED,773.07
PAY-00000588,ORD-00000588,CARD,APPROVED,58.32
PAY-00000589,ORD-00000589,TRANSFER,REFUNDED,0.0
PAY-00000590,ORD-00000590,WALLET,APPROVED,726.45
PAY-00000591,ORD-00000591,WALLET,APPROVED,743.95
PAY-00000592,ORD-00000592,WALLET,APPROVED,244.06
PAY-00000593,ORD-00000593,TRANSFER,APPROVED,586.7
PAY-00000594,ORD-00000594,CASH,APPROVED,848.92
PAY-00000595,ORD-00000595,CARD,APPROVED,364.57
PAY-00000596,ORD-00000596,TRANSFER,APPROVED,818.85
PAY-00000597,ORD-00000597,WALLET,APPROVED,561.02
PAY-00000598,ORD-00000598,CARD,APPROVED,92.63
PAY-00000599,ORD-00000599,CARD,APPROVED,894.77
PAY-00000600,ORD-00000600,WALLET,APPROVED,706.57
PAY-00000601,ORD-00000601,WALLET,APPROVED,174.14
PAY-00000602,ORD-00000602,CARD,APPROVED,892.51
PAY-00000603,ORD-00000603,CARD,REJECTED,0.0
PAY-00000604,ORD-00000604,CASH,APPROVED,826.77
PAY-00000605,ORD-00000605,CASH,APPROVED,720.69
PAY-00000606,ORD-00000606,TRANSFER,APPROVED,296.43
PAY-00000607,ORD-00000607,CARD,APPROVED,635.0
PAY-00000608,ORD-00000608,CASH,APPROVED,181.59
PAY-00000609,ORD-00000609,CARD,APPROVED,170.37
PAY-00000610,ORD-00000610,WALLET,APPROVED,438.02
PAY-00000611,ORD-00000611,CASH,APPROVED,172.05
PAY-00000612,ORD-00000612,WALLET,APPROVED,145.73
PAY-00000613,ORD-00000613,WALLET,APPROVED,776.69
PAY-00000614,ORD-00000614,WALLET,APPROVED,312.86
PAY-00000615,ORD-00000615,TRANSFER,APPROVED,865.19
PAY-00000616,ORD-00000616,WALLET,APPROVED,837.03
PAY-00000617,ORD-00000617,TRANSFER,APPROVED,349.87
PAY-00000618,ORD-00000618,CARD,APPROVED,16.59
PAY-00000619,ORD-00000619,CARD,APPROVED,697.18
PAY-00000620,ORD-00000620,CASH,REFUNDED,0.0
PAY-00000621,ORD-00000621,CASH,APPROVED,674.63
PAY-00000622,ORD-00000622,TRANSFER,APPROVED,607.97
PAY-00000623,ORD-00000623,CARD,APPROVED,200.57
PAY-00000624,ORD-00000624,CASH,APPROVED,652.57
PAY-00000625,ORD-00000625,CARD,APPROVED,797.83
PAY-00000626,ORD-00000626,CASH,APPROVED,748.49
PAY-00000627,ORD-00000627,CARD,APPROVED,80.23
PAY-00000628,ORD-00000628,WALLET,APPROVED,857.22
PAY-00000629,ORD-00000629,WALLET,APPROVED,499.14
PAY-00000630,ORD-00000630,WALLET,APPROVED,558.08
PAY-00000631,ORD-00000631,TRANSFER,APPROVED,399.27
PAY-00000632,ORD-00000632,CARD,APPROVED,505.39
PAY-00000633,ORD-00000633,CASH,APPROVED,278.2
PAY-00000634,ORD-00000634,TRANSFER,APPROVED,150.93
PAY-00000635,ORD-00000635,TRANSFER,APPROVED,568.21
PAY-00000636,ORD-00000636,WALLET,APPROVED,273.25
PAY-00000637,ORD-00000637,CARD,APPROVED,431.79
PAY-00000638,ORD-00000638,CASH,APPROVED,357.96
PAY-00000639,ORD-00000639,TRANSFER,APPROVED,248.02
PAY-00000640,ORD-00000640,CASH,APPROVED,680.73
PAY-00000641,ORD-00000641,WALLET,APPROVED,381.38
PAY-00000642,ORD-00000642,CARD,APPROVED,357.59
PAY-00000643,ORD-00000643,CASH,APPROVED,223.54
PAY-00000644,ORD-00000644,CASH,APPROVED,811.9
PAY-00000645,ORD-00000645,TRANSFER,APPROVED,685.11
PAY-00000646,ORD-00000646,CASH,APPROVED,389.69
PAY-00000647,ORD-00000647,CASH,APPROVED,570.1
PAY-00000648,ORD-00000648,TRANSFER,REFUNDED,0.0
PAY-00000649,ORD-00000649,WALLET,APPROVED,773.11
PAY-00000650,ORD-00000650,CARD,APPROVED,386.34
PAY-00000651,ORD-00000651,WALLET,APPROVED,868.88
PAY-00000652,ORD-00000652,TRANSFER,APPROVED,782.72
PAY-00000653,ORD-00000653,WALLET,APPROVED,594.49
PAY-00000654,ORD-00000654,TRANSFER,APPROVED,142.31
PAY-00000655,ORD-00000655,WALLET,APPROVED,792.88
PAY-00000656,ORD-00000656,CARD,APPROVED,808.87
PAY-00000657,ORD-00000657,WALLET,APPROVED,450.08
PAY-00000658,ORD-00000658,TRANSFER,APPROVED,877.18
PAY-00000659,ORD-00000659,TRANSFER,APPROVED,550.41
PAY-00000660,ORD-00000660,CARD,APPROVED,687.15
PAY-00000661,ORD-00000661,CARD,APPROVED,155.69
PAY-00000662,ORD-00000662,CASH,APPROVED,478.99
PAY-00000663,ORD-00000663,CARD,APPROVED,235.8
PAY-00000664,ORD-00000664,TRANSFER,APPROVED,743.8
PAY-00000665,ORD-00000665,CARD,APPROVED,447.58
PAY-00000666,ORD-00000666,CASH,APPROVED,319.66
PAY-00000667,ORD-00000667,WALLET,APPROVED,357.11
PAY-00000668,ORD-00000668,WALLET,APPROVED,614.76
PAY-00000669,ORD-00000669,TRANSFER,APPROVED,870.92
PAY-00000670,ORD-00000670,CASH,APPROVED,547.01
PAY-00000671,ORD-00000671,WALLET,APPROVED,642.79
PAY-00000672,ORD-00000672,WALLET,APPROVED,208.12
PAY-00000673,ORD-00000673,CARD,APPROVED,21.5
PAY-00000674,ORD-00000674,WALLET,APPROVED,540.49
PAY-00000675,ORD-00000675,TRANSFER,APPROVED,889.7
PAY-00000676,ORD-00000676,WALLET,APPROVED,857.69
PAY-00000677,ORD-00000677,TRANSFER,APPROVED,227.67
PAY-00000678,ORD-00000678,TRANSFER,APPROVED,617.47
PAY-00000679,ORD-00000679,CASH,REJECTED,0.0
PAY-00000680,ORD-00000680,TRANSFER,APPROVED,895.36
PAY-00000681,ORD-00000681,WALLET,APPROVED,579.91
PAY-00000682,ORD-00000682,WALLET,APPROVED,763.2
PAY-00000683,ORD-00000683,TRANSFER,APPROVED,101.38
PAY-00000684,ORD-00000684,WALLET,APPROVED,177.02
PAY-00000685,ORD-00000685,CARD,APPROVED,212.65
PAY-00000686,ORD-00000686,WALLET,APPROVED,533.23
PAY-00000687,ORD-00000687,CARD,APPROVED,531.46
PAY-00000688,ORD-00000688,TRANSFER,APPROVED,457.92
PAY-00000689,ORD-00000689,CARD,APPROVED,62.84
PAY-00000690,ORD-00000690,WALLET,APPROVED,888.66
PAY-00000691,ORD-00000691,CARD,APPROVED,648.37
PAY-00000692,ORD-00000692,WALLET,APPROVED,171.49
PAY-00000693,ORD-00000693,WALLET,APPROVED,699.58
PAY-00000694,ORD-00000694,CARD,APPROVED,398.83
PAY-00000695,ORD-00000695,CASH,APPROVED,487.4
PAY-00000696,ORD-00000696,WALLET,REJECTED,0.0
PAY-00000697,ORD-00000697,WALLET,APPROVED,235.21
PAY-00000698,ORD-00000698,CARD,APPROVED,354.44
PAY-00000699,ORD-00000699,CASH,APPROVED,272.38
PAY-00000700,ORD-00000700,TRANSFER,APPROVED,800.86
PAY-00000701,ORD-00000701,CASH,APPROVED,181.76
PAY-00000702,ORD-00000702,TRANSFER,APPROVED,213.52
PAY-00000703,ORD-00000703,WALLET,APPROVED,164.55
PAY-00000704,ORD-00000704,WALLET,APPROVED,241.37
PAY-00000705,ORD-00000705,CARD,APPROVED,593.41
PAY-00000706,ORD-00000706,CARD,APPROVED,124.38
PAY-00000707,ORD-00000707,CASH,APPROVED,572.83
PAY-00000708,ORD-00000708,CASH,APPROVED,550.99
PAY-00000709,ORD-00000709,TRANSFER,APPROVED,119.2
PAY-00000710,ORD-00000710,CARD,APPROVED,703.49
PAY-00000711,ORD-00000711,WALLET,APPROVED,377.63
PAY-00000712,ORD-00000712,CARD,APPROVED,440.39
PAY-00000713,ORD-00000713,CARD,APPROVED,754.18
PAY-00000714,ORD-00000714,WALLET,APPROVED,81.42
PAY-00000715,ORD-00000715,CARD,APPROVED,419.22
PAY-00000716,ORD-00000716,CASH,APPROVED,734.66
PAY-00000717,ORD-00000717,WALLET,APPROVED,613.94
PAY-00000718,ORD-00000718,TRANSFER,APPROVED,137.48
PAY-00000719,ORD-00000719,TRANSFER,REJECTED,0.0
PAY-00000720,ORD-00000720,WALLET,APPROVED,369.69
PAY-00000721,ORD-00000721,WALLET,APPROVED,438.25
PAY-00000722,ORD-00000722,WALLET,APPROVED,657.87
PAY-00000723,ORD-00000723,CASH,APPROVED,821.44
PAY-00000724,ORD-00000724,WALLET,APPROVED,351.08
PAY-00000725,ORD-00000725,CASH,APPROVED,446.99
PAY-00000726,ORD-00000726,WALLET,APPROVED,594.65
PAY-00000727,ORD-00000727,CASH,APPROVED,525.33
PAY-00000728,ORD-00000728,CASH,APPROVED,624.09
PAY-00000729,ORD-00000729,CARD,APPROVED,602.38
PAY-00000730,ORD-00000730,TRANSFER,APPROVED,841.92
PAY-00000731,ORD-00000731,WALLET,APPROVED,450.11
PAY-00000732,ORD-00000732,TRANSFER,APPROVED,502.19
PAY-00000733,ORD-00000733,TRANSFER,APPROVED,724.12
PAY-00000734,ORD-00000734,CARD,APPROVED,882.89
PAY-00000735,ORD-00000735,TRANSFER,APPROVED,46.71
PAY-00000736,ORD-00000736,WALLET,REFUNDED,0.0
PAY-00000737,ORD-00000737,CASH,APPROVED,63.03
PAY-00000738,ORD-00000738,WALLET,APPROVED,545.96
PAY-00000739,ORD-00000739,WALLET,APPROVED,687.0
PAY-00000740,ORD-00000740,TRANSFER,APPROVED,345.89
PAY-00000741,ORD-00000741,TRANSFER,APPROVED,649.42
PAY-00000742,ORD-00000742,WALLET,APPROVED,180.98
PAY-00000743,ORD-00000743,WALLET,APPROVED,706.56
PAY-00000744,ORD-00000744,TRANSFER,APPROVED,575.42
PAY-00000745,ORD-00000745,CASH,APPROVED,536.54
PAY-00000746,ORD-00000746,CASH,APPROVED,57.99
PAY-00000747,ORD-00000747,WALLET,APPROVED,464.87
PAY-00000748,ORD-00000748,CASH,APPROVED,736.49
PAY-00000749,ORD-00000749,WALLET,APPROVED,355.43
PAY-00000750,ORD-00000750,CARD,APPROVED,867.78
PAY-00000751,ORD-00000751,TRANSFER,APPROVED,548.23
PAY-00000752,ORD-00000752,WALLET,APPROVED,499.81
PAY-00000753,ORD-00000753,WALLET,APPROVED,567.39
PAY-00000754,ORD-00000754,CASH,APPROVED,590.33
PAY-00000755,ORD-00000755,WALLET,APPROVED,300.31
PAY-00000756,ORD-00000756,CARD,APPROVED,849.27
PAY-00000757,ORD-00000757,CASH,APPROVED,764.86
PAY-00000758,ORD-00000758,TRANSFER,APPROVED,143.61
PAY-00000759,ORD-00000759,CARD,APPROVED,157.43
PAY-00000760,ORD-00000760,WALLET,APPROVED,276.2
PAY-00000761,ORD-00000761,CARD,APPROVED,105.69
PAY-00000762,ORD-00000762,WALLET,APPROVED,672.04
PAY-00000763,ORD-00000763,CARD,APPROVED,56.58
PAY-00000764,ORD-00000764,WALLET,REFUNDED,0.0
PAY-00000765,ORD-00000765,CASH,APPROVED,821.67
PAY-00000766,ORD-00000766,CARD,APPROVED,498.75
PAY-00000767,ORD-00000767,WALLET,APPROVED,172.02
PAY-00000768,ORD-00000768,TRANSFER,APPROVED,120.63
PAY-00000769,ORD-00000769,TRANSFER,APPROVED,531.83
PAY-00000770,ORD-00000770,WALLET,APPROVED,836.84
PAY-00000771,ORD-00000771,CARD,APPROVED,521.82
PAY-00000772,ORD-00000772,TRANSFER,APPROVED,861.93
PAY-00000773,ORD-00000773,WALLET,APPROVED,490.28
PAY-00000774,ORD-00000774,TRANSFER,APPROVED,274.81
PAY-00000775,ORD-00000775,WALLET,APPROVED,511.78
PAY-00000776,ORD-00000776,CARD,APPROVED,321.22
PAY-00000777,ORD-00000777,CASH,REJECTED,0.0
PAY-00000778,ORD-00000778,TRANSFER,APPROVED,655.72
PAY-00000779,ORD-00000779,CASH,APPROVED,409.32
PAY-00000780,ORD-00000780,CARD,APPROVED,87.88
PAY-00000781,ORD-00000781,WALLET,APPROVED,72.94
PAY-00000782,ORD-00000782,CARD,APPROVED,390.43
PAY-00000783,ORD-00000783,CARD,APPROVED,846.68
PAY-00000784,ORD-00000784,WALLET,APPROVED,308.57
PAY-00000785,ORD-00000785,CASH,APPROVED,523.84
PAY-00000786,ORD-00000786,TRANSFER,APPROVED,372.94
PAY-00000787,ORD-00000787,CARD,APPROVED,582.66
PAY-00000788,ORD-00000788,CARD,APPROVED,765.7
PAY-00000789,ORD-00000789,TRANSFER,APPROVED,281.7
PAY-00000790,ORD-00000790,CARD,APPROVED,599.74
PAY-00000791,ORD-00000791,TRANSFER,APPROVED,720.14
PAY-00000792,ORD-00000792,TRANSFER,APPROVED,799.98
PAY-00000793,ORD-00000793,CASH,APPROVED,24.87
PAY-00000794,ORD-00000794,CASH,APPROVED,521.86
PAY-00000795,ORD-00000795,WALLET,APPROVED,671.17
PAY-00000796,ORD-00000796,CASH,REJECTED,0.0
PAY-00000797,ORD-00000797,CASH,APPROVED,175.5
PAY-00000798,ORD-00000798,CASH,APPROVED,840.15
PAY-00000799,ORD-00000799,CARD,APPROVED,609.44
PAY-00000800,ORD-00000800,WALLET,APPROVED,307.8
PAY-00000801,ORD-00000801,CASH,APPROVED,76.78
PAY-00000802,ORD-00000802,WALLET,APPROVED,285.52
PAY-00000803,ORD-00000803,CASH,APPROVED,863.41
PAY-00000804,ORD-00000804,CASH,APPROVED,582.14
PAY-00000805,ORD-00000805,WALLET,APPROVED,424.62
PAY-00000806,ORD-00000806,TRANSFER,APPROVED,586.31
PAY-00000807,ORD-00000807,WALLET,APPROVED,664.19
PAY-00000808,ORD-00000808,TRANSFER,APPROVED,573.99
PAY-00000809,ORD-00000809,CARD,APPROVED,203.29
PAY-00000810,ORD-00000810,WALLET,APPROVED,701.05
PAY-00000811,ORD-00000811,TRANSFER,APPROVED,458.49
PAY-00000812,ORD-00000812,CASH,APPROVED,765.46
PAY-00000813,ORD-00000813,CARD,APPROVED,139.23
PAY-00000814,ORD-00000814,WALLET,APPROVED,442.9
PAY-00000815,ORD-00000815,TRANSFER,APPROVED,341.95
PAY-00000816,ORD-00000816,TRANSFER,APPROVED,827.34
PAY-00000817,ORD-00000817,WALLET,APPROVED,872.07
PAY-00000818,ORD-00000818,TRANSFER,APPROVED,519.59
PAY-00000819,ORD-00000819,WALLET,APPROVED,754.39
PAY-00000820,ORD-00000820,TRANSFER,APPROVED,738.25
PAY-00000821,ORD-00000821,CASH,APPROVED,137.99
PAY-00000822,ORD-00000822,WALLET,APPROVED,180.41
PAY-00000823,ORD-00000823,WALLET,APPROVED,307.25
PAY-00000824,ORD-00000824,CARD,APPROVED,157.7
PAY-00000825,ORD-00000825,CASH,APPROVED,522.54
PAY-00000826,ORD-00000826,TRANSFER,APPROVED,144.98
PAY-00000827,ORD-00000827,TRANSFER,REJECTED,0.0
PAY-00000828,ORD-00000828,WALLET,APPROVED,206.69
PAY-00000829,ORD-00000829,TRANSFER,APPROVED,378.53
PAY-00000830,ORD-00000830,CARD,APPROVED,655.91
PAY-00000831,ORD-00000831,CARD,APPROVED,349.72
PAY-00000832,ORD-00000832,WALLET,APPROVED,461.36
PAY-00000833,ORD-00000833,TRANSFER,APPROVED,812.92
PAY-00000834,ORD-00000834,CASH,APPROVED,97.47
PAY-00000835,ORD-00000835,TRANSFER,APPROVED,808.82
PAY-00000836,ORD-00000836,CASH,APPROVED,342.78
PAY-00000837,ORD-00000837,TRANSFER,REJECTED,0.0
PAY-00000838,ORD-00000838,CASH,APPROVED,818.46
PAY-00000839,ORD-00000839,CARD,APPROVED,240.25
PAY-00000840,ORD-00000840,CARD,APPROVED,790.94
PAY-00000841,ORD-00000841,TRANSFER,APPROVED,119.28
PAY-00000842,ORD-00000842,WALLET,APPROVED,109.33
PAY-00000843,ORD-00000843,CARD,APPROVED,389.85
PAY-00000844,ORD-00000844,TRANSFER,APPROVED,380.71
PAY-00000845,ORD-00000845,CASH,APPROVED,506.1
PAY-00000846,ORD-00000846,CARD,APPROVED,367.34
PAY-00000847,ORD-00000847,TRANSFER,APPROVED,410.24
PAY-00000848,ORD-00000848,TRANSFER,APPROVED,369.5
PAY-00000849,ORD-00000849,WALLET,APPROVED,868.64
PAY-00000850,ORD-00000850,CASH,APPROVED,400.31
PAY-00000851,ORD-00000851,TRANSFER,APPROVED,656.18
PAY-00000852,ORD-00000852,TRANSFER,APPROVED,867.72
PAY-00000853,ORD-00000853,CASH,APPROVED,193.51
PAY-00000854,ORD-00000854,TRANSFER,APPROVED,44.74
PAY-00000855,ORD-00000855,WALLET,APPROVED,611.51
PAY-00000856,ORD-00000856,TRANSFER,APPROVED,259.2
PAY-00000857,ORD-00000857,TRANSFER,APPROVED,473.2
PAY-00000858,ORD-00000858,CARD,APPROVED,657.63
PAY-00000859,ORD-00000859,CARD,APPROVED,259.71
PAY-00000860,ORD-00000860,CASH,APPROVED,246.08
PAY-00000861,ORD-00000861,CASH,APPROVED,315.87
PAY-00000862,ORD-00000862,WALLET,APPROVED,523.78
PAY-00000863,ORD-00000863,TRANSFER,APPROVED,696.42
PAY-00000864,ORD-00000864,CARD,APPROVED,808.42
PAY-00000865,ORD-00000865,WALLET,APPROVED,353.67
PAY-00000866,ORD-00000866,CARD,APPROVED,380.0
PAY-00000867,ORD-00000867,TRANSFER,APPROVED,97.31
PAY-00000868,ORD-00000868,CARD,APPROVED,839.29
PAY-00000869,ORD-00000869,WALLET,APPROVED,853.2
PAY-00000870,ORD-00000870,TRANSFER,APPROVED,191.7
PAY-00000871,ORD-00000871,TRANSFER,APPROVED,194.45
PAY-00000872,ORD-00000872,WALLET,APPROVED,121.09
PAY-00000873,ORD-00000873,TRANSFER,APPROVED,691.36
PAY-00000874,ORD-00000874,CARD,APPROVED,450.72
PAY-00000875,ORD-00000875,CASH,APPROVED,449.36
PAY-00000876,ORD-00000876,WALLET,APPROVED,211.55
PAY-00000877,ORD-00000877,CARD,APPROVED,493.58
PAY-00000878,ORD-00000878,TRANSFER,APPROVED,121.53
PAY-00000879,ORD-00000879,CASH,APPROVED,201.52
PAY-00000880,ORD-00000880,CARD,APPROVED,247.62
PAY-00000881,ORD-00000881,WALLET,APPROVED,456.41
PAY-00000882,ORD-00000882,TRANSFER,APPROVED,262.47
PAY-00000883,ORD-00000883,WALLET,APPROVED,652.92
PAY-00000884,ORD-00000884,CARD,APPROVED,188.52
PAY-00000885,ORD-00000885,CASH,APPROVED,23.62
PAY-00000886,ORD-00000886,CARD,APPROVED,294.42
PAY-00000887,ORD-00000887,CARD,APPROVED,102.59
PAY-00000888,ORD-00000888,TRANSFER,APPROVED,100.23
PAY-00000889,ORD-00000889,WALLET,APPROVED,508.38
PAY-00000890,ORD-00000890,CARD,APPROVED,325.72
PAY-00000891,ORD-00000891,CARD,APPROVED,590.13
PAY-00000892,ORD-00000892,CASH,APPROVED,466.74
PAY-00000893,ORD-00000893,CASH,APPROVED,268.57
PAY-00000894,ORD-00000894,WALLET,APPROVED,556.89
PAY-00000895,ORD-00000895,WALLET,APPROVED,216.97
PAY-00000896,ORD-00000896,TRANSFER,APPROVED,364.98
PAY-00000897,ORD-00000897,WALLET,APPROVED,476.03
PAY-00000898,ORD-00000898,CASH,APPROVED,222.65
PAY-00000899,ORD-00000899,WALLET,APPROVED,366.39
PAY-00000900,ORD-00000900,CARD,APPROVED,697.28
PAY-00000901,ORD-00000901,WALLET,APPROVED,89.62
PAY-00000902,ORD-00000902,WALLET,APPROVED,667.77
PAY-00000903,ORD-00000903,TRANSFER,APPROVED,40.29
PAY-00000904,ORD-00000904,CARD,APPROVED,428.47
PAY-00000905,ORD-00000905,TRANSFER,APPROVED,134.58
PAY-00000906,ORD-00000906,CASH,APPROVED,419.04
PAY-00000907,ORD-00000907,WALLET,APPROVED,581.21
PAY-00000908,ORD-00000908,WALLET,APPROVED,727.17
PAY-00000909,ORD-00000909,CASH,APPROVED,24.34
PAY-00000910,ORD-00000910,TRANSFER,APPROVED,488.56
PAY-00000911,ORD-00000911,CARD,APPROVED,692.79
PAY-00000912,ORD-00000912,TRANSFER,APPROVED,500.17
PAY-00000913,ORD-00000913,TRANSFER,APPROVED,159.49
PAY-00000914,ORD-00000914,CARD,APPROVED,85.1
PAY-00000915,ORD-00000915,WALLET,APPROVED,672.49
PAY-00000916,ORD-00000916,TRANSFER,APPROVED,176.43
PAY-00000917,ORD-00000917,CASH,APPROVED,566.14
PAY-00000918,ORD-00000918,WALLET,REFUNDED,0.0
PAY-00000919,ORD-00000919,CARD,APPROVED,403.0
PAY-00000920,ORD-00000920,CASH,APPROVED,317.59
PAY-00000921,ORD-00000921,CARD,APPROVED,715.41
PAY-00000922,ORD-00000922,CARD,APPROVED,362.29
PAY-00000923,ORD-00000923,TRANSFER,APPROVED,748.0
PAY-00000924,ORD-00000924,CASH,APPROVED,877.85
PAY-00000925,ORD-00000925,CASH,APPROVED,98.15
PAY-00000926,ORD-00000926,CASH,APPROVED,865.67
PAY-00000927,ORD-00000927,CARD,APPROVED,501.38
PAY-00000928,ORD-00000928,CASH,APPROVED,800.45
PAY-00000929,ORD-00000929,CASH,APPROVED,399.23
PAY-00000930,ORD-00000930,CASH,APPROVED,713.39
PAY-00000931,ORD-00000931,TRANSFER,APPROVED,152.17
PAY-00000932,ORD-00000932,CASH,APPROVED,622.06
PAY-00000933,ORD-00000933,CARD,APPROVED,585.45
PAY-00000934,ORD-00000934,TRANSFER,APPROVED,220.92
PAY-00000935,ORD-00000935,CASH,APPROVED,403.27
PAY-00000936,ORD-00000936,CASH,APPROVED,236.87
PAY-00000937,ORD-00000937,TRANSFER,APPROVED,631.88
PAY-00000938,ORD-00000938,CASH,APPROVED,429.53
PAY-00000939,ORD-00000939,CARD,APPROVED,485.06
PAY-00000940,ORD-00000940,CARD,APPROVED,15.64
PAY-00000941,ORD-00000941,TRANSFER,APPROVED,563.47
PAY-00000942,ORD-00000942,CASH,APPROVED,597.59
PAY-00000943,ORD-00000943,TRANSFER,APPROVED,692.67
PAY-00000944,ORD-00000944,CARD,APPROVED,112.76
PAY-00000945,ORD-00000945,CASH,APPROVED,42.68
PAY-00000946,ORD-00000946,TRANSFER,APPROVED,755.13
PAY-00000947,ORD-00000947,CARD,APPROVED,339.22
PAY-00000948,ORD-00000948,CASH,APPROVED,836.64
PAY-00000949,ORD-00000949,WALLET,APPROVED,672.98
PAY-00000950,ORD-00000950,CARD,APPROVED,66.6
PAY-00000951,ORD-00000951,CARD,APPROVED,83.97
PAY-00000952,ORD-00000952,WALLET,APPROVED,485.52
PAY-00000953,ORD-00000953,WALLET,APPROVED,853.54
PAY-00000954,ORD-00000954,TRANSFER,APPROVED,525.26
PAY-00000955,ORD-00000955,CARD,REJECTED,0.0
PAY-00000956,ORD-00000956,WALLET,APPROVED,487.5
PAY-00000957,ORD-00000957,CASH,APPROVED,897.21
PAY-00000958,ORD-00000958,CARD,APPROVED,301.25
PAY-00000959,ORD-00000959,TRANSFER,APPROVED,834.64
PAY-00000960,ORD-00000960,CARD,APPROVED,15.17
PAY-00000961,ORD-00000961,CARD,APPROVED,894.17
PAY-00000962,ORD-00000962,WALLET,APPROVED,34.21
PAY-00000963,ORD-00000963,WALLET,REFUNDED,0.0
PAY-00000964,ORD-00000964,CARD,APPROVED,329.76
PAY-00000965,ORD-00000965,WALLET,APPROVED,732.8
PAY-00000966,ORD-00000966,WALLET,APPROVED,655.37
PAY-00000967,ORD-00000967,CARD,APPROVED,625.29
PAY-00000968,ORD-00000968,CARD,APPROVED,730.38
PAY-00000969,ORD-00000969,TRANSFER,APPROVED,738.17
PAY-00000970,ORD-00000970,CASH,APPROVED,766.79
PAY-00000971,ORD-00000971,CARD,APPROVED,479.08
PAY-00000972,ORD-00000972,CASH,APPROVED,210.41
PAY-00000973,ORD-00000973,TRANSFER,APPROVED,524.1
PAY-00000974,ORD-00000974,TRANSFER,APPROVED,312.51
PAY-00000975,ORD-00000975,WALLET,APPROVED,90.29
PAY-00000976,ORD-00000976,TRANSFER,APPROVED,440.62
PAY-00000977,ORD-00000977,WALLET,APPROVED,560.16
PAY-00000978,ORD-00000978,WALLET,APPROVED,702.44
PAY-00000979,ORD-00000979,CARD,APPROVED,381.02
PAY-00000980,ORD-00000980,CARD,APPROVED,36.42
PAY-00000981,ORD-00000981,CASH,APPROVED,404.81
PAY-00000982,ORD-00000982,WALLET,APPROVED,153.05
PAY-00000983,ORD-00000983,WALLET,APPROVED,230.1
PAY-00000984,ORD-00000984,CASH,APPROVED,726.79
PAY-00000985,ORD-00000985,WALLET,APPROVED,491.13
PAY-00000986,ORD-00000986,TRANSFER,APPROVED,660.98
PAY-00000987,ORD-00000987,WALLET,APPROVED,816.85
PAY-00000988,ORD-00000988,WALLET,APPROVED,713.43
PAY-00000989,ORD-00000989,WALLET,APPROVED,599.43
PAY-00000990,ORD-00000990,CARD,APPROVED,31.88
PAY-00000991,ORD-00000991,TRANSFER,APPROVED,351.92
PAY-00000992,ORD-00000992,WALLET,APPROVED,543.44
PAY-00000993,ORD-00000993,TRANSFER,APPROVED,645.54
PAY-00000994,ORD-00000994,TRANSFER,APPROVED,363.16
PAY-00000995,ORD-00000995,TRANSFER,APPROVED,282.56
PAY-00000996,ORD-00000996,CASH,APPROVED,568.83
PAY-00000997,ORD-00000997,WALLET,REJECTED,0.0
PAY-00000998,ORD-00000998,CARD,APPROVED,353.25
PAY-00000999,ORD-00000999,CARD,APPROVED,522.02
PAY-00001000,ORD-00001000,CARD,APPROVED,131.62
PAY-00001001,ORD-00001001,CARD,APPROVED,194.04
PAY-00001002,ORD-00001002,TRANSFER,APPROVED,395.61
PAY-00001003,ORD-00001003,CASH,APPROVED,514.89
PAY-00001004,ORD-00001004,TRANSFER,REJECTED,0.0
PAY-00001005,ORD-00001005,CARD,APPROVED,793.92
PAY-00001006,ORD-00001006,WALLET,APPROVED,742.2
PAY-00001007,ORD-00001007,TRANSFER,APPROVED,109.49
PAY-00001008,ORD-00001008,WALLET,APPROVED,556.94
PAY-00001009,ORD-00001009,CARD,APPROVED,624.01
PAY-00001010,ORD-00001010,TRANSFER,APPROVED,345.95
PAY-00001011,ORD-00001011,TRANSFER,APPROVED,186.03
PAY-00001012,ORD-00001012,CASH,APPROVED,211.96
PAY-00001013,ORD-00001013,CASH,APPROVED,835.49
PAY-00001014,ORD-00001014,WALLET,APPROVED,782.1
PAY-00001015,ORD-00001015,CASH,APPROVED,553.02
PAY-00001016,ORD-00001016,CARD,APPROVED,846.14
PAY-00001017,ORD-00001017,TRANSFER,APPROVED,414.67
PAY-00001018,ORD-00001018,TRANSFER,APPROVED,365.12
PAY-00001019,ORD-00001019,CARD,APPROVED,573.12
PAY-00001020,ORD-00001020,CASH,REFUNDED,0.0
PAY-00001021,ORD-00001021,WALLET,APPROVED,63.27
PAY-00001022,ORD-00001022,CARD,APPROVED,458.08
PAY-00001023,ORD-00001023,TRANSFER,APPROVED,381.0
PAY-00001024,ORD-00001024,TRANSFER,APPROVED,807.78
PAY-00001025,ORD-00001025,TRANSFER,APPROVED,588.99
PAY-00001026,ORD-00001026,TRANSFER,APPROVED,640.01
PAY-00001027,ORD-00001027,TRANSFER,APPROVED,878.04
PAY-00001028,ORD-00001028,CARD,APPROVED,694.91
PAY-00001029,ORD-00001029,CASH,APPROVED,142.98
PAY-00001030,ORD-00001030,CASH,APPROVED,661.19
PAY-00001031,ORD-00001031,WALLET,APPROVED,131.44
PAY-00001032,ORD-00001032,CARD,APPROVED,772.04
PAY-00001033,ORD-00001033,CASH,APPROVED,536.14
PAY-00001034,ORD-00001034,CARD,APPROVED,20.82
PAY-00001035,ORD-00001035,CARD,APPROVED,198.76
PAY-00001036,ORD-00001036,CASH,APPROVED,770.64
PAY-00001037,ORD-00001037,WALLET,APPROVED,92.62
PAY-00001038,ORD-00001038,WALLET,APPROVED,626.99
PAY-00001039,ORD-00001039,CASH,APPROVED,678.16
PAY-00001040,ORD-00001040,TRANSFER,APPROVED,809.31
PAY-00001041,ORD-00001041,TRANSFER,APPROVED,72.46
PAY-00001042,ORD-00001042,TRANSFER,APPROVED,381.18
PAY-00001043,ORD-00001043,CARD,APPROVED,660.81
PAY-00001044,ORD-00001044,CARD,APPROVED,765.3
PAY-00001045,ORD-00001045,CARD,APPROVED,558.65
PAY-00001046,ORD-00001046,CARD,APPROVED,174.22
PAY-00001047,ORD-00001047,TRANSFER,APPROVED,36.23
PAY-00001048,ORD-00001048,WALLET,APPROVED,899.1
PAY-00001049,ORD-00001049,WALLET,APPROVED,202.92
PAY-00001050,ORD-00001050,WALLET,APPROVED,287.38
PAY-00001051,ORD-00001051,WALLET,APPROVED,317.11
PAY-00001052,ORD-00001052,WALLET,APPROVED,186.7
PAY-00001053,ORD-00001053,CARD,APPROVED,720.57
PAY-00001054,ORD-00001054,CARD,APPROVED,490.22
PAY-00001055,ORD-00001055,TRANSFER,APPROVED,279.92
PAY-00001056,ORD-00001056,WALLET,APPROVED,199.31
PAY-00001057,ORD-00001057,TRANSFER,APPROVED,147.13
PAY-00001058,ORD-00001058,CARD,APPROVED,760.53
PAY-00001059,ORD-00001059,CASH,APPROVED,680.11
PAY-00001060,ORD-00001060,WALLET,APPROVED,91.82
PAY-00001061,ORD-00001061,CARD,APPROVED,282.83
PAY-00001062,ORD-00001062,CARD,APPROVED,703.34
PAY-00001063,ORD-00001063,CASH,APPROVED,442.16
PAY-00001064,ORD-00001064,TRANSFER,APPROVED,478.41
PAY-00001065,ORD-00001065,CASH,APPROVED,845.15
PAY-00001066,ORD-00001066,CASH,APPROVED,421.54
PAY-00001067,ORD-00001067,TRANSFER,APPROVED,840.12
PAY-00001068,ORD-00001068,TRANSFER,APPROVED,801.93
PAY-00001069,ORD-00001069,TRANSFER,APPROVED,686.27
PAY-00001070,ORD-00001070,CARD,APPROVED,259.83
PAY-00001071,ORD-00001071,CARD,APPROVED,154.38
PAY-00001072,ORD-00001072,WALLET,APPROVED,197.82
PAY-00001073,ORD-00001073,CASH,REFUNDED,0.0
PAY-00001074,ORD-00001074,CASH,APPROVED,314.78
PAY-00001075,ORD-00001075,CASH,APPROVED,59.65
PAY-00001076,ORD-00001076,TRANSFER,APPROVED,542.57
PAY-00001077,ORD-00001077,CARD,APPROVED,291.51
PAY-00001078,ORD-00001078,WALLET,APPROVED,831.66
PAY-00001079,ORD-00001079,CARD,APPROVED,725.08
PAY-00001080,ORD-00001080,WALLET,APPROVED,585.31
PAY-00001081,ORD-00001081,CARD,APPROVED,142.19
PAY-00001082,ORD-00001082,TRANSFER,APPROVED,634.16
PAY-00001083,ORD-00001083,WALLET,APPROVED,41.78
PAY-00001084,ORD-00001084,WALLET,APPROVED,264.8
PAY-00001085,ORD-00001085,WALLET,APPROVED,738.53
PAY-00001086,ORD-00001086,TRANSFER,APPROVED,716.3
PAY-00001087,ORD-00001087,CARD,APPROVED,230.67
PAY-00001088,ORD-00001088,WALLET,APPROVED,735.32
PAY-00001089,ORD-00001089,CARD,APPROVED,496.91
PAY-00001090,ORD-00001090,TRANSFER,APPROVED,645.04
PAY-00001091,ORD-00001091,CASH,APPROVED,302.96
PAY-00001092,ORD-00001092,WALLET,REFUNDED,0.0
PAY-00001093,ORD-00001093,TRANSFER,APPROVED,585.82
PAY-00001094,ORD-00001094,CARD,APPROVED,577.98
PAY-00001095,ORD-00001095,CASH,APPROVED,272.98
PAY-00001096,ORD-00001096,WALLET,APPROVED,295.19
PAY-00001097,ORD-00001097,CARD,REJECTED,0.0
PAY-00001098,ORD-00001098,TRANSFER,APPROVED,530.71
PAY-00001099,ORD-00001099,TRANSFER,APPROVED,70.23
PAY-00001100,ORD-00001100,CASH,APPROVED,510.63
PAY-00001101,ORD-00001101,TRANSFER,APPROVED,223.19
PAY-00001102,ORD-00001102,CASH,APPROVED,374.34
PAY-00001103,ORD-00001103,CARD,APPROVED,181.58
PAY-00001104,ORD-00001104,CARD,APPROVED,897.75
PAY-00001105,ORD-00001105,CASH,APPROVED,28.9
PAY-00001106,ORD-00001106,TRANSFER,REFUNDED,0.0
PAY-00001107,ORD-00001107,CASH,APPROVED,630.42
PAY-00001108,ORD-00001108,CASH,APPROVED,390.35
PAY-00001109,ORD-00001109,CARD,APPROVED,390.92
PAY-00001110,ORD-00001110,CASH,APPROVED,253.29
PAY-00001111,ORD-00001111,TRANSFER,APPROVED,48.51
PAY-00001112,ORD-00001112,CASH,APPROVED,626.09
PAY-00001113,ORD-00001113,CASH,APPROVED,84.24
PAY-00001114,ORD-00001114,CASH,APPROVED,671.39
PAY-00001115,ORD-00001115,CARD,APPROVED,291.56
PAY-00001116,ORD-00001116,CASH,APPROVED,468.71
PAY-00001117,ORD-00001117,WALLET,APPROVED,880.32
PAY-00001118,ORD-00001118,WALLET,APPROVED,513.88
PAY-00001119,ORD-00001119,WALLET,APPROVED,595.84
PAY-00001120,ORD-00001120,TRANSFER,APPROVED,88.02
PAY-00001121,ORD-00001121,TRANSFER,APPROVED,263.66
PAY-00001122,ORD-00001122,CASH,APPROVED,820.47
PAY-00001123,ORD-00001123,WALLET,APPROVED,170.23
PAY-00001124,ORD-00001124,CARD,APPROVED,481.74
PAY-00001125,ORD-00001125,WALLET,APPROVED,681.19
PAY-00001126,ORD-00001126,WALLET,APPROVED,163.05
PAY-00001127,ORD-00001127,TRANSFER,APPROVED,683.6
PAY-00001128,ORD-00001128,TRANSFER,APPROVED,436.5
PAY-00001129,ORD-00001129,CARD,APPROVED,619.91
PAY-00001130,ORD-00001130,TRANSFER,APPROVED,25.5
PAY-00001131,ORD-00001131,CARD,APPROVED,866.16
PAY-00001132,ORD-00001132,WALLET,APPROVED,579.12
PAY-00001133,ORD-00001133,CARD,APPROVED,251.37
PAY-00001134,ORD-00001134,CARD,APPROVED,612.63
PAY-00001135,ORD-00001135,TRANSFER,APPROVED,614.78
PAY-00001136,ORD-00001136,TRANSFER,APPROVED,22.5
PAY-00001137,ORD-00001137,CARD,APPROVED,409.66
PAY-00001138,ORD-00001138,CARD,APPROVED,563.17
PAY-00001139,ORD-00001139,WALLET,REJECTED,0.0
PAY-00001140,ORD-00001140,WALLET,APPROVED,129.97
PAY-00001141,ORD-00001141,CARD,APPROVED,178.52
PAY-00001142,ORD-00001142,WALLET,APPROVED,843.52
PAY-00001143,ORD-00001143,CASH,APPROVED,605.81
PAY-00001144,ORD-00001144,TRANSFER,APPROVED,260.4
PAY-00001145,ORD-00001145,WALLET,APPROVED,734.33
PAY-00001146,ORD-00001146,CASH,APPROVED,172.92
PAY-00001147,ORD-00001147,CARD,APPROVED,584.35
PAY-00001148,ORD-00001148,WALLET,APPROVED,79.53
PAY-00001149,ORD-00001149,TRANSFER,APPROVED,146.74
PAY-00001150,ORD-00001150,CARD,APPROVED,634.55
PAY-00001151,ORD-00001151,CASH,APPROVED,846.82
PAY-00001152,ORD-00001152,CARD,APPROVED,17.93
PAY-00001153,ORD-00001153,CASH,APPROVED,488.74
PAY-00001154,ORD-00001154,WALLET,APPROVED,574.56
PAY-00001155,ORD-00001155,WALLET,APPROVED,865.42
PAY-00001156,ORD-00001156,CASH,APPROVED,49.81
PAY-00001157,ORD-00001157,TRANSFER,APPROVED,573.1
PAY-00001158,ORD-00001158,WALLET,APPROVED,138.85
PAY-00001159,ORD-00001159,WALLET,APPROVED,70.75
PAY-00001160,ORD-00001160,CARD,REFUNDED,0.0
PAY-00001161,ORD-00001161,TRANSFER,APPROVED,313.88
PAY-00001162,ORD-00001162,CARD,APPROVED,593.66
PAY-00001163,ORD-00001163,TRANSFER,APPROVED,527.72
PAY-00001164,ORD-00001164,CARD,APPROVED,31.87
PAY-00001165,ORD-00001165,WALLET,APPROVED,589.18
PAY-00001166,ORD-00001166,TRANSFER,APPROVED,101.1
PAY-00001167,ORD-00001167,TRANSFER,APPROVED,109.1
PAY-00001168,ORD-00001168,CASH,APPROVED,194.34
PAY-00001169,ORD-00001169,TRANSFER,APPROVED,878.63
PAY-00001170,ORD-00001170,CARD,APPROVED,539.88
PAY-00001171,ORD-00001171,CASH,APPROVED,163.73
PAY-00001172,ORD-00001172,TRANSFER,REFUNDED,0.0
PAY-00001173,ORD-00001173,WALLET,APPROVED,28.83
PAY-00001174,ORD-00001174,CARD,APPROVED,640.47
PAY-00001175,ORD-00001175,TRANSFER,APPROVED,197.45
PAY-00001176,ORD-00001176,WALLET,APPROVED,169.48
PAY-00001177,ORD-00001177,TRANSFER,APPROVED,556.66
PAY-00001178,ORD-00001178,CASH,APPROVED,508.57
PAY-00001179,ORD-00001179,CARD,APPROVED,888.3
PAY-00001180,ORD-00001180,WALLET,APPROVED,186.44
PAY-00001181,ORD-00001181,TRANSFER,APPROVED,156.39
PAY-00001182,ORD-00001182,CARD,APPROVED,399.68
PAY-00001183,ORD-00001183,TRANSFER,APPROVED,61.42
PAY-00001184,ORD-00001184,TRANSFER,APPROVED,77.71
PAY-00001185,ORD-00001185,CASH,APPROVED,190.89
PAY-00001186,ORD-00001186,CASH,APPROVED,303.63
PAY-00001187,ORD-00001187,TRANSFER,APPROVED,210.29
PAY-00001188,ORD-00001188,WALLET,APPROVED,836.18
PAY-00001189,ORD-00001189,CASH,APPROVED,186.83
PAY-00001190,ORD-00001190,CASH,APPROVED,627.61
PAY-00001191,ORD-00001191,CASH,APPROVED,166.51
PAY-00001192,ORD-00001192,CASH,APPROVED,579.63
PAY-00001193,ORD-00001193,CARD,APPROVED,91.53
PAY-00001194,ORD-00001194,TRANSFER,APPROVED,755.74
PAY-00001195,ORD-00001195,CARD,APPROVED,399.31
PAY-00001196,ORD-00001196,CARD,REJECTED,0.0
PAY-00001197,ORD-00001197,TRANSFER,APPROVED,461.23
PAY-00001198,ORD-00001198,CASH,APPROVED,227.85
PAY-00001199,ORD-00001199,CASH,REJECTED,0.0
PAY-00001200,ORD-00001200,CASH,APPROVED,284.78
PAY-00001201,ORD-00001201,CASH,APPROVED,36.61
PAY-00001202,ORD-00001202,CASH,APPROVED,786.32
PAY-00001203,ORD-00001203,WALLET,APPROVED,77.57
PAY-00001204,ORD-00001204,CARD,APPROVED,391.92
PAY-00001205,ORD-00001205,WALLET,APPROVED,198.32
PAY-00001206,ORD-00001206,TRANSFER,APPROVED,63.51
PAY-00001207,ORD-00001207,CASH,REJECTED,0.0
PAY-00001208,ORD-00001208,WALLET,APPROVED,588.63
PAY-00001209,ORD-00001209,TRANSFER,APPROVED,311.41
PAY-00001210,ORD-00001210,WALLET,APPROVED,637.02
PAY-00001211,ORD-00001211,CASH,APPROVED,809.67
PAY-00001212,ORD-00001212,CASH,APPROVED,320.53
PAY-00001213,ORD-00001213,TRANSFER,APPROVED,615.3
PAY-00001214,ORD-00001214,WALLET,APPROVED,851.65
PAY-00001215,ORD-00001215,CASH,APPROVED,797.32
PAY-00001216,ORD-00001216,WALLET,APPROVED,83.1
PAY-00001217,ORD-00001217,WALLET,APPROVED,789.37
PAY-00001218,ORD-00001218,TRANSFER,APPROVED,618.93
PAY-00001219,ORD-00001219,WALLET,APPROVED,667.87
PAY-00001220,ORD-00001220,WALLET,APPROVED,220.61
PAY-00001221,ORD-00001221,CASH,APPROVED,318.37
PAY-00001222,ORD-00001222,CASH,APPROVED,484.2
PAY-00001223,ORD-00001223,CASH,APPROVED,713.57
PAY-00001224,ORD-00001224,TRANSFER,APPROVED,270.01
PAY-00001225,ORD-00001225,CARD,APPROVED,861.25
PAY-00001226,ORD-00001226,WALLET,APPROVED,876.29
PAY-00001227,ORD-00001227,TRANSFER,APPROVED,118.47
PAY-00001228,ORD-00001228,CARD,APPROVED,342.16
PAY-00001229,ORD-00001229,CARD,REFUNDED,0.0
PAY-00001230,ORD-00001230,TRANSFER,APPROVED,829.58
PAY-00001231,ORD-00001231,CASH,APPROVED,153.11
PAY-00001232,ORD-00001232,TRANSFER,APPROVED,639.32
PAY-00001233,ORD-00001233,WALLET,APPROVED,659.76
PAY-00001234,ORD-00001234,CASH,APPROVED,811.65
PAY-00001235,ORD-00001235,WALLET,APPROVED,561.51
PAY-00001236,ORD-00001236,CARD,APPROVED,582.56
PAY-00001237,ORD-00001237,CASH,APPROVED,491.49
PAY-00001238,ORD-00001238,WALLET,APPROVED,449.06
PAY-00001239,ORD-00001239,TRANSFER,APPROVED,648.63
PAY-00001240,ORD-00001240,CARD,APPROVED,325.95
PAY-00001241,ORD-00001241,WALLET,APPROVED,659.15
PAY-00001242,ORD-00001242,CARD,APPROVED,659.28
PAY-00001243,ORD-00001243,WALLET,APPROVED,534.65
PAY-00001244,ORD-00001244,CASH,REJECTED,0.0
PAY-00001245,ORD-00001245,WALLET,APPROVED,377.37
PAY-00001246,ORD-00001246,CARD,APPROVED,643.57
PAY-00001247,ORD-00001247,TRANSFER,APPROVED,352.87
PAY-00001248,ORD-00001248,CASH,APPROVED,509.96
PAY-00001249,ORD-00001249,CARD,APPROVED,861.08
PAY-00001250,ORD-00001250,TRANSFER,APPROVED,805.03
PAY-00001251,ORD-00001251,CARD,APPROVED,691.78
PAY-00001252,ORD-00001252,TRANSFER,APPROVED,515.53
PAY-00001253,ORD-00001253,CASH,REFUNDED,0.0
PAY-00001254,ORD-00001254,CARD,APPROVED,159.12
PAY-00001255,ORD-00001255,TRANSFER,APPROVED,61.81
PAY-00001256,ORD-00001256,WALLET,APPROVED,483.71
PAY-00001257,ORD-00001257,CASH,APPROVED,177.17
PAY-00001258,ORD-00001258,WALLET,APPROVED,294.85
PAY-00001259,ORD-00001259,WALLET,APPROVED,632.7
PAY-00001260,ORD-00001260,CARD,APPROVED,26.41
PAY-00001261,ORD-00001261,CARD,APPROVED,821.05
PAY-00001262,ORD-00001262,CARD,APPROVED,718.67
PAY-00001263,ORD-00001263,TRANSFER,APPROVED,636.5
PAY-00001264,ORD-00001264,CASH,APPROVED,118.16
PAY-00001265,ORD-00001265,WALLET,APPROVED,335.87
PAY-00001266,ORD-00001266,CARD,APPROVED,317.71
PAY-00001267,ORD-00001267,TRANSFER,APPROVED,773.28
PAY-00001268,ORD-00001268,CASH,APPROVED,883.28
PAY-00001269,ORD-00001269,TRANSFER,APPROVED,443.57
PAY-00001270,ORD-00001270,CARD,APPROVED,469.43
PAY-00001271,ORD-00001271,CARD,APPROVED,605.81
PAY-00001272,ORD-00001272,WALLET,APPROVED,196.78
PAY-00001273,ORD-00001273,CARD,APPROVED,143.82
PAY-00001274,ORD-00001274,CARD,APPROVED,157.09
PAY-00001275,ORD-00001275,WALLET,APPROVED,75.48
PAY-00001276,ORD-00001276,CARD,APPROVED,648.49
PAY-00001277,ORD-00001277,CASH,APPROVED,656.93
PAY-00001278,ORD-00001278,CASH,APPROVED,435.12
PAY-00001279,ORD-00001279,TRANSFER,APPROVED,109.98
PAY-00001280,ORD-00001280,WALLET,APPROVED,216.39
PAY-00001281,ORD-00001281,CARD,APPROVED,135.28
PAY-00001282,ORD-00001282,TRANSFER,APPROVED,50.94
PAY-00001283,ORD-00001283,CASH,APPROVED,666.51
PAY-00001284,ORD-00001284,WALLET,APPROVED,375.44
PAY-00001285,ORD-00001285,CASH,APPROVED,806.86
PAY-00001286,ORD-00001286,CARD,APPROVED,898.87
PAY-00001287,ORD-00001287,TRANSFER,APPROVED,613.72
PAY-00001288,ORD-00001288,CARD,APPROVED,671.17
PAY-00001289,ORD-00001289,WALLET,APPROVED,191.19
PAY-00001290,ORD-00001290,WALLET,APPROVED,390.86
PAY-00001291,ORD-00001291,CARD,APPROVED,684.33
PAY-00001292,ORD-00001292,WALLET,APPROVED,605.01
PAY-00001293,ORD-00001293,TRANSFER,APPROVED,694.68
PAY-00001294,ORD-00001294,TRANSFER,APPROVED,849.03
PAY-00001295,ORD-00001295,CARD,APPROVED,38.67
PAY-00001296,ORD-00001296,TRANSFER,APPROVED,565.44
PAY-00001297,ORD-00001297,CARD,APPROVED,716.57
PAY-00001298,ORD-00001298,TRANSFER,APPROVED,495.06
PAY-00001299,ORD-00001299,CASH,APPROVED,691.11
PAY-00001300,ORD-00001300,CARD,APPROVED,293.38
PAY-00001301,ORD-00001301,TRANSFER,APPROVED,598.58
PAY-00001302,ORD-00001302,CASH,APPROVED,134.02
PAY-00001303,ORD-00001303,CARD,APPROVED,449.14
PAY-00001304,ORD-00001304,TRANSFER,APPROVED,771.1
PAY-00001305,ORD-00001305,TRANSFER,APPROVED,349.35
PAY-00001306,ORD-00001306,CASH,APPROVED,39.91
PAY-00001307,ORD-00001307,WALLET,APPROVED,531.81
PAY-00001308,ORD-00001308,WALLET,APPROVED,393.91
PAY-00001309,ORD-00001309,CASH,APPROVED,231.14
PAY-00001310,ORD-00001310,CARD,REFUNDED,0.0
PAY-00001311,ORD-00001311,WALLET,APPROVED,48.08
PAY-00001312,ORD-00001312,CARD,APPROVED,387.74
PAY-00001313,ORD-00001313,CARD,APPROVED,349.3
PAY-00001314,ORD-00001314,CASH,APPROVED,612.47
PAY-00001315,ORD-00001315,CARD,APPROVED,280.08
PAY-00001316,ORD-00001316,TRANSFER,APPROVED,877.08
PAY-00001317,ORD-00001317,TRANSFER,APPROVED,57.07
PAY-00001318,ORD-00001318,WALLET,APPROVED,862.78
PAY-00001319,ORD-00001319,WALLET,APPROVED,256.93
PAY-00001320,ORD-00001320,TRANSFER,APPROVED,719.15
PAY-00001321,ORD-00001321,CARD,APPROVED,398.13
PAY-00001322,ORD-00001322,CASH,APPROVED,471.1
PAY-00001323,ORD-00001323,CARD,APPROVED,570.64
PAY-00001324,ORD-00001324,TRANSFER,APPROVED,866.47
PAY-00001325,ORD-00001325,TRANSFER,APPROVED,486.46
PAY-00001326,ORD-00001326,WALLET,APPROVED,68.0
PAY-00001327,ORD-00001327,WALLET,APPROVED,621.5
PAY-00001328,ORD-00001328,WALLET,APPROVED,821.36
PAY-00001329,ORD-00001329,WALLET,APPROVED,586.75
PAY-00001330,ORD-00001330,TRANSFER,APPROVED,147.72
PAY-00001331,ORD-00001331,CASH,APPROVED,892.29
PAY-00001332,ORD-00001332,WALLET,APPROVED,135.74
PAY-00001333,ORD-00001333,WALLET,APPROVED,769.48
PAY-00001334,ORD-00001334,TRANSFER,APPROVED,808.41
PAY-00001335,ORD-00001335,TRANSFER,REFUNDED,0.0
PAY-00001336,ORD-00001336,CARD,APPROVED,520.31
PAY-00001337,ORD-00001337,CARD,REFUNDED,0.0
PAY-00001338,ORD-00001338,WALLET,APPROVED,699.27
PAY-00001339,ORD-00001339,CASH,APPROVED,673.4
PAY-00001340,ORD-00001340,TRANSFER,APPROVED,204.49
PAY-00001341,ORD-00001341,TRANSFER,APPROVED,487.12
PAY-00001342,ORD-00001342,CARD,APPROVED,435.25
PAY-00001343,ORD-00001343,CARD,APPROVED,340.45
PAY-00001344,ORD-00001344,TRANSFER,APPROVED,601.07
PAY-00001345,ORD-00001345,TRANSFER,APPROVED,355.45
PAY-00001346,ORD-00001346,TRANSFER,APPROVED,224.2
PAY-00001347,ORD-00001347,WALLET,APPROVED,843.65
PAY-00001348,ORD-00001348,WALLET,APPROVED,156.8
PAY-00001349,ORD-00001349,CASH,APPROVED,257.52
PAY-00001350,ORD-00001350,WALLET,APPROVED,834.95
PAY-00001351,ORD-00001351,TRANSFER,APPROVED,463.11
PAY-00001352,ORD-00001352,WALLET,APPROVED,416.14
PAY-00001353,ORD-00001353,CARD,APPROVED,715.05
PAY-00001354,ORD-00001354,TRANSFER,APPROVED,87.78
PAY-00001355,ORD-00001355,WALLET,APPROVED,621.89
PAY-00001356,ORD-00001356,TRANSFER,APPROVED,665.63
PAY-00001357,ORD-00001357,CARD,APPROVED,190.82
PAY-00001358,ORD-00001358,WALLET,APPROVED,797.64
PAY-00001359,ORD-00001359,TRANSFER,APPROVED,569.57
PAY-00001360,ORD-00001360,CASH,APPROVED,635.62
PAY-00001361,ORD-00001361,CARD,APPROVED,147.09
PAY-00001362,ORD-00001362,CASH,APPROVED,650.95
PAY-00001363,ORD-00001363,WALLET,APPROVED,646.5
PAY-00001364,ORD-00001364,CARD,APPROVED,353.14
PAY-00001365,ORD-00001365,CASH,APPROVED,265.43
PAY-00001366,ORD-00001366,TRANSFER,APPROVED,144.16
PAY-00001367,ORD-00001367,CARD,APPROVED,342.13
PAY-00001368,ORD-00001368,CASH,APPROVED,132.89
PAY-00001369,ORD-00001369,WALLET,APPROVED,641.98
PAY-00001370,ORD-00001370,TRANSFER,APPROVED,67.0
PAY-00001371,ORD-00001371,CARD,APPROVED,846.3
PAY-00001372,ORD-00001372,CASH,APPROVED,461.52
PAY-00001373,ORD-00001373,TRANSFER,APPROVED,804.62
PAY-00001374,ORD-00001374,WALLET,APPROVED,838.34
PAY-00001375,ORD-00001375,TRANSFER,APPROVED,484.43
PAY-00001376,ORD-00001376,CASH,REJECTED,0.0
PAY-00001377,ORD-00001377,CARD,REFUNDED,0.0
PAY-00001378,ORD-00001378,CASH,APPROVED,400.66
PAY-00001379,ORD-00001379,WALLET,APPROVED,831.72
PAY-00001380,ORD-00001380,WALLET,APPROVED,218.43
PAY-00001381,ORD-00001381,CARD,APPROVED,895.75
PAY-00001382,ORD-00001382,TRANSFER,APPROVED,642.49
PAY-00001383,ORD-00001383,TRANSFER,APPROVED,97.82
PAY-00001384,ORD-00001384,WALLET,APPROVED,742.98
PAY-00001385,ORD-00001385,CASH,APPROVED,874.89
PAY-00001386,ORD-00001386,TRANSFER,REFUNDED,0.0
PAY-00001387,ORD-00001387,WALLET,APPROVED,883.48
PAY-00001388,ORD-00001388,CASH,APPROVED,151.09
PAY-00001389,ORD-00001389,CARD,APPROVED,860.35
PAY-00001390,ORD-00001390,CASH,APPROVED,856.54
PAY-00001391,ORD-00001391,CARD,APPROVED,779.0
PAY-00001392,ORD-00001392,WALLET,APPROVED,673.26
PAY-00001393,ORD-00001393,CASH,APPROVED,172.54
PAY-00001394,ORD-00001394,WALLET,APPROVED,769.33
PAY-00001395,ORD-00001395,CARD,APPROVED,859.67
PAY-00001396,ORD-00001396,TRANSFER,APPROVED,830.7
PAY-00001397,ORD-00001397,TRANSFER,APPROVED,100.06
PAY-00001398,ORD-00001398,TRANSFER,REFUNDED,0.0
PAY-00001399,ORD-00001399,TRANSFER,APPROVED,558.27
PAY-00001400,ORD-00001400,CASH,APPROVED,876.35
PAY-00001401,ORD-00001401,CASH,REFUNDED,0.0
PAY-00001402,ORD-00001402,TRANSFER,APPROVED,817.88
PAY-00001403,ORD-00001403,CASH,APPROVED,477.94
PAY-00001404,ORD-00001404,CASH,APPROVED,469.37
PAY-00001405,ORD-00001405,CASH,APPROVED,518.1
PAY-00001406,ORD-00001406,CASH,APPROVED,29.4
PAY-00001407,ORD-00001407,WALLET,APPROVED,760.98
PAY-00001408,ORD-00001408,CARD,APPROVED,655.82
PAY-00001409,ORD-00001409,TRANSFER,APPROVED,827.53
PAY-00001410,ORD-00001410,TRANSFER,APPROVED,884.23
PAY-00001411,ORD-00001411,WALLET,APPROVED,20.17
PAY-00001412,ORD-00001412,CASH,APPROVED,373.51
PAY-00001413,ORD-00001413,CARD,APPROVED,734.62
PAY-00001414,ORD-00001414,CARD,APPROVED,92.56
PAY-00001415,ORD-00001415,TRANSFER,APPROVED,181.58
PAY-00001416,ORD-00001416,WALLET,APPROVED,400.67
PAY-00001417,ORD-00001417,WALLET,APPROVED,696.2
PAY-00001418,ORD-00001418,WALLET,APPROVED,149.89
PAY-00001419,ORD-00001419,WALLET,APPROVED,775.92
PAY-00001420,ORD-00001420,CARD,APPROVED,361.68
PAY-00001421,ORD-00001421,TRANSFER,APPROVED,766.03
PAY-00001422,ORD-00001422,WALLET,REJECTED,0.0
PAY-00001423,ORD-00001423,WALLET,APPROVED,68.72
PAY-00001424,ORD-00001424,TRANSFER,APPROVED,805.2
PAY-00001425,ORD-00001425,CASH,APPROVED,586.87
PAY-00001426,ORD-00001426,CASH,APPROVED,185.1
PAY-00001427,ORD-00001427,CASH,APPROVED,621.2
PAY-00001428,ORD-00001428,WALLET,APPROVED,274.65
PAY-00001429,ORD-00001429,CARD,APPROVED,610.7
PAY-00001430,ORD-00001430,CARD,APPROVED,762.41
PAY-00001431,ORD-00001431,CASH,APPROVED,129.25
PAY-00001432,ORD-00001432,TRANSFER,APPROVED,849.6
PAY-00001433,ORD-00001433,CASH,APPROVED,31.05
PAY-00001434,ORD-00001434,CASH,APPROVED,775.62
PAY-00001435,ORD-00001435,TRANSFER,APPROVED,561.54
PAY-00001436,ORD-00001436,CASH,REFUNDED,0.0
PAY-00001437,ORD-00001437,TRANSFER,APPROVED,148.79
PAY-00001438,ORD-00001438,TRANSFER,APPROVED,835.07
PAY-00001439,ORD-00001439,CARD,APPROVED,554.55
PAY-00001440,ORD-00001440,TRANSFER,APPROVED,108.29
PAY-00001441,ORD-00001441,CASH,APPROVED,273.53
PAY-00001442,ORD-00001442,TRANSFER,APPROVED,336.91
PAY-00001443,ORD-00001443,CASH,APPROVED,382.94
PAY-00001444,ORD-00001444,TRANSFER,APPROVED,461.95
PAY-00001445,ORD-00001445,CARD,APPROVED,603.52
PAY-00001446,ORD-00001446,CASH,APPROVED,137.12
PAY-00001447,ORD-00001447,CASH,REJECTED,0.0
PAY-00001448,ORD-00001448,CASH,APPROVED,696.58
PAY-00001449,ORD-00001449,TRANSFER,APPROVED,293.6
PAY-00001450,ORD-00001450,CARD,APPROVED,686.89
PAY-00001451,ORD-00001451,CARD,REFUNDED,0.0
PAY-00001452,ORD-00001452,TRANSFER,APPROVED,386.09
PAY-00001453,ORD-00001453,CASH,APPROVED,653.57
PAY-00001454,ORD-00001454,WALLET,REFUNDED,0.0
PAY-00001455,ORD-00001455,CARD,REJECTED,0.0
PAY-00001456,ORD-00001456,TRANSFER,APPROVED,706.68
PAY-00001457,ORD-00001457,TRANSFER,APPROVED,311.03
PAY-00001458,ORD-00001458,WALLET,APPROVED,493.6
PAY-00001459,ORD-00001459,CASH,APPROVED,684.99
PAY-00001460,ORD-00001460,WALLET,APPROVED,751.52
PAY-00001461,ORD-00001461,TRANSFER,APPROVED,759.8
PAY-00001462,ORD-00001462,WALLET,APPROVED,591.1
PAY-00001463,ORD-00001463,CARD,APPROVED,884.91
PAY-00001464,ORD-00001464,CARD,APPROVED,844.72
PAY-00001465,ORD-00001465,CASH,APPROVED,266.81
PAY-00001466,ORD-00001466,WALLET,APPROVED,647.2
PAY-00001467,ORD-00001467,WALLET,APPROVED,185.41
PAY-00001468,ORD-00001468,WALLET,APPROVED,391.74
PAY-00001469,ORD-00001469,TRANSFER,APPROVED,436.48
PAY-00001470,ORD-00001470,CASH,APPROVED,509.69
PAY-00001471,ORD-00001471,TRANSFER,APPROVED,578.27
PAY-00001472,ORD-00001472,TRANSFER,APPROVED,383.98
PAY-00001473,ORD-00001473,TRANSFER,APPROVED,129.51
PAY-00001474,ORD-00001474,WALLET,APPROVED,203.19
PAY-00001475,ORD-00001475,CASH,APPROVED,857.36
PAY-00001476,ORD-00001476,TRANSFER,APPROVED,271.29
PAY-00001477,ORD-00001477,CARD,REJECTED,0.0
PAY-00001478,ORD-00001478,TRANSFER,APPROVED,388.25
PAY-00001479,ORD-00001479,CASH,APPROVED,739.93
PAY-00001480,ORD-00001480,WALLET,APPROVED,54.54
PAY-00001481,ORD-00001481,WALLET,APPROVED,706.49
PAY-00001482,ORD-00001482,CASH,APPROVED,461.72
PAY-00001483,ORD-00001483,CASH,APPROVED,659.16
PAY-00001484,ORD-00001484,CARD,APPROVED,811.72
PAY-00001485,ORD-00001485,CARD,APPROVED,586.64
PAY-00001486,ORD-00001486,TRANSFER,APPROVED,719.6
PAY-00001487,ORD-00001487,WALLET,APPROVED,90.36
PAY-00001488,ORD-00001488,WALLET,APPROVED,862.2
PAY-00001489,ORD-00001489,CASH,APPROVED,121.45
PAY-00001490,ORD-00001490,TRANSFER,APPROVED,197.14
PAY-00001491,ORD-00001491,TRANSFER,APPROVED,729.13
PAY-00001492,ORD-00001492,CASH,APPROVED,841.46
PAY-00001493,ORD-00001493,CASH,APPROVED,295.88
PAY-00001494,ORD-00001494,WALLET,APPROVED,142.47
PAY-00001495,ORD-00001495,WALLET,REFUNDED,0.0
PAY-00001496,ORD-00001496,WALLET,APPROVED,66.77
PAY-00001497,ORD-00001497,WALLET,REFUNDED,0.0
PAY-00001498,ORD-00001498,CARD,APPROVED,227.07
PAY-00001499,ORD-00001499,CARD,APPROVED,355.77
PAY-00001500,ORD-00001500,WALLET,APPROVED,72.93
PAY-00001501,ORD-00001501,WALLET,APPROVED,867.68
PAY-00001502,ORD-00001502,CASH,APPROVED,126.13
PAY-00001503,ORD-00001503,CASH,APPROVED,871.6
PAY-00001504,ORD-00001504,CARD,REJECTED,0.0
PAY-00001505,ORD-00001505,WALLET,APPROVED,564.35
PAY-00001506,ORD-00001506,WALLET,APPROVED,830.8
PAY-00001507,ORD-00001507,CARD,APPROVED,760.56
PAY-00001508,ORD-00001508,CARD,APPROVED,669.18
PAY-00001509,ORD-00001509,WALLET,APPROVED,749.99
PAY-00001510,ORD-00001510,CASH,APPROVED,461.77
PAY-00001511,ORD-00001511,TRANSFER,APPROVED,881.98
PAY-00001512,ORD-00001512,TRANSFER,APPROVED,299.65
PAY-00001513,ORD-00001513,WALLET,APPROVED,627.28
PAY-00001514,ORD-00001514,TRANSFER,APPROVED,23.48
PAY-00001515,ORD-00001515,CARD,APPROVED,491.25
PAY-00001516,ORD-00001516,WALLET,APPROVED,804.93
PAY-00001517,ORD-00001517,CARD,APPROVED,734.31
PAY-00001518,ORD-00001518,CASH,APPROVED,694.65
PAY-00001519,ORD-00001519,TRANSFER,APPROVED,843.58
PAY-00001520,ORD-00001520,TRANSFER,APPROVED,617.29
PAY-00001521,ORD-00001521,CARD,APPROVED,568.33
PAY-00001522,ORD-00001522,WALLET,APPROVED,871.06
PAY-00001523,ORD-00001523,TRANSFER,APPROVED,886.07
PAY-00001524,ORD-00001524,CARD,APPROVED,165.87
PAY-00001525,ORD-00001525,CASH,APPROVED,535.53
PAY-00001526,ORD-00001526,WALLET,REFUNDED,0.0
PAY-00001527,ORD-00001527,TRANSFER,APPROVED,615.01
PAY-00001528,ORD-00001528,TRANSFER,APPROVED,617.4
PAY-00001529,ORD-00001529,TRANSFER,APPROVED,849.62
PAY-00001530,ORD-00001530,CASH,APPROVED,375.09
PAY-00001531,ORD-00001531,CASH,APPROVED,686.73
PAY-00001532,ORD-00001532,WALLET,APPROVED,386.75
PAY-00001533,ORD-00001533,CARD,APPROVED,793.89
PAY-00001534,ORD-00001534,CASH,APPROVED,390.08
PAY-00001535,ORD-00001535,TRANSFER,APPROVED,70.62
PAY-00001536,ORD-00001536,WALLET,APPROVED,539.39
PAY-00001537,ORD-00001537,WALLET,APPROVED,225.95
PAY-00001538,ORD-00001538,CASH,APPROVED,850.04
PAY-00001539,ORD-00001539,CASH,APPROVED,568.43
PAY-00001540,ORD-00001540,TRANSFER,APPROVED,802.72
PAY-00001541,ORD-00001541,TRANSFER,APPROVED,725.11
PAY-00001542,ORD-00001542,CASH,APPROVED,614.64
PAY-00001543,ORD-00001543,WALLET,APPROVED,680.49
PAY-00001544,ORD-00001544,TRANSFER,APPROVED,425.83
PAY-00001545,ORD-00001545,TRANSFER,APPROVED,844.76
PAY-00001546,ORD-00001546,WALLET,APPROVED,185.35
PAY-00001547,ORD-00001547,TRANSFER,APPROVED,759.09
PAY-00001548,ORD-00001548,WALLET,APPROVED,387.59
PAY-00001549,ORD-00001549,CARD,APPROVED,720.37
PAY-00001550,ORD-00001550,TRANSFER,APPROVED,591.76
PAY-00001551,ORD-00001551,TRANSFER,APPROVED,288.18
PAY-00001552,ORD-00001552,CARD,APPROVED,615.3
PAY-00001553,ORD-00001553,WALLET,APPROVED,187.94
PAY-00001554,ORD-00001554,TRANSFER,APPROVED,606.06
PAY-00001555,ORD-00001555,CARD,APPROVED,516.0
PAY-00001556,ORD-00001556,WALLET,APPROVED,417.06
PAY-00001557,ORD-00001557,TRANSFER,APPROVED,18.27
PAY-00001558,ORD-00001558,CASH,APPROVED,665.11
PAY-00001559,ORD-00001559,CARD,APPROVED,178.06
PAY-00001560,ORD-00001560,WALLET,APPROVED,41.57
PAY-00001561,ORD-00001561,CASH,APPROVED,822.75
PAY-00001562,ORD-00001562,WALLET,APPROVED,169.12
PAY-00001563,ORD-00001563,CASH,APPROVED,505.74
PAY-00001564,ORD-00001564,CASH,REFUNDED,0.0
PAY-00001565,ORD-00001565,CARD,APPROVED,201.06
PAY-00001566,ORD-00001566,CARD,REJECTED,0.0
PAY-00001567,ORD-00001567,CASH,APPROVED,72.86
PAY-00001568,ORD-00001568,CARD,APPROVED,349.7
PAY-00001569,ORD-00001569,WALLET,APPROVED,690.33
PAY-00001570,ORD-00001570,CASH,APPROVED,305.0
PAY-00001571,ORD-00001571,WALLET,APPROVED,872.02
PAY-00001572,ORD-00001572,CASH,APPROVED,715.03
PAY-00001573,ORD-00001573,WALLET,APPROVED,585.89
PAY-00001574,ORD-00001574,WALLET,APPROVED,645.55
PAY-00001575,ORD-00001575,CARD,APPROVED,529.35
PAY-00001576,ORD-00001576,CASH,APPROVED,806.97
PAY-00001577,ORD-00001577,CASH,APPROVED,801.51
PAY-00001578,ORD-00001578,TRANSFER,APPROVED,133.88
PAY-00001579,ORD-00001579,WALLET,APPROVED,51.41
PAY-00001580,ORD-00001580,WALLET,APPROVED,376.92
PAY-00001581,ORD-00001581,TRANSFER,APPROVED,173.92
PAY-00001582,ORD-00001582,WALLET,REFUNDED,0.0
PAY-00001583,ORD-00001583,TRANSFER,APPROVED,835.05
PAY-00001584,ORD-00001584,TRANSFER,APPROVED,310.38
PAY-00001585,ORD-00001585,TRANSFER,APPROVED,695.11
PAY-00001586,ORD-00001586,CASH,REJECTED,0.0
PAY-00001587,ORD-00001587,CASH,APPROVED,280.03
PAY-00001588,ORD-00001588,TRANSFER,APPROVED,742.35
PAY-00001589,ORD-00001589,CASH,APPROVED,890.51
PAY-00001590,ORD-00001590,TRANSFER,APPROVED,655.15
PAY-00001591,ORD-00001591,TRANSFER,APPROVED,685.49
PAY-00001592,ORD-00001592,CASH,APPROVED,292.07
PAY-00001593,ORD-00001593,WALLET,APPROVED,413.23
PAY-00001594,ORD-00001594,TRANSFER,APPROVED,285.43
PAY-00001595,ORD-00001595,WALLET,APPROVED,385.95
PAY-00001596,ORD-00001596,TRANSFER,APPROVED,534.46
PAY-00001597,ORD-00001597,TRANSFER,REJECTED,0.0
PAY-00001598,ORD-00001598,TRANSFER,APPROVED,882.45
PAY-00001599,ORD-00001599,CARD,APPROVED,435.18
PAY-00001600,ORD-00001600,WALLET,APPROVED,107.32
PAY-00001601,ORD-00001601,WALLET,APPROVED,191.11
PAY-00001602,ORD-00001602,TRANSFER,APPROVED,272.63
PAY-00001603,ORD-00001603,CASH,APPROVED,167.07
PAY-00001604,ORD-00001604,TRANSFER,APPROVED,113.01
PAY-00001605,ORD-00001605,CARD,APPROVED,814.67
PAY-00001606,ORD-00001606,TRANSFER,APPROVED,643.06
PAY-00001607,ORD-00001607,CARD,APPROVED,459.69
PAY-00001608,ORD-00001608,TRANSFER,APPROVED,141.28
PAY-00001609,ORD-00001609,WALLET,APPROVED,820.62
PAY-00001610,ORD-00001610,TRANSFER,APPROVED,667.5
PAY-00001611,ORD-00001611,WALLET,APPROVED,644.81
PAY-00001612,ORD-00001612,CASH,APPROVED,811.47
PAY-00001613,ORD-00001613,TRANSFER,APPROVED,177.35
PAY-00001614,ORD-00001614,TRANSFER,APPROVED,785.43
PAY-00001615,ORD-00001615,CASH,APPROVED,74.07
PAY-00001616,ORD-00001616,CASH,APPROVED,378.98
PAY-00001617,ORD-00001617,CASH,APPROVED,108.12
PAY-00001618,ORD-00001618,CARD,APPROVED,238.7
PAY-00001619,ORD-00001619,CASH,APPROVED,612.93
PAY-00001620,ORD-00001620,CASH,APPROVED,366.06
PAY-00001621,ORD-00001621,CARD,APPROVED,677.58
PAY-00001622,ORD-00001622,CARD,APPROVED,646.52
PAY-00001623,ORD-00001623,WALLET,APPROVED,30.99
PAY-00001624,ORD-00001624,TRANSFER,APPROVED,164.08
PAY-00001625,ORD-00001625,WALLET,APPROVED,331.91
PAY-00001626,ORD-00001626,CARD,APPROVED,631.62
PAY-00001627,ORD-00001627,CASH,APPROVED,649.02
PAY-00001628,ORD-00001628,CARD,APPROVED,544.41
PAY-00001629,ORD-00001629,CASH,APPROVED,226.11
PAY-00001630,ORD-00001630,WALLET,APPROVED,185.05
PAY-00001631,ORD-00001631,WALLET,APPROVED,749.95
PAY-00001632,ORD-00001632,WALLET,APPROVED,736.83
PAY-00001633,ORD-00001633,TRANSFER,REJECTED,0.0
PAY-00001634,ORD-00001634,TRANSFER,APPROVED,168.66
PAY-00001635,ORD-00001635,TRANSFER,APPROVED,209.79
PAY-00001636,ORD-00001636,CARD,APPROVED,798.63
PAY-00001637,ORD-00001637,CARD,REFUNDED,0.0
PAY-00001638,ORD-00001638,CASH,APPROVED,98.85
PAY-00001639,ORD-00001639,CARD,APPROVED,875.54
PAY-00001640,ORD-00001640,CASH,APPROVED,797.31
PAY-00001641,ORD-00001641,WALLET,APPROVED,30.62
PAY-00001642,ORD-00001642,CASH,APPROVED,671.51
PAY-00001643,ORD-00001643,CARD,APPROVED,686.66
PAY-00001644,ORD-00001644,WALLET,APPROVED,563.49
PAY-00001645,ORD-00001645,WALLET,APPROVED,347.54
PAY-00001646,ORD-00001646,CASH,APPROVED,305.89
PAY-00001647,ORD-00001647,TRANSFER,APPROVED,382.18
PAY-00001648,ORD-00001648,CARD,APPROVED,663.59
PAY-00001649,ORD-00001649,CARD,APPROVED,603.53
PAY-00001650,ORD-00001650,TRANSFER,APPROVED,352.62
PAY-00001651,ORD-00001651,TRANSFER,APPROVED,450.1
PAY-00001652,ORD-00001652,WALLET,APPROVED,126.12
PAY-00001653,ORD-00001653,CASH,APPROVED,392.22
PAY-00001654,ORD-00001654,WALLET,APPROVED,171.15
PAY-00001655,ORD-00001655,CARD,APPROVED,193.24
PAY-00001656,ORD-00001656,WALLET,APPROVED,333.23
PAY-00001657,ORD-00001657,TRANSFER,APPROVED,665.41
PAY-00001658,ORD-00001658,CASH,APPROVED,352.56
PAY-00001659,ORD-00001659,CARD,APPROVED,150.23
PAY-00001660,ORD-00001660,TRANSFER,APPROVED,416.44
PAY-00001661,ORD-00001661,TRANSFER,APPROVED,647.65
PAY-00001662,ORD-00001662,CASH,APPROVED,458.12
PAY-00001663,ORD-00001663,WALLET,APPROVED,847.15
PAY-00001664,ORD-00001664,WALLET,APPROVED,582.33
PAY-00001665,ORD-00001665,TRANSFER,APPROVED,515.56
PAY-00001666,ORD-00001666,CARD,APPROVED,447.43
PAY-00001667,ORD-00001667,WALLET,APPROVED,834.97
PAY-00001668,ORD-00001668,CARD,APPROVED,734.62
PAY-00001669,ORD-00001669,CASH,APPROVED,418.09
PAY-00001670,ORD-00001670,CASH,APPROVED,857.32
PAY-00001671,ORD-00001671,WALLET,APPROVED,585.29
PAY-00001672,ORD-00001672,CASH,APPROVED,86.11
PAY-00001673,ORD-00001673,CARD,APPROVED,392.78
PAY-00001674,ORD-00001674,TRANSFER,APPROVED,353.77
PAY-00001675,ORD-00001675,WALLET,APPROVED,521.76
PAY-00001676,ORD-00001676,CASH,APPROVED,200.43
PAY-00001677,ORD-00001677,WALLET,APPROVED,164.03
PAY-00001678,ORD-00001678,TRANSFER,APPROVED,594.25
PAY-00001679,ORD-00001679,TRANSFER,APPROVED,638.08
PAY-00001680,ORD-00001680,TRANSFER,APPROVED,735.72
PAY-00001681,ORD-00001681,CARD,APPROVED,184.82
PAY-00001682,ORD-00001682,TRANSFER,APPROVED,822.98
PAY-00001683,ORD-00001683,TRANSFER,APPROVED,349.29
PAY-00001684,ORD-00001684,CASH,APPROVED,444.4
PAY-00001685,ORD-00001685,CARD,APPROVED,860.36
PAY-00001686,ORD-00001686,CARD,APPROVED,477.27
PAY-00001687,ORD-00001687,CASH,APPROVED,433.81
PAY-00001688,ORD-00001688,WALLET,APPROVED,318.62
PAY-00001689,ORD-00001689,TRANSFER,APPROVED,65.66
PAY-00001690,ORD-00001690,CARD,APPROVED,633.0
PAY-00001691,ORD-00001691,TRANSFER,APPROVED,123.76
PAY-00001692,ORD-00001692,TRANSFER,APPROVED,562.24
PAY-00001693,ORD-00001693,CASH,APPROVED,181.32
PAY-00001694,ORD-00001694,CASH,APPROVED,333.78
PAY-00001695,ORD-00001695,CASH,APPROVED,221.7
PAY-00001696,ORD-00001696,WALLET,APPROVED,846.09
PAY-00001697,ORD-00001697,CASH,APPROVED,275.07
PAY-00001698,ORD-00001698,WALLET,APPROVED,649.25
PAY-00001699,ORD-00001699,TRANSFER,APPROVED,896.73
PAY-00001700,ORD-00001700,WALLET,APPROVED,860.22
PAY-00001701,ORD-00001701,CASH,APPROVED,681.63
PAY-00001702,ORD-00001702,CASH,APPROVED,648.45
PAY-00001703,ORD-00001703,CARD,APPROVED,210.03
PAY-00001704,ORD-00001704,WALLET,APPROVED,831.62
PAY-00001705,ORD-00001705,TRANSFER,APPROVED,839.63
PAY-00001706,ORD-00001706,CARD,APPROVED,348.65
PAY-00001707,ORD-00001707,CARD,APPROVED,709.8
PAY-00001708,ORD-00001708,CARD,APPROVED,117.39
PAY-00001709,ORD-00001709,CASH,REFUNDED,0.0
PAY-00001710,ORD-00001710,CASH,REJECTED,0.0
PAY-00001711,ORD-00001711,CASH,APPROVED,358.51
PAY-00001712,ORD-00001712,TRANSFER,APPROVED,547.43
PAY-00001713,ORD-00001713,WALLET,APPROVED,294.59
PAY-00001714,ORD-00001714,CARD,APPROVED,418.37
PAY-00001715,ORD-00001715,CASH,APPROVED,288.37
PAY-00001716,ORD-00001716,WALLET,REFUNDED,0.0
PAY-00001717,ORD-00001717,CARD,APPROVED,870.35
PAY-00001718,ORD-00001718,WALLET,APPROVED,201.39
PAY-00001719,ORD-00001719,CARD,APPROVED,61.52
PAY-00001720,ORD-00001720,WALLET,APPROVED,279.71
PAY-00001721,ORD-00001721,WALLET,APPROVED,499.93
PAY-00001722,ORD-00001722,WALLET,APPROVED,361.09
PAY-00001723,ORD-00001723,CARD,APPROVED,499.99
PAY-00001724,ORD-00001724,WALLET,APPROVED,642.98
PAY-00001725,ORD-00001725,TRANSFER,APPROVED,441.96
PAY-00001726,ORD-00001726,CARD,APPROVED,188.15
PAY-00001727,ORD-00001727,WALLET,APPROVED,710.17
PAY-00001728,ORD-00001728,TRANSFER,APPROVED,163.88
PAY-00001729,ORD-00001729,CASH,REFUNDED,0.0
PAY-00001730,ORD-00001730,CARD,REJECTED,0.0
PAY-00001731,ORD-00001731,WALLET,APPROVED,282.88
PAY-00001732,ORD-00001732,TRANSFER,APPROVED,892.18
PAY-00001733,ORD-00001733,CARD,APPROVED,590.53
PAY-00001734,ORD-00001734,CARD,APPROVED,118.22
PAY-00001735,ORD-00001735,CARD,APPROVED,534.36
PAY-00001736,ORD-00001736,WALLET,APPROVED,98.68
PAY-00001737,ORD-00001737,CARD,APPROVED,125.83
PAY-00001738,ORD-00001738,TRANSFER,APPROVED,635.16
PAY-00001739,ORD-00001739,WALLET,APPROVED,474.23
PAY-00001740,ORD-00001740,CASH,APPROVED,198.61
PAY-00001741,ORD-00001741,CASH,APPROVED,630.27
PAY-00001742,ORD-00001742,WALLET,APPROVED,523.95
PAY-00001743,ORD-00001743,TRANSFER,APPROVED,681.47
PAY-00001744,ORD-00001744,WALLET,APPROVED,496.82
PAY-00001745,ORD-00001745,WALLET,APPROVED,55.86
PAY-00001746,ORD-00001746,WALLET,APPROVED,408.75
PAY-00001747,ORD-00001747,CASH,APPROVED,897.17
PAY-00001748,ORD-00001748,TRANSFER,APPROVED,54.59
PAY-00001749,ORD-00001749,WALLET,APPROVED,547.9
PAY-00001750,ORD-00001750,CASH,APPROVED,388.48
PAY-00001751,ORD-00001751,CASH,APPROVED,88.68
PAY-00001752,ORD-00001752,CARD,APPROVED,77.44
PAY-00001753,ORD-00001753,CARD,APPROVED,513.82
PAY-00001754,ORD-00001754,TRANSFER,APPROVED,150.84
PAY-00001755,ORD-00001755,WALLET,APPROVED,549.19
PAY-00001756,ORD-00001756,WALLET,APPROVED,375.0
PAY-00001757,ORD-00001757,WALLET,APPROVED,144.5
PAY-00001758,ORD-00001758,CASH,APPROVED,881.84
PAY-00001759,ORD-00001759,CASH,APPROVED,659.57
PAY-00001760,ORD-00001760,WALLET,APPROVED,634.9
PAY-00001761,ORD-00001761,TRANSFER,APPROVED,808.46
PAY-00001762,ORD-00001762,CASH,APPROVED,671.05
PAY-00001763,ORD-00001763,TRANSFER,APPROVED,766.92
PAY-00001764,ORD-00001764,CASH,APPROVED,646.2
PAY-00001765,ORD-00001765,CARD,APPROVED,251.62
PAY-00001766,ORD-00001766,CARD,APPROVED,235.46
PAY-00001767,ORD-00001767,WALLET,APPROVED,328.29
PAY-00001768,ORD-00001768,CARD,APPROVED,650.84
PAY-00001769,ORD-00001769,CASH,APPROVED,91.94
PAY-00001770,ORD-00001770,CASH,APPROVED,82.87
PAY-00001771,ORD-00001771,CARD,APPROVED,672.92
PAY-00001772,ORD-00001772,CARD,APPROVED,840.21
PAY-00001773,ORD-00001773,CARD,APPROVED,373.84
PAY-00001774,ORD-00001774,WALLET,APPROVED,636.79
PAY-00001775,ORD-00001775,CARD,APPROVED,52.49
PAY-00001776,ORD-00001776,CARD,APPROVED,169.71
PAY-00001777,ORD-00001777,CASH,APPROVED,389.11
PAY-00001778,ORD-00001778,CARD,REJECTED,0.0
PAY-00001779,ORD-00001779,CASH,APPROVED,274.79
PAY-00001780,ORD-00001780,TRANSFER,APPROVED,831.9
PAY-00001781,ORD-00001781,CASH,APPROVED,46.35
PAY-00001782,ORD-00001782,TRANSFER,APPROVED,559.74
PAY-00001783,ORD-00001783,TRANSFER,APPROVED,654.35
PAY-00001784,ORD-00001784,CASH,APPROVED,90.0
PAY-00001785,ORD-00001785,CASH,APPROVED,21.12
PAY-00001786,ORD-00001786,CASH,APPROVED,346.26
PAY-00001787,ORD-00001787,WALLET,APPROVED,111.2
PAY-00001788,ORD-00001788,TRANSFER,APPROVED,676.18
PAY-00001789,ORD-00001789,TRANSFER,APPROVED,267.14
PAY-00001790,ORD-00001790,CASH,APPROVED,156.88
PAY-00001791,ORD-00001791,WALLET,APPROVED,447.83
PAY-00001792,ORD-00001792,WALLET,APPROVED,691.49
PAY-00001793,ORD-00001793,CARD,APPROVED,862.55
PAY-00001794,ORD-00001794,TRANSFER,APPROVED,27.08
PAY-00001795,ORD-00001795,WALLET,APPROVED,543.42
PAY-00001796,ORD-00001796,TRANSFER,APPROVED,688.4
PAY-00001797,ORD-00001797,WALLET,APPROVED,263.81
PAY-00001798,ORD-00001798,WALLET,APPROVED,394.81
PAY-00001799,ORD-00001799,CASH,APPROVED,181.97
PAY-00001800,ORD-00001800,TRANSFER,APPROVED,132.08
PAY-00001801,ORD-00001801,WALLET,APPROVED,191.68
PAY-00001802,ORD-00001802,CASH,APPROVED,634.64
PAY-00001803,ORD-00001803,WALLET,APPROVED,69.29
PAY-00001804,ORD-00001804,CASH,APPROVED,263.29
PAY-00001805,ORD-00001805,TRANSFER,REFUNDED,0.0
PAY-00001806,ORD-00001806,CASH,APPROVED,432.77
PAY-00001807,ORD-00001807,WALLET,APPROVED,854.27
PAY-00001808,ORD-00001808,CARD,APPROVED,619.42
PAY-00001809,ORD-00001809,WALLET,APPROVED,731.88
PAY-00001810,ORD-00001810,WALLET,APPROVED,225.85
PAY-00001811,ORD-00001811,CASH,REJECTED,0.0
PAY-00001812,ORD-00001812,WALLET,APPROVED,822.28
PAY-00001813,ORD-00001813,CASH,APPROVED,834.07
PAY-00001814,ORD-00001814,TRANSFER,APPROVED,434.67
PAY-00001815,ORD-00001815,CASH,APPROVED,184.66
PAY-00001816,ORD-00001816,CARD,APPROVED,411.91
PAY-00001817,ORD-00001817,WALLET,APPROVED,385.82
PAY-00001818,ORD-00001818,TRANSFER,APPROVED,257.62
PAY-00001819,ORD-00001819,CASH,APPROVED,68.8
PAY-00001820,ORD-00001820,CARD,APPROVED,486.24
PAY-00001821,ORD-00001821,TRANSFER,APPROVED,354.97
PAY-00001822,ORD-00001822,WALLET,APPROVED,18.19
PAY-00001823,ORD-00001823,CARD,APPROVED,714.72
PAY-00001824,ORD-00001824,CARD,APPROVED,769.44
PAY-00001825,ORD-00001825,CASH,APPROVED,55.37
PAY-00001826,ORD-00001826,CASH,REFUNDED,0.0
PAY-00001827,ORD-00001827,TRANSFER,APPROVED,200.83
PAY-00001828,ORD-00001828,TRANSFER,APPROVED,852.59
PAY-00001829,ORD-00001829,CARD,APPROVED,556.16
PAY-00001830,ORD-00001830,CASH,APPROVED,209.06
PAY-00001831,ORD-00001831,CARD,REFUNDED,0.0
PAY-00001832,ORD-00001832,WALLET,APPROVED,675.01
PAY-00001833,ORD-00001833,CASH,APPROVED,406.33
PAY-00001834,ORD-00001834,CASH,APPROVED,220.07
PAY-00001835,ORD-00001835,CASH,APPROVED,97.92
PAY-00001836,ORD-00001836,TRANSFER,APPROVED,849.87
PAY-00001837,ORD-00001837,TRANSFER,APPROVED,172.29
PAY-00001838,ORD-00001838,WALLET,APPROVED,392.36
PAY-00001839,ORD-00001839,WALLET,APPROVED,136.5
PAY-00001840,ORD-00001840,TRANSFER,APPROVED,33.33
PAY-00001841,ORD-00001841,TRANSFER,APPROVED,696.55
PAY-00001842,ORD-00001842,TRANSFER,APPROVED,23.32
PAY-00001843,ORD-00001843,TRANSFER,APPROVED,90.19
PAY-00001844,ORD-00001844,WALLET,APPROVED,287.04
PAY-00001845,ORD-00001845,WALLET,APPROVED,570.32
PAY-00001846,ORD-00001846,CARD,APPROVED,105.77
PAY-00001847,ORD-00001847,WALLET,APPROVED,213.52
PAY-00001848,ORD-00001848,TRANSFER,APPROVED,214.91
PAY-00001849,ORD-00001849,CASH,APPROVED,891.83
PAY-00001850,ORD-00001850,TRANSFER,APPROVED,310.35
PAY-00001851,ORD-00001851,TRANSFER,APPROVED,172.59
PAY-00001852,ORD-00001852,WALLET,APPROVED,605.54
PAY-00001853,ORD-00001853,CARD,APPROVED,254.92
PAY-00001854,ORD-00001854,CASH,APPROVED,777.62
PAY-00001855,ORD-00001855,CASH,APPROVED,360.68
PAY-00001856,ORD-00001856,CARD,APPROVED,115.15
PAY-00001857,ORD-00001857,TRANSFER,APPROVED,895.37
PAY-00001858,ORD-00001858,WALLET,APPROVED,440.94
PAY-00001859,ORD-00001859,TRANSFER,APPROVED,850.47
PAY-00001860,ORD-00001860,CASH,APPROVED,491.79
PAY-00001861,ORD-00001861,CASH,APPROVED,647.71
PAY-00001862,ORD-00001862,TRANSFER,APPROVED,223.15
PAY-00001863,ORD-00001863,CASH,APPROVED,862.49
PAY-00001864,ORD-00001864,WALLET,APPROVED,766.66
PAY-00001865,ORD-00001865,CASH,APPROVED,754.2
PAY-00001866,ORD-00001866,WALLET,APPROVED,213.76
PAY-00001867,ORD-00001867,TRANSFER,APPROVED,38.32
PAY-00001868,ORD-00001868,TRANSFER,APPROVED,601.53
PAY-00001869,ORD-00001869,WALLET,APPROVED,338.24
PAY-00001870,ORD-00001870,WALLET,APPROVED,383.6
PAY-00001871,ORD-00001871,WALLET,APPROVED,633.23
PAY-00001872,ORD-00001872,CASH,APPROVED,585.69
PAY-00001873,ORD-00001873,TRANSFER,REFUNDED,0.0
PAY-00001874,ORD-00001874,CASH,APPROVED,751.92
PAY-00001875,ORD-00001875,CASH,APPROVED,749.12
PAY-00001876,ORD-00001876,WALLET,APPROVED,389.95
PAY-00001877,ORD-00001877,CASH,APPROVED,856.7
PAY-00001878,ORD-00001878,CARD,APPROVED,177.57
PAY-00001879,ORD-00001879,CARD,APPROVED,429.57
PAY-00001880,ORD-00001880,CARD,APPROVED,725.96
PAY-00001881,ORD-00001881,CARD,APPROVED,335.99
PAY-00001882,ORD-00001882,CARD,APPROVED,159.04
PAY-00001883,ORD-00001883,WALLET,APPROVED,288.57
PAY-00001884,ORD-00001884,CASH,APPROVED,879.35
PAY-00001885,ORD-00001885,CASH,APPROVED,97.49
PAY-00001886,ORD-00001886,CARD,APPROVED,293.31
PAY-00001887,ORD-00001887,CASH,APPROVED,808.41
PAY-00001888,ORD-00001888,CARD,APPROVED,353.17
PAY-00001889,ORD-00001889,CASH,APPROVED,618.9
PAY-00001890,ORD-00001890,TRANSFER,REJECTED,0.0
PAY-00001891,ORD-00001891,WALLET,APPROVED,458.93
PAY-00001892,ORD-00001892,CARD,REJECTED,0.0
PAY-00001893,ORD-00001893,CARD,APPROVED,772.52
PAY-00001894,ORD-00001894,WALLET,APPROVED,897.35
PAY-00001895,ORD-00001895,CARD,APPROVED,455.31
PAY-00001896,ORD-00001896,CARD,APPROVED,872.52
PAY-00001897,ORD-00001897,TRANSFER,APPROVED,292.64
PAY-00001898,ORD-00001898,TRANSFER,APPROVED,336.55
PAY-00001899,ORD-00001899,CARD,APPROVED,433.84
PAY-00001900,ORD-00001900,WALLET,REJECTED,0.0
PAY-00001901,ORD-00001901,CASH,APPROVED,563.42
PAY-00001902,ORD-00001902,CARD,APPROVED,567.8
PAY-00001903,ORD-00001903,CARD,APPROVED,247.6
PAY-00001904,ORD-00001904,CASH,APPROVED,584.82
PAY-00001905,ORD-00001905,CASH,APPROVED,769.96
PAY-00001906,ORD-00001906,CASH,APPROVED,212.4
PAY-00001907,ORD-00001907,TRANSFER,APPROVED,429.61
PAY-00001908,ORD-00001908,TRANSFER,APPROVED,662.62
PAY-00001909,ORD-00001909,TRANSFER,APPROVED,191.53
PAY-00001910,ORD-00001910,WALLET,APPROVED,671.04
PAY-00001911,ORD-00001911,CARD,APPROVED,430.92
PAY-00001912,ORD-00001912,WALLET,APPROVED,700.17
PAY-00001913,ORD-00001913,CASH,APPROVED,203.88
PAY-00001914,ORD-00001914,CASH,APPROVED,577.58
PAY-00001915,ORD-00001915,TRANSFER,APPROVED,788.29
PAY-00001916,ORD-00001916,CARD,APPROVED,244.61
PAY-00001917,ORD-00001917,CARD,APPROVED,681.56
PAY-00001918,ORD-00001918,CARD,APPROVED,624.61
PAY-00001919,ORD-00001919,WALLET,APPROVED,519.73
PAY-00001920,ORD-00001920,WALLET,APPROVED,606.15
PAY-00001921,ORD-00001921,CARD,APPROVED,808.4
PAY-00001922,ORD-00001922,CARD,APPROVED,873.43
PAY-00001923,ORD-00001923,CARD,REFUNDED,0.0
PAY-00001924,ORD-00001924,WALLET,APPROVED,526.86
PAY-00001925,ORD-00001925,WALLET,APPROVED,700.33
PAY-00001926,ORD-00001926,TRANSFER,REJECTED,0.0
PAY-00001927,ORD-00001927,CARD,APPROVED,808.54
PAY-00001928,ORD-00001928,CARD,APPROVED,418.56
PAY-00001929,ORD-00001929,CASH,APPROVED,692.1
PAY-00001930,ORD-00001930,CASH,APPROVED,504.19
PAY-00001931,ORD-00001931,WALLET,APPROVED,624.37
PAY-00001932,ORD-00001932,CARD,APPROVED,728.26
PAY-00001933,ORD-00001933,TRANSFER,APPROVED,678.7
PAY-00001934,ORD-00001934,CARD,APPROVED,728.2
PAY-00001935,ORD-00001935,CASH,APPROVED,702.54
PAY-00001936,ORD-00001936,TRANSFER,REFUNDED,0.0
PAY-00001937,ORD-00001937,CASH,APPROVED,585.7
PAY-00001938,ORD-00001938,WALLET,REJECTED,0.0
PAY-00001939,ORD-00001939,CARD,APPROVED,813.87
PAY-00001940,ORD-00001940,TRANSFER,APPROVED,819.52
PAY-00001941,ORD-00001941,CASH,APPROVED,474.28
PAY-00001942,ORD-00001942,CASH,APPROVED,521.39
PAY-00001943,ORD-00001943,WALLET,APPROVED,363.09
PAY-00001944,ORD-00001944,TRANSFER,APPROVED,578.1
PAY-00001945,ORD-00001945,CASH,APPROVED,472.79
PAY-00001946,ORD-00001946,CARD,APPROVED,573.83
PAY-00001947,ORD-00001947,TRANSFER,APPROVED,155.76
PAY-00001948,ORD-00001948,CARD,APPROVED,571.57
PAY-00001949,ORD-00001949,CASH,APPROVED,84.71
PAY-00001950,ORD-00001950,TRANSFER,REFUNDED,0.0
PAY-00001951,ORD-00001951,WALLET,APPROVED,211.25
PAY-00001952,ORD-00001952,TRANSFER,APPROVED,598.44
PAY-00001953,ORD-00001953,CARD,APPROVED,527.73
PAY-00001954,ORD-00001954,TRANSFER,APPROVED,264.98
PAY-00001955,ORD-00001955,WALLET,APPROVED,334.84
PAY-00001956,ORD-00001956,WALLET,APPROVED,34.43
PAY-00001957,ORD-00001957,CASH,APPROVED,386.62
PAY-00001958,ORD-00001958,TRANSFER,APPROVED,174.13
PAY-00001959,ORD-00001959,WALLET,APPROVED,771.51
PAY-00001960,ORD-00001960,WALLET,APPROVED,545.99
PAY-00001961,ORD-00001961,TRANSFER,APPROVED,185.67
PAY-00001962,ORD-00001962,CASH,APPROVED,206.43
PAY-00001963,ORD-00001963,CARD,APPROVED,209.49
PAY-00001964,ORD-00001964,CARD,APPROVED,441.19
PAY-00001965,ORD-00001965,TRANSFER,APPROVED,428.33
PAY-00001966,ORD-00001966,CASH,APPROVED,831.28
PAY-00001967,ORD-00001967,TRANSFER,REFUNDED,0.0
PAY-00001968,ORD-00001968,TRANSFER,APPROVED,197.16
PAY-00001969,ORD-00001969,CARD,APPROVED,676.17
PAY-00001970,ORD-00001970,CARD,APPROVED,394.94
PAY-00001971,ORD-00001971,CARD,APPROVED,802.16
PAY-00001972,ORD-00001972,TRANSFER,APPROVED,549.44
PAY-00001973,ORD-00001973,WALLET,APPROVED,41.5
PAY-00001974,ORD-00001974,TRANSFER,APPROVED,79.29
PAY-00001975,ORD-00001975,TRANSFER,APPROVED,123.24
PAY-00001976,ORD-00001976,CARD,APPROVED,517.21
PAY-00001977,ORD-00001977,CASH,APPROVED,547.59
PAY-00001978,ORD-00001978,CARD,APPROVED,852.45
PAY-00001979,ORD-00001979,CASH,APPROVED,586.95
PAY-00001980,ORD-00001980,WALLET,APPROVED,190.36
PAY-00001981,ORD-00001981,WALLET,APPROVED,387.79
PAY-00001982,ORD-00001982,CARD,APPROVED,224.23
PAY-00001983,ORD-00001983,TRANSFER,APPROVED,821.8
PAY-00001984,ORD-00001984,TRANSFER,REJECTED,0.0
PAY-00001985,ORD-00001985,WALLET,APPROVED,749.42
PAY-00001986,ORD-00001986,CARD,APPROVED,369.3
PAY-00001987,ORD-00001987,TRANSFER,APPROVED,631.36
PAY-00001988,ORD-00001988,WALLET,APPROVED,844.87
PAY-00001989,ORD-00001989,WALLET,APPROVED,894.28
PAY-00001990,ORD-00001990,CARD,APPROVED,92.89
PAY-00001991,ORD-00001991,CASH,APPROVED,490.74
PAY-00001992,ORD-00001992,CASH,REJECTED,0.0
PAY-00001993,ORD-00001993,WALLET,APPROVED,557.28
PAY-00001994,ORD-00001994,TRANSFER,APPROVED,531.36
PAY-00001995,ORD-00001995,WALLET,APPROVED,869.77
PAY-00001996,ORD-00001996,CASH,APPROVED,227.86
PAY-00001997,ORD-00001997,CARD,APPROVED,442.2
PAY-00001998,ORD-00001998,CASH,APPROVED,754.45
PAY-00001999,ORD-00001999,WALLET,APPROVED,81.5
PAY-00002000,ORD-00002000,TRANSFER,APPROVED,355.78
PAY-00002001,ORD-00002001,WALLET,APPROVED,469.83
PAY-00002002,ORD-00002002,TRANSFER,APPROVED,765.31
PAY-00002003,ORD-00002003,WALLET,APPROVED,415.4
PAY-00002004,ORD-00002004,CARD,APPROVED,389.44
PAY-00002005,ORD-00002005,TRANSFER,APPROVED,145.35
PAY-00002006,ORD-00002006,TRANSFER,APPROVED,806.28
PAY-00002007,ORD-00002007,CASH,APPROVED,250.04
PAY-00002008,ORD-00002008,WALLET,APPROVED,148.3
PAY-00002009,ORD-00002009,CASH,APPROVED,342.26
PAY-00002010,ORD-00002010,WALLET,APPROVED,182.66
PAY-00002011,ORD-00002011,CARD,APPROVED,111.63
PAY-00002012,ORD-00002012,CASH,APPROVED,807.13
PAY-00002013,ORD-00002013,TRANSFER,APPROVED,215.42
PAY-00002014,ORD-00002014,CARD,APPROVED,209.6
PAY-00002015,ORD-00002015,WALLET,APPROVED,166.36
PAY-00002016,ORD-00002016,TRANSFER,APPROVED,98.4
PAY-00002017,ORD-00002017,WALLET,APPROVED,769.52
PAY-00002018,ORD-00002018,TRANSFER,APPROVED,162.48
PAY-00002019,ORD-00002019,WALLET,APPROVED,393.71
PAY-00002020,ORD-00002020,TRANSFER,APPROVED,687.83
PAY-00002021,ORD-00002021,WALLET,APPROVED,787.8
PAY-00002022,ORD-00002022,CASH,APPROVED,272.23
PAY-00002023,ORD-00002023,TRANSFER,APPROVED,103.49
PAY-00002024,ORD-00002024,TRANSFER,APPROVED,325.44
PAY-00002025,ORD-00002025,CASH,APPROVED,27.0
PAY-00002026,ORD-00002026,WALLET,APPROVED,773.41
PAY-00002027,ORD-00002027,TRANSFER,APPROVED,621.92
PAY-00002028,ORD-00002028,WALLET,APPROVED,772.79
PAY-00002029,ORD-00002029,TRANSFER,APPROVED,231.27
PAY-00002030,ORD-00002030,TRANSFER,APPROVED,673.76
PAY-00002031,ORD-00002031,WALLET,REFUNDED,0.0
PAY-00002032,ORD-00002032,CASH,REFUNDED,0.0
PAY-00002033,ORD-00002033,TRANSFER,APPROVED,361.06
PAY-00002034,ORD-00002034,WALLET,APPROVED,475.27
PAY-00002035,ORD-00002035,TRANSFER,APPROVED,516.5
PAY-00002036,ORD-00002036,CARD,APPROVED,22.38
PAY-00002037,ORD-00002037,CASH,APPROVED,478.02
PAY-00002038,ORD-00002038,CASH,APPROVED,270.11
PAY-00002039,ORD-00002039,CARD,APPROVED,265.47
PAY-00002040,ORD-00002040,WALLET,APPROVED,326.75
PAY-00002041,ORD-00002041,CASH,APPROVED,792.67
PAY-00002042,ORD-00002042,WALLET,APPROVED,91.11
PAY-00002043,ORD-00002043,TRANSFER,APPROVED,86.44
PAY-00002044,ORD-00002044,CARD,APPROVED,578.78
PAY-00002045,ORD-00002045,WALLET,REFUNDED,0.0
PAY-00002046,ORD-00002046,WALLET,APPROVED,138.17
PAY-00002047,ORD-00002047,CASH,APPROVED,191.58
PAY-00002048,ORD-00002048,TRANSFER,APPROVED,347.73
PAY-00002049,ORD-00002049,CASH,APPROVED,406.08
PAY-00002050,ORD-00002050,TRANSFER,APPROVED,393.49
PAY-00002051,ORD-00002051,WALLET,REJECTED,0.0
PAY-00002052,ORD-00002052,WALLET,APPROVED,282.62
PAY-00002053,ORD-00002053,CARD,APPROVED,811.42
PAY-00002054,ORD-00002054,WALLET,APPROVED,608.02
PAY-00002055,ORD-00002055,WALLET,APPROVED,89.92
PAY-00002056,ORD-00002056,WALLET,APPROVED,742.42
PAY-00002057,ORD-00002057,WALLET,APPROVED,532.39
PAY-00002058,ORD-00002058,CARD,APPROVED,512.41
PAY-00002059,ORD-00002059,TRANSFER,REFUNDED,0.0
PAY-00002060,ORD-00002060,CARD,APPROVED,566.94
PAY-00002061,ORD-00002061,CARD,APPROVED,122.12
PAY-00002062,ORD-00002062,CASH,APPROVED,462.64
PAY-00002063,ORD-00002063,TRANSFER,APPROVED,884.69
PAY-00002064,ORD-00002064,CASH,APPROVED,557.29
PAY-00002065,ORD-00002065,CARD,APPROVED,578.03
PAY-00002066,ORD-00002066,WALLET,APPROVED,671.37
PAY-00002067,ORD-00002067,TRANSFER,APPROVED,103.52
PAY-00002068,ORD-00002068,WALLET,APPROVED,632.42
PAY-00002069,ORD-00002069,CARD,APPROVED,419.52
PAY-00002070,ORD-00002070,CARD,APPROVED,590.62
PAY-00002071,ORD-00002071,CASH,APPROVED,328.93
PAY-00002072,ORD-00002072,CASH,APPROVED,883.85
PAY-00002073,ORD-00002073,WALLET,APPROVED,640.01
PAY-00002074,ORD-00002074,TRANSFER,APPROVED,651.5
PAY-00002075,ORD-00002075,WALLET,APPROVED,597.72
PAY-00002076,ORD-00002076,WALLET,APPROVED,432.5
PAY-00002077,ORD-00002077,CASH,APPROVED,480.01
PAY-00002078,ORD-00002078,TRANSFER,APPROVED,561.47
PAY-00002079,ORD-00002079,CARD,APPROVED,603.76
PAY-00002080,ORD-00002080,WALLET,APPROVED,883.48
PAY-00002081,ORD-00002081,CARD,APPROVED,794.47
PAY-00002082,ORD-00002082,CARD,APPROVED,69.81
PAY-00002083,ORD-00002083,CARD,APPROVED,346.28
PAY-00002084,ORD-00002084,CASH,APPROVED,412.82
PAY-00002085,ORD-00002085,TRANSFER,APPROVED,238.46
PAY-00002086,ORD-00002086,TRANSFER,APPROVED,399.15
PAY-00002087,ORD-00002087,TRANSFER,APPROVED,571.77
PAY-00002088,ORD-00002088,WALLET,APPROVED,805.56
PAY-00002089,ORD-00002089,CASH,APPROVED,316.53
PAY-00002090,ORD-00002090,WALLET,APPROVED,751.68
PAY-00002091,ORD-00002091,TRANSFER,APPROVED,811.28
PAY-00002092,ORD-00002092,WALLET,APPROVED,568.54
PAY-00002093,ORD-00002093,CARD,APPROVED,472.76
PAY-00002094,ORD-00002094,WALLET,APPROVED,307.86
PAY-00002095,ORD-00002095,WALLET,APPROVED,331.75
PAY-00002096,ORD-00002096,TRANSFER,APPROVED,524.19
PAY-00002097,ORD-00002097,CARD,APPROVED,562.5
PAY-00002098,ORD-00002098,TRANSFER,APPROVED,826.89
PAY-00002099,ORD-00002099,CARD,APPROVED,192.45
PAY-00002100,ORD-00002100,CARD,APPROVED,737.83
PAY-00002101,ORD-00002101,CARD,APPROVED,79.53
PAY-00002102,ORD-00002102,TRANSFER,APPROVED,77.63
PAY-00002103,ORD-00002103,CASH,REJECTED,0.0
PAY-00002104,ORD-00002104,CASH,APPROVED,464.23
PAY-00002105,ORD-00002105,CASH,APPROVED,767.1
PAY-00002106,ORD-00002106,CASH,APPROVED,706.91
PAY-00002107,ORD-00002107,TRANSFER,APPROVED,61.14
PAY-00002108,ORD-00002108,WALLET,APPROVED,392.75
PAY-00002109,ORD-00002109,WALLET,APPROVED,318.67
PAY-00002110,ORD-00002110,CASH,APPROVED,23.89
PAY-00002111,ORD-00002111,WALLET,APPROVED,724.56
PAY-00002112,ORD-00002112,CASH,APPROVED,127.14
PAY-00002113,ORD-00002113,CASH,APPROVED,803.03
PAY-00002114,ORD-00002114,WALLET,APPROVED,123.3
PAY-00002115,ORD-00002115,WALLET,APPROVED,665.67
PAY-00002116,ORD-00002116,CARD,APPROVED,848.16
PAY-00002117,ORD-00002117,CASH,APPROVED,251.77
PAY-00002118,ORD-00002118,WALLET,APPROVED,811.88
PAY-00002119,ORD-00002119,WALLET,APPROVED,195.15
PAY-00002120,ORD-00002120,WALLET,APPROVED,504.37
PAY-00002121,ORD-00002121,CASH,APPROVED,633.03
PAY-00002122,ORD-00002122,CASH,APPROVED,44.87
PAY-00002123,ORD-00002123,TRANSFER,APPROVED,771.3
PAY-00002124,ORD-00002124,CARD,APPROVED,213.64
PAY-00002125,ORD-00002125,CARD,APPROVED,285.06
PAY-00002126,ORD-00002126,CASH,REFUNDED,0.0
PAY-00002127,ORD-00002127,TRANSFER,APPROVED,316.74
PAY-00002128,ORD-00002128,TRANSFER,APPROVED,836.78
PAY-00002129,ORD-00002129,CASH,APPROVED,857.94
PAY-00002130,ORD-00002130,WALLET,APPROVED,521.75
PAY-00002131,ORD-00002131,WALLET,APPROVED,428.59
PAY-00002132,ORD-00002132,TRANSFER,REJECTED,0.0
PAY-00002133,ORD-00002133,WALLET,REJECTED,0.0
PAY-00002134,ORD-00002134,CARD,APPROVED,335.1
PAY-00002135,ORD-00002135,TRANSFER,APPROVED,518.07
PAY-00002136,ORD-00002136,TRANSFER,APPROVED,404.32
PAY-00002137,ORD-00002137,WALLET,APPROVED,507.6
PAY-00002138,ORD-00002138,TRANSFER,REJECTED,0.0
PAY-00002139,ORD-00002139,CARD,APPROVED,711.26
PAY-00002140,ORD-00002140,CASH,APPROVED,145.01
PAY-00002141,ORD-00002141,TRANSFER,APPROVED,178.07
PAY-00002142,ORD-00002142,CARD,APPROVED,649.86
PAY-00002143,ORD-00002143,CASH,APPROVED,762.76
PAY-00002144,ORD-00002144,TRANSFER,APPROVED,324.51
PAY-00002145,ORD-00002145,CARD,APPROVED,195.58
PAY-00002146,ORD-00002146,CASH,APPROVED,392.43
PAY-00002147,ORD-00002147,TRANSFER,APPROVED,376.2
PAY-00002148,ORD-00002148,CASH,APPROVED,156.88
PAY-00002149,ORD-00002149,WALLET,APPROVED,554.0
PAY-00002150,ORD-00002150,WALLET,APPROVED,645.86
PAY-00002151,ORD-00002151,CASH,APPROVED,657.74
PAY-00002152,ORD-00002152,WALLET,REJECTED,0.0
PAY-00002153,ORD-00002153,CASH,APPROVED,491.99
PAY-00002154,ORD-00002154,WALLET,APPROVED,598.39
PAY-00002155,ORD-00002155,CASH,APPROVED,274.36
PAY-00002156,ORD-00002156,CASH,APPROVED,677.15
PAY-00002157,ORD-00002157,WALLET,APPROVED,326.51
PAY-00002158,ORD-00002158,TRANSFER,APPROVED,412.34
PAY-00002159,ORD-00002159,CASH,APPROVED,819.7
PAY-00002160,ORD-00002160,CASH,APPROVED,719.33
PAY-00002161,ORD-00002161,TRANSFER,APPROVED,885.17
PAY-00002162,ORD-00002162,WALLET,APPROVED,28.73
PAY-00002163,ORD-00002163,CARD,APPROVED,126.86
PAY-00002164,ORD-00002164,CARD,REFUNDED,0.0
PAY-00002165,ORD-00002165,CASH,APPROVED,328.62
PAY-00002166,ORD-00002166,WALLET,APPROVED,809.22
PAY-00002167,ORD-00002167,WALLET,REFUNDED,0.0
PAY-00002168,ORD-00002168,WALLET,APPROVED,573.29
PAY-00002169,ORD-00002169,WALLET,APPROVED,634.6
PAY-00002170,ORD-00002170,WALLET,REFUNDED,0.0
PAY-00002171,ORD-00002171,WALLET,APPROVED,611.41
PAY-00002172,ORD-00002172,CASH,APPROVED,535.45
PAY-00002173,ORD-00002173,CARD,APPROVED,316.89
PAY-00002174,ORD-00002174,CARD,APPROVED,836.32
PAY-00002175,ORD-00002175,CASH,REFUNDED,0.0
PAY-00002176,ORD-00002176,TRANSFER,APPROVED,261.26
PAY-00002177,ORD-00002177,CARD,APPROVED,161.55
PAY-00002178,ORD-00002178,TRANSFER,APPROVED,270.3
PAY-00002179,ORD-00002179,WALLET,APPROVED,604.79
PAY-00002180,ORD-00002180,WALLET,APPROVED,39.2
PAY-00002181,ORD-00002181,CARD,APPROVED,187.69
PAY-00002182,ORD-00002182,CARD,APPROVED,848.5
PAY-00002183,ORD-00002183,TRANSFER,APPROVED,416.66
PAY-00002184,ORD-00002184,TRANSFER,APPROVED,397.56
PAY-00002185,ORD-00002185,CARD,APPROVED,118.07
PAY-00002186,ORD-00002186,WALLET,APPROVED,304.5
PAY-00002187,ORD-00002187,CASH,APPROVED,80.57
PAY-00002188,ORD-00002188,WALLET,APPROVED,840.15
PAY-00002189,ORD-00002189,CARD,APPROVED,600.1
PAY-00002190,ORD-00002190,CASH,APPROVED,533.91
PAY-00002191,ORD-00002191,TRANSFER,APPROVED,149.02
PAY-00002192,ORD-00002192,CARD,APPROVED,190.74
PAY-00002193,ORD-00002193,WALLET,APPROVED,678.26
PAY-00002194,ORD-00002194,TRANSFER,APPROVED,643.34
PAY-00002195,ORD-00002195,TRANSFER,APPROVED,222.72
PAY-00002196,ORD-00002196,CARD,APPROVED,759.01
PAY-00002197,ORD-00002197,WALLET,APPROVED,572.57
PAY-00002198,ORD-00002198,CARD,APPROVED,114.45
PAY-00002199,ORD-00002199,CASH,APPROVED,410.75
PAY-00002200,ORD-00002200,CASH,APPROVED,297.23
PAY-00002201,ORD-00002201,TRANSFER,APPROVED,443.11
PAY-00002202,ORD-00002202,WALLET,APPROVED,40.63
PAY-00002203,ORD-00002203,CASH,APPROVED,301.02
PAY-00002204,ORD-00002204,CASH,APPROVED,391.3
PAY-00002205,ORD-00002205,CASH,APPROVED,315.76
PAY-00002206,ORD-00002206,CASH,APPROVED,521.67
PAY-00002207,ORD-00002207,TRANSFER,REFUNDED,0.0
PAY-00002208,ORD-00002208,CASH,REJECTED,0.0
PAY-00002209,ORD-00002209,TRANSFER,APPROVED,693.66
PAY-00002210,ORD-00002210,TRANSFER,APPROVED,488.89
PAY-00002211,ORD-00002211,TRANSFER,APPROVED,650.27
PAY-00002212,ORD-00002212,CARD,APPROVED,504.36
PAY-00002213,ORD-00002213,CASH,APPROVED,481.0
PAY-00002214,ORD-00002214,WALLET,APPROVED,281.8
PAY-00002215,ORD-00002215,CARD,APPROVED,678.68
PAY-00002216,ORD-00002216,TRANSFER,APPROVED,670.37
PAY-00002217,ORD-00002217,CASH,APPROVED,637.59
PAY-00002218,ORD-00002218,CASH,APPROVED,494.4
PAY-00002219,ORD-00002219,CASH,APPROVED,186.94
PAY-00002220,ORD-00002220,CASH,APPROVED,35.74
PAY-00002221,ORD-00002221,CASH,REFUNDED,0.0
PAY-00002222,ORD-00002222,WALLET,REFUNDED,0.0
PAY-00002223,ORD-00002223,WALLET,APPROVED,353.43
PAY-00002224,ORD-00002224,TRANSFER,APPROVED,689.99
PAY-00002225,ORD-00002225,WALLET,APPROVED,37.03
PAY-00002226,ORD-00002226,WALLET,APPROVED,111.42
PAY-00002227,ORD-00002227,WALLET,APPROVED,164.79
PAY-00002228,ORD-00002228,CARD,APPROVED,140.08
PAY-00002229,ORD-00002229,CARD,APPROVED,67.16
PAY-00002230,ORD-00002230,WALLET,APPROVED,47.31
PAY-00002231,ORD-00002231,TRANSFER,APPROVED,252.31
PAY-00002232,ORD-00002232,TRANSFER,APPROVED,864.14
PAY-00002233,ORD-00002233,WALLET,APPROVED,774.91
PAY-00002234,ORD-00002234,WALLET,APPROVED,83.59
PAY-00002235,ORD-00002235,TRANSFER,APPROVED,162.08
PAY-00002236,ORD-00002236,CARD,REJECTED,0.0
PAY-00002237,ORD-00002237,WALLET,APPROVED,499.17
PAY-00002238,ORD-00002238,TRANSFER,REJECTED,0.0
PAY-00002239,ORD-00002239,CARD,APPROVED,802.25
PAY-00002240,ORD-00002240,WALLET,APPROVED,195.95
PAY-00002241,ORD-00002241,CASH,APPROVED,432.82
PAY-00002242,ORD-00002242,WALLET,APPROVED,647.85
PAY-00002243,ORD-00002243,CASH,APPROVED,74.34
PAY-00002244,ORD-00002244,WALLET,APPROVED,98.06
PAY-00002245,ORD-00002245,TRANSFER,APPROVED,74.09
PAY-00002246,ORD-00002246,TRANSFER,APPROVED,836.17
PAY-00002247,ORD-00002247,TRANSFER,APPROVED,340.04
PAY-00002248,ORD-00002248,TRANSFER,APPROVED,582.82
PAY-00002249,ORD-00002249,CASH,APPROVED,262.79
PAY-00002250,ORD-00002250,WALLET,APPROVED,692.96
PAY-00002251,ORD-00002251,CARD,REFUNDED,0.0
PAY-00002252,ORD-00002252,CARD,APPROVED,708.28
PAY-00002253,ORD-00002253,CARD,APPROVED,435.79
PAY-00002254,ORD-00002254,WALLET,APPROVED,404.12
PAY-00002255,ORD-00002255,CARD,APPROVED,118.81
PAY-00002256,ORD-00002256,CARD,APPROVED,757.2
PAY-00002257,ORD-00002257,CASH,REFUNDED,0.0
PAY-00002258,ORD-00002258,WALLET,APPROVED,511.03
PAY-00002259,ORD-00002259,WALLET,APPROVED,400.34
PAY-00002260,ORD-00002260,CARD,APPROVED,321.2
PAY-00002261,ORD-00002261,WALLET,APPROVED,173.42
PAY-00002262,ORD-00002262,CASH,APPROVED,480.51
PAY-00002263,ORD-00002263,CASH,REFUNDED,0.0
PAY-00002264,ORD-00002264,TRANSFER,APPROVED,258.33
PAY-00002265,ORD-00002265,CASH,APPROVED,65.65
PAY-00002266,ORD-00002266,TRANSFER,REFUNDED,0.0
PAY-00002267,ORD-00002267,CARD,APPROVED,48.8
PAY-00002268,ORD-00002268,TRANSFER,APPROVED,171.56
PAY-00002269,ORD-00002269,TRANSFER,APPROVED,120.69
PAY-00002270,ORD-00002270,CARD,APPROVED,496.51
PAY-00002271,ORD-00002271,TRANSFER,APPROVED,609.71
PAY-00002272,ORD-00002272,CASH,REJECTED,0.0
PAY-00002273,ORD-00002273,TRANSFER,APPROVED,371.81
PAY-00002274,ORD-00002274,CASH,APPROVED,745.17
PAY-00002275,ORD-00002275,WALLET,APPROVED,54.39
PAY-00002276,ORD-00002276,CARD,APPROVED,675.94
PAY-00002277,ORD-00002277,CARD,APPROVED,325.36
PAY-00002278,ORD-00002278,CARD,APPROVED,424.76
PAY-00002279,ORD-00002279,CASH,APPROVED,538.17
PAY-00002280,ORD-00002280,WALLET,APPROVED,207.51
PAY-00002281,ORD-00002281,CARD,APPROVED,617.59
PAY-00002282,ORD-00002282,CASH,APPROVED,668.23
PAY-00002283,ORD-00002283,CASH,APPROVED,139.28
PAY-00002284,ORD-00002284,WALLET,REJECTED,0.0
PAY-00002285,ORD-00002285,CARD,APPROVED,329.31
PAY-00002286,ORD-00002286,CARD,APPROVED,573.46
PAY-00002287,ORD-00002287,TRANSFER,APPROVED,491.08
PAY-00002288,ORD-00002288,CARD,APPROVED,618.59
PAY-00002289,ORD-00002289,WALLET,APPROVED,672.67
PAY-00002290,ORD-00002290,CASH,APPROVED,245.85
PAY-00002291,ORD-00002291,WALLET,APPROVED,428.51
PAY-00002292,ORD-00002292,WALLET,APPROVED,300.3
PAY-00002293,ORD-00002293,CARD,APPROVED,311.22
PAY-00002294,ORD-00002294,CARD,APPROVED,428.15
PAY-00002295,ORD-00002295,CARD,APPROVED,629.63
PAY-00002296,ORD-00002296,TRANSFER,APPROVED,345.3
PAY-00002297,ORD-00002297,TRANSFER,APPROVED,837.16
PAY-00002298,ORD-00002298,TRANSFER,APPROVED,700.05
PAY-00002299,ORD-00002299,CASH,APPROVED,468.3
PAY-00002300,ORD-00002300,WALLET,APPROVED,875.6
PAY-00002301,ORD-00002301,CASH,APPROVED,62.61
PAY-00002302,ORD-00002302,CASH,APPROVED,161.33
PAY-00002303,ORD-00002303,CARD,APPROVED,86.13
PAY-00002304,ORD-00002304,CARD,APPROVED,151.41
PAY-00002305,ORD-00002305,CASH,APPROVED,320.07
PAY-00002306,ORD-00002306,CASH,APPROVED,606.57
PAY-00002307,ORD-00002307,CASH,APPROVED,99.81
PAY-00002308,ORD-00002308,WALLET,APPROVED,809.75
PAY-00002309,ORD-00002309,WALLET,APPROVED,487.69
PAY-00002310,ORD-00002310,CASH,APPROVED,798.75
PAY-00002311,ORD-00002311,CARD,APPROVED,743.57
PAY-00002312,ORD-00002312,CARD,APPROVED,137.2
PAY-00002313,ORD-00002313,CASH,APPROVED,354.9
PAY-00002314,ORD-00002314,CARD,APPROVED,741.83
PAY-00002315,ORD-00002315,WALLET,APPROVED,618.87
PAY-00002316,ORD-00002316,TRANSFER,APPROVED,663.41
PAY-00002317,ORD-00002317,WALLET,APPROVED,128.93
PAY-00002318,ORD-00002318,TRANSFER,APPROVED,864.53
PAY-00002319,ORD-00002319,CASH,APPROVED,671.73
PAY-00002320,ORD-00002320,CASH,APPROVED,434.09
PAY-00002321,ORD-00002321,TRANSFER,APPROVED,882.95
PAY-00002322,ORD-00002322,CARD,APPROVED,313.35
PAY-00002323,ORD-00002323,CASH,APPROVED,734.36
PAY-00002324,ORD-00002324,TRANSFER,APPROVED,264.32
PAY-00002325,ORD-00002325,CARD,APPROVED,545.41
PAY-00002326,ORD-00002326,TRANSFER,APPROVED,35.82
PAY-00002327,ORD-00002327,CASH,APPROVED,302.3
PAY-00002328,ORD-00002328,CASH,APPROVED,485.17
PAY-00002329,ORD-00002329,WALLET,APPROVED,658.21
PAY-00002330,ORD-00002330,CARD,APPROVED,624.76
PAY-00002331,ORD-00002331,CASH,APPROVED,50.97
PAY-00002332,ORD-00002332,WALLET,APPROVED,882.54
PAY-00002333,ORD-00002333,WALLET,APPROVED,34.81
PAY-00002334,ORD-00002334,CARD,APPROVED,398.59
PAY-00002335,ORD-00002335,CARD,APPROVED,559.79
PAY-00002336,ORD-00002336,CARD,APPROVED,433.53
PAY-00002337,ORD-00002337,TRANSFER,APPROVED,703.8
PAY-00002338,ORD-00002338,CASH,REFUNDED,0.0
PAY-00002339,ORD-00002339,WALLET,APPROVED,596.63
PAY-00002340,ORD-00002340,WALLET,APPROVED,213.97
PAY-00002341,ORD-00002341,TRANSFER,APPROVED,659.43
PAY-00002342,ORD-00002342,CASH,APPROVED,305.95
PAY-00002343,ORD-00002343,WALLET,APPROVED,297.88
PAY-00002344,ORD-00002344,CARD,APPROVED,456.59
PAY-00002345,ORD-00002345,CARD,APPROVED,43.56
PAY-00002346,ORD-00002346,CARD,APPROVED,511.77
PAY-00002347,ORD-00002347,CARD,APPROVED,273.26
PAY-00002348,ORD-00002348,TRANSFER,APPROVED,532.67
PAY-00002349,ORD-00002349,CARD,APPROVED,35.72
PAY-00002350,ORD-00002350,WALLET,REFUNDED,0.0
PAY-00002351,ORD-00002351,TRANSFER,APPROVED,208.2
PAY-00002352,ORD-00002352,WALLET,APPROVED,155.82
PAY-00002353,ORD-00002353,WALLET,APPROVED,326.54
PAY-00002354,ORD-00002354,WALLET,APPROVED,336.41
PAY-00002355,ORD-00002355,CARD,APPROVED,486.27
PAY-00002356,ORD-00002356,CASH,APPROVED,833.23
PAY-00002357,ORD-00002357,TRANSFER,APPROVED,486.41
PAY-00002358,ORD-00002358,CARD,APPROVED,102.02
PAY-00002359,ORD-00002359,TRANSFER,APPROVED,40.7
PAY-00002360,ORD-00002360,CASH,APPROVED,545.62
PAY-00002361,ORD-00002361,CASH,APPROVED,236.2
PAY-00002362,ORD-00002362,WALLET,REJECTED,0.0
PAY-00002363,ORD-00002363,CARD,APPROVED,779.14
PAY-00002364,ORD-00002364,TRANSFER,APPROVED,789.07
PAY-00002365,ORD-00002365,WALLET,APPROVED,274.29
PAY-00002366,ORD-00002366,CASH,APPROVED,231.87
PAY-00002367,ORD-00002367,CARD,APPROVED,113.37
PAY-00002368,ORD-00002368,CASH,APPROVED,866.79
PAY-00002369,ORD-00002369,CARD,APPROVED,896.05
PAY-00002370,ORD-00002370,CARD,REFUNDED,0.0
PAY-00002371,ORD-00002371,WALLET,APPROVED,403.09
PAY-00002372,ORD-00002372,CARD,APPROVED,748.05
PAY-00002373,ORD-00002373,TRANSFER,APPROVED,835.74
PAY-00002374,ORD-00002374,CASH,APPROVED,764.66
PAY-00002375,ORD-00002375,CARD,APPROVED,339.32
PAY-00002376,ORD-00002376,CARD,APPROVED,200.93
PAY-00002377,ORD-00002377,CASH,APPROVED,642.54
PAY-00002378,ORD-00002378,CARD,APPROVED,624.94
PAY-00002379,ORD-00002379,CASH,APPROVED,541.07
PAY-00002380,ORD-00002380,WALLET,APPROVED,210.6
PAY-00002381,ORD-00002381,TRANSFER,APPROVED,648.52
PAY-00002382,ORD-00002382,TRANSFER,APPROVED,151.68
PAY-00002383,ORD-00002383,CASH,APPROVED,775.35
PAY-00002384,ORD-00002384,TRANSFER,APPROVED,146.3
PAY-00002385,ORD-00002385,CASH,APPROVED,896.56
PAY-00002386,ORD-00002386,TRANSFER,APPROVED,534.61
PAY-00002387,ORD-00002387,CARD,APPROVED,444.44
PAY-00002388,ORD-00002388,CARD,APPROVED,351.19
PAY-00002389,ORD-00002389,TRANSFER,APPROVED,197.69
PAY-00002390,ORD-00002390,WALLET,APPROVED,330.5
PAY-00002391,ORD-00002391,TRANSFER,APPROVED,763.49
PAY-00002392,ORD-00002392,CARD,APPROVED,336.75
PAY-00002393,ORD-00002393,TRANSFER,APPROVED,255.25
PAY-00002394,ORD-00002394,CARD,APPROVED,873.84
PAY-00002395,ORD-00002395,WALLET,APPROVED,720.58
PAY-00002396,ORD-00002396,WALLET,APPROVED,649.88
PAY-00002397,ORD-00002397,TRANSFER,APPROVED,672.65
PAY-00002398,ORD-00002398,CASH,APPROVED,132.31
PAY-00002399,ORD-00002399,TRANSFER,APPROVED,529.42
PAY-00002400,ORD-00002400,CASH,APPROVED,79.65
PAY-00002401,ORD-00002401,TRANSFER,APPROVED,495.0
PAY-00002402,ORD-00002402,CARD,APPROVED,395.33
PAY-00002403,ORD-00002403,CARD,APPROVED,187.4
PAY-00002404,ORD-00002404,CARD,APPROVED,237.8
PAY-00002405,ORD-00002405,CARD,APPROVED,442.7
PAY-00002406,ORD-00002406,CARD,APPROVED,235.38
PAY-00002407,ORD-00002407,CASH,APPROVED,113.65
PAY-00002408,ORD-00002408,CARD,APPROVED,805.63
PAY-00002409,ORD-00002409,WALLET,APPROVED,397.33
PAY-00002410,ORD-00002410,TRANSFER,APPROVED,491.65
PAY-00002411,ORD-00002411,WALLET,APPROVED,459.08
PAY-00002412,ORD-00002412,CASH,APPROVED,835.88
PAY-00002413,ORD-00002413,CASH,APPROVED,693.26
PAY-00002414,ORD-00002414,CARD,APPROVED,154.06
PAY-00002415,ORD-00002415,WALLET,APPROVED,253.4
PAY-00002416,ORD-00002416,CASH,APPROVED,286.02
PAY-00002417,ORD-00002417,TRANSFER,APPROVED,391.39
PAY-00002418,ORD-00002418,CASH,APPROVED,376.78
PAY-00002419,ORD-00002419,WALLET,APPROVED,638.34
PAY-00002420,ORD-00002420,TRANSFER,APPROVED,35.96
PAY-00002421,ORD-00002421,TRANSFER,APPROVED,191.52
PAY-00002422,ORD-00002422,CARD,APPROVED,230.18
PAY-00002423,ORD-00002423,TRANSFER,APPROVED,874.45
PAY-00002424,ORD-00002424,CARD,APPROVED,888.43
PAY-00002425,ORD-00002425,CARD,APPROVED,259.3
PAY-00002426,ORD-00002426,CASH,APPROVED,794.55
PAY-00002427,ORD-00002427,CASH,APPROVED,788.45
PAY-00002428,ORD-00002428,CARD,APPROVED,232.03
PAY-00002429,ORD-00002429,WALLET,APPROVED,738.32
PAY-00002430,ORD-00002430,CARD,APPROVED,633.84
PAY-00002431,ORD-00002431,TRANSFER,REFUNDED,0.0
PAY-00002432,ORD-00002432,TRANSFER,APPROVED,422.81
PAY-00002433,ORD-00002433,TRANSFER,APPROVED,676.67
PAY-00002434,ORD-00002434,CARD,APPROVED,728.37
PAY-00002435,ORD-00002435,WALLET,APPROVED,890.83
PAY-00002436,ORD-00002436,CASH,APPROVED,787.68
PAY-00002437,ORD-00002437,TRANSFER,APPROVED,576.42
PAY-00002438,ORD-00002438,TRANSFER,REJECTED,0.0
PAY-00002439,ORD-00002439,CASH,APPROVED,429.58
PAY-00002440,ORD-00002440,WALLET,APPROVED,396.39
PAY-00002441,ORD-00002441,TRANSFER,APPROVED,79.63
PAY-00002442,ORD-00002442,WALLET,APPROVED,669.42
PAY-00002443,ORD-00002443,CASH,APPROVED,275.03
PAY-00002444,ORD-00002444,CASH,APPROVED,393.03
PAY-00002445,ORD-00002445,CASH,APPROVED,593.45
PAY-00002446,ORD-00002446,WALLET,APPROVED,647.69
PAY-00002447,ORD-00002447,CARD,APPROVED,104.29
PAY-00002448,ORD-00002448,CASH,APPROVED,859.87
PAY-00002449,ORD-00002449,TRANSFER,APPROVED,159.51
PAY-00002450,ORD-00002450,CARD,APPROVED,39.16
PAY-00002451,ORD-00002451,TRANSFER,APPROVED,853.99
PAY-00002452,ORD-00002452,CARD,APPROVED,410.43
PAY-00002453,ORD-00002453,WALLET,APPROVED,97.17
PAY-00002454,ORD-00002454,TRANSFER,APPROVED,684.6
PAY-00002455,ORD-00002455,CARD,APPROVED,295.44
PAY-00002456,ORD-00002456,CASH,APPROVED,465.23
PAY-00002457,ORD-00002457,CASH,APPROVED,386.71
PAY-00002458,ORD-00002458,WALLET,APPROVED,289.33
PAY-00002459,ORD-00002459,WALLET,APPROVED,635.57
PAY-00002460,ORD-00002460,CARD,APPROVED,29.03
PAY-00002461,ORD-00002461,CASH,APPROVED,764.96
PAY-00002462,ORD-00002462,TRANSFER,APPROVED,630.14
PAY-00002463,ORD-00002463,CARD,APPROVED,599.94
PAY-00002464,ORD-00002464,CARD,APPROVED,843.62
PAY-00002465,ORD-00002465,CASH,APPROVED,833.58
PAY-00002466,ORD-00002466,WALLET,APPROVED,372.23
PAY-00002467,ORD-00002467,TRANSFER,APPROVED,37.86
PAY-00002468,ORD-00002468,CARD,APPROVED,56.15
PAY-00002469,ORD-00002469,CARD,APPROVED,103.6
PAY-00002470,ORD-00002470,WALLET,REJECTED,0.0
PAY-00002471,ORD-00002471,CARD,APPROVED,548.89
PAY-00002472,ORD-00002472,CARD,REJECTED,0.0
PAY-00002473,ORD-00002473,WALLET,APPROVED,677.62
PAY-00002474,ORD-00002474,CASH,APPROVED,129.88
PAY-00002475,ORD-00002475,CASH,APPROVED,649.78
PAY-00002476,ORD-00002476,TRANSFER,APPROVED,178.39
PAY-00002477,ORD-00002477,TRANSFER,APPROVED,475.13
PAY-00002478,ORD-00002478,TRANSFER,APPROVED,346.67
PAY-00002479,ORD-00002479,WALLET,APPROVED,717.86
PAY-00002480,ORD-00002480,TRANSFER,APPROVED,754.31
PAY-00002481,ORD-00002481,TRANSFER,APPROVED,443.2
PAY-00002482,ORD-00002482,WALLET,APPROVED,205.13
PAY-00002483,ORD-00002483,TRANSFER,APPROVED,595.08
PAY-00002484,ORD-00002484,CASH,APPROVED,729.18
PAY-00002485,ORD-00002485,CARD,APPROVED,318.0
PAY-00002486,ORD-00002486,CASH,APPROVED,868.81
PAY-00002487,ORD-00002487,CASH,APPROVED,645.74
PAY-00002488,ORD-00002488,CARD,APPROVED,886.12
PAY-00002489,ORD-00002489,CASH,APPROVED,848.01
PAY-00002490,ORD-00002490,CARD,APPROVED,211.34
PAY-00002491,ORD-00002491,CASH,APPROVED,705.24
PAY-00002492,ORD-00002492,WALLET,APPROVED,335.95
PAY-00002493,ORD-00002493,WALLET,APPROVED,103.62
PAY-00002494,ORD-00002494,TRANSFER,APPROVED,679.73
PAY-00002495,ORD-00002495,WALLET,APPROVED,261.4
PAY-00002496,ORD-00002496,CARD,APPROVED,812.35
PAY-00002497,ORD-00002497,TRANSFER,APPROVED,135.47
PAY-00002498,ORD-00002498,CASH,APPROVED,506.85
PAY-00002499,ORD-00002499,WALLET,APPROVED,378.18
PAY-00002500,ORD-00002500,TRANSFER,APPROVED,156.11
PAY-00002501,ORD-00002501,WALLET,APPROVED,77.42
PAY-00002502,ORD-00002502,CARD,APPROVED,124.27
PAY-00002503,ORD-00002503,CARD,APPROVED,141.03
PAY-00002504,ORD-00002504,CASH,APPROVED,478.95
PAY-00002505,ORD-00002505,TRANSFER,APPROVED,402.87
PAY-00002506,ORD-00002506,CARD,APPROVED,794.0
PAY-00002507,ORD-00002507,CASH,APPROVED,855.3
PAY-00002508,ORD-00002508,TRANSFER,APPROVED,391.93
PAY-00002509,ORD-00002509,CASH,APPROVED,213.8
PAY-00002510,ORD-00002510,CARD,APPROVED,767.22
PAY-00002511,ORD-00002511,CASH,APPROVED,108.09
PAY-00002512,ORD-00002512,WALLET,REFUNDED,0.0
PAY-00002513,ORD-00002513,CARD,APPROVED,104.5
PAY-00002514,ORD-00002514,TRANSFER,APPROVED,538.11
PAY-00002515,ORD-00002515,TRANSFER,APPROVED,756.11
PAY-00002516,ORD-00002516,CASH,APPROVED,110.4
PAY-00002517,ORD-00002517,CARD,APPROVED,118.96
PAY-00002518,ORD-00002518,WALLET,APPROVED,814.85
PAY-00002519,ORD-00002519,WALLET,APPROVED,712.5
PAY-00002520,ORD-00002520,CASH,APPROVED,367.84
PAY-00002521,ORD-00002521,CARD,APPROVED,37.69
PAY-00002522,ORD-00002522,WALLET,APPROVED,829.79
PAY-00002523,ORD-00002523,CARD,APPROVED,239.36
PAY-00002524,ORD-00002524,CASH,REFUNDED,0.0
PAY-00002525,ORD-00002525,CARD,APPROVED,576.8
PAY-00002526,ORD-00002526,CARD,APPROVED,779.18
PAY-00002527,ORD-00002527,CARD,APPROVED,167.27
PAY-00002528,ORD-00002528,CASH,APPROVED,669.78
PAY-00002529,ORD-00002529,CASH,APPROVED,104.65
PAY-00002530,ORD-00002530,CASH,APPROVED,455.02
PAY-00002531,ORD-00002531,WALLET,APPROVED,444.61
PAY-00002532,ORD-00002532,CARD,APPROVED,300.64
PAY-00002533,ORD-00002533,TRANSFER,APPROVED,511.03
PAY-00002534,ORD-00002534,CARD,APPROVED,630.64
PAY-00002535,ORD-00002535,CARD,APPROVED,144.0
PAY-00002536,ORD-00002536,CASH,REFUNDED,0.0
PAY-00002537,ORD-00002537,WALLET,APPROVED,874.11
PAY-00002538,ORD-00002538,CASH,APPROVED,152.19
PAY-00002539,ORD-00002539,CARD,APPROVED,630.15
PAY-00002540,ORD-00002540,TRANSFER,APPROVED,206.13
PAY-00002541,ORD-00002541,CARD,APPROVED,381.86
PAY-00002542,ORD-00002542,CARD,APPROVED,473.94
PAY-00002543,ORD-00002543,WALLET,APPROVED,884.0
PAY-00002544,ORD-00002544,CARD,APPROVED,811.55
PAY-00002545,ORD-00002545,CASH,APPROVED,862.91
PAY-00002546,ORD-00002546,WALLET,APPROVED,527.38
PAY-00002547,ORD-00002547,WALLET,APPROVED,107.75
PAY-00002548,ORD-00002548,WALLET,APPROVED,585.79
PAY-00002549,ORD-00002549,CARD,APPROVED,62.08
PAY-00002550,ORD-00002550,WALLET,APPROVED,896.27
PAY-00002551,ORD-00002551,CASH,REJECTED,0.0
PAY-00002552,ORD-00002552,TRANSFER,APPROVED,651.2
PAY-00002553,ORD-00002553,CASH,APPROVED,449.37
PAY-00002554,ORD-00002554,TRANSFER,REFUNDED,0.0
PAY-00002555,ORD-00002555,TRANSFER,APPROVED,519.32
PAY-00002556,ORD-00002556,WALLET,APPROVED,492.56
PAY-00002557,ORD-00002557,CARD,REFUNDED,0.0
PAY-00002558,ORD-00002558,CASH,APPROVED,77.85
PAY-00002559,ORD-00002559,TRANSFER,APPROVED,235.19
PAY-00002560,ORD-00002560,WALLET,APPROVED,837.01
PAY-00002561,ORD-00002561,WALLET,APPROVED,372.15
PAY-00002562,ORD-00002562,WALLET,APPROVED,352.44
PAY-00002563,ORD-00002563,CARD,APPROVED,329.31
PAY-00002564,ORD-00002564,CARD,APPROVED,178.34
PAY-00002565,ORD-00002565,TRANSFER,APPROVED,680.36
PAY-00002566,ORD-00002566,WALLET,APPROVED,67.34
PAY-00002567,ORD-00002567,CASH,APPROVED,304.27
PAY-00002568,ORD-00002568,CASH,APPROVED,76.41
PAY-00002569,ORD-00002569,CARD,APPROVED,208.26
PAY-00002570,ORD-00002570,WALLET,APPROVED,522.98
PAY-00002571,ORD-00002571,TRANSFER,APPROVED,735.71
PAY-00002572,ORD-00002572,WALLET,APPROVED,717.38
PAY-00002573,ORD-00002573,TRANSFER,APPROVED,619.48
PAY-00002574,ORD-00002574,TRANSFER,APPROVED,152.4
PAY-00002575,ORD-00002575,WALLET,APPROVED,708.9
PAY-00002576,ORD-00002576,TRANSFER,APPROVED,232.91
PAY-00002577,ORD-00002577,CASH,APPROVED,51.81
PAY-00002578,ORD-00002578,CARD,APPROVED,475.06
PAY-00002579,ORD-00002579,TRANSFER,APPROVED,636.45
PAY-00002580,ORD-00002580,CASH,APPROVED,134.9
PAY-00002581,ORD-00002581,CARD,APPROVED,348.7
PAY-00002582,ORD-00002582,TRANSFER,APPROVED,554.55
PAY-00002583,ORD-00002583,CARD,APPROVED,51.84
PAY-00002584,ORD-00002584,WALLET,APPROVED,520.58
PAY-00002585,ORD-00002585,TRANSFER,APPROVED,56.78
PAY-00002586,ORD-00002586,CASH,APPROVED,745.47
PAY-00002587,ORD-00002587,CASH,APPROVED,172.79
PAY-00002588,ORD-00002588,CARD,APPROVED,855.72
PAY-00002589,ORD-00002589,CASH,APPROVED,195.19
PAY-00002590,ORD-00002590,CASH,APPROVED,352.62
PAY-00002591,ORD-00002591,TRANSFER,APPROVED,227.74
PAY-00002592,ORD-00002592,CARD,REJECTED,0.0
PAY-00002593,ORD-00002593,CASH,APPROVED,140.38
PAY-00002594,ORD-00002594,WALLET,APPROVED,643.5
PAY-00002595,ORD-00002595,CASH,APPROVED,593.2
PAY-00002596,ORD-00002596,CASH,APPROVED,381.07
PAY-00002597,ORD-00002597,CASH,APPROVED,24.23
PAY-00002598,ORD-00002598,TRANSFER,APPROVED,625.21
PAY-00002599,ORD-00002599,TRANSFER,REFUNDED,0.0
PAY-00002600,ORD-00002600,CARD,REFUNDED,0.0
PAY-00002601,ORD-00002601,TRANSFER,APPROVED,772.12
PAY-00002602,ORD-00002602,CASH,APPROVED,797.36
PAY-00002603,ORD-00002603,CASH,APPROVED,473.63
PAY-00002604,ORD-00002604,WALLET,APPROVED,752.29
PAY-00002605,ORD-00002605,TRANSFER,APPROVED,559.56
PAY-00002606,ORD-00002606,CASH,APPROVED,460.7
PAY-00002607,ORD-00002607,WALLET,APPROVED,53.73
PAY-00002608,ORD-00002608,CARD,APPROVED,324.85
PAY-00002609,ORD-00002609,CASH,APPROVED,852.94
PAY-00002610,ORD-00002610,CASH,APPROVED,653.25
PAY-00002611,ORD-00002611,CARD,APPROVED,269.71
PAY-00002612,ORD-00002612,WALLET,APPROVED,72.64
PAY-00002613,ORD-00002613,CARD,APPROVED,299.67
PAY-00002614,ORD-00002614,TRANSFER,APPROVED,18.03
PAY-00002615,ORD-00002615,CASH,APPROVED,689.53
PAY-00002616,ORD-00002616,CASH,APPROVED,821.07
PAY-00002617,ORD-00002617,TRANSFER,APPROVED,560.2
PAY-00002618,ORD-00002618,CASH,APPROVED,320.45
PAY-00002619,ORD-00002619,TRANSFER,REFUNDED,0.0
PAY-00002620,ORD-00002620,CARD,APPROVED,661.92
PAY-00002621,ORD-00002621,CASH,APPROVED,340.75
PAY-00002622,ORD-00002622,CARD,APPROVED,378.18
PAY-00002623,ORD-00002623,TRANSFER,REFUNDED,0.0
PAY-00002624,ORD-00002624,TRANSFER,REFUNDED,0.0
PAY-00002625,ORD-00002625,WALLET,APPROVED,303.52
PAY-00002626,ORD-00002626,CARD,APPROVED,645.64
PAY-00002627,ORD-00002627,TRANSFER,APPROVED,500.16
PAY-00002628,ORD-00002628,CASH,APPROVED,203.96
PAY-00002629,ORD-00002629,CASH,APPROVED,752.11
PAY-00002630,ORD-00002630,WALLET,APPROVED,207.2
PAY-00002631,ORD-00002631,WALLET,REFUNDED,0.0
PAY-00002632,ORD-00002632,TRANSFER,APPROVED,605.29
PAY-00002633,ORD-00002633,CASH,APPROVED,582.5
PAY-00002634,ORD-00002634,TRANSFER,APPROVED,429.69
PAY-00002635,ORD-00002635,CASH,APPROVED,840.72
PAY-00002636,ORD-00002636,CASH,APPROVED,711.46
PAY-00002637,ORD-00002637,WALLET,APPROVED,292.27
PAY-00002638,ORD-00002638,TRANSFER,APPROVED,287.19
PAY-00002639,ORD-00002639,CARD,APPROVED,410.26
PAY-00002640,ORD-00002640,WALLET,APPROVED,512.27
PAY-00002641,ORD-00002641,CARD,APPROVED,486.09
PAY-00002642,ORD-00002642,CASH,APPROVED,634.38
PAY-00002643,ORD-00002643,TRANSFER,APPROVED,144.78
PAY-00002644,ORD-00002644,CASH,REFUNDED,0.0
PAY-00002645,ORD-00002645,CARD,APPROVED,738.89
PAY-00002646,ORD-00002646,WALLET,APPROVED,806.18
PAY-00002647,ORD-00002647,CASH,APPROVED,315.7
PAY-00002648,ORD-00002648,TRANSFER,APPROVED,280.59
PAY-00002649,ORD-00002649,CASH,REFUNDED,0.0
PAY-00002650,ORD-00002650,TRANSFER,APPROVED,885.46
PAY-00002651,ORD-00002651,CASH,REFUNDED,0.0
PAY-00002652,ORD-00002652,CARD,REJECTED,0.0
PAY-00002653,ORD-00002653,TRANSFER,APPROVED,247.86
PAY-00002654,ORD-00002654,WALLET,APPROVED,895.66
PAY-00002655,ORD-00002655,CARD,APPROVED,42.77
PAY-00002656,ORD-00002656,TRANSFER,APPROVED,32.0
PAY-00002657,ORD-00002657,CASH,APPROVED,630.33
PAY-00002658,ORD-00002658,CASH,APPROVED,770.46
PAY-00002659,ORD-00002659,CARD,APPROVED,321.42
PAY-00002660,ORD-00002660,TRANSFER,APPROVED,823.32
PAY-00002661,ORD-00002661,TRANSFER,APPROVED,807.8
PAY-00002662,ORD-00002662,CARD,APPROVED,345.45
PAY-00002663,ORD-00002663,CARD,APPROVED,23.54
PAY-00002664,ORD-00002664,CARD,APPROVED,569.12
PAY-00002665,ORD-00002665,WALLET,APPROVED,108.66
PAY-00002666,ORD-00002666,WALLET,APPROVED,835.01
PAY-00002667,ORD-00002667,CASH,APPROVED,621.76
PAY-00002668,ORD-00002668,WALLET,APPROVED,483.46
PAY-00002669,ORD-00002669,WALLET,APPROVED,179.67
PAY-00002670,ORD-00002670,WALLET,APPROVED,464.21
PAY-00002671,ORD-00002671,TRANSFER,APPROVED,494.67
PAY-00002672,ORD-00002672,WALLET,APPROVED,82.07
PAY-00002673,ORD-00002673,CARD,APPROVED,754.9
PAY-00002674,ORD-00002674,WALLET,APPROVED,237.09
PAY-00002675,ORD-00002675,CASH,APPROVED,871.8
PAY-00002676,ORD-00002676,CASH,APPROVED,452.12
PAY-00002677,ORD-00002677,WALLET,APPROVED,691.52
PAY-00002678,ORD-00002678,CARD,APPROVED,697.68
PAY-00002679,ORD-00002679,CARD,APPROVED,658.53
PAY-00002680,ORD-00002680,TRANSFER,APPROVED,280.72
PAY-00002681,ORD-00002681,CARD,APPROVED,165.94
PAY-00002682,ORD-00002682,TRANSFER,APPROVED,302.07
PAY-00002683,ORD-00002683,TRANSFER,APPROVED,810.69
PAY-00002684,ORD-00002684,CARD,APPROVED,36.66
PAY-00002685,ORD-00002685,CARD,APPROVED,27.35
PAY-00002686,ORD-00002686,TRANSFER,APPROVED,852.25
PAY-00002687,ORD-00002687,CASH,APPROVED,313.52
PAY-00002688,ORD-00002688,WALLET,APPROVED,770.63
PAY-00002689,ORD-00002689,CASH,APPROVED,853.39
PAY-00002690,ORD-00002690,CARD,APPROVED,108.82
PAY-00002691,ORD-00002691,CARD,APPROVED,140.21
PAY-00002692,ORD-00002692,TRANSFER,APPROVED,861.82
PAY-00002693,ORD-00002693,WALLET,APPROVED,394.66
PAY-00002694,ORD-00002694,CARD,APPROVED,345.42
PAY-00002695,ORD-00002695,WALLET,APPROVED,434.07
PAY-00002696,ORD-00002696,CASH,APPROVED,303.69
PAY-00002697,ORD-00002697,WALLET,APPROVED,506.17
PAY-00002698,ORD-00002698,CARD,APPROVED,869.44
PAY-00002699,ORD-00002699,TRANSFER,APPROVED,554.31
PAY-00002700,ORD-00002700,CASH,APPROVED,803.14
PAY-00002701,ORD-00002701,CASH,APPROVED,566.89
PAY-00002702,ORD-00002702,WALLET,APPROVED,359.78
PAY-00002703,ORD-00002703,TRANSFER,APPROVED,703.32
PAY-00002704,ORD-00002704,TRANSFER,APPROVED,744.98
PAY-00002705,ORD-00002705,TRANSFER,APPROVED,293.04
PAY-00002706,ORD-00002706,CARD,APPROVED,543.86
PAY-00002707,ORD-00002707,WALLET,APPROVED,461.15
PAY-00002708,ORD-00002708,WALLET,APPROVED,195.75
PAY-00002709,ORD-00002709,CASH,APPROVED,426.47
PAY-00002710,ORD-00002710,CARD,APPROVED,506.41
PAY-00002711,ORD-00002711,WALLET,APPROVED,418.51
PAY-00002712,ORD-00002712,CARD,APPROVED,128.75
PAY-00002713,ORD-00002713,TRANSFER,APPROVED,504.03
PAY-00002714,ORD-00002714,WALLET,APPROVED,571.57
PAY-00002715,ORD-00002715,CASH,APPROVED,688.07
PAY-00002716,ORD-00002716,CARD,APPROVED,467.86
PAY-00002717,ORD-00002717,CARD,APPROVED,835.35
PAY-00002718,ORD-00002718,TRANSFER,APPROVED,222.99
PAY-00002719,ORD-00002719,CARD,APPROVED,380.19
PAY-00002720,ORD-00002720,WALLET,APPROVED,479.34
PAY-00002721,ORD-00002721,CARD,APPROVED,94.18
PAY-00002722,ORD-00002722,TRANSFER,APPROVED,65.02
PAY-00002723,ORD-00002723,WALLET,APPROVED,632.1
PAY-00002724,ORD-00002724,TRANSFER,APPROVED,859.66
PAY-00002725,ORD-00002725,CARD,APPROVED,608.18
PAY-00002726,ORD-00002726,WALLET,APPROVED,647.55
PAY-00002727,ORD-00002727,CASH,APPROVED,199.82
PAY-00002728,ORD-00002728,TRANSFER,APPROVED,340.78
PAY-00002729,ORD-00002729,WALLET,APPROVED,489.56
PAY-00002730,ORD-00002730,TRANSFER,APPROVED,346.26
PAY-00002731,ORD-00002731,CASH,APPROVED,304.45
PAY-00002732,ORD-00002732,WALLET,APPROVED,409.31
PAY-00002733,ORD-00002733,CARD,APPROVED,196.06
PAY-00002734,ORD-00002734,TRANSFER,APPROVED,519.63
PAY-00002735,ORD-00002735,TRANSFER,APPROVED,738.81
PAY-00002736,ORD-00002736,CASH,APPROVED,797.68
PAY-00002737,ORD-00002737,TRANSFER,APPROVED,749.18
PAY-00002738,ORD-00002738,CASH,REJECTED,0.0
PAY-00002739,ORD-00002739,CARD,REFUNDED,0.0
PAY-00002740,ORD-00002740,CARD,APPROVED,109.93
PAY-00002741,ORD-00002741,TRANSFER,APPROVED,852.91
PAY-00002742,ORD-00002742,WALLET,APPROVED,517.78
PAY-00002743,ORD-00002743,CASH,APPROVED,874.28
PAY-00002744,ORD-00002744,CARD,APPROVED,593.46
PAY-00002745,ORD-00002745,WALLET,APPROVED,419.38
PAY-00002746,ORD-00002746,WALLET,APPROVED,578.49
PAY-00002747,ORD-00002747,WALLET,REFUNDED,0.0
PAY-00002748,ORD-00002748,CASH,APPROVED,799.5
PAY-00002749,ORD-00002749,WALLET,APPROVED,513.46
PAY-00002750,ORD-00002750,TRANSFER,APPROVED,615.05
PAY-00002751,ORD-00002751,CARD,APPROVED,876.02
PAY-00002752,ORD-00002752,CARD,APPROVED,790.59
PAY-00002753,ORD-00002753,CASH,APPROVED,251.55
PAY-00002754,ORD-00002754,CARD,APPROVED,411.47
PAY-00002755,ORD-00002755,WALLET,APPROVED,400.28
PAY-00002756,ORD-00002756,CASH,APPROVED,672.14
PAY-00002757,ORD-00002757,CASH,APPROVED,433.14
PAY-00002758,ORD-00002758,CASH,APPROVED,298.83
PAY-00002759,ORD-00002759,CASH,APPROVED,428.72
PAY-00002760,ORD-00002760,CASH,APPROVED,375.93
PAY-00002761,ORD-00002761,CARD,APPROVED,309.53
PAY-00002762,ORD-00002762,WALLET,APPROVED,160.38
PAY-00002763,ORD-00002763,CASH,APPROVED,493.09
PAY-00002764,ORD-00002764,CASH,APPROVED,737.39
PAY-00002765,ORD-00002765,TRANSFER,APPROVED,794.44
PAY-00002766,ORD-00002766,TRANSFER,APPROVED,524.29
PAY-00002767,ORD-00002767,CARD,APPROVED,620.35
PAY-00002768,ORD-00002768,CARD,APPROVED,755.27
PAY-00002769,ORD-00002769,WALLET,APPROVED,362.63
PAY-00002770,ORD-00002770,WALLET,APPROVED,584.85
PAY-00002771,ORD-00002771,TRANSFER,REJECTED,0.0
PAY-00002772,ORD-00002772,CARD,REJECTED,0.0
PAY-00002773,ORD-00002773,WALLET,APPROVED,494.64
PAY-00002774,ORD-00002774,CARD,APPROVED,276.77
PAY-00002775,ORD-00002775,WALLET,APPROVED,415.55
PAY-00002776,ORD-00002776,CASH,APPROVED,543.84
PAY-00002777,ORD-00002777,CASH,APPROVED,536.88
PAY-00002778,ORD-00002778,CARD,APPROVED,879.66
PAY-00002779,ORD-00002779,CARD,APPROVED,777.14
PAY-00002780,ORD-00002780,CARD,APPROVED,563.91
PAY-00002781,ORD-00002781,TRANSFER,REFUNDED,0.0
PAY-00002782,ORD-00002782,WALLET,APPROVED,496.21
PAY-00002783,ORD-00002783,TRANSFER,APPROVED,677.91
PAY-00002784,ORD-00002784,WALLET,APPROVED,702.79
PAY-00002785,ORD-00002785,WALLET,APPROVED,620.18
PAY-00002786,ORD-00002786,WALLET,APPROVED,459.33
PAY-00002787,ORD-00002787,CARD,APPROVED,489.06
PAY-00002788,ORD-00002788,CASH,APPROVED,472.31
PAY-00002789,ORD-00002789,TRANSFER,APPROVED,546.99
PAY-00002790,ORD-00002790,WALLET,APPROVED,445.33
PAY-00002791,ORD-00002791,CASH,APPROVED,53.83
PAY-00002792,ORD-00002792,WALLET,APPROVED,217.43
PAY-00002793,ORD-00002793,CARD,APPROVED,131.82
PAY-00002794,ORD-00002794,WALLET,APPROVED,454.09
PAY-00002795,ORD-00002795,TRANSFER,APPROVED,809.46
PAY-00002796,ORD-00002796,CASH,APPROVED,261.83
PAY-00002797,ORD-00002797,CARD,APPROVED,791.84
PAY-00002798,ORD-00002798,WALLET,APPROVED,230.26
PAY-00002799,ORD-00002799,TRANSFER,APPROVED,91.44
PAY-00002800,ORD-00002800,TRANSFER,APPROVED,247.76
PAY-00002801,ORD-00002801,CARD,APPROVED,117.53
PAY-00002802,ORD-00002802,TRANSFER,APPROVED,635.8
PAY-00002803,ORD-00002803,TRANSFER,APPROVED,604.33
PAY-00002804,ORD-00002804,TRANSFER,APPROVED,230.65
PAY-00002805,ORD-00002805,TRANSFER,APPROVED,204.5
PAY-00002806,ORD-00002806,WALLET,APPROVED,77.76
PAY-00002807,ORD-00002807,CARD,APPROVED,688.06
PAY-00002808,ORD-00002808,CASH,APPROVED,681.77
PAY-00002809,ORD-00002809,CASH,APPROVED,374.66
PAY-00002810,ORD-00002810,TRANSFER,APPROVED,39.48
PAY-00002811,ORD-00002811,WALLET,APPROVED,551.7
PAY-00002812,ORD-00002812,TRANSFER,APPROVED,855.21
PAY-00002813,ORD-00002813,TRANSFER,APPROVED,476.31
PAY-00002814,ORD-00002814,WALLET,APPROVED,512.09
PAY-00002815,ORD-00002815,CARD,APPROVED,50.35
PAY-00002816,ORD-00002816,CASH,APPROVED,488.73
PAY-00002817,ORD-00002817,WALLET,APPROVED,685.31
PAY-00002818,ORD-00002818,WALLET,APPROVED,550.61
PAY-00002819,ORD-00002819,WALLET,APPROVED,95.52
PAY-00002820,ORD-00002820,TRANSFER,APPROVED,70.7
PAY-00002821,ORD-00002821,CARD,APPROVED,216.64
PAY-00002822,ORD-00002822,CASH,APPROVED,323.43
PAY-00002823,ORD-00002823,CARD,APPROVED,261.49
PAY-00002824,ORD-00002824,TRANSFER,APPROVED,803.14
PAY-00002825,ORD-00002825,WALLET,APPROVED,622.09
PAY-00002826,ORD-00002826,CASH,APPROVED,424.48
PAY-00002827,ORD-00002827,CARD,APPROVED,197.07
PAY-00002828,ORD-00002828,CASH,APPROVED,588.02
PAY-00002829,ORD-00002829,CASH,APPROVED,840.25
PAY-00002830,ORD-00002830,CASH,APPROVED,238.49
PAY-00002831,ORD-00002831,CASH,REFUNDED,0.0
PAY-00002832,ORD-00002832,CARD,APPROVED,891.91
PAY-00002833,ORD-00002833,WALLET,APPROVED,250.15
PAY-00002834,ORD-00002834,CARD,APPROVED,436.59
PAY-00002835,ORD-00002835,TRANSFER,APPROVED,687.71
PAY-00002836,ORD-00002836,CASH,APPROVED,500.41
PAY-00002837,ORD-00002837,TRANSFER,APPROVED,803.81
PAY-00002838,ORD-00002838,WALLET,APPROVED,651.82
PAY-00002839,ORD-00002839,WALLET,APPROVED,520.0
PAY-00002840,ORD-00002840,CARD,APPROVED,505.03
PAY-00002841,ORD-00002841,CARD,APPROVED,560.42
PAY-00002842,ORD-00002842,CASH,APPROVED,881.13
PAY-00002843,ORD-00002843,TRANSFER,APPROVED,374.67
PAY-00002844,ORD-00002844,WALLET,APPROVED,262.33
PAY-00002845,ORD-00002845,CASH,APPROVED,545.75
PAY-00002846,ORD-00002846,WALLET,APPROVED,376.55
PAY-00002847,ORD-00002847,TRANSFER,APPROVED,679.36
PAY-00002848,ORD-00002848,TRANSFER,APPROVED,450.0
PAY-00002849,ORD-00002849,CARD,APPROVED,456.64
PAY-00002850,ORD-00002850,TRANSFER,APPROVED,637.56
PAY-00002851,ORD-00002851,CARD,APPROVED,372.55
PAY-00002852,ORD-00002852,WALLET,APPROVED,272.25
PAY-00002853,ORD-00002853,CARD,APPROVED,513.53
PAY-00002854,ORD-00002854,CASH,APPROVED,320.49
PAY-00002855,ORD-00002855,CASH,REFUNDED,0.0
PAY-00002856,ORD-00002856,CASH,REFUNDED,0.0
PAY-00002857,ORD-00002857,CASH,APPROVED,731.98
PAY-00002858,ORD-00002858,TRANSFER,APPROVED,217.29
PAY-00002859,ORD-00002859,WALLET,APPROVED,504.25
PAY-00002860,ORD-00002860,CARD,APPROVED,140.35
PAY-00002861,ORD-00002861,CARD,APPROVED,162.47
PAY-00002862,ORD-00002862,WALLET,APPROVED,708.04
PAY-00002863,ORD-00002863,CASH,APPROVED,431.17
PAY-00002864,ORD-00002864,CASH,APPROVED,187.92
PAY-00002865,ORD-00002865,CARD,APPROVED,708.08
PAY-00002866,ORD-00002866,CASH,APPROVED,655.04
PAY-00002867,ORD-00002867,TRANSFER,APPROVED,303.05
PAY-00002868,ORD-00002868,TRANSFER,APPROVED,806.93
PAY-00002869,ORD-00002869,TRANSFER,APPROVED,132.08
PAY-00002870,ORD-00002870,WALLET,APPROVED,262.16
PAY-00002871,ORD-00002871,WALLET,APPROVED,158.45
PAY-00002872,ORD-00002872,TRANSFER,APPROVED,269.17
PAY-00002873,ORD-00002873,WALLET,APPROVED,657.72
PAY-00002874,ORD-00002874,TRANSFER,APPROVED,550.88
PAY-00002875,ORD-00002875,CASH,APPROVED,478.27
PAY-00002876,ORD-00002876,WALLET,APPROVED,198.1
PAY-00002877,ORD-00002877,TRANSFER,APPROVED,379.99
PAY-00002878,ORD-00002878,WALLET,APPROVED,679.03
PAY-00002879,ORD-00002879,CARD,APPROVED,537.53
PAY-00002880,ORD-00002880,CARD,APPROVED,140.95
PAY-00002881,ORD-00002881,TRANSFER,APPROVED,368.33
PAY-00002882,ORD-00002882,TRANSFER,APPROVED,382.98
PAY-00002883,ORD-00002883,TRANSFER,APPROVED,62.01
PAY-00002884,ORD-00002884,CARD,APPROVED,275.15
PAY-00002885,ORD-00002885,WALLET,APPROVED,883.5
PAY-00002886,ORD-00002886,CARD,APPROVED,289.65
PAY-00002887,ORD-00002887,TRANSFER,APPROVED,512.01
PAY-00002888,ORD-00002888,TRANSFER,APPROVED,411.8
PAY-00002889,ORD-00002889,TRANSFER,APPROVED,267.16
PAY-00002890,ORD-00002890,TRANSFER,REFUNDED,0.0
PAY-00002891,ORD-00002891,TRANSFER,APPROVED,516.22
PAY-00002892,ORD-00002892,CASH,APPROVED,647.13
PAY-00002893,ORD-00002893,CASH,APPROVED,689.47
PAY-00002894,ORD-00002894,CASH,APPROVED,52.07
PAY-00002895,ORD-00002895,CARD,APPROVED,186.39
PAY-00002896,ORD-00002896,WALLET,APPROVED,517.85
PAY-00002897,ORD-00002897,CASH,REJECTED,0.0
PAY-00002898,ORD-00002898,CARD,APPROVED,824.89
PAY-00002899,ORD-00002899,WALLET,APPROVED,421.75
PAY-00002900,ORD-00002900,TRANSFER,APPROVED,860.77
PAY-00002901,ORD-00002901,TRANSFER,APPROVED,303.98
PAY-00002902,ORD-00002902,WALLET,APPROVED,261.88
PAY-00002903,ORD-00002903,WALLET,APPROVED,398.98
PAY-00002904,ORD-00002904,WALLET,APPROVED,655.98
PAY-00002905,ORD-00002905,CARD,APPROVED,243.01
PAY-00002906,ORD-00002906,CASH,APPROVED,208.77
PAY-00002907,ORD-00002907,CASH,APPROVED,632.18
PAY-00002908,ORD-00002908,WALLET,APPROVED,308.12
PAY-00002909,ORD-00002909,TRANSFER,REFUNDED,0.0
PAY-00002910,ORD-00002910,TRANSFER,APPROVED,736.33
PAY-00002911,ORD-00002911,CASH,REFUNDED,0.0
PAY-00002912,ORD-00002912,TRANSFER,APPROVED,373.71
PAY-00002913,ORD-00002913,CARD,APPROVED,160.93
PAY-00002914,ORD-00002914,WALLET,APPROVED,104.08
PAY-00002915,ORD-00002915,CASH,APPROVED,450.99
PAY-00002916,ORD-00002916,CASH,REFUNDED,0.0
PAY-00002917,ORD-00002917,TRANSFER,APPROVED,827.5
PAY-00002918,ORD-00002918,CARD,APPROVED,161.22
PAY-00002919,ORD-00002919,CASH,APPROVED,49.97
PAY-00002920,ORD-00002920,TRANSFER,APPROVED,744.41
PAY-00002921,ORD-00002921,WALLET,APPROVED,480.59
PAY-00002922,ORD-00002922,TRANSFER,APPROVED,551.46
PAY-00002923,ORD-00002923,TRANSFER,APPROVED,551.74
PAY-00002924,ORD-00002924,TRANSFER,APPROVED,603.53
PAY-00002925,ORD-00002925,TRANSFER,APPROVED,465.36
PAY-00002926,ORD-00002926,WALLET,APPROVED,223.09
PAY-00002927,ORD-00002927,CARD,APPROVED,423.24
PAY-00002928,ORD-00002928,WALLET,APPROVED,789.5
PAY-00002929,ORD-00002929,CARD,APPROVED,264.99
PAY-00002930,ORD-00002930,CARD,APPROVED,400.27
PAY-00002931,ORD-00002931,WALLET,APPROVED,282.75
PAY-00002932,ORD-00002932,CASH,APPROVED,337.33
PAY-00002933,ORD-00002933,CARD,APPROVED,769.96
PAY-00002934,ORD-00002934,WALLET,APPROVED,366.78
PAY-00002935,ORD-00002935,TRANSFER,APPROVED,304.31
PAY-00002936,ORD-00002936,CASH,APPROVED,680.09
PAY-00002937,ORD-00002937,CASH,APPROVED,160.3
PAY-00002938,ORD-00002938,CASH,APPROVED,797.53
PAY-00002939,ORD-00002939,WALLET,APPROVED,652.89
PAY-00002940,ORD-00002940,CASH,APPROVED,723.18
PAY-00002941,ORD-00002941,TRANSFER,APPROVED,872.81
PAY-00002942,ORD-00002942,CASH,APPROVED,360.76
PAY-00002943,ORD-00002943,CARD,APPROVED,855.59
PAY-00002944,ORD-00002944,WALLET,APPROVED,491.83
PAY-00002945,ORD-00002945,TRANSFER,APPROVED,375.49
PAY-00002946,ORD-00002946,CASH,APPROVED,384.26
PAY-00002947,ORD-00002947,TRANSFER,APPROVED,293.93
PAY-00002948,ORD-00002948,CARD,REJECTED,0.0
PAY-00002949,ORD-00002949,WALLET,APPROVED,249.85
PAY-00002950,ORD-00002950,TRANSFER,APPROVED,16.99
PAY-00002951,ORD-00002951,CASH,APPROVED,498.69
PAY-00002952,ORD-00002952,CASH,APPROVED,602.03
PAY-00002953,ORD-00002953,CASH,APPROVED,269.49
PAY-00002954,ORD-00002954,WALLET,APPROVED,171.85
PAY-00002955,ORD-00002955,CARD,APPROVED,587.46
PAY-00002956,ORD-00002956,CASH,APPROVED,678.23
PAY-00002957,ORD-00002957,WALLET,APPROVED,816.77
PAY-00002958,ORD-00002958,WALLET,APPROVED,270.57
PAY-00002959,ORD-00002959,WALLET,APPROVED,82.46
PAY-00002960,ORD-00002960,WALLET,APPROVED,696.75
PAY-00002961,ORD-00002961,WALLET,APPROVED,414.39
PAY-00002962,ORD-00002962,WALLET,APPROVED,440.9
PAY-00002963,ORD-00002963,CARD,APPROVED,327.62
PAY-00002964,ORD-00002964,CARD,APPROVED,821.16
PAY-00002965,ORD-00002965,CASH,APPROVED,317.76
PAY-00002966,ORD-00002966,TRANSFER,APPROVED,833.37
PAY-00002967,ORD-00002967,CARD,APPROVED,397.68
PAY-00002968,ORD-00002968,TRANSFER,APPROVED,183.28
PAY-00002969,ORD-00002969,CASH,REFUNDED,0.0
PAY-00002970,ORD-00002970,CARD,APPROVED,420.2
PAY-00002971,ORD-00002971,CARD,APPROVED,181.45
PAY-00002972,ORD-00002972,CASH,APPROVED,382.75
PAY-00002973,ORD-00002973,CASH,APPROVED,90.42
PAY-00002974,ORD-00002974,TRANSFER,APPROVED,118.1
PAY-00002975,ORD-00002975,TRANSFER,APPROVED,316.52
PAY-00002976,ORD-00002976,CASH,APPROVED,490.32
PAY-00002977,ORD-00002977,TRANSFER,APPROVED,603.37
PAY-00002978,ORD-00002978,CASH,APPROVED,899.36
PAY-00002979,ORD-00002979,CARD,APPROVED,336.95
PAY-00002980,ORD-00002980,TRANSFER,APPROVED,883.41
PAY-00002981,ORD-00002981,WALLET,REFUNDED,0.0
PAY-00002982,ORD-00002982,TRANSFER,APPROVED,248.82
PAY-00002983,ORD-00002983,WALLET,APPROVED,530.27
PAY-00002984,ORD-00002984,CASH,APPROVED,501.93
PAY-00002985,ORD-00002985,WALLET,APPROVED,785.22
PAY-00002986,ORD-00002986,TRANSFER,APPROVED,372.23
PAY-00002987,ORD-00002987,CASH,APPROVED,309.94
PAY-00002988,ORD-00002988,CASH,APPROVED,851.06
PAY-00002989,ORD-00002989,WALLET,APPROVED,334.6
PAY-00002990,ORD-00002990,CASH,APPROVED,807.1
PAY-00002991,ORD-00002991,CASH,APPROVED,518.58
PAY-00002992,ORD-00002992,CASH,APPROVED,659.94
PAY-00002993,ORD-00002993,CARD,APPROVED,376.0
PAY-00002994,ORD-00002994,CASH,APPROVED,660.92
PAY-00002995,ORD-00002995,CARD,APPROVED,395.3
PAY-00002996,ORD-00002996,TRANSFER,APPROVED,135.55
PAY-00002997,ORD-00002997,CARD,APPROVED,235.39
PAY-00002998,ORD-00002998,WALLET,APPROVED,550.65
PAY-00002999,ORD-00002999,TRANSFER,APPROVED,238.85
PAY-00003000,ORD-00003000,CARD,APPROVED,608.86
PAY-00003001,ORD-00003001,CARD,APPROVED,662.16
PAY-00003002,ORD-00003002,CARD,APPROVED,114.66
PAY-00003003,ORD-00003003,CARD,APPROVED,27.18
PAY-00003004,ORD-00003004,CARD,APPROVED,588.45
PAY-00003005,ORD-00003005,CARD,APPROVED,474.2
PAY-00003006,ORD-00003006,WALLET,APPROVED,327.56
PAY-00003007,ORD-00003007,WALLET,APPROVED,854.99
PAY-00003008,ORD-00003008,WALLET,APPROVED,69.34
PAY-00003009,ORD-00003009,CARD,APPROVED,195.4
PAY-00003010,ORD-00003010,TRANSFER,APPROVED,392.14
PAY-00003011,ORD-00003011,WALLET,APPROVED,322.84
PAY-00003012,ORD-00003012,CASH,APPROVED,867.7
PAY-00003013,ORD-00003013,CARD,APPROVED,30.17
PAY-00003014,ORD-00003014,CARD,APPROVED,503.3
PAY-00003015,ORD-00003015,TRANSFER,APPROVED,476.99
PAY-00003016,ORD-00003016,CASH,APPROVED,675.57
PAY-00003017,ORD-00003017,CARD,APPROVED,238.11
PAY-00003018,ORD-00003018,CARD,APPROVED,523.36
PAY-00003019,ORD-00003019,TRANSFER,APPROVED,880.04
PAY-00003020,ORD-00003020,CARD,APPROVED,696.17
PAY-00003021,ORD-00003021,CARD,APPROVED,110.99
PAY-00003022,ORD-00003022,WALLET,APPROVED,255.67
PAY-00003023,ORD-00003023,CASH,APPROVED,100.04
PAY-00003024,ORD-00003024,CASH,APPROVED,312.49
PAY-00003025,ORD-00003025,TRANSFER,APPROVED,396.28
PAY-00003026,ORD-00003026,CASH,APPROVED,136.24
PAY-00003027,ORD-00003027,TRANSFER,APPROVED,896.42
PAY-00003028,ORD-00003028,WALLET,APPROVED,210.35
PAY-00003029,ORD-00003029,TRANSFER,APPROVED,827.61
PAY-00003030,ORD-00003030,WALLET,APPROVED,805.4
PAY-00003031,ORD-00003031,CASH,APPROVED,236.53
PAY-00003032,ORD-00003032,WALLET,APPROVED,624.76
PAY-00003033,ORD-00003033,CARD,APPROVED,448.25
PAY-00003034,ORD-00003034,CARD,APPROVED,103.58
PAY-00003035,ORD-00003035,CARD,APPROVED,631.3
PAY-00003036,ORD-00003036,WALLET,APPROVED,160.4
PAY-00003037,ORD-00003037,CASH,APPROVED,258.6
PAY-00003038,ORD-00003038,CARD,APPROVED,188.33
PAY-00003039,ORD-00003039,CARD,APPROVED,412.78
PAY-00003040,ORD-00003040,CARD,APPROVED,684.58
PAY-00003041,ORD-00003041,TRANSFER,APPROVED,70.99
PAY-00003042,ORD-00003042,CASH,APPROVED,346.46
PAY-00003043,ORD-00003043,WALLET,APPROVED,154.42
PAY-00003044,ORD-00003044,TRANSFER,APPROVED,734.15
PAY-00003045,ORD-00003045,CARD,APPROVED,484.82
PAY-00003046,ORD-00003046,CASH,APPROVED,799.45
PAY-00003047,ORD-00003047,CARD,APPROVED,412.42
PAY-00003048,ORD-00003048,TRANSFER,APPROVED,551.56
PAY-00003049,ORD-00003049,TRANSFER,APPROVED,276.55
PAY-00003050,ORD-00003050,TRANSFER,APPROVED,117.08
PAY-00003051,ORD-00003051,WALLET,APPROVED,634.74
PAY-00003052,ORD-00003052,CARD,APPROVED,819.76
PAY-00003053,ORD-00003053,CARD,APPROVED,492.04
PAY-00003054,ORD-00003054,CARD,APPROVED,552.11
PAY-00003055,ORD-00003055,CARD,APPROVED,315.11
PAY-00003056,ORD-00003056,CASH,APPROVED,747.88
PAY-00003057,ORD-00003057,CASH,APPROVED,210.15
PAY-00003058,ORD-00003058,TRANSFER,APPROVED,653.01
PAY-00003059,ORD-00003059,TRANSFER,APPROVED,259.54
PAY-00003060,ORD-00003060,WALLET,APPROVED,705.34
PAY-00003061,ORD-00003061,TRANSFER,APPROVED,654.93
PAY-00003062,ORD-00003062,CARD,APPROVED,623.84
PAY-00003063,ORD-00003063,TRANSFER,APPROVED,492.04
PAY-00003064,ORD-00003064,TRANSFER,APPROVED,889.74
PAY-00003065,ORD-00003065,CASH,APPROVED,680.99
PAY-00003066,ORD-00003066,CARD,APPROVED,525.1
PAY-00003067,ORD-00003067,WALLET,APPROVED,744.56
PAY-00003068,ORD-00003068,WALLET,APPROVED,50.74
PAY-00003069,ORD-00003069,WALLET,APPROVED,246.24
PAY-00003070,ORD-00003070,TRANSFER,APPROVED,655.65
PAY-00003071,ORD-00003071,WALLET,APPROVED,223.68
PAY-00003072,ORD-00003072,WALLET,REJECTED,0.0
PAY-00003073,ORD-00003073,WALLET,APPROVED,52.06
PAY-00003074,ORD-00003074,CASH,APPROVED,199.01
PAY-00003075,ORD-00003075,CARD,APPROVED,329.24
PAY-00003076,ORD-00003076,CASH,APPROVED,72.1
PAY-00003077,ORD-00003077,CARD,APPROVED,482.79
PAY-00003078,ORD-00003078,CASH,APPROVED,246.52
PAY-00003079,ORD-00003079,CARD,APPROVED,434.17
PAY-00003080,ORD-00003080,WALLET,APPROVED,650.59
PAY-00003081,ORD-00003081,WALLET,APPROVED,152.05
PAY-00003082,ORD-00003082,WALLET,APPROVED,476.73
PAY-00003083,ORD-00003083,CASH,APPROVED,155.35
PAY-00003084,ORD-00003084,WALLET,APPROVED,656.83
PAY-00003085,ORD-00003085,CARD,REFUNDED,0.0
PAY-00003086,ORD-00003086,CASH,REFUNDED,0.0
PAY-00003087,ORD-00003087,WALLET,APPROVED,52.45
PAY-00003088,ORD-00003088,WALLET,APPROVED,619.62
PAY-00003089,ORD-00003089,CARD,APPROVED,430.8
PAY-00003090,ORD-00003090,WALLET,APPROVED,864.57
PAY-00003091,ORD-00003091,WALLET,APPROVED,341.01
PAY-00003092,ORD-00003092,CARD,APPROVED,258.76
PAY-00003093,ORD-00003093,CARD,APPROVED,632.01
PAY-00003094,ORD-00003094,TRANSFER,APPROVED,580.59
PAY-00003095,ORD-00003095,TRANSFER,APPROVED,206.28
PAY-00003096,ORD-00003096,CARD,APPROVED,480.7
PAY-00003097,ORD-00003097,CASH,APPROVED,211.36
PAY-00003098,ORD-00003098,TRANSFER,APPROVED,417.45
PAY-00003099,ORD-00003099,CARD,APPROVED,878.4
PAY-00003100,ORD-00003100,WALLET,APPROVED,134.22
PAY-00003101,ORD-00003101,CASH,APPROVED,655.17
PAY-00003102,ORD-00003102,WALLET,APPROVED,866.11
PAY-00003103,ORD-00003103,WALLET,APPROVED,774.66
PAY-00003104,ORD-00003104,CARD,APPROVED,24.44
PAY-00003105,ORD-00003105,CARD,APPROVED,311.11
PAY-00003106,ORD-00003106,CASH,REJECTED,0.0
PAY-00003107,ORD-00003107,WALLET,APPROVED,266.03
PAY-00003108,ORD-00003108,CASH,REFUNDED,0.0
PAY-00003109,ORD-00003109,CARD,APPROVED,321.03
PAY-00003110,ORD-00003110,WALLET,APPROVED,730.53
PAY-00003111,ORD-00003111,TRANSFER,APPROVED,492.22
PAY-00003112,ORD-00003112,CASH,APPROVED,38.34
PAY-00003113,ORD-00003113,TRANSFER,APPROVED,154.55
PAY-00003114,ORD-00003114,TRANSFER,APPROVED,414.39
PAY-00003115,ORD-00003115,CARD,APPROVED,47.29
PAY-00003116,ORD-00003116,CASH,APPROVED,489.45
PAY-00003117,ORD-00003117,WALLET,APPROVED,703.55
PAY-00003118,ORD-00003118,WALLET,APPROVED,714.8
PAY-00003119,ORD-00003119,CASH,APPROVED,392.47
PAY-00003120,ORD-00003120,WALLET,APPROVED,789.22
PAY-00003121,ORD-00003121,WALLET,APPROVED,797.82
PAY-00003122,ORD-00003122,CARD,APPROVED,418.23
PAY-00003123,ORD-00003123,WALLET,REFUNDED,0.0
PAY-00003124,ORD-00003124,TRANSFER,APPROVED,465.53
PAY-00003125,ORD-00003125,CARD,APPROVED,444.46
PAY-00003126,ORD-00003126,WALLET,APPROVED,885.77
PAY-00003127,ORD-00003127,CARD,APPROVED,284.05
PAY-00003128,ORD-00003128,CARD,APPROVED,318.21
PAY-00003129,ORD-00003129,WALLET,APPROVED,482.82
PAY-00003130,ORD-00003130,WALLET,APPROVED,124.86
PAY-00003131,ORD-00003131,CARD,APPROVED,57.03
PAY-00003132,ORD-00003132,CARD,APPROVED,267.9
PAY-00003133,ORD-00003133,TRANSFER,REFUNDED,0.0
PAY-00003134,ORD-00003134,CASH,APPROVED,568.98
PAY-00003135,ORD-00003135,WALLET,APPROVED,596.24
PAY-00003136,ORD-00003136,TRANSFER,APPROVED,477.16
PAY-00003137,ORD-00003137,TRANSFER,APPROVED,857.46
PAY-00003138,ORD-00003138,CARD,APPROVED,698.49
PAY-00003139,ORD-00003139,WALLET,REFUNDED,0.0
PAY-00003140,ORD-00003140,TRANSFER,APPROVED,702.0
PAY-00003141,ORD-00003141,WALLET,APPROVED,634.21
PAY-00003142,ORD-00003142,TRANSFER,APPROVED,119.18
PAY-00003143,ORD-00003143,WALLET,APPROVED,168.91
PAY-00003144,ORD-00003144,CARD,APPROVED,210.05
PAY-00003145,ORD-00003145,CARD,APPROVED,810.19
PAY-00003146,ORD-00003146,CASH,APPROVED,883.13
PAY-00003147,ORD-00003147,TRANSFER,APPROVED,800.25
PAY-00003148,ORD-00003148,TRANSFER,APPROVED,317.09
PAY-00003149,ORD-00003149,TRANSFER,APPROVED,332.47
PAY-00003150,ORD-00003150,CARD,APPROVED,502.29
PAY-00003151,ORD-00003151,CASH,APPROVED,206.72
PAY-00003152,ORD-00003152,WALLET,APPROVED,621.82
PAY-00003153,ORD-00003153,CASH,APPROVED,882.72
PAY-00003154,ORD-00003154,WALLET,APPROVED,367.82
PAY-00003155,ORD-00003155,CARD,APPROVED,810.61
PAY-00003156,ORD-00003156,TRANSFER,APPROVED,213.01
PAY-00003157,ORD-00003157,CASH,APPROVED,818.0
PAY-00003158,ORD-00003158,CASH,APPROVED,81.43
PAY-00003159,ORD-00003159,CARD,APPROVED,743.64
PAY-00003160,ORD-00003160,WALLET,APPROVED,556.68
PAY-00003161,ORD-00003161,CASH,APPROVED,299.43
PAY-00003162,ORD-00003162,WALLET,APPROVED,530.48
PAY-00003163,ORD-00003163,CASH,APPROVED,341.0
PAY-00003164,ORD-00003164,TRANSFER,APPROVED,544.97
PAY-00003165,ORD-00003165,WALLET,APPROVED,657.53
PAY-00003166,ORD-00003166,CARD,APPROVED,319.93
PAY-00003167,ORD-00003167,CARD,APPROVED,746.02
PAY-00003168,ORD-00003168,WALLET,REFUNDED,0.0
PAY-00003169,ORD-00003169,WALLET,APPROVED,843.87
PAY-00003170,ORD-00003170,CASH,REJECTED,0.0
PAY-00003171,ORD-00003171,WALLET,APPROVED,838.59
PAY-00003172,ORD-00003172,CARD,APPROVED,835.54
PAY-00003173,ORD-00003173,CARD,APPROVED,159.59
PAY-00003174,ORD-00003174,WALLET,APPROVED,881.9
PAY-00003175,ORD-00003175,WALLET,APPROVED,320.29
PAY-00003176,ORD-00003176,CASH,REFUNDED,0.0
PAY-00003177,ORD-00003177,CASH,APPROVED,300.88
PAY-00003178,ORD-00003178,CASH,APPROVED,738.45
PAY-00003179,ORD-00003179,CARD,APPROVED,618.61
PAY-00003180,ORD-00003180,WALLET,APPROVED,836.0
PAY-00003181,ORD-00003181,TRANSFER,APPROVED,165.73
PAY-00003182,ORD-00003182,WALLET,APPROVED,806.43
PAY-00003183,ORD-00003183,WALLET,APPROVED,246.07
PAY-00003184,ORD-00003184,CASH,APPROVED,316.02
PAY-00003185,ORD-00003185,TRANSFER,APPROVED,392.03
PAY-00003186,ORD-00003186,WALLET,APPROVED,116.76
PAY-00003187,ORD-00003187,TRANSFER,APPROVED,314.55
PAY-00003188,ORD-00003188,TRANSFER,APPROVED,637.0
PAY-00003189,ORD-00003189,WALLET,APPROVED,895.1
PAY-00003190,ORD-00003190,CASH,APPROVED,454.37
PAY-00003191,ORD-00003191,CASH,APPROVED,28.68
PAY-00003192,ORD-00003192,WALLET,APPROVED,598.14
PAY-00003193,ORD-00003193,TRANSFER,APPROVED,155.91
PAY-00003194,ORD-00003194,TRANSFER,APPROVED,311.52
PAY-00003195,ORD-00003195,CASH,APPROVED,373.37
PAY-00003196,ORD-00003196,CASH,APPROVED,520.0
PAY-00003197,ORD-00003197,CASH,APPROVED,487.82
PAY-00003198,ORD-00003198,TRANSFER,APPROVED,494.54
PAY-00003199,ORD-00003199,CASH,REJECTED,0.0
PAY-00003200,ORD-00003200,CASH,APPROVED,856.99
PAY-00003201,ORD-00003201,TRANSFER,APPROVED,651.48
PAY-00003202,ORD-00003202,TRANSFER,REFUNDED,0.0
PAY-00003203,ORD-00003203,WALLET,APPROVED,73.43
PAY-00003204,ORD-00003204,WALLET,APPROVED,866.75
PAY-00003205,ORD-00003205,TRANSFER,APPROVED,832.43
PAY-00003206,ORD-00003206,WALLET,APPROVED,188.45
PAY-00003207,ORD-00003207,CARD,APPROVED,559.79
PAY-00003208,ORD-00003208,CARD,APPROVED,602.37
PAY-00003209,ORD-00003209,CARD,APPROVED,147.68
PAY-00003210,ORD-00003210,WALLET,APPROVED,763.28
PAY-00003211,ORD-00003211,CASH,APPROVED,188.6
PAY-00003212,ORD-00003212,CARD,APPROVED,479.08
PAY-00003213,ORD-00003213,CARD,APPROVED,630.52
PAY-00003214,ORD-00003214,CASH,APPROVED,360.29
PAY-00003215,ORD-00003215,TRANSFER,APPROVED,42.11
PAY-00003216,ORD-00003216,CASH,APPROVED,318.23
PAY-00003217,ORD-00003217,TRANSFER,APPROVED,540.33
PAY-00003218,ORD-00003218,TRANSFER,APPROVED,233.26
PAY-00003219,ORD-00003219,CASH,APPROVED,764.37
PAY-00003220,ORD-00003220,CARD,APPROVED,187.19
PAY-00003221,ORD-00003221,TRANSFER,REJECTED,0.0
PAY-00003222,ORD-00003222,CASH,APPROVED,688.93
PAY-00003223,ORD-00003223,CARD,APPROVED,851.35
PAY-00003224,ORD-00003224,TRANSFER,APPROVED,536.37
PAY-00003225,ORD-00003225,WALLET,APPROVED,706.79
PAY-00003226,ORD-00003226,CARD,APPROVED,361.23
PAY-00003227,ORD-00003227,CASH,APPROVED,861.29
PAY-00003228,ORD-00003228,WALLET,APPROVED,298.59
PAY-00003229,ORD-00003229,CASH,APPROVED,186.83
PAY-00003230,ORD-00003230,TRANSFER,APPROVED,80.94
PAY-00003231,ORD-00003231,CARD,APPROVED,160.86
PAY-00003232,ORD-00003232,WALLET,APPROVED,253.18
PAY-00003233,ORD-00003233,WALLET,APPROVED,93.06
PAY-00003234,ORD-00003234,WALLET,APPROVED,206.69
PAY-00003235,ORD-00003235,TRANSFER,APPROVED,763.6
PAY-00003236,ORD-00003236,CARD,APPROVED,55.53
PAY-00003237,ORD-00003237,CARD,APPROVED,584.33
PAY-00003238,ORD-00003238,TRANSFER,APPROVED,171.93
PAY-00003239,ORD-00003239,CASH,APPROVED,511.91
PAY-00003240,ORD-00003240,WALLET,APPROVED,334.47
PAY-00003241,ORD-00003241,CASH,APPROVED,323.26
PAY-00003242,ORD-00003242,TRANSFER,APPROVED,731.31
PAY-00003243,ORD-00003243,CASH,APPROVED,716.18
PAY-00003244,ORD-00003244,CASH,APPROVED,137.32
PAY-00003245,ORD-00003245,CASH,APPROVED,805.46
PAY-00003246,ORD-00003246,CARD,APPROVED,336.88
PAY-00003247,ORD-00003247,CASH,APPROVED,129.07
PAY-00003248,ORD-00003248,CARD,REFUNDED,0.0
PAY-00003249,ORD-00003249,WALLET,APPROVED,20.54
PAY-00003250,ORD-00003250,TRANSFER,APPROVED,533.9
PAY-00003251,ORD-00003251,TRANSFER,APPROVED,791.47
PAY-00003252,ORD-00003252,CASH,APPROVED,783.61
PAY-00003253,ORD-00003253,CASH,APPROVED,476.78
PAY-00003254,ORD-00003254,TRANSFER,APPROVED,266.26
PAY-00003255,ORD-00003255,CARD,APPROVED,563.67
PAY-00003256,ORD-00003256,CASH,APPROVED,625.97
PAY-00003257,ORD-00003257,TRANSFER,APPROVED,713.11
PAY-00003258,ORD-00003258,CARD,APPROVED,20.63
PAY-00003259,ORD-00003259,TRANSFER,REFUNDED,0.0
PAY-00003260,ORD-00003260,WALLET,APPROVED,735.01
PAY-00003261,ORD-00003261,TRANSFER,APPROVED,183.52
PAY-00003262,ORD-00003262,CARD,APPROVED,585.96
PAY-00003263,ORD-00003263,TRANSFER,APPROVED,22.18
PAY-00003264,ORD-00003264,CASH,APPROVED,195.5
PAY-00003265,ORD-00003265,CASH,APPROVED,432.42
PAY-00003266,ORD-00003266,CARD,APPROVED,174.89
PAY-00003267,ORD-00003267,CASH,APPROVED,336.42
PAY-00003268,ORD-00003268,WALLET,APPROVED,520.53
PAY-00003269,ORD-00003269,WALLET,APPROVED,701.33
PAY-00003270,ORD-00003270,CASH,APPROVED,505.11
PAY-00003271,ORD-00003271,CASH,APPROVED,175.76
PAY-00003272,ORD-00003272,TRANSFER,APPROVED,419.59
PAY-00003273,ORD-00003273,TRANSFER,APPROVED,595.03
PAY-00003274,ORD-00003274,CASH,APPROVED,167.7
PAY-00003275,ORD-00003275,WALLET,APPROVED,795.18
PAY-00003276,ORD-00003276,CARD,APPROVED,596.66
PAY-00003277,ORD-00003277,CARD,APPROVED,142.33
PAY-00003278,ORD-00003278,TRANSFER,APPROVED,231.4
PAY-00003279,ORD-00003279,WALLET,APPROVED,846.63
PAY-00003280,ORD-00003280,CASH,APPROVED,796.02
PAY-00003281,ORD-00003281,CASH,APPROVED,32.31
PAY-00003282,ORD-00003282,CARD,APPROVED,700.81
PAY-00003283,ORD-00003283,TRANSFER,REJECTED,0.0
PAY-00003284,ORD-00003284,WALLET,APPROVED,520.37
PAY-00003285,ORD-00003285,CARD,APPROVED,812.45
PAY-00003286,ORD-00003286,WALLET,APPROVED,641.51
PAY-00003287,ORD-00003287,TRANSFER,APPROVED,852.04
PAY-00003288,ORD-00003288,CARD,APPROVED,681.18
PAY-00003289,ORD-00003289,TRANSFER,APPROVED,657.61
PAY-00003290,ORD-00003290,WALLET,REJECTED,0.0
PAY-00003291,ORD-00003291,WALLET,APPROVED,462.74
PAY-00003292,ORD-00003292,CARD,APPROVED,654.01
PAY-00003293,ORD-00003293,TRANSFER,APPROVED,224.56
PAY-00003294,ORD-00003294,CASH,APPROVED,261.15
PAY-00003295,ORD-00003295,TRANSFER,APPROVED,771.84
PAY-00003296,ORD-00003296,CARD,APPROVED,786.57
PAY-00003297,ORD-00003297,CASH,REFUNDED,0.0
PAY-00003298,ORD-00003298,CARD,APPROVED,835.27
PAY-00003299,ORD-00003299,CARD,APPROVED,96.84
PAY-00003300,ORD-00003300,CASH,APPROVED,556.69
PAY-00003301,ORD-00003301,CASH,REJECTED,0.0
PAY-00003302,ORD-00003302,WALLET,APPROVED,116.93
PAY-00003303,ORD-00003303,CARD,APPROVED,154.3
PAY-00003304,ORD-00003304,CASH,APPROVED,681.1
PAY-00003305,ORD-00003305,WALLET,APPROVED,353.59
PAY-00003306,ORD-00003306,CARD,APPROVED,653.68
PAY-00003307,ORD-00003307,CASH,APPROVED,840.18
PAY-00003308,ORD-00003308,CARD,APPROVED,521.12
PAY-00003309,ORD-00003309,WALLET,APPROVED,173.27
PAY-00003310,ORD-00003310,TRANSFER,APPROVED,106.71
PAY-00003311,ORD-00003311,CARD,APPROVED,266.74
PAY-00003312,ORD-00003312,CARD,APPROVED,139.44
PAY-00003313,ORD-00003313,CASH,APPROVED,147.86
PAY-00003314,ORD-00003314,TRANSFER,APPROVED,764.48
PAY-00003315,ORD-00003315,CARD,APPROVED,73.43
PAY-00003316,ORD-00003316,CASH,APPROVED,204.94
PAY-00003317,ORD-00003317,TRANSFER,APPROVED,629.69
PAY-00003318,ORD-00003318,WALLET,APPROVED,120.01
PAY-00003319,ORD-00003319,WALLET,APPROVED,339.52
PAY-00003320,ORD-00003320,WALLET,APPROVED,244.53
PAY-00003321,ORD-00003321,TRANSFER,APPROVED,441.44
PAY-00003322,ORD-00003322,CARD,APPROVED,508.41
PAY-00003323,ORD-00003323,WALLET,APPROVED,653.57
PAY-00003324,ORD-00003324,CARD,APPROVED,130.04
PAY-00003325,ORD-00003325,CARD,APPROVED,246.04
PAY-00003326,ORD-00003326,CARD,APPROVED,643.64
PAY-00003327,ORD-00003327,CARD,APPROVED,336.42
PAY-00003328,ORD-00003328,CARD,APPROVED,695.05
PAY-00003329,ORD-00003329,TRANSFER,APPROVED,537.26
PAY-00003330,ORD-00003330,CARD,APPROVED,761.5
PAY-00003331,ORD-00003331,TRANSFER,APPROVED,136.12
PAY-00003332,ORD-00003332,TRANSFER,APPROVED,54.05
PAY-00003333,ORD-00003333,CARD,APPROVED,38.58
PAY-00003334,ORD-00003334,TRANSFER,APPROVED,103.83
PAY-00003335,ORD-00003335,WALLET,APPROVED,471.91
PAY-00003336,ORD-00003336,WALLET,APPROVED,146.1
PAY-00003337,ORD-00003337,WALLET,APPROVED,425.16
PAY-00003338,ORD-00003338,CARD,APPROVED,62.69
PAY-00003339,ORD-00003339,CASH,APPROVED,734.5
PAY-00003340,ORD-00003340,CASH,APPROVED,191.55
PAY-00003341,ORD-00003341,WALLET,APPROVED,515.14
PAY-00003342,ORD-00003342,TRANSFER,APPROVED,637.52
PAY-00003343,ORD-00003343,CASH,APPROVED,19.84
PAY-00003344,ORD-00003344,TRANSFER,APPROVED,731.73
PAY-00003345,ORD-00003345,TRANSFER,APPROVED,802.33
PAY-00003346,ORD-00003346,CARD,APPROVED,479.29
PAY-00003347,ORD-00003347,CASH,APPROVED,65.96
PAY-00003348,ORD-00003348,CARD,APPROVED,307.34
PAY-00003349,ORD-00003349,CARD,APPROVED,535.84
PAY-00003350,ORD-00003350,CARD,APPROVED,677.89
PAY-00003351,ORD-00003351,WALLET,APPROVED,647.69
PAY-00003352,ORD-00003352,CARD,APPROVED,293.82
PAY-00003353,ORD-00003353,TRANSFER,APPROVED,167.33
PAY-00003354,ORD-00003354,CASH,APPROVED,278.4
PAY-00003355,ORD-00003355,TRANSFER,REFUNDED,0.0
PAY-00003356,ORD-00003356,CASH,APPROVED,190.82
PAY-00003357,ORD-00003357,WALLET,APPROVED,507.54
PAY-00003358,ORD-00003358,CASH,APPROVED,444.19
PAY-00003359,ORD-00003359,CASH,APPROVED,234.69
PAY-00003360,ORD-00003360,CASH,APPROVED,201.68
PAY-00003361,ORD-00003361,CASH,APPROVED,530.83
PAY-00003362,ORD-00003362,TRANSFER,APPROVED,74.29
PAY-00003363,ORD-00003363,CASH,APPROVED,765.59
PAY-00003364,ORD-00003364,CARD,APPROVED,60.12
PAY-00003365,ORD-00003365,WALLET,APPROVED,378.51
PAY-00003366,ORD-00003366,CARD,APPROVED,599.49
PAY-00003367,ORD-00003367,TRANSFER,APPROVED,620.65
PAY-00003368,ORD-00003368,CARD,APPROVED,798.18
PAY-00003369,ORD-00003369,CASH,APPROVED,88.9
PAY-00003370,ORD-00003370,WALLET,APPROVED,535.07
PAY-00003371,ORD-00003371,TRANSFER,APPROVED,768.49
PAY-00003372,ORD-00003372,CASH,APPROVED,284.14
PAY-00003373,ORD-00003373,CARD,APPROVED,796.85
PAY-00003374,ORD-00003374,TRANSFER,REFUNDED,0.0
PAY-00003375,ORD-00003375,WALLET,APPROVED,733.51
PAY-00003376,ORD-00003376,WALLET,APPROVED,604.93
PAY-00003377,ORD-00003377,TRANSFER,APPROVED,90.34
PAY-00003378,ORD-00003378,TRANSFER,REJECTED,0.0
PAY-00003379,ORD-00003379,CASH,APPROVED,545.91
PAY-00003380,ORD-00003380,TRANSFER,APPROVED,680.66
PAY-00003381,ORD-00003381,TRANSFER,APPROVED,536.12
PAY-00003382,ORD-00003382,WALLET,APPROVED,389.82
PAY-00003383,ORD-00003383,CASH,APPROVED,171.67
PAY-00003384,ORD-00003384,CARD,APPROVED,309.98
PAY-00003385,ORD-00003385,TRANSFER,APPROVED,727.26
PAY-00003386,ORD-00003386,CASH,APPROVED,54.97
PAY-00003387,ORD-00003387,CASH,APPROVED,348.04
PAY-00003388,ORD-00003388,WALLET,APPROVED,415.96
PAY-00003389,ORD-00003389,TRANSFER,APPROVED,314.15
PAY-00003390,ORD-00003390,TRANSFER,APPROVED,745.59
PAY-00003391,ORD-00003391,CASH,APPROVED,871.38
PAY-00003392,ORD-00003392,TRANSFER,APPROVED,369.12
PAY-00003393,ORD-00003393,WALLET,REFUNDED,0.0
PAY-00003394,ORD-00003394,WALLET,APPROVED,524.54
PAY-00003395,ORD-00003395,TRANSFER,APPROVED,204.79
PAY-00003396,ORD-00003396,TRANSFER,APPROVED,683.61
PAY-00003397,ORD-00003397,WALLET,APPROVED,110.55
PAY-00003398,ORD-00003398,CARD,APPROVED,883.2
PAY-00003399,ORD-00003399,CASH,APPROVED,369.54
PAY-00003400,ORD-00003400,CARD,REJECTED,0.0
PAY-00003401,ORD-00003401,TRANSFER,APPROVED,247.03
PAY-00003402,ORD-00003402,CASH,APPROVED,631.86
PAY-00003403,ORD-00003403,CASH,APPROVED,70.91
PAY-00003404,ORD-00003404,TRANSFER,APPROVED,127.2
PAY-00003405,ORD-00003405,CARD,APPROVED,498.83
PAY-00003406,ORD-00003406,CARD,APPROVED,423.63
PAY-00003407,ORD-00003407,CARD,APPROVED,381.12
PAY-00003408,ORD-00003408,CARD,APPROVED,565.95
PAY-00003409,ORD-00003409,WALLET,REFUNDED,0.0
PAY-00003410,ORD-00003410,CASH,APPROVED,529.87
PAY-00003411,ORD-00003411,CARD,APPROVED,463.45
PAY-00003412,ORD-00003412,TRANSFER,APPROVED,246.18
PAY-00003413,ORD-00003413,WALLET,APPROVED,134.27
PAY-00003414,ORD-00003414,CASH,REJECTED,0.0
PAY-00003415,ORD-00003415,TRANSFER,APPROVED,77.29
PAY-00003416,ORD-00003416,WALLET,APPROVED,542.47
PAY-00003417,ORD-00003417,CASH,APPROVED,293.23
PAY-00003418,ORD-00003418,TRANSFER,APPROVED,527.65
PAY-00003419,ORD-00003419,CASH,APPROVED,58.5
PAY-00003420,ORD-00003420,WALLET,APPROVED,279.36
PAY-00003421,ORD-00003421,CARD,APPROVED,829.65
PAY-00003422,ORD-00003422,WALLET,APPROVED,670.4
PAY-00003423,ORD-00003423,TRANSFER,APPROVED,304.28
PAY-00003424,ORD-00003424,CARD,APPROVED,780.68
PAY-00003425,ORD-00003425,CASH,REJECTED,0.0
PAY-00003426,ORD-00003426,CASH,REFUNDED,0.0
PAY-00003427,ORD-00003427,WALLET,APPROVED,773.48
PAY-00003428,ORD-00003428,CASH,APPROVED,771.05
PAY-00003429,ORD-00003429,CASH,APPROVED,365.89
PAY-00003430,ORD-00003430,CASH,REJECTED,0.0
PAY-00003431,ORD-00003431,WALLET,APPROVED,119.8
PAY-00003432,ORD-00003432,CARD,REFUNDED,0.0
PAY-00003433,ORD-00003433,CASH,APPROVED,294.66
PAY-00003434,ORD-00003434,WALLET,APPROVED,642.59
PAY-00003435,ORD-00003435,CASH,APPROVED,472.61
PAY-00003436,ORD-00003436,CARD,APPROVED,435.01
PAY-00003437,ORD-00003437,CASH,APPROVED,128.15
PAY-00003438,ORD-00003438,CARD,APPROVED,848.47
PAY-00003439,ORD-00003439,CASH,APPROVED,894.88
PAY-00003440,ORD-00003440,TRANSFER,APPROVED,661.45
PAY-00003441,ORD-00003441,WALLET,APPROVED,217.49
PAY-00003442,ORD-00003442,WALLET,APPROVED,320.96
PAY-00003443,ORD-00003443,WALLET,APPROVED,325.06
PAY-00003444,ORD-00003444,CARD,REFUNDED,0.0
PAY-00003445,ORD-00003445,TRANSFER,APPROVED,220.82
PAY-00003446,ORD-00003446,CARD,APPROVED,613.1
PAY-00003447,ORD-00003447,TRANSFER,APPROVED,428.49
PAY-00003448,ORD-00003448,TRANSFER,APPROVED,82.88
PAY-00003449,ORD-00003449,CASH,APPROVED,490.48
PAY-00003450,ORD-00003450,WALLET,APPROVED,564.4
PAY-00003451,ORD-00003451,WALLET,APPROVED,699.59
PAY-00003452,ORD-00003452,TRANSFER,APPROVED,615.49
PAY-00003453,ORD-00003453,CARD,APPROVED,506.25
PAY-00003454,ORD-00003454,TRANSFER,APPROVED,26.16
PAY-00003455,ORD-00003455,CASH,APPROVED,746.63
PAY-00003456,ORD-00003456,WALLET,APPROVED,553.86
PAY-00003457,ORD-00003457,TRANSFER,APPROVED,460.19
PAY-00003458,ORD-00003458,TRANSFER,APPROVED,794.77
PAY-00003459,ORD-00003459,WALLET,APPROVED,647.91
PAY-00003460,ORD-00003460,WALLET,APPROVED,74.26
PAY-00003461,ORD-00003461,CARD,APPROVED,607.97
PAY-00003462,ORD-00003462,CASH,APPROVED,201.09
PAY-00003463,ORD-00003463,WALLET,APPROVED,563.29
PAY-00003464,ORD-00003464,CASH,APPROVED,622.32
PAY-00003465,ORD-00003465,CASH,APPROVED,542.24
PAY-00003466,ORD-00003466,CARD,APPROVED,788.61
PAY-00003467,ORD-00003467,TRANSFER,APPROVED,889.53
PAY-00003468,ORD-00003468,CASH,APPROVED,886.98
PAY-00003469,ORD-00003469,CASH,APPROVED,758.17
PAY-00003470,ORD-00003470,CASH,APPROVED,732.05
PAY-00003471,ORD-00003471,CASH,APPROVED,352.48
PAY-00003472,ORD-00003472,TRANSFER,APPROVED,589.1
PAY-00003473,ORD-00003473,CARD,APPROVED,716.23
PAY-00003474,ORD-00003474,CASH,APPROVED,361.83
PAY-00003475,ORD-00003475,WALLET,APPROVED,167.58
PAY-00003476,ORD-00003476,TRANSFER,APPROVED,507.99
PAY-00003477,ORD-00003477,CARD,APPROVED,28.19
PAY-00003478,ORD-00003478,WALLET,APPROVED,476.99
PAY-00003479,ORD-00003479,WALLET,REJECTED,0.0
PAY-00003480,ORD-00003480,CASH,APPROVED,122.71
PAY-00003481,ORD-00003481,CASH,APPROVED,720.22
PAY-00003482,ORD-00003482,WALLET,REJECTED,0.0
PAY-00003483,ORD-00003483,CARD,APPROVED,683.28
PAY-00003484,ORD-00003484,CASH,APPROVED,693.29
PAY-00003485,ORD-00003485,CARD,APPROVED,781.72
PAY-00003486,ORD-00003486,CASH,APPROVED,190.72
PAY-00003487,ORD-00003487,CASH,APPROVED,372.79
PAY-00003488,ORD-00003488,CARD,APPROVED,535.67
PAY-00003489,ORD-00003489,CASH,REFUNDED,0.0
PAY-00003490,ORD-00003490,CARD,APPROVED,96.44
PAY-00003491,ORD-00003491,CASH,APPROVED,91.59
PAY-00003492,ORD-00003492,TRANSFER,APPROVED,410.61
PAY-00003493,ORD-00003493,CASH,APPROVED,562.47
PAY-00003494,ORD-00003494,WALLET,APPROVED,687.78
PAY-00003495,ORD-00003495,CARD,APPROVED,349.46
PAY-00003496,ORD-00003496,TRANSFER,APPROVED,552.14
PAY-00003497,ORD-00003497,CARD,APPROVED,508.86
PAY-00003498,ORD-00003498,CASH,APPROVED,895.58
PAY-00003499,ORD-00003499,WALLET,APPROVED,343.33
PAY-00003500,ORD-00003500,WALLET,APPROVED,518.87
PAY-00003501,ORD-00003501,WALLET,APPROVED,849.79
PAY-00003502,ORD-00003502,CASH,APPROVED,867.6
PAY-00003503,ORD-00003503,CASH,APPROVED,880.33
PAY-00003504,ORD-00003504,CASH,REFUNDED,0.0
PAY-00003505,ORD-00003505,CASH,APPROVED,874.79
PAY-00003506,ORD-00003506,TRANSFER,APPROVED,608.8
PAY-00003507,ORD-00003507,CASH,APPROVED,100.47
PAY-00003508,ORD-00003508,TRANSFER,APPROVED,96.33
PAY-00003509,ORD-00003509,WALLET,APPROVED,171.67
PAY-00003510,ORD-00003510,CARD,APPROVED,80.89
PAY-00003511,ORD-00003511,CASH,APPROVED,131.72
PAY-00003512,ORD-00003512,WALLET,APPROVED,752.59
PAY-00003513,ORD-00003513,WALLET,APPROVED,526.51
PAY-00003514,ORD-00003514,CASH,APPROVED,643.62
PAY-00003515,ORD-00003515,CARD,APPROVED,209.31
PAY-00003516,ORD-00003516,CARD,APPROVED,61.76
PAY-00003517,ORD-00003517,CASH,APPROVED,430.95
PAY-00003518,ORD-00003518,WALLET,REJECTED,0.0
PAY-00003519,ORD-00003519,CASH,APPROVED,851.61
PAY-00003520,ORD-00003520,CARD,APPROVED,649.61
PAY-00003521,ORD-00003521,CASH,APPROVED,841.55
PAY-00003522,ORD-00003522,WALLET,APPROVED,73.33
PAY-00003523,ORD-00003523,CARD,APPROVED,681.46
PAY-00003524,ORD-00003524,CARD,REFUNDED,0.0
PAY-00003525,ORD-00003525,CASH,APPROVED,596.39
PAY-00003526,ORD-00003526,CARD,APPROVED,216.26
PAY-00003527,ORD-00003527,WALLET,APPROVED,519.02
PAY-00003528,ORD-00003528,WALLET,APPROVED,540.38
PAY-00003529,ORD-00003529,TRANSFER,APPROVED,635.09
PAY-00003530,ORD-00003530,CARD,APPROVED,291.35
PAY-00003531,ORD-00003531,WALLET,APPROVED,586.59
PAY-00003532,ORD-00003532,CASH,APPROVED,506.47
PAY-00003533,ORD-00003533,WALLET,APPROVED,242.53
PAY-00003534,ORD-00003534,WALLET,APPROVED,663.44
PAY-00003535,ORD-00003535,CARD,APPROVED,880.0
PAY-00003536,ORD-00003536,WALLET,APPROVED,696.9
PAY-00003537,ORD-00003537,CASH,APPROVED,151.05
PAY-00003538,ORD-00003538,TRANSFER,APPROVED,177.11
PAY-00003539,ORD-00003539,WALLET,APPROVED,478.76
PAY-00003540,ORD-00003540,CASH,APPROVED,148.97
PAY-00003541,ORD-00003541,CARD,APPROVED,674.62
PAY-00003542,ORD-00003542,WALLET,APPROVED,896.86
PAY-00003543,ORD-00003543,TRANSFER,APPROVED,499.24
PAY-00003544,ORD-00003544,CASH,APPROVED,883.54
PAY-00003545,ORD-00003545,CARD,APPROVED,137.04
PAY-00003546,ORD-00003546,CARD,APPROVED,835.41
PAY-00003547,ORD-00003547,CARD,APPROVED,311.97
PAY-00003548,ORD-00003548,CARD,APPROVED,176.75
PAY-00003549,ORD-00003549,WALLET,APPROVED,309.98
PAY-00003550,ORD-00003550,CASH,APPROVED,634.36
PAY-00003551,ORD-00003551,TRANSFER,REJECTED,0.0
PAY-00003552,ORD-00003552,CARD,APPROVED,98.86
PAY-00003553,ORD-00003553,CASH,APPROVED,276.01
PAY-00003554,ORD-00003554,WALLET,APPROVED,636.89
PAY-00003555,ORD-00003555,TRANSFER,REJECTED,0.0
PAY-00003556,ORD-00003556,TRANSFER,APPROVED,898.42
PAY-00003557,ORD-00003557,WALLET,APPROVED,812.49
PAY-00003558,ORD-00003558,TRANSFER,APPROVED,866.35
PAY-00003559,ORD-00003559,TRANSFER,APPROVED,113.23
PAY-00003560,ORD-00003560,WALLET,REFUNDED,0.0
PAY-00003561,ORD-00003561,CASH,APPROVED,561.61
PAY-00003562,ORD-00003562,WALLET,APPROVED,407.0
PAY-00003563,ORD-00003563,WALLET,APPROVED,328.17
PAY-00003564,ORD-00003564,CASH,APPROVED,823.41
PAY-00003565,ORD-00003565,TRANSFER,APPROVED,884.57
PAY-00003566,ORD-00003566,WALLET,REJECTED,0.0
PAY-00003567,ORD-00003567,TRANSFER,APPROVED,323.17
PAY-00003568,ORD-00003568,TRANSFER,APPROVED,463.24
PAY-00003569,ORD-00003569,TRANSFER,APPROVED,495.34
PAY-00003570,ORD-00003570,WALLET,REFUNDED,0.0
PAY-00003571,ORD-00003571,CASH,APPROVED,687.57
PAY-00003572,ORD-00003572,CARD,APPROVED,55.45
PAY-00003573,ORD-00003573,WALLET,REFUNDED,0.0
PAY-00003574,ORD-00003574,CASH,APPROVED,849.47
PAY-00003575,ORD-00003575,CARD,APPROVED,357.37
PAY-00003576,ORD-00003576,WALLET,APPROVED,458.34
PAY-00003577,ORD-00003577,TRANSFER,APPROVED,519.69
PAY-00003578,ORD-00003578,CARD,APPROVED,33.15
PAY-00003579,ORD-00003579,CASH,APPROVED,22.12
PAY-00003580,ORD-00003580,WALLET,APPROVED,887.05
PAY-00003581,ORD-00003581,CARD,APPROVED,421.55
PAY-00003582,ORD-00003582,CARD,APPROVED,521.82
PAY-00003583,ORD-00003583,CASH,APPROVED,772.57
PAY-00003584,ORD-00003584,WALLET,APPROVED,807.1
PAY-00003585,ORD-00003585,WALLET,APPROVED,578.93
PAY-00003586,ORD-00003586,CARD,APPROVED,230.03
PAY-00003587,ORD-00003587,CARD,APPROVED,408.0
PAY-00003588,ORD-00003588,TRANSFER,APPROVED,615.33
PAY-00003589,ORD-00003589,CASH,APPROVED,790.66
PAY-00003590,ORD-00003590,TRANSFER,APPROVED,515.55
PAY-00003591,ORD-00003591,CARD,APPROVED,290.84
PAY-00003592,ORD-00003592,CARD,APPROVED,795.84
PAY-00003593,ORD-00003593,WALLET,APPROVED,328.04
PAY-00003594,ORD-00003594,WALLET,REFUNDED,0.0
PAY-00003595,ORD-00003595,TRANSFER,APPROVED,319.66
PAY-00003596,ORD-00003596,CARD,APPROVED,396.83
PAY-00003597,ORD-00003597,CASH,APPROVED,817.61
PAY-00003598,ORD-00003598,WALLET,REJECTED,0.0
PAY-00003599,ORD-00003599,CARD,APPROVED,698.93
PAY-00003600,ORD-00003600,CASH,APPROVED,502.28
PAY-00003601,ORD-00003601,TRANSFER,APPROVED,425.42
PAY-00003602,ORD-00003602,CASH,APPROVED,472.34
PAY-00003603,ORD-00003603,CASH,APPROVED,438.69
PAY-00003604,ORD-00003604,CASH,APPROVED,881.49
PAY-00003605,ORD-00003605,CARD,APPROVED,167.55
PAY-00003606,ORD-00003606,TRANSFER,APPROVED,895.95
PAY-00003607,ORD-00003607,CASH,APPROVED,172.2
PAY-00003608,ORD-00003608,CARD,APPROVED,757.23
PAY-00003609,ORD-00003609,CASH,APPROVED,260.52
PAY-00003610,ORD-00003610,CARD,APPROVED,833.23
PAY-00003611,ORD-00003611,TRANSFER,APPROVED,876.94
PAY-00003612,ORD-00003612,WALLET,APPROVED,610.72
PAY-00003613,ORD-00003613,TRANSFER,APPROVED,576.13
PAY-00003614,ORD-00003614,WALLET,APPROVED,131.11
PAY-00003615,ORD-00003615,WALLET,APPROVED,127.57
PAY-00003616,ORD-00003616,CASH,APPROVED,51.66
PAY-00003617,ORD-00003617,CARD,APPROVED,311.89
PAY-00003618,ORD-00003618,CARD,APPROVED,886.16
PAY-00003619,ORD-00003619,TRANSFER,REFUNDED,0.0
PAY-00003620,ORD-00003620,TRANSFER,APPROVED,213.46
PAY-00003621,ORD-00003621,TRANSFER,APPROVED,891.74
PAY-00003622,ORD-00003622,TRANSFER,APPROVED,349.64
PAY-00003623,ORD-00003623,CASH,APPROVED,484.83
PAY-00003624,ORD-00003624,CASH,APPROVED,869.34
PAY-00003625,ORD-00003625,WALLET,APPROVED,148.49
PAY-00003626,ORD-00003626,WALLET,APPROVED,27.38
PAY-00003627,ORD-00003627,TRANSFER,REJECTED,0.0
PAY-00003628,ORD-00003628,CARD,APPROVED,791.16
PAY-00003629,ORD-00003629,TRANSFER,REJECTED,0.0
PAY-00003630,ORD-00003630,TRANSFER,APPROVED,529.37
PAY-00003631,ORD-00003631,CARD,APPROVED,47.02
PAY-00003632,ORD-00003632,TRANSFER,APPROVED,550.12
PAY-00003633,ORD-00003633,TRANSFER,APPROVED,282.54
PAY-00003634,ORD-00003634,WALLET,APPROVED,164.51
PAY-00003635,ORD-00003635,WALLET,APPROVED,144.97
PAY-00003636,ORD-00003636,CASH,REJECTED,0.0
PAY-00003637,ORD-00003637,TRANSFER,APPROVED,148.91
PAY-00003638,ORD-00003638,WALLET,APPROVED,860.14
PAY-00003639,ORD-00003639,WALLET,APPROVED,838.32
PAY-00003640,ORD-00003640,CARD,REFUNDED,0.0
PAY-00003641,ORD-00003641,WALLET,APPROVED,192.9
PAY-00003642,ORD-00003642,CARD,APPROVED,877.09
PAY-00003643,ORD-00003643,WALLET,APPROVED,223.73
PAY-00003644,ORD-00003644,CASH,APPROVED,228.18
PAY-00003645,ORD-00003645,CASH,APPROVED,39.77
PAY-00003646,ORD-00003646,TRANSFER,APPROVED,703.85
PAY-00003647,ORD-00003647,WALLET,APPROVED,719.52
PAY-00003648,ORD-00003648,TRANSFER,APPROVED,849.33
PAY-00003649,ORD-00003649,CARD,APPROVED,227.34
PAY-00003650,ORD-00003650,TRANSFER,APPROVED,659.4
PAY-00003651,ORD-00003651,CASH,APPROVED,816.76
PAY-00003652,ORD-00003652,TRANSFER,APPROVED,488.91
PAY-00003653,ORD-00003653,TRANSFER,APPROVED,844.11
PAY-00003654,ORD-00003654,CARD,APPROVED,317.4
PAY-00003655,ORD-00003655,CASH,APPROVED,846.86
PAY-00003656,ORD-00003656,WALLET,APPROVED,770.3
PAY-00003657,ORD-00003657,TRANSFER,APPROVED,702.57
PAY-00003658,ORD-00003658,TRANSFER,APPROVED,840.82
PAY-00003659,ORD-00003659,CASH,APPROVED,234.31
PAY-00003660,ORD-00003660,TRANSFER,APPROVED,281.38
PAY-00003661,ORD-00003661,CASH,APPROVED,380.19
PAY-00003662,ORD-00003662,CASH,APPROVED,818.1
PAY-00003663,ORD-00003663,WALLET,APPROVED,661.82
PAY-00003664,ORD-00003664,CASH,APPROVED,121.42
PAY-00003665,ORD-00003665,CASH,APPROVED,507.93
PAY-00003666,ORD-00003666,TRANSFER,APPROVED,170.95
PAY-00003667,ORD-00003667,CASH,APPROVED,762.07
PAY-00003668,ORD-00003668,CASH,APPROVED,455.04
PAY-00003669,ORD-00003669,CASH,APPROVED,378.67
PAY-00003670,ORD-00003670,TRANSFER,REFUNDED,0.0
PAY-00003671,ORD-00003671,CASH,APPROVED,187.56
PAY-00003672,ORD-00003672,CARD,REFUNDED,0.0
PAY-00003673,ORD-00003673,CARD,APPROVED,835.9
PAY-00003674,ORD-00003674,WALLET,APPROVED,829.89
PAY-00003675,ORD-00003675,CARD,APPROVED,179.88
PAY-00003676,ORD-00003676,CARD,APPROVED,549.73
PAY-00003677,ORD-00003677,WALLET,APPROVED,207.59
PAY-00003678,ORD-00003678,TRANSFER,APPROVED,160.56
PAY-00003679,ORD-00003679,TRANSFER,APPROVED,325.69
PAY-00003680,ORD-00003680,TRANSFER,APPROVED,38.71
PAY-00003681,ORD-00003681,WALLET,APPROVED,319.41
PAY-00003682,ORD-00003682,CASH,APPROVED,775.93
PAY-00003683,ORD-00003683,TRANSFER,APPROVED,148.44
PAY-00003684,ORD-00003684,WALLET,APPROVED,560.11
PAY-00003685,ORD-00003685,CASH,APPROVED,336.78
PAY-00003686,ORD-00003686,CASH,APPROVED,215.57
PAY-00003687,ORD-00003687,CARD,APPROVED,96.1
PAY-00003688,ORD-00003688,WALLET,APPROVED,359.34
PAY-00003689,ORD-00003689,WALLET,APPROVED,749.34
PAY-00003690,ORD-00003690,CARD,APPROVED,153.03
PAY-00003691,ORD-00003691,WALLET,REJECTED,0.0
PAY-00003692,ORD-00003692,CASH,REFUNDED,0.0
PAY-00003693,ORD-00003693,CARD,APPROVED,689.41
PAY-00003694,ORD-00003694,WALLET,APPROVED,406.72
PAY-00003695,ORD-00003695,CARD,APPROVED,884.49
PAY-00003696,ORD-00003696,CARD,APPROVED,108.93
PAY-00003697,ORD-00003697,CASH,APPROVED,608.26
PAY-00003698,ORD-00003698,WALLET,APPROVED,863.14
PAY-00003699,ORD-00003699,CARD,APPROVED,595.64
PAY-00003700,ORD-00003700,TRANSFER,APPROVED,231.51
PAY-00003701,ORD-00003701,TRANSFER,APPROVED,366.19
PAY-00003702,ORD-00003702,TRANSFER,APPROVED,20.59
PAY-00003703,ORD-00003703,TRANSFER,APPROVED,698.37
PAY-00003704,ORD-00003704,CASH,APPROVED,599.09
PAY-00003705,ORD-00003705,TRANSFER,APPROVED,465.22
PAY-00003706,ORD-00003706,WALLET,APPROVED,434.07
PAY-00003707,ORD-00003707,TRANSFER,APPROVED,54.85
PAY-00003708,ORD-00003708,WALLET,APPROVED,598.82
PAY-00003709,ORD-00003709,WALLET,APPROVED,516.11
PAY-00003710,ORD-00003710,CASH,APPROVED,29.96
PAY-00003711,ORD-00003711,WALLET,APPROVED,539.3
PAY-00003712,ORD-00003712,TRANSFER,APPROVED,727.3
PAY-00003713,ORD-00003713,TRANSFER,APPROVED,164.32
PAY-00003714,ORD-00003714,WALLET,APPROVED,782.19
PAY-00003715,ORD-00003715,TRANSFER,APPROVED,79.86
PAY-00003716,ORD-00003716,CASH,APPROVED,563.97
PAY-00003717,ORD-00003717,CASH,APPROVED,516.26
PAY-00003718,ORD-00003718,CARD,APPROVED,805.48
PAY-00003719,ORD-00003719,TRANSFER,APPROVED,592.05
PAY-00003720,ORD-00003720,WALLET,REFUNDED,0.0
PAY-00003721,ORD-00003721,WALLET,APPROVED,387.02
PAY-00003722,ORD-00003722,CASH,APPROVED,632.98
PAY-00003723,ORD-00003723,WALLET,APPROVED,353.27
PAY-00003724,ORD-00003724,CARD,APPROVED,175.79
PAY-00003725,ORD-00003725,CASH,APPROVED,326.5
PAY-00003726,ORD-00003726,WALLET,APPROVED,265.27
PAY-00003727,ORD-00003727,WALLET,APPROVED,59.2
PAY-00003728,ORD-00003728,CASH,APPROVED,288.63
PAY-00003729,ORD-00003729,TRANSFER,APPROVED,521.57
PAY-00003730,ORD-00003730,WALLET,APPROVED,193.16
PAY-00003731,ORD-00003731,TRANSFER,APPROVED,307.6
PAY-00003732,ORD-00003732,TRANSFER,APPROVED,431.18
PAY-00003733,ORD-00003733,CARD,APPROVED,560.57
PAY-00003734,ORD-00003734,WALLET,APPROVED,576.97
PAY-00003735,ORD-00003735,CARD,APPROVED,212.13
PAY-00003736,ORD-00003736,CASH,APPROVED,22.04
PAY-00003737,ORD-00003737,CARD,APPROVED,380.97
PAY-00003738,ORD-00003738,CASH,APPROVED,558.46
PAY-00003739,ORD-00003739,TRANSFER,APPROVED,690.65
PAY-00003740,ORD-00003740,WALLET,APPROVED,234.49
PAY-00003741,ORD-00003741,CARD,APPROVED,848.75
PAY-00003742,ORD-00003742,WALLET,APPROVED,715.66
PAY-00003743,ORD-00003743,TRANSFER,REFUNDED,0.0
PAY-00003744,ORD-00003744,TRANSFER,APPROVED,414.04
PAY-00003745,ORD-00003745,TRANSFER,APPROVED,480.35
PAY-00003746,ORD-00003746,TRANSFER,APPROVED,213.71
PAY-00003747,ORD-00003747,TRANSFER,APPROVED,437.17
PAY-00003748,ORD-00003748,CARD,APPROVED,795.87
PAY-00003749,ORD-00003749,WALLET,APPROVED,106.7
PAY-00003750,ORD-00003750,CARD,APPROVED,626.78
PAY-00003751,ORD-00003751,TRANSFER,APPROVED,810.83
PAY-00003752,ORD-00003752,CASH,APPROVED,433.27
PAY-00003753,ORD-00003753,CASH,APPROVED,52.98
PAY-00003754,ORD-00003754,TRANSFER,REFUNDED,0.0
PAY-00003755,ORD-00003755,TRANSFER,APPROVED,667.51
PAY-00003756,ORD-00003756,TRANSFER,APPROVED,423.4
PAY-00003757,ORD-00003757,WALLET,APPROVED,541.49
PAY-00003758,ORD-00003758,WALLET,REFUNDED,0.0
PAY-00003759,ORD-00003759,CARD,APPROVED,850.78
PAY-00003760,ORD-00003760,WALLET,APPROVED,630.75
PAY-00003761,ORD-00003761,TRANSFER,APPROVED,494.71
PAY-00003762,ORD-00003762,CASH,APPROVED,183.59
PAY-00003763,ORD-00003763,CASH,APPROVED,235.07
PAY-00003764,ORD-00003764,TRANSFER,APPROVED,595.58
PAY-00003765,ORD-00003765,WALLET,APPROVED,382.88
PAY-00003766,ORD-00003766,WALLET,APPROVED,493.14
PAY-00003767,ORD-00003767,CARD,APPROVED,809.01
PAY-00003768,ORD-00003768,TRANSFER,APPROVED,150.4
PAY-00003769,ORD-00003769,CASH,APPROVED,268.15
PAY-00003770,ORD-00003770,TRANSFER,APPROVED,296.91
PAY-00003771,ORD-00003771,TRANSFER,APPROVED,736.33
PAY-00003772,ORD-00003772,TRANSFER,APPROVED,411.88
PAY-00003773,ORD-00003773,TRANSFER,APPROVED,475.48
PAY-00003774,ORD-00003774,WALLET,APPROVED,133.98
PAY-00003775,ORD-00003775,TRANSFER,APPROVED,218.3
PAY-00003776,ORD-00003776,WALLET,APPROVED,664.65
PAY-00003777,ORD-00003777,TRANSFER,APPROVED,736.97
PAY-00003778,ORD-00003778,WALLET,APPROVED,322.43
PAY-00003779,ORD-00003779,WALLET,APPROVED,582.95
PAY-00003780,ORD-00003780,CASH,APPROVED,507.17
PAY-00003781,ORD-00003781,CASH,APPROVED,254.71
PAY-00003782,ORD-00003782,CARD,APPROVED,493.06
PAY-00003783,ORD-00003783,CASH,APPROVED,650.16
PAY-00003784,ORD-00003784,CASH,APPROVED,794.76
PAY-00003785,ORD-00003785,CARD,REJECTED,0.0
PAY-00003786,ORD-00003786,CASH,APPROVED,436.51
PAY-00003787,ORD-00003787,CASH,APPROVED,565.73
PAY-00003788,ORD-00003788,CARD,APPROVED,59.29
PAY-00003789,ORD-00003789,CARD,APPROVED,405.03
PAY-00003790,ORD-00003790,WALLET,APPROVED,786.91
PAY-00003791,ORD-00003791,CARD,APPROVED,532.67
PAY-00003792,ORD-00003792,CARD,APPROVED,264.35
PAY-00003793,ORD-00003793,CARD,REFUNDED,0.0
PAY-00003794,ORD-00003794,CARD,APPROVED,103.26
PAY-00003795,ORD-00003795,TRANSFER,APPROVED,469.46
PAY-00003796,ORD-00003796,CASH,APPROVED,827.62
PAY-00003797,ORD-00003797,CARD,APPROVED,778.71
PAY-00003798,ORD-00003798,WALLET,APPROVED,326.98
PAY-00003799,ORD-00003799,TRANSFER,APPROVED,172.71
PAY-00003800,ORD-00003800,CASH,APPROVED,170.32
PAY-00003801,ORD-00003801,CASH,APPROVED,236.05
PAY-00003802,ORD-00003802,TRANSFER,APPROVED,271.0
PAY-00003803,ORD-00003803,WALLET,APPROVED,621.31
PAY-00003804,ORD-00003804,CASH,APPROVED,185.24
PAY-00003805,ORD-00003805,CASH,APPROVED,194.09
PAY-00003806,ORD-00003806,CASH,APPROVED,758.95
PAY-00003807,ORD-00003807,CARD,APPROVED,426.19
PAY-00003808,ORD-00003808,CARD,APPROVED,349.11
PAY-00003809,ORD-00003809,TRANSFER,APPROVED,618.46
PAY-00003810,ORD-00003810,TRANSFER,APPROVED,576.67
PAY-00003811,ORD-00003811,WALLET,APPROVED,252.19
PAY-00003812,ORD-00003812,WALLET,APPROVED,156.62
PAY-00003813,ORD-00003813,TRANSFER,APPROVED,368.44
PAY-00003814,ORD-00003814,WALLET,APPROVED,341.46
PAY-00003815,ORD-00003815,CASH,APPROVED,118.57
PAY-00003816,ORD-00003816,CASH,APPROVED,538.4
PAY-00003817,ORD-00003817,WALLET,APPROVED,400.76
PAY-00003818,ORD-00003818,WALLET,APPROVED,565.84
PAY-00003819,ORD-00003819,TRANSFER,APPROVED,82.26
PAY-00003820,ORD-00003820,TRANSFER,APPROVED,606.91
PAY-00003821,ORD-00003821,WALLET,APPROVED,491.4
PAY-00003822,ORD-00003822,CASH,APPROVED,768.73
PAY-00003823,ORD-00003823,CARD,APPROVED,89.08
PAY-00003824,ORD-00003824,WALLET,APPROVED,344.32
PAY-00003825,ORD-00003825,TRANSFER,APPROVED,784.71
PAY-00003826,ORD-00003826,TRANSFER,APPROVED,22.47
PAY-00003827,ORD-00003827,WALLET,APPROVED,507.3
PAY-00003828,ORD-00003828,TRANSFER,APPROVED,611.24
PAY-00003829,ORD-00003829,CARD,APPROVED,825.28
PAY-00003830,ORD-00003830,CARD,APPROVED,292.61
PAY-00003831,ORD-00003831,CASH,APPROVED,785.14
PAY-00003832,ORD-00003832,TRANSFER,APPROVED,655.94
PAY-00003833,ORD-00003833,TRANSFER,APPROVED,647.65
PAY-00003834,ORD-00003834,WALLET,APPROVED,30.14
PAY-00003835,ORD-00003835,CARD,APPROVED,238.85
PAY-00003836,ORD-00003836,WALLET,APPROVED,844.83
PAY-00003837,ORD-00003837,WALLET,APPROVED,778.49
PAY-00003838,ORD-00003838,TRANSFER,APPROVED,879.44
PAY-00003839,ORD-00003839,CARD,APPROVED,469.61
PAY-00003840,ORD-00003840,WALLET,APPROVED,789.54
PAY-00003841,ORD-00003841,TRANSFER,APPROVED,70.21
PAY-00003842,ORD-00003842,CASH,APPROVED,186.15
PAY-00003843,ORD-00003843,CARD,APPROVED,56.08
PAY-00003844,ORD-00003844,CASH,REJECTED,0.0
PAY-00003845,ORD-00003845,WALLET,APPROVED,833.54
PAY-00003846,ORD-00003846,WALLET,APPROVED,514.63
PAY-00003847,ORD-00003847,WALLET,APPROVED,397.49
PAY-00003848,ORD-00003848,WALLET,APPROVED,774.15
PAY-00003849,ORD-00003849,WALLET,APPROVED,356.05
PAY-00003850,ORD-00003850,CASH,APPROVED,443.03
PAY-00003851,ORD-00003851,TRANSFER,APPROVED,115.93
PAY-00003852,ORD-00003852,CARD,APPROVED,107.71
PAY-00003853,ORD-00003853,CASH,APPROVED,183.04
PAY-00003854,ORD-00003854,TRANSFER,APPROVED,214.66
PAY-00003855,ORD-00003855,TRANSFER,APPROVED,662.01
PAY-00003856,ORD-00003856,TRANSFER,APPROVED,659.57
PAY-00003857,ORD-00003857,WALLET,APPROVED,807.65
PAY-00003858,ORD-00003858,CASH,APPROVED,571.8
PAY-00003859,ORD-00003859,CARD,APPROVED,841.88
PAY-00003860,ORD-00003860,CASH,APPROVED,81.43
PAY-00003861,ORD-00003861,CASH,APPROVED,827.63
PAY-00003862,ORD-00003862,TRANSFER,APPROVED,770.11
PAY-00003863,ORD-00003863,CARD,APPROVED,455.27
PAY-00003864,ORD-00003864,WALLET,APPROVED,348.53
PAY-00003865,ORD-00003865,WALLET,APPROVED,690.89
PAY-00003866,ORD-00003866,TRANSFER,APPROVED,411.67
PAY-00003867,ORD-00003867,WALLET,REFUNDED,0.0
PAY-00003868,ORD-00003868,CASH,APPROVED,22.99
PAY-00003869,ORD-00003869,TRANSFER,APPROVED,34.89
PAY-00003870,ORD-00003870,CARD,APPROVED,889.79
PAY-00003871,ORD-00003871,CASH,APPROVED,443.72
PAY-00003872,ORD-00003872,CARD,APPROVED,616.55
PAY-00003873,ORD-00003873,CARD,APPROVED,259.08
PAY-00003874,ORD-00003874,CASH,APPROVED,114.6
PAY-00003875,ORD-00003875,TRANSFER,REFUNDED,0.0
PAY-00003876,ORD-00003876,TRANSFER,APPROVED,352.03
PAY-00003877,ORD-00003877,CASH,APPROVED,294.69
PAY-00003878,ORD-00003878,WALLET,APPROVED,790.12
PAY-00003879,ORD-00003879,CARD,APPROVED,138.49
PAY-00003880,ORD-00003880,CASH,APPROVED,813.03
PAY-00003881,ORD-00003881,CARD,APPROVED,238.61
PAY-00003882,ORD-00003882,CASH,APPROVED,492.57
PAY-00003883,ORD-00003883,CARD,APPROVED,285.03
PAY-00003884,ORD-00003884,WALLET,APPROVED,667.15
PAY-00003885,ORD-00003885,CASH,APPROVED,383.15
PAY-00003886,ORD-00003886,TRANSFER,APPROVED,410.66
PAY-00003887,ORD-00003887,WALLET,APPROVED,616.5
PAY-00003888,ORD-00003888,TRANSFER,APPROVED,801.42
PAY-00003889,ORD-00003889,WALLET,APPROVED,871.89
PAY-00003890,ORD-00003890,CARD,APPROVED,515.32
PAY-00003891,ORD-00003891,TRANSFER,APPROVED,518.99
PAY-00003892,ORD-00003892,CARD,APPROVED,484.78
PAY-00003893,ORD-00003893,CASH,APPROVED,573.46
PAY-00003894,ORD-00003894,CARD,APPROVED,255.17
PAY-00003895,ORD-00003895,TRANSFER,APPROVED,845.26
PAY-00003896,ORD-00003896,CARD,REFUNDED,0.0
PAY-00003897,ORD-00003897,WALLET,APPROVED,846.9
PAY-00003898,ORD-00003898,CASH,APPROVED,319.61
PAY-00003899,ORD-00003899,CASH,APPROVED,391.54
PAY-00003900,ORD-00003900,TRANSFER,APPROVED,308.63
PAY-00003901,ORD-00003901,WALLET,APPROVED,41.02
PAY-00003902,ORD-00003902,CARD,APPROVED,620.99
PAY-00003903,ORD-00003903,CARD,APPROVED,100.3
PAY-00003904,ORD-00003904,CASH,APPROVED,20.4
PAY-00003905,ORD-00003905,WALLET,APPROVED,659.86
PAY-00003906,ORD-00003906,WALLET,APPROVED,235.49
PAY-00003907,ORD-00003907,CARD,APPROVED,704.53
PAY-00003908,ORD-00003908,CASH,APPROVED,425.03
PAY-00003909,ORD-00003909,WALLET,APPROVED,662.38
PAY-00003910,ORD-00003910,CARD,APPROVED,166.31
PAY-00003911,ORD-00003911,CASH,APPROVED,775.41
PAY-00003912,ORD-00003912,WALLET,APPROVED,559.23
PAY-00003913,ORD-00003913,WALLET,APPROVED,578.51
PAY-00003914,ORD-00003914,TRANSFER,APPROVED,286.92
PAY-00003915,ORD-00003915,TRANSFER,APPROVED,139.91
PAY-00003916,ORD-00003916,CASH,APPROVED,713.68
PAY-00003917,ORD-00003917,CARD,APPROVED,882.28
PAY-00003918,ORD-00003918,CARD,APPROVED,219.76
PAY-00003919,ORD-00003919,TRANSFER,APPROVED,207.73
PAY-00003920,ORD-00003920,WALLET,APPROVED,585.21
PAY-00003921,ORD-00003921,CASH,REJECTED,0.0
PAY-00003922,ORD-00003922,TRANSFER,APPROVED,718.05
PAY-00003923,ORD-00003923,CARD,APPROVED,506.04
PAY-00003924,ORD-00003924,CASH,APPROVED,408.98
PAY-00003925,ORD-00003925,CASH,REFUNDED,0.0
PAY-00003926,ORD-00003926,WALLET,APPROVED,514.6
PAY-00003927,ORD-00003927,TRANSFER,APPROVED,262.11
PAY-00003928,ORD-00003928,CARD,APPROVED,350.33
PAY-00003929,ORD-00003929,TRANSFER,APPROVED,888.44
PAY-00003930,ORD-00003930,CARD,APPROVED,524.4
PAY-00003931,ORD-00003931,WALLET,APPROVED,816.84
PAY-00003932,ORD-00003932,CASH,APPROVED,625.2
PAY-00003933,ORD-00003933,CARD,APPROVED,216.67
PAY-00003934,ORD-00003934,CARD,APPROVED,638.28
PAY-00003935,ORD-00003935,WALLET,APPROVED,269.43
PAY-00003936,ORD-00003936,CASH,APPROVED,470.42
PAY-00003937,ORD-00003937,TRANSFER,APPROVED,402.67
PAY-00003938,ORD-00003938,CARD,APPROVED,643.33
PAY-00003939,ORD-00003939,CASH,APPROVED,760.69
PAY-00003940,ORD-00003940,CASH,APPROVED,424.54
PAY-00003941,ORD-00003941,WALLET,APPROVED,279.83
PAY-00003942,ORD-00003942,TRANSFER,APPROVED,423.98
PAY-00003943,ORD-00003943,CARD,APPROVED,825.58
PAY-00003944,ORD-00003944,CARD,APPROVED,197.41
PAY-00003945,ORD-00003945,CASH,APPROVED,884.11
PAY-00003946,ORD-00003946,CARD,APPROVED,200.78
PAY-00003947,ORD-00003947,CASH,APPROVED,87.5
PAY-00003948,ORD-00003948,WALLET,APPROVED,826.05
PAY-00003949,ORD-00003949,CASH,APPROVED,162.73
PAY-00003950,ORD-00003950,TRANSFER,APPROVED,145.81
PAY-00003951,ORD-00003951,TRANSFER,APPROVED,210.59
PAY-00003952,ORD-00003952,WALLET,APPROVED,491.54
PAY-00003953,ORD-00003953,CASH,APPROVED,607.01
PAY-00003954,ORD-00003954,CARD,APPROVED,122.56
PAY-00003955,ORD-00003955,WALLET,APPROVED,863.3
PAY-00003956,ORD-00003956,TRANSFER,APPROVED,586.99
PAY-00003957,ORD-00003957,CASH,APPROVED,67.28
PAY-00003958,ORD-00003958,TRANSFER,APPROVED,649.7
PAY-00003959,ORD-00003959,CARD,APPROVED,647.45
PAY-00003960,ORD-00003960,WALLET,APPROVED,350.52
PAY-00003961,ORD-00003961,WALLET,APPROVED,323.58
PAY-00003962,ORD-00003962,TRANSFER,APPROVED,327.61
PAY-00003963,ORD-00003963,WALLET,APPROVED,496.93
PAY-00003964,ORD-00003964,CASH,APPROVED,575.09
PAY-00003965,ORD-00003965,CASH,APPROVED,776.79
PAY-00003966,ORD-00003966,TRANSFER,APPROVED,179.55
PAY-00003967,ORD-00003967,TRANSFER,APPROVED,232.8
PAY-00003968,ORD-00003968,WALLET,APPROVED,756.91
PAY-00003969,ORD-00003969,TRANSFER,APPROVED,39.93
PAY-00003970,ORD-00003970,CASH,APPROVED,318.66
PAY-00003971,ORD-00003971,CARD,APPROVED,240.58
PAY-00003972,ORD-00003972,CASH,APPROVED,805.57
PAY-00003973,ORD-00003973,WALLET,APPROVED,196.19
PAY-00003974,ORD-00003974,TRANSFER,APPROVED,250.06
PAY-00003975,ORD-00003975,TRANSFER,APPROVED,607.31
PAY-00003976,ORD-00003976,TRANSFER,APPROVED,141.3
PAY-00003977,ORD-00003977,WALLET,APPROVED,248.02
PAY-00003978,ORD-00003978,CARD,APPROVED,527.43
PAY-00003979,ORD-00003979,WALLET,APPROVED,523.99
PAY-00003980,ORD-00003980,CASH,APPROVED,776.6
PAY-00003981,ORD-00003981,CARD,APPROVED,168.22
PAY-00003982,ORD-00003982,TRANSFER,APPROVED,253.62
PAY-00003983,ORD-00003983,CASH,APPROVED,224.86
PAY-00003984,ORD-00003984,TRANSFER,APPROVED,416.5
PAY-00003985,ORD-00003985,CARD,APPROVED,188.94
PAY-00003986,ORD-00003986,WALLET,REJECTED,0.0
PAY-00003987,ORD-00003987,CASH,APPROVED,692.61
PAY-00003988,ORD-00003988,WALLET,APPROVED,477.6
PAY-00003989,ORD-00003989,CASH,APPROVED,591.93
PAY-00003990,ORD-00003990,TRANSFER,APPROVED,266.31
PAY-00003991,ORD-00003991,TRANSFER,APPROVED,22.46
PAY-00003992,ORD-00003992,WALLET,APPROVED,745.93
PAY-00003993,ORD-00003993,TRANSFER,APPROVED,128.03
PAY-00003994,ORD-00003994,CARD,APPROVED,75.02
PAY-00003995,ORD-00003995,CASH,APPROVED,555.92
PAY-00003996,ORD-00003996,CASH,APPROVED,21.48
PAY-00003997,ORD-00003997,CARD,APPROVED,625.78
PAY-00003998,ORD-00003998,CASH,APPROVED,205.36
PAY-00003999,ORD-00003999,CARD,APPROVED,67.66
PAY-00004000,ORD-00004000,CARD,APPROVED,832.38
PAY-00004001,ORD-00004001,CARD,APPROVED,661.22
PAY-00004002,ORD-00004002,WALLET,REJECTED,0.0
PAY-00004003,ORD-00004003,WALLET,APPROVED,892.79
PAY-00004004,ORD-00004004,TRANSFER,APPROVED,27.38
PAY-00004005,ORD-00004005,CARD,APPROVED,103.22
PAY-00004006,ORD-00004006,TRANSFER,APPROVED,353.58
PAY-00004007,ORD-00004007,CASH,APPROVED,25.62
PAY-00004008,ORD-00004008,CARD,APPROVED,838.02
PAY-00004009,ORD-00004009,CARD,APPROVED,224.25
PAY-00004010,ORD-00004010,CASH,APPROVED,333.95
PAY-00004011,ORD-00004011,WALLET,APPROVED,426.39
PAY-00004012,ORD-00004012,CARD,APPROVED,135.86
PAY-00004013,ORD-00004013,WALLET,APPROVED,423.33
PAY-00004014,ORD-00004014,CARD,APPROVED,166.92
PAY-00004015,ORD-00004015,TRANSFER,APPROVED,672.77
PAY-00004016,ORD-00004016,WALLET,APPROVED,179.29
PAY-00004017,ORD-00004017,TRANSFER,APPROVED,643.3
PAY-00004018,ORD-00004018,CARD,APPROVED,162.96
PAY-00004019,ORD-00004019,TRANSFER,APPROVED,20.57
PAY-00004020,ORD-00004020,CARD,REJECTED,0.0
PAY-00004021,ORD-00004021,TRANSFER,APPROVED,142.64
PAY-00004022,ORD-00004022,CARD,APPROVED,821.56
PAY-00004023,ORD-00004023,CASH,APPROVED,285.01
PAY-00004024,ORD-00004024,CARD,REFUNDED,0.0
PAY-00004025,ORD-00004025,CARD,APPROVED,327.51
PAY-00004026,ORD-00004026,CASH,APPROVED,591.62
PAY-00004027,ORD-00004027,WALLET,APPROVED,874.05
PAY-00004028,ORD-00004028,CASH,APPROVED,325.42
PAY-00004029,ORD-00004029,CASH,APPROVED,112.74
PAY-00004030,ORD-00004030,CASH,REJECTED,0.0
PAY-00004031,ORD-00004031,CASH,REJECTED,0.0
PAY-00004032,ORD-00004032,WALLET,REJECTED,0.0
PAY-00004033,ORD-00004033,CARD,APPROVED,425.29
PAY-00004034,ORD-00004034,TRANSFER,APPROVED,253.27
PAY-00004035,ORD-00004035,WALLET,APPROVED,596.75
PAY-00004036,ORD-00004036,WALLET,APPROVED,449.27
PAY-00004037,ORD-00004037,CARD,APPROVED,53.6
PAY-00004038,ORD-00004038,CASH,APPROVED,695.15
PAY-00004039,ORD-00004039,WALLET,APPROVED,661.37
PAY-00004040,ORD-00004040,TRANSFER,APPROVED,253.08
PAY-00004041,ORD-00004041,CASH,APPROVED,213.24
PAY-00004042,ORD-00004042,WALLET,APPROVED,180.93
PAY-00004043,ORD-00004043,TRANSFER,APPROVED,162.35
PAY-00004044,ORD-00004044,TRANSFER,APPROVED,332.96
PAY-00004045,ORD-00004045,TRANSFER,APPROVED,33.25
PAY-00004046,ORD-00004046,TRANSFER,APPROVED,894.75
PAY-00004047,ORD-00004047,WALLET,APPROVED,476.17
PAY-00004048,ORD-00004048,WALLET,APPROVED,120.41
PAY-00004049,ORD-00004049,TRANSFER,REFUNDED,0.0
PAY-00004050,ORD-00004050,CASH,APPROVED,137.89
PAY-00004051,ORD-00004051,CASH,APPROVED,851.39
PAY-00004052,ORD-00004052,WALLET,APPROVED,494.47
PAY-00004053,ORD-00004053,TRANSFER,REFUNDED,0.0
PAY-00004054,ORD-00004054,TRANSFER,APPROVED,899.98
PAY-00004055,ORD-00004055,WALLET,REFUNDED,0.0
PAY-00004056,ORD-00004056,WALLET,APPROVED,235.4
PAY-00004057,ORD-00004057,CARD,APPROVED,88.0
PAY-00004058,ORD-00004058,TRANSFER,APPROVED,549.65
PAY-00004059,ORD-00004059,CARD,APPROVED,686.92
PAY-00004060,ORD-00004060,TRANSFER,REJECTED,0.0
PAY-00004061,ORD-00004061,CARD,APPROVED,195.06
PAY-00004062,ORD-00004062,TRANSFER,APPROVED,410.13
PAY-00004063,ORD-00004063,CASH,APPROVED,803.16
PAY-00004064,ORD-00004064,CASH,APPROVED,62.5
PAY-00004065,ORD-00004065,TRANSFER,APPROVED,640.11
PAY-00004066,ORD-00004066,CARD,APPROVED,136.93
PAY-00004067,ORD-00004067,TRANSFER,REFUNDED,0.0
PAY-00004068,ORD-00004068,CASH,APPROVED,458.21
PAY-00004069,ORD-00004069,WALLET,APPROVED,428.8
PAY-00004070,ORD-00004070,TRANSFER,APPROVED,156.4
PAY-00004071,ORD-00004071,CASH,APPROVED,275.77
PAY-00004072,ORD-00004072,CASH,APPROVED,308.83
PAY-00004073,ORD-00004073,TRANSFER,APPROVED,710.88
PAY-00004074,ORD-00004074,TRANSFER,APPROVED,604.02
PAY-00004075,ORD-00004075,CASH,APPROVED,547.43
PAY-00004076,ORD-00004076,CASH,APPROVED,90.45
PAY-00004077,ORD-00004077,TRANSFER,APPROVED,94.41
PAY-00004078,ORD-00004078,TRANSFER,APPROVED,815.11
PAY-00004079,ORD-00004079,CARD,APPROVED,94.27
PAY-00004080,ORD-00004080,WALLET,APPROVED,25.2
PAY-00004081,ORD-00004081,CASH,APPROVED,736.18
PAY-00004082,ORD-00004082,CARD,APPROVED,656.98
PAY-00004083,ORD-00004083,WALLET,REFUNDED,0.0
PAY-00004084,ORD-00004084,CASH,APPROVED,870.26
PAY-00004085,ORD-00004085,WALLET,APPROVED,456.81
PAY-00004086,ORD-00004086,CARD,REFUNDED,0.0
PAY-00004087,ORD-00004087,TRANSFER,APPROVED,865.58
PAY-00004088,ORD-00004088,CARD,APPROVED,296.3
PAY-00004089,ORD-00004089,WALLET,APPROVED,177.2
PAY-00004090,ORD-00004090,CARD,APPROVED,637.68
PAY-00004091,ORD-00004091,TRANSFER,REFUNDED,0.0
PAY-00004092,ORD-00004092,WALLET,APPROVED,376.76
PAY-00004093,ORD-00004093,WALLET,APPROVED,749.43
PAY-00004094,ORD-00004094,CARD,APPROVED,335.02
PAY-00004095,ORD-00004095,CASH,APPROVED,515.58
PAY-00004096,ORD-00004096,CARD,APPROVED,292.19
PAY-00004097,ORD-00004097,WALLET,APPROVED,386.06
PAY-00004098,ORD-00004098,CARD,APPROVED,112.76
PAY-00004099,ORD-00004099,TRANSFER,APPROVED,550.07
PAY-00004100,ORD-00004100,CARD,APPROVED,710.3
PAY-00004101,ORD-00004101,TRANSFER,APPROVED,583.89
PAY-00004102,ORD-00004102,CASH,APPROVED,498.83
PAY-00004103,ORD-00004103,TRANSFER,APPROVED,606.79
PAY-00004104,ORD-00004104,CASH,APPROVED,457.89
PAY-00004105,ORD-00004105,CASH,APPROVED,482.49
PAY-00004106,ORD-00004106,CARD,APPROVED,373.56
PAY-00004107,ORD-00004107,WALLET,APPROVED,737.65
PAY-00004108,ORD-00004108,WALLET,APPROVED,792.17
PAY-00004109,ORD-00004109,CARD,APPROVED,657.69
PAY-00004110,ORD-00004110,CASH,APPROVED,556.0
PAY-00004111,ORD-00004111,WALLET,APPROVED,227.15
PAY-00004112,ORD-00004112,TRANSFER,APPROVED,888.9
PAY-00004113,ORD-00004113,WALLET,APPROVED,410.35
PAY-00004114,ORD-00004114,CASH,APPROVED,729.72
PAY-00004115,ORD-00004115,CARD,APPROVED,435.24
PAY-00004116,ORD-00004116,WALLET,APPROVED,536.88
PAY-00004117,ORD-00004117,CARD,APPROVED,678.06
PAY-00004118,ORD-00004118,TRANSFER,REJECTED,0.0
PAY-00004119,ORD-00004119,CARD,APPROVED,243.66
PAY-00004120,ORD-00004120,WALLET,APPROVED,305.86
PAY-00004121,ORD-00004121,WALLET,APPROVED,863.01
PAY-00004122,ORD-00004122,CASH,APPROVED,35.03
PAY-00004123,ORD-00004123,CASH,APPROVED,755.85
PAY-00004124,ORD-00004124,WALLET,APPROVED,544.89
PAY-00004125,ORD-00004125,WALLET,REJECTED,0.0
PAY-00004126,ORD-00004126,WALLET,APPROVED,430.93
PAY-00004127,ORD-00004127,CASH,APPROVED,793.02
PAY-00004128,ORD-00004128,CASH,APPROVED,121.74
PAY-00004129,ORD-00004129,CASH,APPROVED,386.01
PAY-00004130,ORD-00004130,CARD,APPROVED,268.81
PAY-00004131,ORD-00004131,TRANSFER,APPROVED,326.43
PAY-00004132,ORD-00004132,WALLET,APPROVED,591.43
PAY-00004133,ORD-00004133,TRANSFER,APPROVED,134.43
PAY-00004134,ORD-00004134,CARD,APPROVED,744.45
PAY-00004135,ORD-00004135,CARD,APPROVED,764.52
PAY-00004136,ORD-00004136,WALLET,APPROVED,406.6
PAY-00004137,ORD-00004137,WALLET,APPROVED,119.78
PAY-00004138,ORD-00004138,TRANSFER,APPROVED,63.6
PAY-00004139,ORD-00004139,TRANSFER,APPROVED,18.9
PAY-00004140,ORD-00004140,CASH,APPROVED,881.61
PAY-00004141,ORD-00004141,TRANSFER,APPROVED,805.12
PAY-00004142,ORD-00004142,TRANSFER,APPROVED,781.15
PAY-00004143,ORD-00004143,CARD,APPROVED,210.05
PAY-00004144,ORD-00004144,TRANSFER,APPROVED,731.4
PAY-00004145,ORD-00004145,CASH,APPROVED,104.33
PAY-00004146,ORD-00004146,TRANSFER,APPROVED,690.83
PAY-00004147,ORD-00004147,WALLET,APPROVED,717.86
PAY-00004148,ORD-00004148,CASH,APPROVED,501.71
PAY-00004149,ORD-00004149,CASH,APPROVED,259.38
PAY-00004150,ORD-00004150,CASH,APPROVED,730.42
PAY-00004151,ORD-00004151,TRANSFER,APPROVED,233.4
PAY-00004152,ORD-00004152,CASH,APPROVED,82.58
PAY-00004153,ORD-00004153,CARD,APPROVED,539.16
PAY-00004154,ORD-00004154,CARD,APPROVED,335.62
PAY-00004155,ORD-00004155,CARD,APPROVED,733.71
PAY-00004156,ORD-00004156,CASH,APPROVED,276.64
PAY-00004157,ORD-00004157,CASH,APPROVED,389.22
PAY-00004158,ORD-00004158,TRANSFER,APPROVED,105.04
PAY-00004159,ORD-00004159,CARD,APPROVED,355.08
PAY-00004160,ORD-00004160,CARD,APPROVED,681.09
PAY-00004161,ORD-00004161,TRANSFER,APPROVED,296.47
PAY-00004162,ORD-00004162,WALLET,APPROVED,801.47
PAY-00004163,ORD-00004163,WALLET,APPROVED,639.52
PAY-00004164,ORD-00004164,CARD,APPROVED,167.89
PAY-00004165,ORD-00004165,TRANSFER,APPROVED,145.54
PAY-00004166,ORD-00004166,CASH,APPROVED,412.09
PAY-00004167,ORD-00004167,CASH,APPROVED,348.86
PAY-00004168,ORD-00004168,TRANSFER,REJECTED,0.0
PAY-00004169,ORD-00004169,WALLET,APPROVED,137.45
PAY-00004170,ORD-00004170,CASH,APPROVED,754.77
PAY-00004171,ORD-00004171,CARD,APPROVED,472.56
PAY-00004172,ORD-00004172,WALLET,APPROVED,171.08
PAY-00004173,ORD-00004173,CARD,APPROVED,244.84
PAY-00004174,ORD-00004174,CARD,APPROVED,549.53
PAY-00004175,ORD-00004175,TRANSFER,APPROVED,861.94
PAY-00004176,ORD-00004176,TRANSFER,APPROVED,702.21
PAY-00004177,ORD-00004177,CARD,APPROVED,66.13
PAY-00004178,ORD-00004178,WALLET,APPROVED,319.67
PAY-00004179,ORD-00004179,CARD,APPROVED,39.44
PAY-00004180,ORD-00004180,CARD,APPROVED,175.12
PAY-00004181,ORD-00004181,WALLET,APPROVED,197.52
PAY-00004182,ORD-00004182,TRANSFER,APPROVED,109.18
PAY-00004183,ORD-00004183,TRANSFER,APPROVED,121.81
PAY-00004184,ORD-00004184,CARD,APPROVED,154.49
PAY-00004185,ORD-00004185,CARD,APPROVED,755.88
PAY-00004186,ORD-00004186,TRANSFER,APPROVED,846.9
PAY-00004187,ORD-00004187,WALLET,APPROVED,532.3
PAY-00004188,ORD-00004188,WALLET,APPROVED,675.99
PAY-00004189,ORD-00004189,CARD,APPROVED,897.24
PAY-00004190,ORD-00004190,TRANSFER,APPROVED,748.51
PAY-00004191,ORD-00004191,WALLET,APPROVED,796.93
PAY-00004192,ORD-00004192,CARD,APPROVED,86.14
PAY-00004193,ORD-00004193,WALLET,APPROVED,621.45
PAY-00004194,ORD-00004194,CARD,APPROVED,178.5
PAY-00004195,ORD-00004195,TRANSFER,APPROVED,348.41
PAY-00004196,ORD-00004196,TRANSFER,APPROVED,707.53
PAY-00004197,ORD-00004197,WALLET,APPROVED,862.74
PAY-00004198,ORD-00004198,WALLET,APPROVED,794.66
PAY-00004199,ORD-00004199,CASH,APPROVED,549.21
PAY-00004200,ORD-00004200,CARD,APPROVED,154.83
PAY-00004201,ORD-00004201,TRANSFER,APPROVED,156.66
PAY-00004202,ORD-00004202,TRANSFER,APPROVED,57.27
PAY-00004203,ORD-00004203,TRANSFER,APPROVED,749.94
PAY-00004204,ORD-00004204,TRANSFER,APPROVED,744.3
PAY-00004205,ORD-00004205,CASH,APPROVED,196.79
PAY-00004206,ORD-00004206,TRANSFER,APPROVED,415.59
PAY-00004207,ORD-00004207,CARD,APPROVED,17.47
PAY-00004208,ORD-00004208,TRANSFER,APPROVED,34.2
PAY-00004209,ORD-00004209,WALLET,APPROVED,760.53
PAY-00004210,ORD-00004210,CARD,APPROVED,815.14
PAY-00004211,ORD-00004211,TRANSFER,REFUNDED,0.0
PAY-00004212,ORD-00004212,TRANSFER,APPROVED,532.53
PAY-00004213,ORD-00004213,WALLET,APPROVED,168.38
PAY-00004214,ORD-00004214,CASH,APPROVED,151.26
PAY-00004215,ORD-00004215,CARD,APPROVED,67.55
PAY-00004216,ORD-00004216,WALLET,APPROVED,719.65
PAY-00004217,ORD-00004217,CASH,APPROVED,529.09
PAY-00004218,ORD-00004218,WALLET,APPROVED,708.28
PAY-00004219,ORD-00004219,CASH,APPROVED,275.67
PAY-00004220,ORD-00004220,CASH,APPROVED,21.41
PAY-00004221,ORD-00004221,TRANSFER,APPROVED,218.98
PAY-00004222,ORD-00004222,TRANSFER,APPROVED,793.54
PAY-00004223,ORD-00004223,WALLET,APPROVED,788.99
PAY-00004224,ORD-00004224,CASH,APPROVED,870.78
PAY-00004225,ORD-00004225,CASH,APPROVED,343.95
PAY-00004226,ORD-00004226,CASH,APPROVED,700.76
PAY-00004227,ORD-00004227,CASH,REJECTED,0.0
PAY-00004228,ORD-00004228,CASH,APPROVED,365.04
PAY-00004229,ORD-00004229,TRANSFER,APPROVED,654.45
PAY-00004230,ORD-00004230,CASH,APPROVED,605.99
PAY-00004231,ORD-00004231,WALLET,APPROVED,809.11
PAY-00004232,ORD-00004232,CASH,APPROVED,730.66
PAY-00004233,ORD-00004233,CASH,APPROVED,671.52
PAY-00004234,ORD-00004234,TRANSFER,APPROVED,184.08
PAY-00004235,ORD-00004235,CARD,APPROVED,776.15
PAY-00004236,ORD-00004236,CARD,APPROVED,698.13
PAY-00004237,ORD-00004237,CASH,APPROVED,759.56
PAY-00004238,ORD-00004238,TRANSFER,APPROVED,138.6
PAY-00004239,ORD-00004239,CASH,APPROVED,237.42
PAY-00004240,ORD-00004240,CARD,APPROVED,641.75
PAY-00004241,ORD-00004241,TRANSFER,APPROVED,492.64
PAY-00004242,ORD-00004242,WALLET,APPROVED,495.32
PAY-00004243,ORD-00004243,WALLET,APPROVED,190.47
PAY-00004244,ORD-00004244,TRANSFER,APPROVED,509.0
PAY-00004245,ORD-00004245,WALLET,APPROVED,428.53
PAY-00004246,ORD-00004246,TRANSFER,APPROVED,474.99
PAY-00004247,ORD-00004247,CASH,APPROVED,749.14
PAY-00004248,ORD-00004248,CASH,APPROVED,437.88
PAY-00004249,ORD-00004249,CARD,APPROVED,441.8
PAY-00004250,ORD-00004250,CASH,APPROVED,832.72
PAY-00004251,ORD-00004251,CASH,APPROVED,85.94
PAY-00004252,ORD-00004252,CARD,APPROVED,784.58
PAY-00004253,ORD-00004253,TRANSFER,APPROVED,719.3
PAY-00004254,ORD-00004254,CASH,APPROVED,890.14
PAY-00004255,ORD-00004255,CASH,APPROVED,237.98
PAY-00004256,ORD-00004256,CASH,APPROVED,232.43
PAY-00004257,ORD-00004257,CARD,APPROVED,25.13
PAY-00004258,ORD-00004258,TRANSFER,APPROVED,750.86
PAY-00004259,ORD-00004259,CARD,APPROVED,827.93
PAY-00004260,ORD-00004260,WALLET,REJECTED,0.0
PAY-00004261,ORD-00004261,CASH,APPROVED,31.61
PAY-00004262,ORD-00004262,WALLET,APPROVED,232.37
PAY-00004263,ORD-00004263,TRANSFER,APPROVED,278.62
PAY-00004264,ORD-00004264,CASH,APPROVED,20.12
PAY-00004265,ORD-00004265,WALLET,APPROVED,444.98
PAY-00004266,ORD-00004266,WALLET,APPROVED,621.3
PAY-00004267,ORD-00004267,CASH,APPROVED,785.22
PAY-00004268,ORD-00004268,CASH,APPROVED,328.28
PAY-00004269,ORD-00004269,CASH,APPROVED,255.17
PAY-00004270,ORD-00004270,CARD,APPROVED,610.87
PAY-00004271,ORD-00004271,WALLET,APPROVED,583.98
PAY-00004272,ORD-00004272,CARD,APPROVED,869.02
PAY-00004273,ORD-00004273,TRANSFER,APPROVED,259.28
PAY-00004274,ORD-00004274,WALLET,APPROVED,425.57
PAY-00004275,ORD-00004275,CASH,APPROVED,856.65
PAY-00004276,ORD-00004276,CASH,APPROVED,627.9
PAY-00004277,ORD-00004277,CASH,APPROVED,877.59
PAY-00004278,ORD-00004278,CARD,APPROVED,433.94
PAY-00004279,ORD-00004279,CASH,APPROVED,32.5
PAY-00004280,ORD-00004280,WALLET,APPROVED,280.31
PAY-00004281,ORD-00004281,WALLET,APPROVED,409.09
PAY-00004282,ORD-00004282,TRANSFER,APPROVED,252.77
PAY-00004283,ORD-00004283,WALLET,APPROVED,521.75
PAY-00004284,ORD-00004284,CASH,APPROVED,274.68
PAY-00004285,ORD-00004285,WALLET,APPROVED,136.08
PAY-00004286,ORD-00004286,WALLET,APPROVED,471.41
PAY-00004287,ORD-00004287,CARD,APPROVED,881.64
PAY-00004288,ORD-00004288,WALLET,APPROVED,568.85
PAY-00004289,ORD-00004289,TRANSFER,APPROVED,657.61
PAY-00004290,ORD-00004290,WALLET,APPROVED,43.76
PAY-00004291,ORD-00004291,CARD,APPROVED,609.69
PAY-00004292,ORD-00004292,CARD,APPROVED,274.84
PAY-00004293,ORD-00004293,WALLET,APPROVED,419.48
PAY-00004294,ORD-00004294,WALLET,APPROVED,761.27
PAY-00004295,ORD-00004295,CARD,APPROVED,381.47
PAY-00004296,ORD-00004296,CASH,APPROVED,833.29
PAY-00004297,ORD-00004297,WALLET,APPROVED,277.79
PAY-00004298,ORD-00004298,CARD,APPROVED,675.69
PAY-00004299,ORD-00004299,WALLET,APPROVED,833.18
PAY-00004300,ORD-00004300,CARD,APPROVED,287.64
PAY-00004301,ORD-00004301,CASH,APPROVED,271.7
PAY-00004302,ORD-00004302,TRANSFER,APPROVED,47.31
PAY-00004303,ORD-00004303,TRANSFER,APPROVED,539.04
PAY-00004304,ORD-00004304,TRANSFER,APPROVED,604.3
PAY-00004305,ORD-00004305,WALLET,APPROVED,135.04
PAY-00004306,ORD-00004306,TRANSFER,APPROVED,435.71
PAY-00004307,ORD-00004307,CARD,APPROVED,415.13
PAY-00004308,ORD-00004308,CASH,APPROVED,306.6
PAY-00004309,ORD-00004309,WALLET,APPROVED,196.64
PAY-00004310,ORD-00004310,WALLET,APPROVED,628.84
PAY-00004311,ORD-00004311,CARD,APPROVED,36.3
PAY-00004312,ORD-00004312,CASH,APPROVED,761.8
PAY-00004313,ORD-00004313,CASH,APPROVED,629.61
PAY-00004314,ORD-00004314,WALLET,APPROVED,691.89
PAY-00004315,ORD-00004315,WALLET,APPROVED,360.82
PAY-00004316,ORD-00004316,TRANSFER,APPROVED,526.42
PAY-00004317,ORD-00004317,WALLET,APPROVED,850.0
PAY-00004318,ORD-00004318,CARD,APPROVED,516.49
PAY-00004319,ORD-00004319,CASH,APPROVED,385.53
PAY-00004320,ORD-00004320,WALLET,APPROVED,419.92
PAY-00004321,ORD-00004321,CASH,APPROVED,749.96
PAY-00004322,ORD-00004322,WALLET,APPROVED,41.73
PAY-00004323,ORD-00004323,CARD,APPROVED,603.41
PAY-00004324,ORD-00004324,CASH,APPROVED,282.7
PAY-00004325,ORD-00004325,CARD,APPROVED,332.53
PAY-00004326,ORD-00004326,WALLET,APPROVED,544.95
PAY-00004327,ORD-00004327,TRANSFER,APPROVED,340.56
PAY-00004328,ORD-00004328,WALLET,APPROVED,255.33
PAY-00004329,ORD-00004329,CASH,APPROVED,232.14
PAY-00004330,ORD-00004330,WALLET,APPROVED,491.82
PAY-00004331,ORD-00004331,WALLET,APPROVED,859.16
PAY-00004332,ORD-00004332,CARD,APPROVED,586.0
PAY-00004333,ORD-00004333,CASH,APPROVED,768.06
PAY-00004334,ORD-00004334,CASH,REFUNDED,0.0
PAY-00004335,ORD-00004335,CASH,APPROVED,116.28
PAY-00004336,ORD-00004336,CASH,APPROVED,52.64
PAY-00004337,ORD-00004337,CASH,APPROVED,492.39
PAY-00004338,ORD-00004338,CARD,APPROVED,147.95
PAY-00004339,ORD-00004339,WALLET,APPROVED,785.06
PAY-00004340,ORD-00004340,TRANSFER,APPROVED,41.72
PAY-00004341,ORD-00004341,TRANSFER,APPROVED,598.9
PAY-00004342,ORD-00004342,WALLET,APPROVED,587.46
PAY-00004343,ORD-00004343,TRANSFER,APPROVED,389.34
PAY-00004344,ORD-00004344,CASH,APPROVED,166.77
PAY-00004345,ORD-00004345,CARD,APPROVED,484.39
PAY-00004346,ORD-00004346,CASH,APPROVED,577.51
PAY-00004347,ORD-00004347,CASH,APPROVED,812.7
PAY-00004348,ORD-00004348,CARD,APPROVED,352.61
PAY-00004349,ORD-00004349,TRANSFER,APPROVED,476.9
PAY-00004350,ORD-00004350,CARD,APPROVED,24.69
PAY-00004351,ORD-00004351,WALLET,APPROVED,597.0
PAY-00004352,ORD-00004352,WALLET,APPROVED,845.83
PAY-00004353,ORD-00004353,WALLET,APPROVED,176.64
PAY-00004354,ORD-00004354,CARD,APPROVED,737.48
PAY-00004355,ORD-00004355,WALLET,APPROVED,412.24
PAY-00004356,ORD-00004356,CASH,APPROVED,132.67
PAY-00004357,ORD-00004357,CASH,APPROVED,329.05
PAY-00004358,ORD-00004358,WALLET,APPROVED,85.06
PAY-00004359,ORD-00004359,WALLET,APPROVED,874.24
PAY-00004360,ORD-00004360,WALLET,APPROVED,810.49
PAY-00004361,ORD-00004361,WALLET,APPROVED,456.1
PAY-00004362,ORD-00004362,CARD,APPROVED,899.17
PAY-00004363,ORD-00004363,CARD,APPROVED,371.86
PAY-00004364,ORD-00004364,CASH,APPROVED,533.0
PAY-00004365,ORD-00004365,TRANSFER,APPROVED,871.49
PAY-00004366,ORD-00004366,CASH,APPROVED,59.69
PAY-00004367,ORD-00004367,CARD,APPROVED,865.7
PAY-00004368,ORD-00004368,CASH,APPROVED,79.31
PAY-00004369,ORD-00004369,CASH,APPROVED,182.39
PAY-00004370,ORD-00004370,CARD,APPROVED,667.45
PAY-00004371,ORD-00004371,TRANSFER,APPROVED,298.75
PAY-00004372,ORD-00004372,CARD,APPROVED,643.45
PAY-00004373,ORD-00004373,CASH,APPROVED,122.45
PAY-00004374,ORD-00004374,TRANSFER,REFUNDED,0.0
PAY-00004375,ORD-00004375,TRANSFER,APPROVED,192.13
PAY-00004376,ORD-00004376,CARD,APPROVED,126.56
PAY-00004377,ORD-00004377,CARD,APPROVED,592.35
PAY-00004378,ORD-00004378,CARD,APPROVED,560.99
PAY-00004379,ORD-00004379,WALLET,APPROVED,600.28
PAY-00004380,ORD-00004380,CASH,APPROVED,514.16
PAY-00004381,ORD-00004381,CASH,APPROVED,523.8
PAY-00004382,ORD-00004382,TRANSFER,APPROVED,44.36
PAY-00004383,ORD-00004383,CASH,APPROVED,354.61
PAY-00004384,ORD-00004384,WALLET,APPROVED,25.05
PAY-00004385,ORD-00004385,TRANSFER,APPROVED,176.65
PAY-00004386,ORD-00004386,CARD,REFUNDED,0.0
PAY-00004387,ORD-00004387,TRANSFER,APPROVED,564.09
PAY-00004388,ORD-00004388,WALLET,APPROVED,881.41
PAY-00004389,ORD-00004389,CARD,APPROVED,793.22
PAY-00004390,ORD-00004390,WALLET,APPROVED,17.46
PAY-00004391,ORD-00004391,CARD,APPROVED,309.89
PAY-00004392,ORD-00004392,TRANSFER,APPROVED,20.95
PAY-00004393,ORD-00004393,WALLET,APPROVED,644.08
PAY-00004394,ORD-00004394,CASH,APPROVED,562.53
PAY-00004395,ORD-00004395,CARD,APPROVED,448.82
PAY-00004396,ORD-00004396,TRANSFER,REJECTED,0.0
PAY-00004397,ORD-00004397,WALLET,APPROVED,144.75
PAY-00004398,ORD-00004398,CASH,APPROVED,77.82
PAY-00004399,ORD-00004399,CASH,APPROVED,183.04
PAY-00004400,ORD-00004400,CARD,APPROVED,289.8
PAY-00004401,ORD-00004401,CARD,APPROVED,705.06
PAY-00004402,ORD-00004402,CARD,APPROVED,128.87
PAY-00004403,ORD-00004403,WALLET,APPROVED,82.45
PAY-00004404,ORD-00004404,TRANSFER,APPROVED,880.05
PAY-00004405,ORD-00004405,WALLET,APPROVED,630.14
PAY-00004406,ORD-00004406,TRANSFER,APPROVED,84.43
PAY-00004407,ORD-00004407,TRANSFER,APPROVED,79.94
PAY-00004408,ORD-00004408,TRANSFER,APPROVED,496.98
PAY-00004409,ORD-00004409,WALLET,REFUNDED,0.0
PAY-00004410,ORD-00004410,WALLET,APPROVED,235.26
PAY-00004411,ORD-00004411,WALLET,APPROVED,450.33
PAY-00004412,ORD-00004412,CASH,APPROVED,804.65
PAY-00004413,ORD-00004413,CASH,APPROVED,290.91
PAY-00004414,ORD-00004414,TRANSFER,APPROVED,87.07
PAY-00004415,ORD-00004415,CASH,APPROVED,695.52
PAY-00004416,ORD-00004416,CARD,APPROVED,344.0
PAY-00004417,ORD-00004417,CARD,APPROVED,261.65
PAY-00004418,ORD-00004418,CARD,APPROVED,487.75
PAY-00004419,ORD-00004419,WALLET,APPROVED,314.08
PAY-00004420,ORD-00004420,CARD,APPROVED,642.73
PAY-00004421,ORD-00004421,CASH,APPROVED,384.51
PAY-00004422,ORD-00004422,WALLET,APPROVED,767.25
PAY-00004423,ORD-00004423,WALLET,APPROVED,462.45
PAY-00004424,ORD-00004424,TRANSFER,APPROVED,52.67
PAY-00004425,ORD-00004425,CASH,APPROVED,559.39
PAY-00004426,ORD-00004426,CARD,APPROVED,84.79
PAY-00004427,ORD-00004427,CASH,APPROVED,100.18
PAY-00004428,ORD-00004428,TRANSFER,APPROVED,159.26
PAY-00004429,ORD-00004429,TRANSFER,APPROVED,595.74
PAY-00004430,ORD-00004430,CARD,APPROVED,292.48
PAY-00004431,ORD-00004431,TRANSFER,APPROVED,857.5
PAY-00004432,ORD-00004432,TRANSFER,APPROVED,863.34
PAY-00004433,ORD-00004433,TRANSFER,REJECTED,0.0
PAY-00004434,ORD-00004434,CARD,APPROVED,79.98
PAY-00004435,ORD-00004435,CARD,APPROVED,387.78
PAY-00004436,ORD-00004436,TRANSFER,REJECTED,0.0
PAY-00004437,ORD-00004437,WALLET,APPROVED,17.46
PAY-00004438,ORD-00004438,CARD,APPROVED,488.14
PAY-00004439,ORD-00004439,CASH,REFUNDED,0.0
PAY-00004440,ORD-00004440,TRANSFER,APPROVED,836.39
PAY-00004441,ORD-00004441,TRANSFER,APPROVED,399.07
PAY-00004442,ORD-00004442,WALLET,REFUNDED,0.0
PAY-00004443,ORD-00004443,WALLET,APPROVED,24.69
PAY-00004444,ORD-00004444,CASH,REFUNDED,0.0
PAY-00004445,ORD-00004445,WALLET,APPROVED,134.7
PAY-00004446,ORD-00004446,CASH,APPROVED,422.16
PAY-00004447,ORD-00004447,WALLET,APPROVED,114.22
PAY-00004448,ORD-00004448,TRANSFER,APPROVED,649.2
PAY-00004449,ORD-00004449,WALLET,APPROVED,853.56
PAY-00004450,ORD-00004450,CARD,APPROVED,256.92
PAY-00004451,ORD-00004451,TRANSFER,APPROVED,676.24
PAY-00004452,ORD-00004452,TRANSFER,REJECTED,0.0
PAY-00004453,ORD-00004453,CARD,APPROVED,500.0
PAY-00004454,ORD-00004454,CASH,APPROVED,799.39
PAY-00004455,ORD-00004455,TRANSFER,APPROVED,374.44
PAY-00004456,ORD-00004456,TRANSFER,APPROVED,451.59
PAY-00004457,ORD-00004457,CARD,APPROVED,222.74
PAY-00004458,ORD-00004458,CASH,APPROVED,288.99
PAY-00004459,ORD-00004459,TRANSFER,APPROVED,581.71
PAY-00004460,ORD-00004460,CARD,APPROVED,189.12
PAY-00004461,ORD-00004461,TRANSFER,APPROVED,39.05
PAY-00004462,ORD-00004462,WALLET,APPROVED,218.9
PAY-00004463,ORD-00004463,CASH,APPROVED,730.93
PAY-00004464,ORD-00004464,WALLET,APPROVED,69.73
PAY-00004465,ORD-00004465,CASH,APPROVED,537.8
PAY-00004466,ORD-00004466,CARD,APPROVED,872.24
PAY-00004467,ORD-00004467,TRANSFER,APPROVED,733.31
PAY-00004468,ORD-00004468,TRANSFER,APPROVED,297.6
PAY-00004469,ORD-00004469,CARD,APPROVED,840.18
PAY-00004470,ORD-00004470,CARD,APPROVED,844.01
PAY-00004471,ORD-00004471,WALLET,APPROVED,307.14
PAY-00004472,ORD-00004472,CASH,APPROVED,300.21
PAY-00004473,ORD-00004473,TRANSFER,APPROVED,499.04
PAY-00004474,ORD-00004474,WALLET,APPROVED,873.95
PAY-00004475,ORD-00004475,TRANSFER,APPROVED,724.14
PAY-00004476,ORD-00004476,CASH,APPROVED,103.73
PAY-00004477,ORD-00004477,TRANSFER,APPROVED,229.08
PAY-00004478,ORD-00004478,CASH,APPROVED,619.11
PAY-00004479,ORD-00004479,CARD,APPROVED,179.65
PAY-00004480,ORD-00004480,TRANSFER,APPROVED,736.7
PAY-00004481,ORD-00004481,CARD,APPROVED,775.63
PAY-00004482,ORD-00004482,CASH,APPROVED,827.82
PAY-00004483,ORD-00004483,CARD,APPROVED,782.71
PAY-00004484,ORD-00004484,WALLET,APPROVED,176.39
PAY-00004485,ORD-00004485,CARD,APPROVED,560.91
PAY-00004486,ORD-00004486,WALLET,APPROVED,137.4
PAY-00004487,ORD-00004487,CASH,APPROVED,479.87
PAY-00004488,ORD-00004488,CASH,APPROVED,299.16
PAY-00004489,ORD-00004489,TRANSFER,APPROVED,359.27
PAY-00004490,ORD-00004490,WALLET,APPROVED,625.41
PAY-00004491,ORD-00004491,TRANSFER,APPROVED,18.35
PAY-00004492,ORD-00004492,CASH,REFUNDED,0.0
PAY-00004493,ORD-00004493,CARD,REFUNDED,0.0
PAY-00004494,ORD-00004494,CASH,APPROVED,657.49
PAY-00004495,ORD-00004495,CASH,APPROVED,279.38
PAY-00004496,ORD-00004496,CARD,APPROVED,334.93
PAY-00004497,ORD-00004497,WALLET,APPROVED,164.98
PAY-00004498,ORD-00004498,WALLET,APPROVED,744.32
PAY-00004499,ORD-00004499,CARD,APPROVED,132.06
PAY-00004500,ORD-00004500,CARD,APPROVED,686.37
PAY-00004501,ORD-00004501,TRANSFER,APPROVED,518.72
PAY-00004502,ORD-00004502,CARD,APPROVED,50.41
PAY-00004503,ORD-00004503,CARD,APPROVED,330.79
PAY-00004504,ORD-00004504,CARD,APPROVED,718.99
PAY-00004505,ORD-00004505,CARD,APPROVED,411.32
PAY-00004506,ORD-00004506,TRANSFER,APPROVED,477.61
PAY-00004507,ORD-00004507,CARD,APPROVED,677.48
PAY-00004508,ORD-00004508,TRANSFER,APPROVED,544.37
PAY-00004509,ORD-00004509,CASH,APPROVED,536.51
PAY-00004510,ORD-00004510,TRANSFER,APPROVED,543.54
PAY-00004511,ORD-00004511,CASH,APPROVED,700.94
PAY-00004512,ORD-00004512,CASH,APPROVED,878.19
PAY-00004513,ORD-00004513,TRANSFER,APPROVED,650.96
PAY-00004514,ORD-00004514,TRANSFER,APPROVED,820.55
PAY-00004515,ORD-00004515,TRANSFER,APPROVED,29.41
PAY-00004516,ORD-00004516,WALLET,APPROVED,633.63
PAY-00004517,ORD-00004517,TRANSFER,REJECTED,0.0
PAY-00004518,ORD-00004518,TRANSFER,APPROVED,280.65
PAY-00004519,ORD-00004519,CARD,APPROVED,647.89
PAY-00004520,ORD-00004520,CARD,APPROVED,469.35
PAY-00004521,ORD-00004521,CARD,APPROVED,584.02
PAY-00004522,ORD-00004522,TRANSFER,APPROVED,271.76
PAY-00004523,ORD-00004523,TRANSFER,REJECTED,0.0
PAY-00004524,ORD-00004524,CASH,APPROVED,428.77
PAY-00004525,ORD-00004525,TRANSFER,REFUNDED,0.0
PAY-00004526,ORD-00004526,CASH,APPROVED,622.73
PAY-00004527,ORD-00004527,TRANSFER,APPROVED,494.3
PAY-00004528,ORD-00004528,TRANSFER,APPROVED,364.55
PAY-00004529,ORD-00004529,WALLET,APPROVED,139.53
PAY-00004530,ORD-00004530,CARD,APPROVED,300.55
PAY-00004531,ORD-00004531,CASH,APPROVED,374.62
PAY-00004532,ORD-00004532,CARD,APPROVED,300.39
PAY-00004533,ORD-00004533,CARD,APPROVED,892.21
PAY-00004534,ORD-00004534,WALLET,APPROVED,61.29
PAY-00004535,ORD-00004535,CARD,APPROVED,772.41
PAY-00004536,ORD-00004536,CARD,APPROVED,327.32
PAY-00004537,ORD-00004537,WALLET,APPROVED,245.11
PAY-00004538,ORD-00004538,WALLET,APPROVED,19.37
PAY-00004539,ORD-00004539,TRANSFER,APPROVED,374.78
PAY-00004540,ORD-00004540,TRANSFER,APPROVED,755.3
PAY-00004541,ORD-00004541,TRANSFER,APPROVED,415.58
PAY-00004542,ORD-00004542,CASH,APPROVED,565.66
PAY-00004543,ORD-00004543,CARD,REFUNDED,0.0
PAY-00004544,ORD-00004544,WALLET,APPROVED,493.39
PAY-00004545,ORD-00004545,CARD,REJECTED,0.0
PAY-00004546,ORD-00004546,WALLET,APPROVED,25.72
PAY-00004547,ORD-00004547,CARD,APPROVED,435.93
PAY-00004548,ORD-00004548,WALLET,APPROVED,256.37
PAY-00004549,ORD-00004549,TRANSFER,APPROVED,335.88
PAY-00004550,ORD-00004550,WALLET,APPROVED,52.38
PAY-00004551,ORD-00004551,WALLET,APPROVED,465.85
PAY-00004552,ORD-00004552,CASH,APPROVED,580.66
PAY-00004553,ORD-00004553,CASH,REFUNDED,0.0
PAY-00004554,ORD-00004554,TRANSFER,APPROVED,397.49
PAY-00004555,ORD-00004555,TRANSFER,APPROVED,786.64
PAY-00004556,ORD-00004556,TRANSFER,APPROVED,328.09
PAY-00004557,ORD-00004557,TRANSFER,APPROVED,555.31
PAY-00004558,ORD-00004558,WALLET,APPROVED,150.9
PAY-00004559,ORD-00004559,WALLET,APPROVED,431.98
PAY-00004560,ORD-00004560,WALLET,APPROVED,115.61
PAY-00004561,ORD-00004561,WALLET,APPROVED,622.76
PAY-00004562,ORD-00004562,WALLET,APPROVED,682.83
PAY-00004563,ORD-00004563,CASH,APPROVED,631.25
PAY-00004564,ORD-00004564,TRANSFER,APPROVED,155.87
PAY-00004565,ORD-00004565,TRANSFER,APPROVED,583.9
PAY-00004566,ORD-00004566,CASH,APPROVED,386.69
PAY-00004567,ORD-00004567,CARD,APPROVED,884.24
PAY-00004568,ORD-00004568,WALLET,APPROVED,537.46
PAY-00004569,ORD-00004569,CARD,APPROVED,883.83
PAY-00004570,ORD-00004570,TRANSFER,APPROVED,147.38
PAY-00004571,ORD-00004571,CARD,APPROVED,742.21
PAY-00004572,ORD-00004572,TRANSFER,APPROVED,35.71
PAY-00004573,ORD-00004573,WALLET,APPROVED,142.8
PAY-00004574,ORD-00004574,WALLET,APPROVED,852.07
PAY-00004575,ORD-00004575,WALLET,APPROVED,747.36
PAY-00004576,ORD-00004576,CASH,APPROVED,787.54
PAY-00004577,ORD-00004577,CASH,APPROVED,801.39
PAY-00004578,ORD-00004578,CASH,APPROVED,244.65
PAY-00004579,ORD-00004579,WALLET,APPROVED,194.23
PAY-00004580,ORD-00004580,WALLET,APPROVED,50.22
PAY-00004581,ORD-00004581,CARD,APPROVED,531.12
PAY-00004582,ORD-00004582,TRANSFER,APPROVED,342.09
PAY-00004583,ORD-00004583,CASH,APPROVED,746.7
PAY-00004584,ORD-00004584,WALLET,APPROVED,196.75
PAY-00004585,ORD-00004585,WALLET,APPROVED,148.58
PAY-00004586,ORD-00004586,TRANSFER,APPROVED,573.96
PAY-00004587,ORD-00004587,CASH,APPROVED,499.26
PAY-00004588,ORD-00004588,CARD,APPROVED,587.63
PAY-00004589,ORD-00004589,WALLET,APPROVED,133.43
PAY-00004590,ORD-00004590,CARD,APPROVED,370.58
PAY-00004591,ORD-00004591,WALLET,APPROVED,56.66
PAY-00004592,ORD-00004592,TRANSFER,APPROVED,142.42
PAY-00004593,ORD-00004593,CARD,APPROVED,640.2
PAY-00004594,ORD-00004594,WALLET,APPROVED,552.61
PAY-00004595,ORD-00004595,CASH,APPROVED,449.38
PAY-00004596,ORD-00004596,TRANSFER,APPROVED,780.55
PAY-00004597,ORD-00004597,WALLET,APPROVED,409.79
PAY-00004598,ORD-00004598,CARD,APPROVED,692.86
PAY-00004599,ORD-00004599,CARD,APPROVED,306.4
PAY-00004600,ORD-00004600,WALLET,APPROVED,43.97
PAY-00004601,ORD-00004601,TRANSFER,APPROVED,612.82
PAY-00004602,ORD-00004602,WALLET,APPROVED,262.94
PAY-00004603,ORD-00004603,CARD,APPROVED,875.09
PAY-00004604,ORD-00004604,CARD,APPROVED,635.88
PAY-00004605,ORD-00004605,CASH,APPROVED,717.05
PAY-00004606,ORD-00004606,CARD,APPROVED,407.91
PAY-00004607,ORD-00004607,CASH,APPROVED,673.13
PAY-00004608,ORD-00004608,CASH,APPROVED,788.23
PAY-00004609,ORD-00004609,WALLET,APPROVED,468.45
PAY-00004610,ORD-00004610,TRANSFER,APPROVED,36.89
PAY-00004611,ORD-00004611,WALLET,APPROVED,393.14
PAY-00004612,ORD-00004612,WALLET,APPROVED,134.22
PAY-00004613,ORD-00004613,CASH,APPROVED,783.71
PAY-00004614,ORD-00004614,CASH,APPROVED,826.54
PAY-00004615,ORD-00004615,TRANSFER,APPROVED,221.67
PAY-00004616,ORD-00004616,TRANSFER,APPROVED,135.98
PAY-00004617,ORD-00004617,TRANSFER,APPROVED,639.12
PAY-00004618,ORD-00004618,WALLET,APPROVED,95.07
PAY-00004619,ORD-00004619,TRANSFER,APPROVED,322.06
PAY-00004620,ORD-00004620,CARD,APPROVED,720.43
PAY-00004621,ORD-00004621,CARD,APPROVED,355.11
PAY-00004622,ORD-00004622,WALLET,APPROVED,320.66
PAY-00004623,ORD-00004623,CASH,APPROVED,830.6
PAY-00004624,ORD-00004624,TRANSFER,APPROVED,406.13
PAY-00004625,ORD-00004625,CARD,APPROVED,603.0
PAY-00004626,ORD-00004626,CARD,APPROVED,102.51
PAY-00004627,ORD-00004627,CARD,APPROVED,357.14
PAY-00004628,ORD-00004628,TRANSFER,APPROVED,512.77
PAY-00004629,ORD-00004629,CARD,APPROVED,666.31
PAY-00004630,ORD-00004630,TRANSFER,APPROVED,270.42
PAY-00004631,ORD-00004631,CARD,APPROVED,390.91
PAY-00004632,ORD-00004632,CASH,APPROVED,586.54
PAY-00004633,ORD-00004633,WALLET,APPROVED,181.92
PAY-00004634,ORD-00004634,WALLET,REFUNDED,0.0
PAY-00004635,ORD-00004635,WALLET,REJECTED,0.0
PAY-00004636,ORD-00004636,WALLET,APPROVED,830.72
PAY-00004637,ORD-00004637,WALLET,APPROVED,881.28
PAY-00004638,ORD-00004638,WALLET,APPROVED,889.88
PAY-00004639,ORD-00004639,CASH,APPROVED,803.63
PAY-00004640,ORD-00004640,CASH,APPROVED,779.86
PAY-00004641,ORD-00004641,WALLET,APPROVED,372.19
PAY-00004642,ORD-00004642,CASH,APPROVED,702.52
PAY-00004643,ORD-00004643,WALLET,APPROVED,399.34
PAY-00004644,ORD-00004644,TRANSFER,APPROVED,354.6
PAY-00004645,ORD-00004645,WALLET,APPROVED,532.33
PAY-00004646,ORD-00004646,CASH,APPROVED,575.83
PAY-00004647,ORD-00004647,CASH,APPROVED,403.22
PAY-00004648,ORD-00004648,CARD,APPROVED,54.81
PAY-00004649,ORD-00004649,CARD,APPROVED,173.33
PAY-00004650,ORD-00004650,CARD,APPROVED,881.21
PAY-00004651,ORD-00004651,CASH,APPROVED,833.94
PAY-00004652,ORD-00004652,WALLET,APPROVED,487.1
PAY-00004653,ORD-00004653,WALLET,APPROVED,228.46
PAY-00004654,ORD-00004654,CASH,APPROVED,668.96
PAY-00004655,ORD-00004655,CARD,APPROVED,190.21
PAY-00004656,ORD-00004656,CASH,APPROVED,472.6
PAY-00004657,ORD-00004657,WALLET,APPROVED,624.06
PAY-00004658,ORD-00004658,WALLET,APPROVED,453.56
PAY-00004659,ORD-00004659,WALLET,APPROVED,482.58
PAY-00004660,ORD-00004660,CASH,APPROVED,489.28
PAY-00004661,ORD-00004661,WALLET,APPROVED,89.61
PAY-00004662,ORD-00004662,WALLET,APPROVED,488.35
PAY-00004663,ORD-00004663,WALLET,APPROVED,83.69
PAY-00004664,ORD-00004664,WALLET,APPROVED,298.27
PAY-00004665,ORD-00004665,TRANSFER,APPROVED,499.91
PAY-00004666,ORD-00004666,CASH,APPROVED,596.04
PAY-00004667,ORD-00004667,CASH,APPROVED,248.0
PAY-00004668,ORD-00004668,WALLET,APPROVED,61.72
PAY-00004669,ORD-00004669,CARD,APPROVED,879.47
PAY-00004670,ORD-00004670,WALLET,APPROVED,825.23
PAY-00004671,ORD-00004671,CASH,APPROVED,712.61
PAY-00004672,ORD-00004672,TRANSFER,APPROVED,81.72
PAY-00004673,ORD-00004673,WALLET,APPROVED,885.05
PAY-00004674,ORD-00004674,TRANSFER,APPROVED,474.59
PAY-00004675,ORD-00004675,CARD,APPROVED,892.22
PAY-00004676,ORD-00004676,CARD,APPROVED,56.76
PAY-00004677,ORD-00004677,TRANSFER,REJECTED,0.0
PAY-00004678,ORD-00004678,CARD,APPROVED,198.85
PAY-00004679,ORD-00004679,WALLET,APPROVED,216.63
PAY-00004680,ORD-00004680,CARD,REFUNDED,0.0
PAY-00004681,ORD-00004681,CASH,APPROVED,776.03
PAY-00004682,ORD-00004682,TRANSFER,APPROVED,179.32
PAY-00004683,ORD-00004683,WALLET,APPROVED,19.4
PAY-00004684,ORD-00004684,CARD,APPROVED,168.87
PAY-00004685,ORD-00004685,CARD,APPROVED,679.06
PAY-00004686,ORD-00004686,CASH,APPROVED,521.97
PAY-00004687,ORD-00004687,WALLET,APPROVED,330.25
PAY-00004688,ORD-00004688,CARD,APPROVED,897.59
PAY-00004689,ORD-00004689,TRANSFER,APPROVED,513.01
PAY-00004690,ORD-00004690,CARD,APPROVED,232.97
PAY-00004691,ORD-00004691,TRANSFER,APPROVED,108.13
PAY-00004692,ORD-00004692,CARD,APPROVED,529.72
PAY-00004693,ORD-00004693,WALLET,APPROVED,363.52
PAY-00004694,ORD-00004694,TRANSFER,APPROVED,511.66
PAY-00004695,ORD-00004695,WALLET,APPROVED,575.9
PAY-00004696,ORD-00004696,TRANSFER,APPROVED,151.37
PAY-00004697,ORD-00004697,TRANSFER,APPROVED,539.27
PAY-00004698,ORD-00004698,TRANSFER,APPROVED,420.03
PAY-00004699,ORD-00004699,CASH,APPROVED,499.14
PAY-00004700,ORD-00004700,CARD,APPROVED,305.74
PAY-00004701,ORD-00004701,TRANSFER,APPROVED,709.54
PAY-00004702,ORD-00004702,TRANSFER,APPROVED,537.36
PAY-00004703,ORD-00004703,CARD,APPROVED,328.72
PAY-00004704,ORD-00004704,WALLET,APPROVED,808.79
PAY-00004705,ORD-00004705,CASH,APPROVED,231.69
PAY-00004706,ORD-00004706,CARD,APPROVED,432.3
PAY-00004707,ORD-00004707,TRANSFER,APPROVED,557.99
PAY-00004708,ORD-00004708,CARD,REFUNDED,0.0
PAY-00004709,ORD-00004709,TRANSFER,APPROVED,119.27
PAY-00004710,ORD-00004710,WALLET,APPROVED,539.06
PAY-00004711,ORD-00004711,CARD,APPROVED,583.56
PAY-00004712,ORD-00004712,CARD,APPROVED,575.06
PAY-00004713,ORD-00004713,TRANSFER,APPROVED,196.53
PAY-00004714,ORD-00004714,TRANSFER,APPROVED,677.03
PAY-00004715,ORD-00004715,CASH,APPROVED,364.94
PAY-00004716,ORD-00004716,TRANSFER,REJECTED,0.0
PAY-00004717,ORD-00004717,TRANSFER,APPROVED,93.26
PAY-00004718,ORD-00004718,CARD,APPROVED,502.37
PAY-00004719,ORD-00004719,CARD,APPROVED,861.0
PAY-00004720,ORD-00004720,CASH,APPROVED,701.82
PAY-00004721,ORD-00004721,CASH,APPROVED,682.6
PAY-00004722,ORD-00004722,WALLET,APPROVED,827.11
PAY-00004723,ORD-00004723,CASH,APPROVED,257.16
PAY-00004724,ORD-00004724,TRANSFER,APPROVED,497.76
PAY-00004725,ORD-00004725,CASH,REFUNDED,0.0
PAY-00004726,ORD-00004726,CARD,APPROVED,819.21
PAY-00004727,ORD-00004727,TRANSFER,APPROVED,643.68
PAY-00004728,ORD-00004728,CARD,APPROVED,290.72
PAY-00004729,ORD-00004729,CASH,APPROVED,512.21
PAY-00004730,ORD-00004730,CASH,REJECTED,0.0
PAY-00004731,ORD-00004731,WALLET,APPROVED,547.97
PAY-00004732,ORD-00004732,WALLET,APPROVED,807.36
PAY-00004733,ORD-00004733,WALLET,APPROVED,153.0
PAY-00004734,ORD-00004734,CASH,APPROVED,630.39
PAY-00004735,ORD-00004735,WALLET,APPROVED,836.41
PAY-00004736,ORD-00004736,CASH,APPROVED,301.67
PAY-00004737,ORD-00004737,CASH,APPROVED,117.67
PAY-00004738,ORD-00004738,TRANSFER,APPROVED,288.85
PAY-00004739,ORD-00004739,CARD,APPROVED,425.58
PAY-00004740,ORD-00004740,TRANSFER,APPROVED,594.86
PAY-00004741,ORD-00004741,CARD,APPROVED,574.32
PAY-00004742,ORD-00004742,CARD,APPROVED,552.7
PAY-00004743,ORD-00004743,CASH,APPROVED,351.8
PAY-00004744,ORD-00004744,WALLET,APPROVED,712.93
PAY-00004745,ORD-00004745,WALLET,APPROVED,874.0
PAY-00004746,ORD-00004746,WALLET,APPROVED,898.9
PAY-00004747,ORD-00004747,TRANSFER,APPROVED,791.13
PAY-00004748,ORD-00004748,WALLET,APPROVED,60.49
PAY-00004749,ORD-00004749,CASH,APPROVED,374.77
PAY-00004750,ORD-00004750,WALLET,APPROVED,170.32
PAY-00004751,ORD-00004751,CASH,APPROVED,16.78
PAY-00004752,ORD-00004752,WALLET,REJECTED,0.0
PAY-00004753,ORD-00004753,CARD,APPROVED,824.69
PAY-00004754,ORD-00004754,TRANSFER,APPROVED,884.05
PAY-00004755,ORD-00004755,WALLET,APPROVED,891.51
PAY-00004756,ORD-00004756,WALLET,APPROVED,846.09
PAY-00004757,ORD-00004757,TRANSFER,APPROVED,461.81
PAY-00004758,ORD-00004758,CARD,APPROVED,656.1
PAY-00004759,ORD-00004759,CARD,APPROVED,335.04
PAY-00004760,ORD-00004760,TRANSFER,APPROVED,602.05
PAY-00004761,ORD-00004761,WALLET,APPROVED,211.9
PAY-00004762,ORD-00004762,TRANSFER,APPROVED,865.5
PAY-00004763,ORD-00004763,TRANSFER,APPROVED,468.08
PAY-00004764,ORD-00004764,TRANSFER,APPROVED,579.78
PAY-00004765,ORD-00004765,TRANSFER,APPROVED,610.0
PAY-00004766,ORD-00004766,CARD,APPROVED,489.62
PAY-00004767,ORD-00004767,TRANSFER,APPROVED,113.52
PAY-00004768,ORD-00004768,WALLET,APPROVED,141.4
PAY-00004769,ORD-00004769,WALLET,APPROVED,489.4
PAY-00004770,ORD-00004770,CASH,APPROVED,899.93
PAY-00004771,ORD-00004771,CASH,APPROVED,49.53
PAY-00004772,ORD-00004772,TRANSFER,APPROVED,117.5
PAY-00004773,ORD-00004773,CASH,REJECTED,0.0
PAY-00004774,ORD-00004774,TRANSFER,APPROVED,705.1
PAY-00004775,ORD-00004775,CARD,APPROVED,832.33
PAY-00004776,ORD-00004776,CARD,APPROVED,634.68
PAY-00004777,ORD-00004777,CARD,APPROVED,51.23
PAY-00004778,ORD-00004778,CARD,APPROVED,835.07
PAY-00004779,ORD-00004779,WALLET,APPROVED,269.61
PAY-00004780,ORD-00004780,CARD,APPROVED,83.32
PAY-00004781,ORD-00004781,CARD,APPROVED,99.61
PAY-00004782,ORD-00004782,WALLET,APPROVED,722.88
PAY-00004783,ORD-00004783,TRANSFER,APPROVED,170.13
PAY-00004784,ORD-00004784,CASH,APPROVED,211.48
PAY-00004785,ORD-00004785,TRANSFER,APPROVED,216.2
PAY-00004786,ORD-00004786,TRANSFER,APPROVED,744.16
PAY-00004787,ORD-00004787,CASH,APPROVED,827.18
PAY-00004788,ORD-00004788,CARD,APPROVED,735.67
PAY-00004789,ORD-00004789,CARD,APPROVED,539.24
PAY-00004790,ORD-00004790,CARD,APPROVED,180.12
PAY-00004791,ORD-00004791,CARD,APPROVED,395.48
PAY-00004792,ORD-00004792,CASH,REFUNDED,0.0
PAY-00004793,ORD-00004793,CARD,APPROVED,659.18
PAY-00004794,ORD-00004794,CARD,APPROVED,684.19
PAY-00004795,ORD-00004795,CARD,APPROVED,142.35
PAY-00004796,ORD-00004796,CASH,APPROVED,76.16
PAY-00004797,ORD-00004797,WALLET,APPROVED,576.99
PAY-00004798,ORD-00004798,CASH,APPROVED,157.25
PAY-00004799,ORD-00004799,CARD,APPROVED,699.88
PAY-00004800,ORD-00004800,CASH,APPROVED,733.26
PAY-00004801,ORD-00004801,TRANSFER,APPROVED,812.34
PAY-00004802,ORD-00004802,TRANSFER,APPROVED,257.41
PAY-00004803,ORD-00004803,WALLET,APPROVED,317.68
PAY-00004804,ORD-00004804,CARD,APPROVED,314.16
PAY-00004805,ORD-00004805,WALLET,APPROVED,753.18
PAY-00004806,ORD-00004806,TRANSFER,APPROVED,341.5
PAY-00004807,ORD-00004807,WALLET,APPROVED,564.22
PAY-00004808,ORD-00004808,TRANSFER,APPROVED,211.68
PAY-00004809,ORD-00004809,TRANSFER,APPROVED,215.33
PAY-00004810,ORD-00004810,CASH,APPROVED,815.77
PAY-00004811,ORD-00004811,CARD,APPROVED,102.8
PAY-00004812,ORD-00004812,TRANSFER,APPROVED,38.4
PAY-00004813,ORD-00004813,WALLET,REFUNDED,0.0
PAY-00004814,ORD-00004814,WALLET,APPROVED,435.23
PAY-00004815,ORD-00004815,TRANSFER,APPROVED,126.69
PAY-00004816,ORD-00004816,CARD,APPROVED,533.94
PAY-00004817,ORD-00004817,TRANSFER,APPROVED,148.83
PAY-00004818,ORD-00004818,TRANSFER,APPROVED,226.83
PAY-00004819,ORD-00004819,CASH,APPROVED,446.18
PAY-00004820,ORD-00004820,WALLET,APPROVED,529.86
PAY-00004821,ORD-00004821,CARD,APPROVED,316.35
PAY-00004822,ORD-00004822,WALLET,APPROVED,71.63
PAY-00004823,ORD-00004823,CASH,APPROVED,412.8
PAY-00004824,ORD-00004824,WALLET,APPROVED,267.8
PAY-00004825,ORD-00004825,CASH,APPROVED,222.38
PAY-00004826,ORD-00004826,WALLET,APPROVED,706.93
PAY-00004827,ORD-00004827,CARD,APPROVED,405.37
PAY-00004828,ORD-00004828,CASH,APPROVED,119.67
PAY-00004829,ORD-00004829,WALLET,APPROVED,633.88
PAY-00004830,ORD-00004830,CARD,APPROVED,393.7
PAY-00004831,ORD-00004831,WALLET,APPROVED,598.07
PAY-00004832,ORD-00004832,TRANSFER,APPROVED,708.62
PAY-00004833,ORD-00004833,CARD,APPROVED,63.63
PAY-00004834,ORD-00004834,CARD,APPROVED,232.63
PAY-00004835,ORD-00004835,CARD,APPROVED,616.58
PAY-00004836,ORD-00004836,CARD,APPROVED,195.98
PAY-00004837,ORD-00004837,TRANSFER,APPROVED,329.83
PAY-00004838,ORD-00004838,WALLET,APPROVED,472.38
PAY-00004839,ORD-00004839,CARD,APPROVED,455.71
PAY-00004840,ORD-00004840,WALLET,APPROVED,50.44
PAY-00004841,ORD-00004841,CASH,APPROVED,699.02
PAY-00004842,ORD-00004842,CARD,REJECTED,0.0
PAY-00004843,ORD-00004843,CARD,APPROVED,402.06
PAY-00004844,ORD-00004844,WALLET,APPROVED,199.69
PAY-00004845,ORD-00004845,TRANSFER,APPROVED,106.4
PAY-00004846,ORD-00004846,CASH,APPROVED,519.56
PAY-00004847,ORD-00004847,WALLET,REFUNDED,0.0
PAY-00004848,ORD-00004848,CARD,APPROVED,726.39
PAY-00004849,ORD-00004849,WALLET,APPROVED,408.93
PAY-00004850,ORD-00004850,WALLET,APPROVED,142.88
PAY-00004851,ORD-00004851,WALLET,APPROVED,729.9
PAY-00004852,ORD-00004852,WALLET,APPROVED,679.96
PAY-00004853,ORD-00004853,CARD,APPROVED,274.75
PAY-00004854,ORD-00004854,CASH,APPROVED,340.33
PAY-00004855,ORD-00004855,CARD,APPROVED,863.34
PAY-00004856,ORD-00004856,WALLET,APPROVED,487.44
PAY-00004857,ORD-00004857,WALLET,APPROVED,692.84
PAY-00004858,ORD-00004858,CARD,APPROVED,173.7
PAY-00004859,ORD-00004859,TRANSFER,APPROVED,558.29
PAY-00004860,ORD-00004860,TRANSFER,APPROVED,79.56
PAY-00004861,ORD-00004861,WALLET,REJECTED,0.0
PAY-00004862,ORD-00004862,CARD,APPROVED,885.81
PAY-00004863,ORD-00004863,CARD,APPROVED,320.23
PAY-00004864,ORD-00004864,TRANSFER,APPROVED,779.66
PAY-00004865,ORD-00004865,TRANSFER,APPROVED,218.71
PAY-00004866,ORD-00004866,CARD,APPROVED,617.36
PAY-00004867,ORD-00004867,WALLET,APPROVED,185.87
PAY-00004868,ORD-00004868,TRANSFER,REFUNDED,0.0
PAY-00004869,ORD-00004869,CASH,APPROVED,692.85
PAY-00004870,ORD-00004870,CASH,APPROVED,608.75
PAY-00004871,ORD-00004871,CARD,APPROVED,18.84
PAY-00004872,ORD-00004872,WALLET,APPROVED,759.3
PAY-00004873,ORD-00004873,CASH,APPROVED,827.52
PAY-00004874,ORD-00004874,TRANSFER,APPROVED,893.67
PAY-00004875,ORD-00004875,WALLET,APPROVED,853.09
PAY-00004876,ORD-00004876,CARD,APPROVED,456.41
PAY-00004877,ORD-00004877,TRANSFER,APPROVED,768.86
PAY-00004878,ORD-00004878,WALLET,APPROVED,790.89
PAY-00004879,ORD-00004879,CASH,REFUNDED,0.0
PAY-00004880,ORD-00004880,CARD,APPROVED,143.83
PAY-00004881,ORD-00004881,CASH,APPROVED,346.17
PAY-00004882,ORD-00004882,WALLET,APPROVED,810.55
PAY-00004883,ORD-00004883,WALLET,APPROVED,484.58
PAY-00004884,ORD-00004884,CARD,APPROVED,58.18
PAY-00004885,ORD-00004885,TRANSFER,APPROVED,685.24
PAY-00004886,ORD-00004886,WALLET,APPROVED,69.21
PAY-00004887,ORD-00004887,WALLET,APPROVED,805.86
PAY-00004888,ORD-00004888,CARD,APPROVED,576.36
PAY-00004889,ORD-00004889,CARD,APPROVED,420.4
PAY-00004890,ORD-00004890,TRANSFER,APPROVED,25.64
PAY-00004891,ORD-00004891,CARD,APPROVED,410.93
PAY-00004892,ORD-00004892,TRANSFER,APPROVED,95.72
PAY-00004893,ORD-00004893,CARD,REFUNDED,0.0
PAY-00004894,ORD-00004894,WALLET,APPROVED,586.57
PAY-00004895,ORD-00004895,CARD,APPROVED,338.75
PAY-00004896,ORD-00004896,WALLET,APPROVED,114.85
PAY-00004897,ORD-00004897,CASH,APPROVED,666.22
PAY-00004898,ORD-00004898,CASH,APPROVED,436.69
PAY-00004899,ORD-00004899,CARD,REFUNDED,0.0
PAY-00004900,ORD-00004900,CASH,APPROVED,322.78
PAY-00004901,ORD-00004901,WALLET,APPROVED,337.8
PAY-00004902,ORD-00004902,CARD,APPROVED,465.62
PAY-00004903,ORD-00004903,WALLET,APPROVED,816.3
PAY-00004904,ORD-00004904,CARD,APPROVED,617.97
PAY-00004905,ORD-00004905,CASH,APPROVED,550.21
PAY-00004906,ORD-00004906,CASH,APPROVED,471.16
PAY-00004907,ORD-00004907,CARD,APPROVED,355.06
PAY-00004908,ORD-00004908,CASH,APPROVED,76.62
PAY-00004909,ORD-00004909,CARD,APPROVED,126.32
PAY-00004910,ORD-00004910,TRANSFER,APPROVED,226.12
PAY-00004911,ORD-00004911,CARD,REFUNDED,0.0
PAY-00004912,ORD-00004912,WALLET,APPROVED,654.02
PAY-00004913,ORD-00004913,CASH,APPROVED,762.48
PAY-00004914,ORD-00004914,CARD,APPROVED,829.07
PAY-00004915,ORD-00004915,CARD,APPROVED,458.62
PAY-00004916,ORD-00004916,CARD,APPROVED,830.56
PAY-00004917,ORD-00004917,WALLET,APPROVED,818.05
PAY-00004918,ORD-00004918,CASH,APPROVED,276.25
PAY-00004919,ORD-00004919,CARD,APPROVED,597.9
PAY-00004920,ORD-00004920,WALLET,REFUNDED,0.0
PAY-00004921,ORD-00004921,WALLET,APPROVED,614.9
PAY-00004922,ORD-00004922,TRANSFER,APPROVED,554.77
PAY-00004923,ORD-00004923,CARD,APPROVED,51.01
PAY-00004924,ORD-00004924,CASH,APPROVED,187.37
PAY-00004925,ORD-00004925,TRANSFER,APPROVED,339.48
PAY-00004926,ORD-00004926,CASH,REFUNDED,0.0
PAY-00004927,ORD-00004927,CARD,APPROVED,862.11
PAY-00004928,ORD-00004928,CASH,APPROVED,243.66
PAY-00004929,ORD-00004929,TRANSFER,APPROVED,335.23
PAY-00004930,ORD-00004930,CARD,APPROVED,115.91
PAY-00004931,ORD-00004931,CARD,APPROVED,851.05
PAY-00004932,ORD-00004932,TRANSFER,APPROVED,642.32
PAY-00004933,ORD-00004933,CASH,APPROVED,43.94
PAY-00004934,ORD-00004934,WALLET,APPROVED,762.56
PAY-00004935,ORD-00004935,CASH,APPROVED,827.88
PAY-00004936,ORD-00004936,TRANSFER,APPROVED,198.21
PAY-00004937,ORD-00004937,CASH,APPROVED,519.85
PAY-00004938,ORD-00004938,WALLET,APPROVED,808.18
PAY-00004939,ORD-00004939,CASH,APPROVED,615.72
PAY-00004940,ORD-00004940,CARD,APPROVED,895.5
PAY-00004941,ORD-00004941,CASH,APPROVED,144.43
PAY-00004942,ORD-00004942,CARD,APPROVED,774.61
PAY-00004943,ORD-00004943,WALLET,APPROVED,271.74
PAY-00004944,ORD-00004944,CASH,APPROVED,361.14
PAY-00004945,ORD-00004945,CARD,APPROVED,297.87
PAY-00004946,ORD-00004946,WALLET,APPROVED,141.77
PAY-00004947,ORD-00004947,CARD,APPROVED,793.01
PAY-00004948,ORD-00004948,CARD,APPROVED,387.42
PAY-00004949,ORD-00004949,CARD,APPROVED,689.93
PAY-00004950,ORD-00004950,CASH,APPROVED,66.52
PAY-00004951,ORD-00004951,CARD,APPROVED,541.74
PAY-00004952,ORD-00004952,TRANSFER,APPROVED,18.14
PAY-00004953,ORD-00004953,WALLET,APPROVED,168.54
PAY-00004954,ORD-00004954,CASH,APPROVED,261.63
PAY-00004955,ORD-00004955,CASH,APPROVED,59.76
PAY-00004956,ORD-00004956,CASH,APPROVED,575.52
PAY-00004957,ORD-00004957,TRANSFER,APPROVED,487.4
PAY-00004958,ORD-00004958,WALLET,REJECTED,0.0
PAY-00004959,ORD-00004959,CASH,APPROVED,421.09
PAY-00004960,ORD-00004960,CASH,APPROVED,786.56
PAY-00004961,ORD-00004961,CARD,REJECTED,0.0
PAY-00004962,ORD-00004962,WALLET,REJECTED,0.0
PAY-00004963,ORD-00004963,CARD,APPROVED,194.48
PAY-00004964,ORD-00004964,TRANSFER,APPROVED,532.31
PAY-00004965,ORD-00004965,TRANSFER,APPROVED,434.82
PAY-00004966,ORD-00004966,WALLET,APPROVED,106.9
PAY-00004967,ORD-00004967,CARD,APPROVED,101.99
PAY-00004968,ORD-00004968,CASH,APPROVED,863.0
PAY-00004969,ORD-00004969,CASH,APPROVED,603.35
PAY-00004970,ORD-00004970,CARD,APPROVED,707.35
PAY-00004971,ORD-00004971,CARD,APPROVED,177.91
PAY-00004972,ORD-00004972,TRANSFER,APPROVED,633.82
PAY-00004973,ORD-00004973,CASH,REFUNDED,0.0
PAY-00004974,ORD-00004974,CASH,APPROVED,15.6
PAY-00004975,ORD-00004975,TRANSFER,APPROVED,108.96
PAY-00004976,ORD-00004976,CARD,APPROVED,398.94
PAY-00004977,ORD-00004977,CASH,APPROVED,37.07
PAY-00004978,ORD-00004978,CARD,APPROVED,671.72
PAY-00004979,ORD-00004979,CASH,APPROVED,405.12
PAY-00004980,ORD-00004980,WALLET,APPROVED,503.02
PAY-00004981,ORD-00004981,CASH,APPROVED,778.73
PAY-00004982,ORD-00004982,CARD,APPROVED,405.64
PAY-00004983,ORD-00004983,CARD,APPROVED,64.63
PAY-00004984,ORD-00004984,TRANSFER,APPROVED,549.07
PAY-00004985,ORD-00004985,TRANSFER,APPROVED,410.78
PAY-00004986,ORD-00004986,CASH,APPROVED,893.29
PAY-00004987,ORD-00004987,WALLET,APPROVED,30.95
PAY-00004988,ORD-00004988,TRANSFER,APPROVED,71.47
PAY-00004989,ORD-00004989,TRANSFER,APPROVED,166.26
PAY-00004990,ORD-00004990,WALLET,APPROVED,546.64
PAY-00004991,ORD-00004991,CARD,APPROVED,376.15
PAY-00004992,ORD-00004992,CARD,APPROVED,163.81
PAY-00004993,ORD-00004993,CARD,APPROVED,135.45
PAY-00004994,ORD-00004994,CASH,APPROVED,636.05
PAY-00004995,ORD-00004995,CARD,APPROVED,665.28
PAY-00004996,ORD-00004996,WALLET,APPROVED,706.98
PAY-00004997,ORD-00004997,CARD,APPROVED,602.06
PAY-00004998,ORD-00004998,CARD,APPROVED,652.52
PAY-00004999,ORD-00004999,CASH,APPROVED,239.04
PAY-00005000,ORD-00005000,WALLET,APPROVED,594.96
